date,entry_type,exit_type,direction,outcome,realized_pl,bars_held,entry_price,bar1_unrealized,bar1_mfe,bar1_mae,bar1_velocity,bar1_range,bar2_unrealized,bar2_mfe,bar2_mae,bar2_velocity,bar2_range,bar3_unrealized,bar3_mfe,bar3_mae,bar3_velocity,bar3_range,bar4_unrealized,bar4_mfe,bar4_mae,bar4_velocity,bar4_range,bar5_unrealized,bar5_mfe,bar5_mae,bar5_velocity,bar5_range
2023-12-19,TREND_LONG,PARTIAL_TP,long,WINNER,50.0,56,38172.0,0.0,0.0,0.0,0.0,0.0,0.0,0.0,0.0,0.0,0.0,0.0,0.0,0.0,0.0,0.0,0.0,0.0,0.0,0.0,0.0,0.0,0.0,0.0,0.0,0.0
2023-12-19,TREND_LONG,CHOP_TP,long,WINNER,44.0,33,38240.0,0.0,0.0,0.0,0.0,0.0,0.0,0.0,0.0,0.0,0.0,0.0,0.0,0.0,0.0,0.0,0.0,0.0,0.0,0.0,0.0,0.0,0.0,0.0,0.0,0.0
2023-12-19,CHOP_SELL,PARTIAL_TP,short,WINNER,52.0,34,38262.0,0.0,0.0,0.0,0.0,0.0,0.0,0.0,0.0,0.0,0.0,0.0,0.0,0.0,0.0,0.0,0.0,0.0,0.0,0.0,0.0,0.0,0.0,0.0,0.0,0.0
2023-12-19,CHOP_BUY,CHOP_TP,long,WINNER,60.0,43,38203.0,0.0,0.0,0.0,0.0,0.0,0.0,0.0,0.0,0.0,0.0,0.0,0.0,0.0,0.0,0.0,0.0,0.0,0.0,0.0,0.0,0.0,0.0,0.0,0.0,0.0
2023-12-19,CHOP_BUY,SESSION_EXIT,long,LOSER,-30.0,123,38233.0,0.0,0.0,0.0,0.0,0.0,0.0,0.0,0.0,0.0,0.0,0.0,0.0,0.0,0.0,0.0,0.0,0.0,0.0,0.0,0.0,0.0,0.0,0.0,0.0,0.0
2024-01-10,CHOP_BUY,EARLY_HARD_STOP,long,LOSER,-180.0,4,38240.0,0.0,0.0,0.0,0.0,0.0,0.0,0.0,0.0,0.0,0.0,0.0,0.0,0.0,0.0,0.0,-90.0,0.0,-90.0,-90.0,0.0,-90.0,0.0,-90.0,0.0,0.0
2024-01-10,TREND_SHORT,EXIT_FLAT,short,LOSER,-326.0,268,38150.0,0.0,0.0,0.0,0.0,0.0,0.0,0.0,0.0,0.0,0.0,0.0,0.0,0.0,0.0,0.0,0.0,0.0,0.0,0.0,0.0,0.0,0.0,0.0,0.0,0.0
2024-01-10,TREND_LONG,EXIT_FLAT,long,LOSER,-154.0,53,38313.0,0.0,0.0,0.0,0.0,0.0,-26.0,0.0,-26.0,-26.0,0.0,-26.0,0.0,-26.0,0.0,0.0,-26.0,0.0,-26.0,0.0,0.0,-26.0,0.0,-26.0,0.0,0.0
2024-01-10,CHOP_SELL,SESSION_EXIT,short,LOSER,0.0,23,38236.0,0.0,0.0,0.0,0.0,0.0,0.0,0.0,0.0,0.0,0.0,0.0,0.0,0.0,0.0,0.0,0.0,0.0,0.0,0.0,0.0,0.0,0.0,0.0,0.0,0.0
2024-02-13,CHOP_SELL,PARTIAL_TP,short,WINNER,117.0,3,38898.0,0.0,0.0,0.0,0.0,0.0,0.0,0.0,0.0,0.0,0.0,117.0,117.0,0.0,117.0,0.0,117.0,117.0,0.0,0.0,0.0,117.0,117.0,0.0,0.0,0.0
2024-02-13,CHOP_BUY,PARTIAL_TP,long,WINNER,102.0,41,38762.0,0.0,0.0,0.0,0.0,0.0,0.0,0.0,0.0,0.0,0.0,0.0,0.0,0.0,0.0,0.0,0.0,0.0,0.0,0.0,0.0,0.0,0.0,0.0,0.0,0.0
2024-02-13,CHOP_SELL,CHOP_TP,short,WINNER,72.0,23,38854.0,0.0,0.0,0.0,0.0,0.0,0.0,0.0,0.0,0.0,0.0,0.0,0.0,0.0,0.0,0.0,0.0,0.0,0.0,0.0,0.0,0.0,0.0,0.0,0.0,0.0
2024-02-13,CHOP_BUY,EXIT_FLAT,long,LOSER,-176.0,47,38795.0,0.0,0.0,0.0,0.0,0.0,0.0,0.0,0.0,0.0,0.0,0.0,0.0,0.0,0.0,0.0,0.0,0.0,0.0,0.0,0.0,0.0,0.0,0.0,0.0,0.0
2024-02-13,TREND_SHORT,CHOP_TP,short,WINNER,46.0,23,38707.0,0.0,0.0,0.0,0.0,0.0,0.0,0.0,0.0,0.0,0.0,7.0,7.0,0.0,7.0,0.0,7.0,7.0,0.0,0.0,0.0,7.0,7.0,0.0,0.0,0.0
2024-02-13,TREND_SHORT,PARTIAL_TP,short,WINNER,76.0,14,38648.0,0.0,0.0,0.0,0.0,0.0,0.0,0.0,0.0,0.0,0.0,0.0,0.0,0.0,0.0,0.0,0.0,0.0,0.0,0.0,0.0,0.0,0.0,0.0,0.0,0.0
2024-02-13,TREND_SHORT,CHOP_TP,short,WINNER,38.0,12,38547.0,0.0,0.0,0.0,0.0,0.0,0.0,0.0,0.0,0.0,0.0,19.0,19.0,0.0,19.0,0.0,19.0,19.0,0.0,0.0,0.0,19.0,19.0,0.0,0.0,0.0
2024-02-13,CHOP_SELL,EXIT_FLAT,short,LOSER,-158.0,34,38528.0,0.0,0.0,0.0,0.0,0.0,0.0,0.0,0.0,0.0,0.0,0.0,0.0,0.0,0.0,0.0,0.0,0.0,0.0,0.0,0.0,0.0,0.0,0.0,0.0,0.0
2024-02-13,CHOP_SELL,EARLY_HARD_STOP,short,LOSER,-90.0,1,38607.0,-45.0,0.0,-45.0,-45.0,0.0,-45.0,0.0,-45.0,0.0,0.0,-45.0,0.0,-45.0,0.0,0.0,-45.0,0.0,-45.0,0.0,0.0,-45.0,0.0,-45.0,0.0,0.0
2024-02-22,TREND_LONG,EXIT_FLAT,long,LOSER,-120.0,35,39403.0,35.0,35.0,0.0,35.0,0.0,35.0,35.0,0.0,0.0,0.0,35.0,35.0,0.0,0.0,0.0,3.0,35.0,0.0,-32.0,0.0,18.0,35.0,0.0,15.0,0.0
2024-02-22,CHOP_SELL,PARTIAL_TP,short,WINNER,55.0,7,39368.0,0.0,0.0,0.0,0.0,0.0,23.0,28.0,0.0,23.0,5.0,20.0,28.0,0.0,-3.0,0.0,37.0,37.0,0.0,17.0,19.0,40.0,40.0,0.0,3.0,0.0
2024-02-22,CHOP_SELL,EXIT_FLAT,short,LOSER,-182.0,93,39313.0,0.0,0.0,0.0,0.0,0.0,0.0,0.0,0.0,0.0,0.0,0.0,0.0,0.0,0.0,0.0,0.0,0.0,0.0,0.0,0.0,0.0,0.0,0.0,0.0,0.0
2024-02-22,CHOP_SELL,EXIT_FLAT,short,LOSER,-146.0,47,39400.0,0.0,0.0,0.0,0.0,0.0,0.0,0.0,0.0,0.0,0.0,0.0,0.0,0.0,0.0,0.0,0.0,0.0,0.0,0.0,0.0,0.0,0.0,0.0,0.0,0.0
2024-02-22,TREND_LONG,CHOP_TP,long,WINNER,28.0,26,39473.0,0.0,0.0,0.0,0.0,0.0,7.0,7.0,0.0,7.0,0.0,7.0,7.0,0.0,0.0,0.0,7.0,7.0,0.0,0.0,0.0,7.0,7.0,0.0,0.0,0.0
2024-02-22,CHOP_SELL,EXIT_FLAT,short,LOSER,-156.0,18,39487.0,0.0,0.0,0.0,0.0,0.0,0.0,0.0,0.0,0.0,0.0,0.0,0.0,0.0,0.0,0.0,0.0,0.0,0.0,0.0,0.0,0.0,0.0,0.0,0.0,0.0
2024-02-22,TREND_LONG,PARTIAL_TP,long,WINNER,59.0,11,39565.0,0.0,0.0,0.0,0.0,0.0,9.0,9.0,0.0,9.0,0.0,9.0,9.0,0.0,0.0,0.0,9.0,9.0,0.0,0.0,0.0,9.0,9.0,0.0,0.0,0.0
2024-02-22,CHOP_SELL,PARTIAL_TP,short,WINNER,54.0,21,39550.0,0.0,0.0,0.0,0.0,0.0,0.0,0.0,0.0,0.0,0.0,0.0,0.0,0.0,0.0,0.0,0.0,0.0,0.0,0.0,0.0,0.0,0.0,0.0,0.0,0.0
2024-02-26,CHOP_BUY,EXIT_FLAT,long,LOSER,-124.0,26,39707.0,0.0,0.0,0.0,0.0,0.0,-6.0,0.0,-6.0,-6.0,0.0,-13.0,0.0,-13.0,-7.0,2.0,-13.0,0.0,-13.0,0.0,0.0,-13.0,0.0,-13.0,0.0,0.0
2024-02-26,TREND_SHORT,PARTIAL_TP,short,WINNER,58.0,143,39602.0,0.0,0.0,0.0,0.0,0.0,0.0,0.0,0.0,0.0,0.0,0.0,0.0,0.0,0.0,0.0,0.0,0.0,0.0,0.0,0.0,0.0,0.0,0.0,0.0,0.0
2024-02-26,CHOP_BUY,SESSION_EXIT,long,WINNER,28.0,98,39566.0,23.0,23.0,0.0,23.0,0.0,23.0,23.0,0.0,0.0,0.0,23.0,23.0,0.0,0.0,0.0,23.0,23.0,0.0,0.0,0.0,23.0,23.0,0.0,0.0,0.0
2024-02-27,TREND_SHORT,CHOP_TP,short,WINNER,40.0,93,39400.0,0.0,0.0,0.0,0.0,0.0,0.0,0.0,0.0,0.0,0.0,0.0,0.0,0.0,0.0,0.0,0.0,0.0,0.0,0.0,0.0,0.0,0.0,0.0,0.0,0.0
2024-02-27,CHOP_BUY,EXIT_FLAT,long,LOSER,-60.0,16,39380.0,0.0,0.0,0.0,0.0,0.0,0.0,0.0,0.0,0.0,0.0,0.0,0.0,0.0,0.0,0.0,0.0,0.0,0.0,0.0,0.0,0.0,0.0,0.0,0.0,0.0
2024-02-27,TREND_SHORT,EXIT_FLAT,short,LOSER,-122.0,151,39344.0,0.0,0.0,0.0,0.0,0.0,0.0,0.0,0.0,0.0,0.0,0.0,0.0,0.0,0.0,0.0,0.0,0.0,0.0,0.0,0.0,0.0,0.0,0.0,0.0,0.0
2024-02-27,CHOP_BUY,SESSION_EXIT,long,WINNER,40.0,92,39405.0,0.0,0.0,0.0,0.0,0.0,0.0,0.0,0.0,0.0,0.0,0.0,0.0,0.0,0.0,0.0,0.0,0.0,0.0,0.0,0.0,0.0,0.0,0.0,0.0,0.0
2024-02-28,CHOP_BUY,CHOP_TP,long,WINNER,90.0,36,39280.0,0.0,0.0,0.0,0.0,0.0,0.0,0.0,0.0,0.0,0.0,0.0,0.0,0.0,0.0,0.0,0.0,0.0,0.0,0.0,0.0,0.0,0.0,0.0,0.0,0.0
2024-02-28,TREND_LONG,PARTIAL_TP,long,WINNER,50.0,15,39325.0,0.0,0.0,0.0,0.0,0.0,5.0,5.0,0.0,5.0,0.0,31.0,31.0,0.0,26.0,7.0,31.0,31.0,0.0,0.0,0.0,31.0,31.0,0.0,0.0,0.0
2024-02-28,CHOP_BUY,CHOP_TP,long,WINNER,90.0,108,39366.0,0.0,0.0,0.0,0.0,0.0,0.0,0.0,0.0,0.0,0.0,0.0,0.0,0.0,0.0,0.0,0.0,0.0,0.0,0.0,0.0,0.0,0.0,0.0,0.0,0.0
2024-02-28,CHOP_SELL,PARTIAL_TP,short,WINNER,61.0,14,39391.0,0.0,0.0,0.0,0.0,0.0,0.0,0.0,0.0,0.0,0.0,0.0,0.0,0.0,0.0,0.0,0.0,0.0,0.0,0.0,0.0,0.0,0.0,0.0,0.0,0.0
2024-02-28,CHOP_BUY,PARTIAL_TP,long,WINNER,62.0,59,39344.0,0.0,0.0,0.0,0.0,0.0,0.0,0.0,0.0,0.0,0.0,0.0,0.0,0.0,0.0,0.0,0.0,0.0,0.0,0.0,0.0,0.0,0.0,0.0,0.0,0.0
2024-02-29,TREND_SHORT,CHOP_TP,short,WINNER,26.0,12,39463.0,-4.0,0.0,-4.0,-4.0,0.0,-9.0,0.0,-9.0,-5.0,0.0,13.0,13.0,-9.0,22.0,1.0,4.0,13.0,-9.0,-9.0,0.0,4.0,13.0,-9.0,0.0,0.0
2024-02-29,TREND_SHORT,PARTIAL_TP,short,WINNER,55.0,4,39440.0,5.0,5.0,0.0,5.0,0.0,6.0,10.0,0.0,1.0,4.0,41.0,41.0,0.0,35.0,28.0,55.0,57.0,0.0,14.0,16.0,69.0,70.0,0.0,14.0,6.0
2024-02-29,CHOP_SELL,CHOP_TP,short,WINNER,48.0,77,39398.0,5.0,5.0,0.0,5.0,0.0,5.0,5.0,0.0,0.0,0.0,5.0,5.0,0.0,0.0,0.0,5.0,5.0,0.0,0.0,0.0,5.0,5.0,0.0,0.0,0.0
2024-02-29,CHOP_BUY,PARTIAL_TP,long,WINNER,76.0,32,39374.0,0.0,0.0,0.0,0.0,0.0,0.0,0.0,0.0,0.0,0.0,0.0,0.0,0.0,0.0,0.0,0.0,0.0,0.0,0.0,0.0,0.0,0.0,0.0,0.0,0.0
2024-03-01,TREND_SHORT,CHOP_TP,short,WINNER,46.0,23,39382.0,19.0,19.0,0.0,19.0,7.0,34.0,34.0,0.0,15.0,2.0,42.0,42.0,0.0,8.0,0.0,42.0,42.0,0.0,0.0,0.0,39.0,42.0,0.0,-3.0,0.0
2024-03-01,TREND_LONG,PARTIAL_TP,long,WINNER,54.0,28,39491.0,0.0,0.0,0.0,0.0,0.0,2.0,9.0,0.0,2.0,8.0,-9.0,9.0,-9.0,-11.0,0.0,-9.0,9.0,-9.0,0.0,0.0,-9.0,9.0,-9.0,0.0,0.0
2024-03-01,TREND_LONG,CHOP_TP,long,WINNER,38.0,103,39556.0,0.0,0.0,0.0,0.0,0.0,-8.0,0.0,-8.0,-8.0,0.0,-6.0,0.0,-8.0,2.0,0.0,-16.0,0.0,-16.0,-10.0,6.0,-16.0,0.0,-16.0,0.0,0.0
2024-03-01,TREND_LONG,EXIT_FLAT,long,LOSER,-150.0,52,39600.0,0.0,0.0,0.0,0.0,0.0,1.0,1.0,0.0,1.0,0.0,1.0,1.0,0.0,0.0,0.0,1.0,1.0,0.0,0.0,0.0,-20.0,1.0,-20.0,-21.0,0.0
2024-03-01,CHOP_BUY,CHOP_TP,long,WINNER,42.0,12,39527.0,0.0,0.0,0.0,0.0,0.0,0.0,0.0,0.0,0.0,0.0,21.0,21.0,0.0,21.0,0.0,21.0,21.0,0.0,0.0,0.0,21.0,21.0,0.0,0.0,0.0
2024-03-01,CHOP_SELL,SESSION_EXIT,short,WINNER,10.0,18,39557.0,0.0,0.0,0.0,0.0,0.0,0.0,0.0,0.0,0.0,0.0,0.0,0.0,0.0,0.0,0.0,-18.0,0.0,-18.0,-18.0,0.0,-27.0,0.0,-27.0,-9.0,0.0
2024-03-04,TREND_LONG,PARTIAL_TP,long,WINNER,54.0,167,39486.0,-5.0,0.0,-5.0,-5.0,1.0,15.0,18.0,-5.0,20.0,4.0,15.0,18.0,-5.0,0.0,0.0,15.0,18.0,-5.0,0.0,0.0,2.0,18.0,-5.0,-13.0,1.0
2024-03-04,CHOP_SELL,PARTIAL_TP,short,WINNER,53.0,14,39522.0,0.0,0.0,0.0,0.0,0.0,0.0,0.0,0.0,0.0,0.0,0.0,0.0,0.0,0.0,0.0,0.0,0.0,0.0,0.0,0.0,0.0,0.0,0.0,0.0,0.0
2024-03-04,CHOP_BUY,PARTIAL_TP,long,WINNER,58.0,59,39464.0,0.0,0.0,0.0,0.0,0.0,0.0,0.0,0.0,0.0,0.0,0.0,0.0,0.0,0.0,0.0,0.0,0.0,0.0,0.0,0.0,0.0,0.0,0.0,0.0,0.0
2024-03-05,TREND_SHORT,EXIT_FLAT,short,LOSER,-148.0,8,39226.0,7.0,18.0,-3.0,7.0,21.0,-3.0,18.0,-3.0,-10.0,14.0,-15.0,18.0,-15.0,-12.0,14.0,-15.0,18.0,-15.0,0.0,0.0,-17.0,18.0,-17.0,-2.0,0.0
2024-03-05,TREND_LONG,EARLY_HARD_STOP,long,LOSER,-130.0,4,39336.0,-18.0,0.0,-18.0,-18.0,8.0,-14.0,0.0,-18.0,4.0,4.0,-14.0,0.0,-18.0,0.0,0.0,-65.0,0.0,-65.0,-51.0,28.0,-74.0,0.0,-74.0,-9.0,15.0
2024-03-05,CHOP_BUY,EXIT_FLAT,long,LOSER,-130.0,25,39265.0,-4.0,0.0,-6.0,-4.0,2.0,-4.0,0.0,-6.0,0.0,0.0,-4.0,0.0,-6.0,0.0,0.0,16.0,17.0,-6.0,20.0,1.0,16.0,17.0,-6.0,0.0,0.0
2024-03-05,TREND_SHORT,CHOP_TP,short,WINNER,36.0,33,39200.0,0.0,0.0,0.0,0.0,0.0,0.0,0.0,0.0,0.0,0.0,10.0,10.0,-3.0,10.0,13.0,12.0,12.0,-3.0,2.0,3.0,12.0,12.0,-3.0,0.0,0.0
2024-03-05,CHOP_BUY,EXIT_FLAT,long,LOSER,-66.0,15,39193.0,0.0,0.0,0.0,0.0,0.0,0.0,0.0,0.0,0.0,0.0,0.0,0.0,0.0,0.0,0.0,0.0,0.0,0.0,0.0,0.0,0.0,0.0,0.0,0.0,0.0
2024-03-05,TREND_SHORT,EARLY_HARD_STOP,short,LOSER,-80.0,3,39118.0,-9.0,0.0,-10.0,-9.0,1.0,-22.0,0.0,-22.0,-13.0,4.0,-40.0,0.0,-40.0,-18.0,0.0,-47.0,0.0,-47.0,-7.0,0.0,-40.0,0.0,-47.0,7.0,2.0
2024-03-05,CHOP_SELL,CHOP_TP,short,WINNER,64.0,31,39190.0,-10.0,0.0,-10.0,-10.0,0.0,-10.0,0.0,-10.0,0.0,0.0,18.0,18.0,-10.0,28.0,0.0,18.0,18.0,-10.0,0.0,0.0,20.0,20.0,-10.0,2.0,0.0
2024-03-05,CHOP_BUY,EXIT_FLAT,long,LOSER,-74.0,21,39125.0,25.0,25.0,0.0,25.0,0.0,25.0,25.0,0.0,0.0,0.0,25.0,25.0,0.0,0.0,0.0,25.0,25.0,0.0,0.0,0.0,25.0,25.0,0.0,0.0,0.0
2024-03-05,TREND_SHORT,PARTIAL_TP,short,WINNER,59.0,44,39059.0,0.0,0.0,0.0,0.0,0.0,-14.0,0.0,-14.0,-14.0,0.0,4.0,4.0,-14.0,18.0,0.0,4.0,10.0,-14.0,0.0,6.0,7.0,10.0,-14.0,3.0,0.0
2024-03-05,TREND_SHORT,EXIT_FLAT,short,LOSER,-142.0,40,38950.0,12.0,14.0,0.0,12.0,5.0,8.0,14.0,0.0,-4.0,2.0,9.0,14.0,0.0,1.0,8.0,10.0,14.0,0.0,1.0,0.0,13.0,14.0,0.0,3.0,3.0
2024-03-06,CHOP_SELL,EXIT_FLAT,short,LOSER,-120.0,11,39190.0,-16.0,3.0,-21.0,-16.0,24.0,-16.0,3.0,-21.0,0.0,0.0,-16.0,3.0,-21.0,0.0,0.0,-16.0,3.0,-21.0,0.0,0.0,-16.0,3.0,-21.0,0.0,0.0
2024-03-06,TREND_LONG,EARLY_HARD_STOP,long,LOSER,-98.0,4,39306.0,-2.0,6.0,-2.0,-2.0,8.0,-10.0,6.0,-10.0,-8.0,3.0,-17.0,6.0,-17.0,-7.0,0.0,-49.0,6.0,-49.0,-32.0,0.0,-36.0,6.0,-49.0,13.0,1.0
2024-03-06,TREND_LONG,EXIT_FLAT,long,LOSER,-130.0,13,39325.0,-10.0,1.0,-10.0,-10.0,11.0,-10.0,1.0,-10.0,0.0,0.0,-5.0,1.0,-10.0,5.0,0.0,-21.0,1.0,-21.0,-16.0,5.0,-19.0,1.0,-21.0,2.0,0.0
2024-03-06,CHOP_SELL,PARTIAL_TP,short,WINNER,55.0,17,39269.0,-6.0,0.0,-6.0,-6.0,0.0,-6.0,0.0,-6.0,0.0,0.0,-6.0,0.0,-6.0,0.0,0.0,-6.0,0.0,-6.0,0.0,0.0,33.0,33.0,-6.0,39.0,4.0
2024-03-06,TREND_SHORT,EXIT_FLAT,short,LOSER,-126.0,14,39063.0,18.0,23.0,-13.0,18.0,36.0,22.0,23.0,-13.0,4.0,2.0,-10.0,23.0,-13.0,-32.0,4.0,-26.0,23.0,-32.0,-16.0,11.0,-13.0,23.0,-32.0,13.0,5.0
2024-03-06,CHOP_SELL,EXIT_FLAT,short,LOSER,-122.0,8,39098.0,-25.0,0.0,-27.0,-25.0,2.0,-20.0,0.0,-27.0,5.0,4.0,-14.0,0.0,-27.0,6.0,3.0,-14.0,0.0,-27.0,0.0,0.0,-38.0,0.0,-38.0,-24.0,12.0
2024-03-06,CHOP_BUY,SESSION_EXIT,long,LOSER,-2.0,3,39139.0,-1.0,0.0,-4.0,-1.0,3.0,0.0,2.0,-14.0,1.0,16.0,-1.0,2.0,-14.0,-1.0,3.0,16.0,18.0,-14.0,17.0,2.0,14.0,18.0,-14.0,-2.0,0.0
2024-03-07,TREND_SHORT,EXIT_FLAT,short,LOSER,-134.0,38,39283.0,5.0,12.0,0.0,5.0,9.0,3.0,12.0,-1.0,-2.0,9.0,3.0,12.0,-1.0,0.0,0.0,16.0,16.0,-3.0,13.0,19.0,0.0,16.0,-3.0,-16.0,2.0
2024-03-07,TREND_LONG,EXIT_FLAT,long,LOSER,-136.0,23,39353.0,-1.0,11.0,-1.0,-1.0,12.0,6.0,11.0,-1.0,7.0,3.0,23.0,23.0,-1.0,17.0,11.0,8.0,23.0,-1.0,-15.0,16.0,7.0,23.0,-1.0,-1.0,12.0
2024-03-07,TREND_SHORT,PARTIAL_TP,short,WINNER,51.0,89,39247.0,-3.0,0.0,-5.0,-3.0,2.0,-3.0,0.0,-10.0,0.0,10.0,-3.0,0.0,-10.0,0.0,0.0,4.0,7.0,-10.0,7.0,7.0,1.0,7.0,-10.0,-3.0,8.0
2024-03-07,CHOP_BUY,PARTIAL_TP,long,WINNER,50.0,29,39245.0,6.0,6.0,0.0,6.0,0.0,1.0,6.0,0.0,-5.0,2.0,7.0,7.0,0.0,6.0,2.0,-8.0,7.0,-10.0,-15.0,4.0,-3.0,7.0,-10.0,5.0,3.0
2024-03-07,CHOP_BUY,EXIT_FLAT,long,LOSER,-134.0,19,39326.0,0.0,0.0,-3.0,0.0,3.0,-3.0,0.0,-8.0,-3.0,5.0,-17.0,0.0,-17.0,-14.0,6.0,-5.0,0.0,-17.0,12.0,0.0,-11.0,0.0,-17.0,-6.0,11.0
2024-03-07,TREND_SHORT,EXIT_FLAT,short,LOSER,-132.0,40,39202.0,2.0,3.0,-8.0,2.0,11.0,-26.0,6.0,-26.0,-28.0,32.0,-6.0,6.0,-26.0,20.0,2.0,-6.0,6.0,-26.0,0.0,0.0,-15.0,6.0,-26.0,-9.0,7.0
2024-03-08,TREND_LONG,EXIT_FLAT,long,LOSER,-120.0,16,39438.0,0.0,4.0,-12.0,0.0,16.0,-2.0,8.0,-12.0,-2.0,13.0,-6.0,8.0,-12.0,-4.0,9.0,-12.0,8.0,-13.0,-6.0,13.0,-28.0,8.0,-30.0,-16.0,21.0
2024-03-08,CHOP_SELL,PARTIAL_TP,short,WINNER,61.0,16,39344.0,9.0,19.0,0.0,9.0,19.0,-8.0,19.0,-11.0,-17.0,21.0,-12.0,19.0,-18.0,-4.0,16.0,-12.0,19.0,-25.0,0.0,17.0,-16.0,19.0,-25.0,-4.0,17.0
2024-03-08,TREND_SHORT,EXIT_FLAT,short,LOSER,-124.0,38,39194.0,2.0,10.0,-2.0,2.0,12.0,5.0,10.0,-11.0,3.0,17.0,9.0,10.0,-11.0,4.0,14.0,17.0,19.0,-11.0,8.0,11.0,19.0,30.0,-11.0,2.0,15.0
2024-03-11,TREND_SHORT,PARTIAL_TP,short,WINNER,64.0,7,39056.0,-1.0,10.0,-5.0,-1.0,15.0,16.0,19.0,-10.0,17.0,29.0,17.0,19.0,-10.0,1.0,11.0,20.0,29.0,-10.0,3.0,14.0,32.0,33.0,-10.0,12.0,13.0
2024-03-11,TREND_SHORT,EARLY_HARD_STOP,short,LOSER,-80.0,3,38940.0,6.0,6.0,-4.0,6.0,10.0,-12.0,6.0,-14.0,-18.0,20.0,-40.0,6.0,-43.0,-28.0,34.0,-36.0,6.0,-45.0,4.0,18.0,-55.0,6.0,-56.0,-19.0,28.0
2024-03-11,CHOP_BUY,PARTIAL_TP,long,WINNER,55.0,22,39039.0,2.0,8.0,-3.0,2.0,11.0,-4.0,8.0,-7.0,-6.0,14.0,-8.0,8.0,-17.0,-4.0,17.0,-24.0,8.0,-33.0,-16.0,25.0,-19.0,8.0,-33.0,5.0,16.0
2024-03-11,TREND_LONG,PARTIAL_TP,long,WINNER,50.0,50,39172.0,-1.0,0.0,-14.0,-1.0,14.0,4.0,6.0,-14.0,5.0,7.0,-5.0,8.0,-14.0,-9.0,14.0,2.0,11.0,-14.0,7.0,15.0,-5.0,11.0,-14.0,-7.0,9.0
2024-03-12,CHOP_SELL,EARLY_HARD_STOP,short,LOSER,-98.0,2,39279.0,-28.0,2.0,-29.0,-28.0,31.0,-49.0,2.0,-53.0,-21.0,29.0,-51.0,2.0,-59.0,-2.0,16.0,-36.0,2.0,-59.0,15.0,23.0,-46.0,2.0,-59.0,-10.0,19.0
2024-03-12,CHOP_BUY,PARTIAL_TP,long,WINNER,65.0,6,39318.0,2.0,7.0,-3.0,2.0,10.0,-11.0,7.0,-11.0,-13.0,16.0,13.0,14.0,-13.0,24.0,27.0,30.0,32.0,-13.0,17.0,23.0,49.0,52.0,-13.0,19.0,25.0
2024-03-12,CHOP_SELL,EARLY_HARD_STOP,short,LOSER,-82.0,4,39321.0,-2.0,6.0,-6.0,-2.0,12.0,-19.0,6.0,-20.0,-17.0,23.0,-21.0,6.0,-24.0,-2.0,15.0,-41.0,6.0,-44.0,-20.0,26.0,-60.0,6.0,-61.0,-19.0,20.0
2024-03-12,TREND_LONG,EXIT_FLAT,long,LOSER,-148.0,11,39530.0,-2.0,6.0,-5.0,-2.0,11.0,2.0,6.0,-5.0,4.0,10.0,12.0,16.0,-5.0,10.0,14.0,11.0,16.0,-5.0,-1.0,6.0,-5.0,16.0,-8.0,-16.0,21.0
2024-03-12,CHOP_SELL,SESSION_EXIT,short,WINNER,74.0,47,39517.0,-1.0,1.0,-4.0,-1.0,5.0,-8.0,1.0,-9.0,-7.0,9.0,5.0,8.0,-9.0,13.0,17.0,14.0,15.0,-9.0,9.0,13.0,13.0,20.0,-9.0,-1.0,13.0
2024-03-13,TREND_LONG,PARTIAL_TP,long,WINNER,52.0,17,39573.0,9.0,13.0,0.0,9.0,13.0,-1.0,16.0,-3.0,-10.0,19.0,5.0,16.0,-3.0,6.0,12.0,7.0,16.0,-3.0,2.0,6.0,12.0,20.0,-3.0,5.0,14.0
2024-03-13,TREND_LONG,EXIT_FLAT,long,LOSER,-122.0,177,39650.0,6.0,11.0,-2.0,6.0,13.0,6.0,11.0,-2.0,0.0,8.0,0.0,11.0,-2.0,-6.0,10.0,-12.0,11.0,-13.0,-12.0,15.0,-8.0,11.0,-18.0,4.0,11.0
2024-03-13,CHOP_BUY,EXIT_FLAT,long,LOSER,-122.0,36,39590.0,1.0,1.0,-4.0,1.0,5.0,-2.0,6.0,-4.0,-3.0,8.0,2.0,6.0,-4.0,4.0,5.0,6.0,8.0,-4.0,4.0,6.0,5.0,9.0,-4.0,-1.0,4.0
2024-03-13,TREND_SHORT,PARTIAL_TP,short,WINNER,59.0,1,39488.0,59.0,64.0,0.0,59.0,64.0,37.0,84.0,0.0,-22.0,50.0,-7.0,84.0,-12.0,-44.0,57.0,1.0,84.0,-15.0,8.0,25.0,31.0,84.0,-15.0,30.0,33.0
2024-03-14,TREND_SHORT,PARTIAL_TP,short,WINNER,50.0,7,39408.0,-4.0,20.0,-8.0,-4.0,28.0,13.0,20.0,-8.0,17.0,22.0,5.0,20.0,-8.0,-8.0,21.0,10.0,29.0,-8.0,5.0,24.0,11.0,29.0,-8.0,1.0,14.0
2024-03-14,CHOP_BUY,EXIT_FLAT,long,LOSER,-126.0,37,39428.0,12.0,20.0,-2.0,12.0,22.0,-13.0,20.0,-14.0,-25.0,25.0,-7.0,20.0,-15.0,6.0,10.0,-15.0,20.0,-17.0,-8.0,20.0,-21.0,20.0,-24.0,-6.0,13.0
2024-03-14,CHOP_BUY,PARTIAL_TP,long,WINNER,52.0,24,39374.0,22.0,24.0,0.0,22.0,24.0,43.0,48.0,0.0,21.0,26.0,32.0,48.0,0.0,-11.0,13.0,26.0,48.0,0.0,-6.0,18.0,11.0,48.0,0.0,-15.0,34.0
2024-03-14,TREND_SHORT,EXIT_FLAT,short,LOSER,-134.0,24,39273.0,30.0,33.0,-1.0,30.0,34.0,29.0,42.0,-1.0,-1.0,18.0,35.0,42.0,-1.0,6.0,15.0,36.0,42.0,-1.0,1.0,14.0,4.0,42.0,-1.0,-32.0,37.0
2024-03-14,CHOP_BUY,EXIT_FLAT,long,LOSER,-124.0,35,39367.0,0.0,5.0,-8.0,0.0,13.0,-4.0,6.0,-8.0,-4.0,10.0,-14.0,6.0,-17.0,-10.0,18.0,-11.0,6.0,-19.0,3.0,10.0,-9.0,6.0,-19.0,2.0,8.0
2024-03-14,TREND_SHORT,PARTIAL_TP,short,WINNER,64.0,27,39210.0,12.0,24.0,-1.0,12.0,25.0,8.0,24.0,-5.0,-4.0,20.0,4.0,24.0,-5.0,-4.0,11.0,-1.0,24.0,-6.0,-5.0,14.0,11.0,24.0,-6.0,12.0,19.0
2024-03-15,TREND_SHORT,EXIT_FLAT,short,LOSER,-122.0,21,39173.0,-9.0,4.0,-10.0,-9.0,14.0,-20.0,4.0,-24.0,-11.0,20.0,-16.0,4.0,-24.0,4.0,19.0,-20.0,4.0,-24.0,-4.0,11.0,-17.0,4.0,-27.0,3.0,11.0
2024-03-15,CHOP_BUY,EXIT_FLAT,long,LOSER,-88.0,13,39189.0,-8.0,1.0,-8.0,-8.0,9.0,-8.0,1.0,-13.0,0.0,7.0,-12.0,1.0,-18.0,-4.0,11.0,-13.0,1.0,-18.0,-1.0,5.0,-10.0,1.0,-18.0,3.0,15.0
2024-03-15,CHOP_BUY,EXIT_FLAT,long,LOSER,-126.0,25,39134.0,8.0,8.0,-3.0,8.0,11.0,6.0,8.0,-3.0,-2.0,7.0,9.0,12.0,-3.0,3.0,8.0,8.0,12.0,-3.0,-1.0,12.0,15.0,17.0,-3.0,7.0,18.0
2024-03-15,TREND_SHORT,EXIT_FLAT,short,LOSER,-122.0,16,39057.0,-2.0,6.0,-5.0,-2.0,11.0,0.0,6.0,-9.0,2.0,12.0,1.0,9.0,-9.0,1.0,9.0,-2.0,9.0,-9.0,-3.0,11.0,-7.0,9.0,-9.0,-5.0,12.0
2024-03-15,CHOP_BUY,PARTIAL_TP,long,WINNER,57.0,64,39116.0,-2.0,2.0,-6.0,-2.0,8.0,-8.0,2.0,-11.0,-6.0,10.0,3.0,4.0,-11.0,11.0,15.0,12.0,13.0,-11.0,9.0,9.0,12.0,18.0,-11.0,0.0,11.0
2024-03-18,TREND_LONG,EXIT_FLAT,long,LOSER,-122.0,22,39314.0,0.0,11.0,-4.0,0.0,15.0,-6.0,11.0,-8.0,-6.0,14.0,0.0,11.0,-10.0,6.0,13.0,-16.0,11.0,-22.0,-16.0,24.0,-11.0,11.0,-22.0,5.0,11.0
2024-03-18,TREND_LONG,EXIT_FLAT,long,LOSER,-124.0,113,39333.0,-7.0,0.0,-9.0,-7.0,9.0,-15.0,0.0,-17.0,-8.0,14.0,-8.0,0.0,-17.0,7.0,12.0,-9.0,0.0,-17.0,-1.0,6.0,-11.0,0.0,-17.0,-2.0,10.0
2024-03-18,CHOP_BUY,EXIT_FLAT,long,LOSER,-128.0,29,39307.0,-3.0,2.0,-4.0,-3.0,6.0,-10.0,2.0,-11.0,-7.0,10.0,-11.0,2.0,-16.0,-1.0,13.0,-7.0,2.0,-16.0,4.0,9.0,-11.0,2.0,-16.0,-4.0,9.0
2024-03-18,TREND_SHORT,SESSION_EXIT,short,LOSER,-16.0,2,39196.0,-29.0,2.0,-40.0,-29.0,42.0,-8.0,2.0,-40.0,21.0,30.0,-4.0,2.0,-40.0,4.0,7.0,-1.0,3.0,-40.0,3.0,6.0,-2.0,3.0,-40.0,-1.0,3.0
2024-03-19,TREND_LONG,PARTIAL_TP,long,WINNER,52.0,39,39300.0,-4.0,4.0,-9.0,-4.0,13.0,-9.0,4.0,-13.0,-5.0,15.0,-12.0,4.0,-15.0,-3.0,10.0,-16.0,4.0,-20.0,-4.0,12.0,-21.0,4.0,-22.0,-5.0,12.0
2024-03-19,CHOP_BUY,CHOP_TP,long,WINNER,28.0,12,39367.0,2.0,6.0,0.0,2.0,6.0,15.0,21.0,-1.0,13.0,22.0,10.0,21.0,-1.0,-5.0,9.0,-2.0,21.0,-3.0,-12.0,14.0,-2.0,21.0,-6.0,0.0,9.0
2024-03-19,TREND_LONG,PARTIAL_TP,long,WINNER,50.0,18,39389.0,2.0,7.0,-1.0,2.0,8.0,3.0,8.0,-1.0,1.0,8.0,0.0,10.0,-2.0,-3.0,12.0,-6.0,10.0,-7.0,-6.0,11.0,-6.0,10.0,-9.0,0.0,8.0
2024-03-19,CHOP_BUY,PARTIAL_TP,long,WINNER,56.0,38,39439.0,-8.0,2.0,-8.0,-8.0,10.0,-9.0,2.0,-12.0,-1.0,6.0,-5.0,2.0,-12.0,4.0,9.0,-6.0,2.0,-12.0,-1.0,7.0,-5.0,2.0,-12.0,1.0,5.0
2024-03-19,CHOP_BUY,PARTIAL_TP,long,WINNER,53.0,133,39490.0,1.0,1.0,-3.0,1.0,4.0,-2.0,6.0,-5.0,-3.0,11.0,-4.0,6.0,-5.0,-2.0,7.0,9.0,10.0,-5.0,13.0,14.0,6.0,12.0,-5.0,-3.0,8.0
2024-03-20,CHOP_SELL,EXIT_FLAT,short,LOSER,-68.0,31,39509.0,2.0,7.0,-3.0,2.0,10.0,9.0,12.0,-3.0,7.0,9.0,13.0,14.0,-3.0,4.0,9.0,5.0,20.0,-3.0,-8.0,16.0,15.0,20.0,-3.0,10.0,13.0
2024-03-20,TREND_LONG,CHOP_TP,long,WINNER,24.0,39,39560.0,6.0,6.0,-3.0,6.0,9.0,8.0,10.0,-3.0,2.0,9.0,-8.0,10.0,-11.0,-16.0,19.0,-6.0,10.0,-11.0,2.0,8.0,-4.0,10.0,-11.0,2.0,7.0
2024-03-20,TREND_LONG,EXIT_FLAT,long,LOSER,-122.0,135,39584.0,-3.0,1.0,-4.0,-3.0,5.0,-4.0,1.0,-8.0,-1.0,6.0,-6.0,3.0,-8.0,-2.0,11.0,2.0,6.0,-8.0,8.0,13.0,10.0,11.0,-8.0,8.0,8.0
2024-03-20,CHOP_BUY,PARTIAL_TP,long,WINNER,76.0,30,39527.0,2.0,4.0,-6.0,2.0,10.0,-4.0,7.0,-6.0,-6.0,11.0,7.0,7.0,-6.0,11.0,10.0,10.0,11.0,-6.0,3.0,4.0,8.0,13.0,-6.0,-2.0,6.0
2024-03-21,TREND_LONG,PARTIAL_TP,long,WINNER,53.0,19,40195.0,12.0,13.0,-1.0,12.0,14.0,11.0,22.0,-1.0,-1.0,20.0,-4.0,22.0,-8.0,-15.0,21.0,4.0,22.0,-8.0,8.0,13.0,-14.0,22.0,-17.0,-18.0,21.0
2024-03-21,CHOP_SELL,CHOP_TP,short,WINNER,80.0,39,40272.0,-6.0,1.0,-10.0,-6.0,11.0,-8.0,1.0,-16.0,-2.0,9.0,-12.0,1.0,-16.0,-4.0,6.0,-16.0,1.0,-21.0,-4.0,13.0,5.0,8.0,-21.0,21.0,24.0
2024-03-21,CHOP_BUY,CHOP_TP,long,WINNER,24.0,3,40238.0,0.0,6.0,-4.0,0.0,10.0,6.0,6.0,-4.0,6.0,10.0,12.0,13.0,-4.0,6.0,7.0,18.0,18.0,-4.0,6.0,7.0,19.0,24.0,-4.0,1.0,5.0
2024-03-21,CHOP_SELL,PARTIAL_TP,short,WINNER,50.0,89,40267.0,-11.0,1.0,-12.0,-11.0,13.0,-10.0,1.0,-12.0,1.0,4.0,-18.0,1.0,-18.0,-8.0,10.0,-20.0,1.0,-25.0,-2.0,8.0,-25.0,1.0,-30.0,-5.0,12.0
2024-03-22,CHOP_BUY,EXIT_FLAT,long,LOSER,-64.0,10,40151.0,-12.0,0.0,-17.0,-12.0,17.0,-2.0,1.0,-17.0,10.0,13.0,-13.0,4.0,-17.0,-11.0,21.0,-15.0,4.0,-21.0,-2.0,14.0,-28.0,4.0,-29.0,-13.0,13.0
2024-03-22,TREND_SHORT,PARTIAL_TP,short,WINNER,50.0,26,40110.0,11.0,16.0,0.0,11.0,16.0,6.0,16.0,-6.0,-5.0,17.0,16.0,17.0,-6.0,10.0,15.0,22.0,24.0,-6.0,6.0,15.0,22.0,26.0,-6.0,0.0,14.0
2024-03-22,CHOP_BUY,EXIT_FLAT,long,LOSER,-62.0,16,40025.0,-10.0,1.0,-13.0,-10.0,14.0,-13.0,1.0,-15.0,-3.0,6.0,-12.0,1.0,-18.0,1.0,11.0,-13.0,1.0,-20.0,-1.0,7.0,-9.0,1.0,-20.0,4.0,7.0
2024-03-22,TREND_SHORT,PARTIAL_TP,short,WINNER,55.0,180,39979.0,10.0,11.0,-2.0,10.0,13.0,8.0,13.0,-2.0,-2.0,7.0,7.0,13.0,-2.0,-1.0,5.0,3.0,13.0,-2.0,-4.0,6.0,9.0,13.0,-2.0,6.0,10.0
2024-03-22,TREND_SHORT,SESSION_EXIT,short,WINNER,16.0,1,39859.0,8.0,12.0,-8.0,8.0,20.0,16.0,18.0,-8.0,8.0,12.0,12.0,20.0,-8.0,-4.0,11.0,8.0,20.0,-8.0,-4.0,11.0,15.0,20.0,-8.0,7.0,8.0
2024-03-25,TREND_SHORT,CHOP_TP,short,WINNER,26.0,149,39733.0,2.0,2.0,-6.0,2.0,8.0,-13.0,3.0,-17.0,-15.0,20.0,-18.0,3.0,-19.0,-5.0,6.0,-13.0,3.0,-19.0,5.0,7.0,-10.0,3.0,-19.0,3.0,7.0
2024-03-25,TREND_SHORT,SESSION_EXIT,short,WINNER,6.0,169,39706.0,-2.0,3.0,-8.0,-2.0,11.0,-5.0,3.0,-8.0,-3.0,7.0,-12.0,3.0,-12.0,-7.0,9.0,-4.0,3.0,-12.0,8.0,7.0,-8.0,3.0,-12.0,-4.0,7.0
2024-03-26,CHOP_SELL,EXIT_FLAT,short,LOSER,-144.0,52,39718.0,2.0,4.0,-4.0,2.0,8.0,1.0,4.0,-4.0,-1.0,6.0,9.0,13.0,-4.0,8.0,13.0,6.0,13.0,-4.0,-3.0,7.0,0.0,13.0,-4.0,-6.0,10.0
2024-03-26,TREND_LONG,EXIT_FLAT,long,LOSER,-122.0,275,39805.0,-7.0,3.0,-9.0,-7.0,12.0,-4.0,3.0,-9.0,3.0,5.0,-5.0,3.0,-9.0,-1.0,4.0,-1.0,3.0,-9.0,4.0,6.0,3.0,4.0,-9.0,4.0,11.0
2024-03-26,CHOP_BUY,EXIT_FLAT,long,LOSER,-82.0,11,39702.0,-5.0,4.0,-5.0,-5.0,9.0,-9.0,4.0,-10.0,-4.0,11.0,-21.0,4.0,-24.0,-12.0,20.0,-19.0,4.0,-24.0,2.0,8.0,-11.0,4.0,-30.0,8.0,23.0
2024-03-27,CHOP_SELL,EXIT_FLAT,short,LOSER,-120.0,118,39874.0,10.0,17.0,-3.0,10.0,20.0,9.0,21.0,-3.0,-1.0,15.0,3.0,21.0,-3.0,-6.0,13.0,-4.0,21.0,-6.0,-7.0,11.0,-10.0,21.0,-11.0,-6.0,9.0
2024-03-27,CHOP_BUY,CHOP_TP,long,WINNER,24.0,14,39932.0,0.0,2.0,-3.0,0.0,5.0,4.0,5.0,-3.0,4.0,8.0,10.0,13.0,-3.0,6.0,11.0,5.0,14.0,-3.0,-5.0,11.0,10.0,16.0,-3.0,5.0,11.0
2024-03-27,CHOP_BUY,PARTIAL_TP,long,WINNER,53.0,27,39914.0,-3.0,3.0,-6.0,-3.0,9.0,1.0,3.0,-7.0,4.0,8.0,-1.0,3.0,-7.0,-2.0,4.0,0.0,3.0,-7.0,1.0,5.0,-2.0,3.0,-7.0,-2.0,6.0
2024-03-27,TREND_LONG,PARTIAL_TP,long,WINNER,71.0,11,40010.0,-3.0,7.0,-8.0,-3.0,15.0,-7.0,7.0,-11.0,-4.0,12.0,4.0,7.0,-11.0,11.0,14.0,9.0,12.0,-11.0,5.0,9.0,11.0,19.0,-11.0,2.0,12.0
2024-03-28,TREND_SHORT,CHOP_TP,short,WINNER,22.0,70,40144.0,-5.0,4.0,-9.0,-5.0,13.0,-4.0,4.0,-9.0,1.0,9.0,6.0,9.0,-9.0,10.0,15.0,0.0,9.0,-9.0,-6.0,8.0,-1.0,9.0,-9.0,-1.0,8.0
2024-03-28,CHOP_BUY,CHOP_TP,long,WINNER,50.0,191,40169.0,1.0,3.0,-1.0,1.0,4.0,2.0,8.0,-1.0,1.0,6.0,5.0,8.0,-1.0,3.0,4.0,5.0,8.0,-1.0,0.0,5.0,-3.0,9.0,-4.0,-8.0,13.0
2024-03-28,TREND_LONG,EXIT_FLAT,long,LOSER,-162.0,33,40236.0,-15.0,3.0,-16.0,-15.0,19.0,-13.0,3.0,-23.0,2.0,11.0,-11.0,3.0,-23.0,2.0,5.0,0.0,3.0,-23.0,11.0,13.0,-17.0,4.0,-23.0,-17.0,22.0
2024-04-01,CHOP_SELL,PARTIAL_TP,short,WINNER,50.0,28,39974.0,-17.0,4.0,-18.0,-17.0,22.0,13.0,16.0,-18.0,30.0,34.0,-6.0,16.0,-18.0,-19.0,22.0,-15.0,16.0,-18.0,-9.0,12.0,-13.0,16.0,-21.0,2.0,19.0
2024-04-01,CHOP_BUY,EXIT_FLAT,long,LOSER,-82.0,21,39903.0,-2.0,0.0,-8.0,-2.0,8.0,-4.0,3.0,-8.0,-2.0,8.0,3.0,3.0,-8.0,7.0,8.0,5.0,11.0,-8.0,2.0,9.0,-5.0,11.0,-8.0,-10.0,8.0
2024-04-01,TREND_SHORT,EXIT_FLAT,short,LOSER,-138.0,238,39845.0,-7.0,0.0,-9.0,-7.0,8.0,-15.0,0.0,-16.0,-8.0,12.0,3.0,3.0,-16.0,18.0,18.0,5.0,6.0,-16.0,2.0,7.0,1.0,10.0,-16.0,-4.0,10.0
2024-04-02,TREND_SHORT,EXIT_FLAT,short,LOSER,-138.0,13,39398.0,2.0,8.0,-4.0,2.0,12.0,2.0,30.0,-4.0,0.0,31.0,0.0,30.0,-4.0,-2.0,19.0,-22.0,30.0,-25.0,-22.0,26.0,-28.0,30.0,-37.0,-6.0,20.0
2024-04-02,CHOP_BUY,CHOP_TP,long,WINNER,110.0,160,39409.0,0.0,1.0,-8.0,0.0,9.0,-13.0,1.0,-16.0,-13.0,16.0,0.0,2.0,-16.0,13.0,17.0,1.0,5.0,-16.0,1.0,7.0,-1.0,11.0,-16.0,-2.0,13.0
2024-04-03,TREND_LONG,PARTIAL_TP,long,WINNER,58.0,2,39569.0,28.0,29.0,-2.0,28.0,31.0,58.0,62.0,-2.0,30.0,43.0,46.0,65.0,-2.0,-12.0,20.0,32.0,65.0,-2.0,-14.0,18.0,29.0,65.0,-2.0,-3.0,14.0
2024-04-03,CHOP_SELL,PARTIAL_TP,short,WINNER,54.0,75,39549.0,5.0,9.0,0.0,5.0,9.0,-4.0,9.0,-4.0,-9.0,8.0,3.0,9.0,-6.0,7.0,9.0,-4.0,9.0,-8.0,-7.0,14.0,-9.0,9.0,-9.0,-5.0,8.0
2024-04-04,TREND_SHORT,EARLY_HARD_STOP,short,LOSER,-82.0,4,39579.0,-8.0,1.0,-9.0,-8.0,10.0,-27.0,1.0,-28.0,-19.0,21.0,-32.0,1.0,-36.0,-5.0,12.0,-41.0,1.0,-45.0,-9.0,12.0,-41.0,1.0,-45.0,0.0,10.0
2024-04-04,CHOP_SELL,CHOP_TP,short,WINNER,34.0,6,39630.0,7.0,13.0,0.0,7.0,12.0,13.0,17.0,0.0,6.0,11.0,10.0,17.0,0.0,-3.0,7.0,18.0,19.0,0.0,8.0,9.0,17.0,21.0,0.0,-1.0,7.0
2024-04-04,CHOP_SELL,EXIT_FLAT,short,LOSER,-120.0,84,39601.0,-5.0,3.0,-9.0,-5.0,12.0,-6.0,3.0,-9.0,-1.0,6.0,-7.0,3.0,-11.0,-1.0,7.0,-16.0,3.0,-16.0,-9.0,10.0,-20.0,3.0,-25.0,-4.0,10.0
2024-04-04,CHOP_BUY,EXIT_FLAT,long,LOSER,-134.0,70,39652.0,0.0,4.0,-1.0,0.0,5.0,-13.0,4.0,-14.0,-13.0,13.0,-10.0,4.0,-14.0,3.0,6.0,-13.0,4.0,-14.0,-3.0,4.0,-12.0,4.0,-14.0,1.0,5.0
2024-04-04,TREND_SHORT,PARTIAL_TP,short,WINNER,51.0,15,39568.0,-10.0,0.0,-13.0,-10.0,13.0,-10.0,3.0,-13.0,0.0,14.0,-2.0,3.0,-13.0,8.0,9.0,10.0,23.0,-13.0,12.0,25.0,5.0,23.0,-13.0,-5.0,11.0
2024-04-05,TREND_LONG,EXIT_FLAT,long,LOSER,-122.0,15,39038.0,-13.0,8.0,-22.0,-13.0,30.0,-3.0,8.0,-22.0,10.0,19.0,-13.0,8.0,-22.0,-10.0,13.0,0.0,8.0,-22.0,13.0,23.0,-5.0,11.0,-22.0,-5.0,26.0
2024-04-05,TREND_LONG,EARLY_HARD_STOP,long,LOSER,-84.0,4,39062.0,-17.0,3.0,-23.0,-17.0,26.0,-39.0,3.0,-41.0,-22.0,23.0,-32.0,3.0,-41.0,7.0,17.0,-42.0,3.0,-46.0,-10.0,13.0,-45.0,3.0,-50.0,-3.0,15.0
2024-04-05,TREND_LONG,PARTIAL_TP,long,WINNER,51.0,4,39053.0,-1.0,8.0,-5.0,-1.0,13.0,7.0,8.0,-12.0,8.0,19.0,16.0,27.0,-12.0,9.0,21.0,51.0,52.0,-12.0,35.0,37.0,75.0,75.0,-12.0,24.0,29.0
2024-04-05,TREND_LONG,PARTIAL_TP,long,WINNER,54.0,30,39269.0,13.0,16.0,0.0,13.0,16.0,7.0,16.0,0.0,-6.0,14.0,6.0,16.0,-5.0,-1.0,15.0,-14.0,16.0,-16.0,-20.0,24.0,0.0,16.0,-18.0,14.0,21.0
2024-04-05,CHOP_BUY,PARTIAL_TP,long,WINNER,58.0,24,39215.0,13.0,13.0,-8.0,13.0,21.0,7.0,17.0,-8.0,-6.0,14.0,1.0,17.0,-8.0,-6.0,14.0,6.0,17.0,-8.0,5.0,22.0,31.0,34.0,-8.0,25.0,27.0
2024-04-08,TREND_SHORT,EXIT_FLAT,short,LOSER,-120.0,28,39226.0,20.0,27.0,0.0,20.0,27.0,31.0,34.0,0.0,11.0,13.0,25.0,35.0,0.0,-6.0,17.0,17.0,35.0,0.0,-8.0,17.0,34.0,35.0,0.0,17.0,18.0
2024-04-08,CHOP_BUY,EXIT_FLAT,long,LOSER,-134.0,55,39282.0,-9.0,5.0,-11.0,-9.0,16.0,-13.0,5.0,-17.0,-4.0,10.0,-3.0,5.0,-17.0,10.0,12.0,1.0,5.0,-17.0,4.0,6.0,1.0,8.0,-17.0,0.0,9.0
2024-04-08,TREND_SHORT,CHOP_TP,short,WINNER,26.0,22,39196.0,-1.0,13.0,-4.0,-1.0,17.0,-8.0,13.0,-11.0,-7.0,11.0,-4.0,13.0,-20.0,4.0,18.0,-4.0,13.0,-20.0,0.0,8.0,-14.0,13.0,-20.0,-10.0,16.0
2024-04-08,CHOP_BUY,PARTIAL_TP,long,WINNER,54.0,77,39213.0,13.0,16.0,-2.0,13.0,18.0,16.0,19.0,-2.0,3.0,8.0,20.0,24.0,-2.0,4.0,11.0,35.0,36.0,-2.0,15.0,16.0,26.0,36.0,-2.0,-9.0,12.0
2024-04-09,TREND_SHORT,EXIT_FLAT,short,LOSER,-126.0,21,39128.0,-12.0,0.0,-15.0,-12.0,15.0,-4.0,2.0,-15.0,8.0,14.0,-6.0,10.0,-15.0,-2.0,20.0,-9.0,10.0,-15.0,-3.0,12.0,-17.0,10.0,-22.0,-8.0,12.0
2024-04-09,TREND_SHORT,PARTIAL_TP,short,WINNER,80.0,6,39063.0,-4.0,28.0,-4.0,-4.0,32.0,5.0,28.0,-4.0,9.0,27.0,-16.0,28.0,-33.0,-21.0,39.0,8.0,28.0,-33.0,24.0,36.0,15.0,28.0,-33.0,7.0,20.0
2024-04-09,CHOP_BUY,PARTIAL_TP,long,WINNER,50.0,12,38983.0,-1.0,7.0,-5.0,-1.0,12.0,4.0,12.0,-5.0,5.0,12.0,5.0,12.0,-6.0,1.0,15.0,9.0,18.0,-6.0,4.0,17.0,5.0,19.0,-6.0,-4.0,14.0
2024-04-09,CHOP_BUY,EXIT_FLAT,long,LOSER,-134.0,88,39064.0,6.0,10.0,0.0,6.0,10.0,3.0,10.0,0.0,-3.0,6.0,3.0,11.0,-1.0,0.0,12.0,12.0,17.0,-1.0,9.0,13.0,25.0,27.0,-1.0,13.0,16.0
2024-04-10,TREND_LONG,PARTIAL_TP,long,WINNER,53.0,5,38832.0,-1.0,12.0,-10.0,-1.0,22.0,0.0,14.0,-10.0,1.0,20.0,19.0,21.0,-10.0,19.0,22.0,15.0,22.0,-10.0,-4.0,16.0,53.0,58.0,-10.0,38.0,43.0
2024-04-10,CHOP_SELL,PARTIAL_TP,short,WINNER,56.0,21,38721.0,-4.0,6.0,-4.0,-4.0,10.0,5.0,12.0,-4.0,9.0,16.0,9.0,12.0,-4.0,4.0,10.0,4.0,12.0,-4.0,-5.0,11.0,-8.0,12.0,-18.0,-12.0,23.0
2024-04-10,TREND_SHORT,EXIT_FLAT,short,LOSER,-132.0,14,38629.0,13.0,22.0,-7.0,13.0,29.0,16.0,22.0,-7.0,3.0,15.0,22.0,28.0,-7.0,6.0,17.0,32.0,35.0,-7.0,10.0,26.0,21.0,39.0,-7.0,-11.0,23.0
2024-04-11,TREND_SHORT,PARTIAL_TP,short,WINNER,59.0,8,38565.0,6.0,19.0,-7.0,6.0,26.0,10.0,20.0,-7.0,4.0,18.0,1.0,20.0,-8.0,-9.0,19.0,26.0,29.0,-8.0,25.0,32.0,13.0,29.0,-8.0,-13.0,21.0
2024-04-11,CHOP_BUY,PARTIAL_TP,long,WINNER,61.0,20,38611.0,11.0,16.0,0.0,11.0,15.0,19.0,20.0,0.0,8.0,9.0,17.0,24.0,0.0,-2.0,7.0,30.0,32.0,0.0,13.0,14.0,46.0,47.0,0.0,16.0,16.0
2024-04-11,CHOP_BUY,PARTIAL_TP,long,WINNER,76.0,8,38780.0,1.0,13.0,-7.0,1.0,20.0,8.0,13.0,-7.0,7.0,9.0,42.0,43.0,-7.0,34.0,39.0,23.0,43.0,-7.0,-19.0,21.0,26.0,43.0,-7.0,3.0,10.0
2024-04-11,CHOP_BUY,CHOP_TP,long,WINNER,32.0,1,38828.0,16.0,17.0,-1.0,16.0,18.0,17.0,18.0,-1.0,1.0,8.0,32.0,34.0,-1.0,15.0,17.0,28.0,35.0,-1.0,-4.0,10.0,16.0,35.0,-1.0,-12.0,17.0
2024-04-11,CHOP_BUY,CHOP_TP,long,WINNER,28.0,1,38849.0,14.0,16.0,-1.0,14.0,17.0,9.0,19.0,-1.0,-5.0,15.0,16.0,25.0,-1.0,7.0,17.0,17.0,25.0,-1.0,1.0,12.0,17.0,25.0,-1.0,0.0,11.0
2024-04-11,CHOP_BUY,EXIT_FLAT,long,LOSER,-156.0,45,38846.0,0.0,2.0,-7.0,0.0,9.0,10.0,14.0,-7.0,10.0,16.0,1.0,14.0,-7.0,-9.0,11.0,-5.0,14.0,-9.0,-6.0,10.0,-2.0,14.0,-9.0,3.0,11.0
2024-04-12,CHOP_BUY,EXIT_FLAT,long,LOSER,-180.0,8,38501.0,-5.0,27.0,-9.0,-5.0,36.0,-18.0,27.0,-28.0,-13.0,30.0,-31.0,27.0,-38.0,-13.0,34.0,-25.0,27.0,-38.0,6.0,20.0,-28.0,27.0,-38.0,-3.0,13.0
2024-04-12,TREND_SHORT,PARTIAL_TP,short,WINNER,52.0,15,38388.0,34.0,38.0,-3.0,34.0,41.0,26.0,53.0,-3.0,-8.0,32.0,18.0,53.0,-3.0,-8.0,23.0,18.0,53.0,-3.0,0.0,11.0,10.0,53.0,-3.0,-8.0,18.0
2024-04-12,TREND_SHORT,PARTIAL_TP,short,WINNER,55.0,27,38289.0,-8.0,2.0,-16.0,-8.0,18.0,-23.0,2.0,-32.0,-15.0,24.0,-6.0,2.0,-32.0,17.0,27.0,-6.0,2.0,-32.0,0.0,11.0,13.0,15.0,-32.0,19.0,24.0
2024-04-12,TREND_SHORT,PARTIAL_TP,short,WINNER,52.0,19,38213.0,-14.0,0.0,-20.0,-14.0,20.0,-13.0,0.0,-25.0,1.0,20.0,-16.0,0.0,-25.0,-3.0,15.0,-23.0,0.0,-25.0,-7.0,12.0,-13.0,0.0,-26.0,10.0,14.0
2024-04-12,CHOP_BUY,PARTIAL_TP,long,WINNER,62.0,75,38185.0,3.0,17.0,-2.0,3.0,19.0,16.0,22.0,-2.0,13.0,23.0,7.0,22.0,-2.0,-9.0,16.0,12.0,22.0,-2.0,5.0,17.0,0.0,22.0,-3.0,-12.0,17.0
2024-04-15,TREND_SHORT,PARTIAL_TP,short,WINNER,71.0,5,38531.0,-4.0,11.0,-5.0,-4.0,16.0,2.0,11.0,-8.0,6.0,15.0,4.0,11.0,-8.0,2.0,15.0,44.0,46.0,-8.0,40.0,42.0,71.0,90.0,-8.0,27.0,51.0
2024-04-15,CHOP_SELL,PARTIAL_TP,short,WINNER,53.0,11,38358.0,9.0,13.0,-2.0,9.0,15.0,25.0,25.0,-2.0,16.0,21.0,33.0,34.0,-2.0,8.0,17.0,45.0,48.0,-2.0,12.0,29.0,35.0,48.0,-2.0,-10.0,19.0
2024-04-15,CHOP_BUY,EXIT_FLAT,long,LOSER,-146.0,7,38251.0,-18.0,5.0,-20.0,-18.0,25.0,-11.0,5.0,-20.0,7.0,14.0,-16.0,5.0,-21.0,-5.0,11.0,-21.0,5.0,-24.0,-5.0,19.0,-12.0,5.0,-25.0,9.0,21.0
2024-04-15,TREND_SHORT,PARTIAL_TP,short,WINNER,83.0,4,38118.0,10.0,19.0,-10.0,10.0,29.0,34.0,38.0,-10.0,24.0,30.0,47.0,48.0,-10.0,13.0,22.0,83.0,86.0,-10.0,36.0,42.0,58.0,90.0,-10.0,-25.0,37.0
2024-04-15,TREND_SHORT,EXIT_FLAT,short,LOSER,-132.0,9,38012.0,2.0,9.0,-15.0,2.0,24.0,22.0,30.0,-15.0,20.0,29.0,-34.0,30.0,-41.0,-56.0,64.0,-35.0,30.0,-46.0,-1.0,22.0,-32.0,30.0,-50.0,3.0,21.0
2024-04-15,CHOP_BUY,PARTIAL_TP,long,WINNER,57.0,11,37987.0,-10.0,3.0,-18.0,-10.0,21.0,22.0,29.0,-18.0,32.0,40.0,18.0,29.0,-18.0,-4.0,22.0,23.0,32.0,-18.0,5.0,19.0,14.0,32.0,-18.0,-9.0,22.0
2024-04-15,CHOP_BUY,PARTIAL_TP,long,WINNER,58.0,9,37991.0,-7.0,12.0,-14.0,-7.0,26.0,7.0,13.0,-14.0,14.0,25.0,-9.0,13.0,-14.0,-16.0,22.0,-6.0,13.0,-14.0,3.0,15.0,-8.0,13.0,-18.0,-2.0,18.0
2024-04-16,TREND_SHORT,CHOP_TP,short,WINNER,38.0,30,38044.0,2.0,11.0,-7.0,2.0,18.0,4.0,27.0,-7.0,2.0,29.0,6.0,27.0,-7.0,2.0,14.0,3.0,27.0,-7.0,-3.0,17.0,19.0,27.0,-8.0,16.0,27.0
2024-04-16,CHOP_SELL,EXIT_FLAT,short,LOSER,-122.0,27,38083.0,2.0,10.0,-6.0,2.0,16.0,-2.0,10.0,-10.0,-4.0,20.0,-14.0,10.0,-22.0,-12.0,20.0,-9.0,10.0,-22.0,5.0,14.0,-2.0,10.0,-22.0,7.0,15.0
2024-04-16,TREND_SHORT,EARLY_HARD_STOP,short,LOSER,-106.0,2,37989.0,22.0,24.0,-41.0,22.0,65.0,-53.0,42.0,-60.0,-75.0,102.0,-27.0,42.0,-60.0,26.0,47.0,-56.0,42.0,-60.0,-29.0,39.0,-73.0,42.0,-100.0,-17.0,47.0
2024-04-16,TREND_LONG,EARLY_HARD_STOP,long,LOSER,-124.0,4,38233.0,-10.0,1.0,-29.0,-10.0,30.0,-16.0,1.0,-29.0,-6.0,25.0,-31.0,8.0,-36.0,-15.0,44.0,-62.0,8.0,-71.0,-31.0,41.0,-117.0,8.0,-120.0,-55.0,63.0
2024-04-16,CHOP_SELL,EARLY_HARD_STOP,short,LOSER,-124.0,3,38007.0,-5.0,3.0,-16.0,-5.0,19.0,-7.0,15.0,-16.0,-2.0,22.0,-62.0,15.0,-72.0,-55.0,68.0,-62.0,15.0,-80.0,0.0,35.0,-63.0,15.0,-80.0,-1.0,22.0
2024-04-17,TREND_SHORT,PARTIAL_TP,short,WINNER,64.0,31,38099.0,-6.0,9.0,-22.0,-6.0,31.0,4.0,9.0,-22.0,10.0,23.0,19.0,28.0,-22.0,15.0,33.0,0.0,28.0,-22.0,-19.0,25.0,4.0,28.0,-22.0,4.0,17.0
2024-04-17,CHOP_BUY,EARLY_HARD_STOP,long,LOSER,-98.0,3,37932.0,2.0,9.0,-7.0,2.0,16.0,-20.0,9.0,-29.0,-22.0,31.0,-49.0,9.0,-55.0,-29.0,39.0,-50.0,9.0,-60.0,-1.0,15.0,-45.0,9.0,-60.0,5.0,19.0
2024-04-17,CHOP_BUY,EXIT_FLAT,long,LOSER,-106.0,22,37917.0,4.0,10.0,-5.0,4.0,15.0,11.0,23.0,-5.0,7.0,20.0,42.0,42.0,-5.0,31.0,35.0,21.0,45.0,-5.0,-21.0,29.0,16.0,45.0,-5.0,-5.0,22.0
2024-04-17,TREND_SHORT,EARLY_HARD_STOP,short,LOSER,-92.0,3,37854.0,-26.0,0.0,-29.0,-26.0,28.0,-25.0,0.0,-29.0,1.0,13.0,-46.0,0.0,-52.0,-21.0,28.0,-25.0,0.0,-54.0,21.0,31.0,-32.0,0.0,-54.0,-7.0,15.0
2024-04-17,CHOP_BUY,PARTIAL_TP,long,WINNER,59.0,28,38017.0,13.0,23.0,-2.0,13.0,25.0,16.0,23.0,-2.0,3.0,16.0,19.0,28.0,-2.0,3.0,15.0,3.0,28.0,-2.0,-16.0,22.0,9.0,28.0,-2.0,6.0,14.0
2024-04-17,CHOP_BUY,PARTIAL_TP,long,WINNER,80.0,16,38045.0,-9.0,2.0,-11.0,-9.0,13.0,6.0,12.0,-11.0,15.0,22.0,33.0,40.0,-11.0,27.0,36.0,-1.0,40.0,-11.0,-34.0,39.0,2.0,40.0,-11.0,3.0,13.0
2024-04-18,TREND_LONG,PARTIAL_TP,long,WINNER,62.0,21,38174.0,-8.0,2.0,-17.0,-8.0,19.0,-2.0,2.0,-17.0,6.0,13.0,6.0,14.0,-17.0,8.0,13.0,-3.0,14.0,-17.0,-9.0,16.0,-6.0,14.0,-17.0,-3.0,17.0
2024-04-18,TREND_LONG,EXIT_FLAT,long,LOSER,-142.0,44,38285.0,-13.0,8.0,-17.0,-13.0,25.0,-30.0,8.0,-35.0,-17.0,29.0,-9.0,8.0,-35.0,21.0,23.0,-4.0,8.0,-35.0,5.0,12.0,-13.0,8.0,-35.0,-9.0,15.0
2024-04-18,CHOP_BUY,EXIT_FLAT,long,LOSER,-130.0,28,38197.0,-18.0,0.0,-21.0,-18.0,21.0,-34.0,0.0,-39.0,-16.0,23.0,-34.0,0.0,-41.0,0.0,20.0,-23.0,0.0,-41.0,11.0,18.0,-15.0,0.0,-41.0,8.0,17.0
2024-04-18,TREND_SHORT,PARTIAL_TP,short,WINNER,51.0,23,38055.0,0.0,20.0,-1.0,0.0,21.0,-3.0,20.0,-4.0,-3.0,12.0,6.0,20.0,-6.0,9.0,18.0,23.0,27.0,-6.0,17.0,20.0,17.0,45.0,-6.0,-6.0,31.0
2024-04-18,CHOP_SELL,EXIT_FLAT,short,LOSER,-120.0,26,38014.0,17.0,33.0,-2.0,17.0,35.0,9.0,33.0,-6.0,-8.0,24.0,-7.0,33.0,-9.0,-16.0,17.0,5.0,33.0,-9.0,12.0,21.0,0.0,33.0,-9.0,-5.0,13.0
2024-04-19,TREND_LONG,EXIT_FLAT,long,LOSER,-130.0,13,38207.0,9.0,11.0,-5.0,9.0,16.0,3.0,22.0,-5.0,-6.0,23.0,-1.0,22.0,-7.0,-4.0,25.0,-9.0,22.0,-22.0,-8.0,23.0,-29.0,22.0,-29.0,-20.0,30.0
2024-04-19,CHOP_SELL,PARTIAL_TP,short,WINNER,63.0,11,38204.0,-16.0,3.0,-20.0,-16.0,23.0,-15.0,3.0,-30.0,1.0,16.0,-4.0,3.0,-30.0,11.0,20.0,17.0,17.0,-30.0,21.0,30.0,27.0,38.0,-30.0,10.0,20.0
2024-04-19,CHOP_BUY,EXIT_FLAT,long,LOSER,-128.0,11,38141.0,23.0,25.0,-6.0,23.0,31.0,19.0,34.0,-6.0,-4.0,17.0,3.0,34.0,-6.0,-16.0,21.0,-14.0,34.0,-20.0,-17.0,26.0,-11.0,34.0,-25.0,3.0,16.0
2024-04-19,TREND_LONG,PARTIAL_TP,long,WINNER,55.0,42,38230.0,12.0,16.0,-8.0,12.0,24.0,12.0,24.0,-8.0,0.0,20.0,6.0,24.0,-8.0,-6.0,17.0,-1.0,24.0,-8.0,-7.0,23.0,-2.0,24.0,-8.0,-1.0,15.0
2024-04-19,CHOP_SELL,SESSION_EXIT,short,LOSER,-30.0,40,38181.0,6.0,16.0,-2.0,6.0,18.0,17.0,23.0,-8.0,11.0,31.0,13.0,23.0,-8.0,-4.0,15.0,27.0,27.0,-8.0,14.0,18.0,29.0,30.0,-8.0,2.0,17.0
2024-04-22,TREND_SHORT,EXIT_FLAT,short,LOSER,-124.0,41,38238.0,10.0,12.0,-6.0,10.0,18.0,16.0,27.0,-6.0,6.0,18.0,15.0,30.0,-6.0,-1.0,16.0,9.0,30.0,-6.0,-6.0,14.0,15.0,30.0,-6.0,6.0,11.0
2024-04-22,CHOP_BUY,PARTIAL_TP,long,WINNER,67.0,11,38395.0,6.0,8.0,-5.0,6.0,13.0,11.0,11.0,-5.0,5.0,10.0,12.0,16.0,-5.0,1.0,6.0,16.0,23.0,-5.0,4.0,15.0,35.0,39.0,-5.0,19.0,26.0
2024-04-22,TREND_LONG,PARTIAL_TP,long,WINNER,58.0,8,38489.0,22.0,27.0,-1.0,22.0,28.0,23.0,31.0,-1.0,1.0,19.0,15.0,31.0,-1.0,-8.0,12.0,41.0,43.0,-1.0,26.0,29.0,47.0,48.0,-1.0,6.0,15.0
2024-04-22,CHOP_SELL,EARLY_HARD_STOP,short,LOSER,-96.0,5,38532.0,-5.0,1.0,-7.0,-5.0,8.0,-19.0,1.0,-29.0,-14.0,23.0,-23.0,1.0,-29.0,-4.0,10.0,-34.0,1.0,-34.0,-11.0,12.0,-48.0,1.0,-55.0,-14.0,20.0
2024-04-22,TREND_LONG,EXIT_FLAT,long,LOSER,-122.0,18,38676.0,-5.0,0.0,-11.0,-5.0,11.0,3.0,4.0,-11.0,8.0,12.0,-5.0,4.0,-11.0,-8.0,13.0,-4.0,4.0,-11.0,1.0,9.0,-19.0,4.0,-20.0,-15.0,20.0
2024-04-22,CHOP_BUY,EXIT_FLAT,long,LOSER,-184.0,16,38559.0,-3.0,1.0,-8.0,-3.0,9.0,-31.0,1.0,-36.0,-28.0,34.0,-8.0,1.0,-38.0,23.0,34.0,-17.0,1.0,-38.0,-9.0,18.0,-21.0,1.0,-38.0,-4.0,18.0
2024-04-23,TREND_LONG,EXIT_FLAT,long,LOSER,-144.0,18,38652.0,-25.0,11.0,-26.0,-25.0,37.0,-33.0,11.0,-35.0,-8.0,26.0,-31.0,11.0,-42.0,2.0,15.0,-20.0,11.0,-42.0,11.0,16.0,-24.0,11.0,-42.0,-4.0,24.0
2024-04-23,TREND_LONG,PARTIAL_TP,long,WINNER,51.0,18,38675.0,5.0,10.0,-3.0,5.0,13.0,14.0,16.0,-3.0,9.0,18.0,8.0,19.0,-3.0,-6.0,16.0,-7.0,19.0,-10.0,-15.0,20.0,4.0,19.0,-11.0,11.0,15.0
2024-04-23,TREND_LONG,SESSION_EXIT,long,LOSER,-32.0,151,38742.0,-6.0,2.0,-7.0,-6.0,9.0,5.0,6.0,-7.0,11.0,10.0,-6.0,7.0,-9.0,-11.0,16.0,2.0,7.0,-9.0,8.0,11.0,3.0,9.0,-9.0,1.0,8.0
2024-04-24,TREND_LONG,EXIT_FLAT,long,LOSER,-144.0,9,38737.0,-9.0,2.0,-19.0,-9.0,21.0,-1.0,7.0,-19.0,8.0,18.0,-7.0,7.0,-19.0,-6.0,13.0,-11.0,7.0,-20.0,-4.0,15.0,-22.0,7.0,-26.0,-11.0,20.0
2024-04-24,CHOP_SELL,PARTIAL_TP,short,WINNER,54.0,28,38688.0,-22.0,0.0,-22.0,-22.0,20.0,-13.0,0.0,-31.0,9.0,19.0,-9.0,0.0,-31.0,4.0,10.0,-10.0,0.0,-31.0,-1.0,12.0,-21.0,0.0,-31.0,-11.0,14.0
2024-04-24,TREND_LONG,EXIT_FLAT,long,LOSER,-144.0,27,38736.0,6.0,8.0,-1.0,6.0,9.0,-5.0,9.0,-7.0,-11.0,16.0,-6.0,9.0,-11.0,-1.0,9.0,1.0,9.0,-11.0,7.0,11.0,10.0,11.0,-11.0,9.0,10.0
2024-04-24,CHOP_SELL,SESSION_EXIT,short,WINNER,64.0,18,38701.0,-5.0,6.0,-8.0,-5.0,14.0,-3.0,6.0,-9.0,2.0,10.0,1.0,6.0,-9.0,4.0,10.0,-11.0,6.0,-20.0,-12.0,23.0,-4.0,6.0,-20.0,7.0,17.0
2024-04-25,TREND_SHORT,PARTIAL_TP,short,WINNER,57.0,9,38032.0,26.0,28.0,-2.0,26.0,30.0,22.0,31.0,-2.0,-4.0,15.0,39.0,50.0,-2.0,17.0,28.0,38.0,50.0,-2.0,-1.0,14.0,18.0,50.0,-2.0,-20.0,26.0
2024-04-25,CHOP_BUY,PARTIAL_TP,long,WINNER,52.0,11,38010.0,-2.0,1.0,-13.0,-2.0,14.0,4.0,7.0,-13.0,6.0,12.0,7.0,9.0,-13.0,3.0,9.0,33.0,37.0,-13.0,26.0,31.0,32.0,37.0,-13.0,-1.0,11.0
2024-04-25,TREND_LONG,PARTIAL_TP,long,WINNER,67.0,34,38209.0,2.0,9.0,-6.0,2.0,15.0,-14.0,9.0,-15.0,-16.0,18.0,-20.0,9.0,-25.0,-6.0,14.0,-9.0,9.0,-25.0,11.0,12.0,-11.0,9.0,-25.0,-2.0,9.0
2024-04-25,TREND_LONG,EXIT_FLAT,long,LOSER,-166.0,17,38342.0,-7.0,2.0,-14.0,-7.0,16.0,10.0,12.0,-14.0,17.0,21.0,-6.0,12.0,-14.0,-16.0,21.0,-9.0,12.0,-14.0,-3.0,11.0,2.0,12.0,-15.0,11.0,21.0
2024-04-26,TREND_LONG,PARTIAL_TP,long,WINNER,66.0,13,38422.0,20.0,26.0,-7.0,20.0,33.0,4.0,29.0,-9.0,-16.0,38.0,25.0,29.0,-9.0,21.0,25.0,24.0,30.0,-9.0,-1.0,7.0,20.0,30.0,-9.0,-4.0,15.0
2024-04-26,CHOP_SELL,EXIT_FLAT,short,LOSER,-122.0,34,38427.0,-7.0,1.0,-11.0,-7.0,12.0,-11.0,1.0,-12.0,-4.0,8.0,-21.0,1.0,-22.0,-10.0,12.0,-16.0,1.0,-22.0,5.0,14.0,-18.0,1.0,-26.0,-2.0,14.0
2024-04-26,TREND_LONG,EXIT_FLAT,long,LOSER,-140.0,165,38505.0,3.0,15.0,-5.0,3.0,20.0,-9.0,15.0,-18.0,-12.0,21.0,2.0,15.0,-18.0,11.0,13.0,-2.0,15.0,-18.0,-4.0,8.0,-4.0,15.0,-18.0,-2.0,6.0
2024-04-29,TREND_SHORT,EXIT_FLAT,short,LOSER,-126.0,105,38479.0,7.0,11.0,-1.0,7.0,12.0,9.0,12.0,-1.0,2.0,11.0,2.0,12.0,-1.0,-7.0,9.0,6.0,12.0,-5.0,4.0,15.0,-1.0,12.0,-5.0,-7.0,11.0
2024-04-29,CHOP_SELL,PARTIAL_TP,short,WINNER,51.0,109,38550.0,0.0,1.0,-6.0,0.0,7.0,-2.0,4.0,-6.0,-2.0,6.0,-2.0,4.0,-8.0,0.0,8.0,1.0,5.0,-8.0,3.0,8.0,7.0,10.0,-8.0,6.0,10.0
2024-04-30,TREND_SHORT,EXIT_FLAT,short,LOSER,-142.0,24,38353.0,24.0,34.0,0.0,24.0,34.0,20.0,34.0,0.0,-4.0,17.0,22.0,34.0,0.0,2.0,14.0,28.0,42.0,0.0,6.0,21.0,29.0,42.0,0.0,1.0,10.0
2024-04-30,TREND_LONG,EXIT_FLAT,long,LOSER,-138.0,11,38430.0,-10.0,0.0,-10.0,-10.0,10.0,-10.0,3.0,-10.0,0.0,13.0,-28.0,3.0,-31.0,-18.0,26.0,-22.0,3.0,-31.0,6.0,19.0,-19.0,3.0,-31.0,3.0,15.0
2024-04-30,TREND_LONG,EXIT_FLAT,long,LOSER,-126.0,19,38439.0,-13.0,4.0,-17.0,-13.0,21.0,-4.0,4.0,-22.0,9.0,18.0,-1.0,4.0,-22.0,3.0,8.0,-1.0,5.0,-22.0,0.0,17.0,10.0,11.0,-22.0,11.0,20.0
2024-04-30,TREND_SHORT,PARTIAL_TP,short,WINNER,50.0,6,38297.0,-4.0,3.0,-8.0,-4.0,11.0,23.0,35.0,-10.0,27.0,45.0,45.0,46.0,-10.0,22.0,27.0,44.0,52.0,-10.0,-1.0,21.0,47.0,58.0,-10.0,3.0,20.0
2024-04-30,CHOP_SELL,PARTIAL_TP,short,WINNER,50.0,59,38189.0,4.0,8.0,-1.0,4.0,9.0,-1.0,8.0,-5.0,-5.0,10.0,-10.0,8.0,-11.0,-9.0,11.0,-13.0,8.0,-15.0,-3.0,6.0,-24.0,8.0,-29.0,-11.0,15.0
2024-04-30,TREND_SHORT,PARTIAL_TP,short,WINNER,70.0,6,38058.0,3.0,13.0,-27.0,3.0,40.0,19.0,39.0,-27.0,16.0,37.0,19.0,39.0,-27.0,0.0,23.0,41.0,46.0,-27.0,22.0,25.0,42.0,46.0,-27.0,1.0,15.0
2024-05-01,CHOP_SELL,EXIT_FLAT,short,LOSER,-130.0,60,38007.0,26.0,26.0,0.0,26.0,25.0,23.0,29.0,0.0,-3.0,13.0,21.0,36.0,0.0,-2.0,18.0,24.0,36.0,0.0,3.0,12.0,3.0,36.0,0.0,-21.0,20.0
2024-05-01,TREND_LONG,PARTIAL_TP,long,WINNER,55.0,164,38103.0,2.0,10.0,-4.0,2.0,14.0,18.0,22.0,-4.0,16.0,20.0,15.0,24.0,-4.0,-3.0,10.0,6.0,24.0,-4.0,-9.0,18.0,19.0,24.0,-4.0,13.0,12.0
2024-05-02,CHOP_BUY,EXIT_FLAT,long,LOSER,-140.0,10,38169.0,-4.0,2.0,-17.0,-4.0,19.0,2.0,2.0,-17.0,6.0,15.0,0.0,2.0,-17.0,-2.0,11.0,1.0,2.0,-17.0,1.0,14.0,10.0,14.0,-17.0,9.0,17.0
2024-05-02,TREND_SHORT,EARLY_HARD_STOP,short,LOSER,-102.0,2,38049.0,-29.0,8.0,-36.0,-29.0,44.0,-51.0,8.0,-56.0,-22.0,30.0,-58.0,8.0,-58.0,-7.0,19.0,-56.0,8.0,-71.0,2.0,17.0,-67.0,8.0,-78.0,-11.0,25.0
2024-05-02,CHOP_BUY,EXIT_FLAT,long,LOSER,-124.0,15,38237.0,4.0,10.0,-2.0,4.0,12.0,-4.0,10.0,-11.0,-8.0,14.0,-4.0,10.0,-12.0,0.0,11.0,-9.0,10.0,-14.0,-5.0,11.0,-11.0,10.0,-14.0,-2.0,8.0
2024-05-02,CHOP_SELL,EXIT_FLAT,short,LOSER,-126.0,18,38201.0,2.0,16.0,-1.0,2.0,17.0,3.0,16.0,-5.0,1.0,12.0,13.0,20.0,-5.0,10.0,21.0,6.0,20.0,-5.0,-7.0,11.0,-2.0,20.0,-7.0,-8.0,13.0
2024-05-02,TREND_LONG,EARLY_HARD_STOP,long,LOSER,-98.0,5,38327.0,-14.0,11.0,-14.0,-14.0,25.0,-27.0,11.0,-30.0,-13.0,19.0,-30.0,11.0,-35.0,-3.0,15.0,-31.0,11.0,-39.0,-1.0,11.0,-49.0,11.0,-51.0,-18.0,23.0
2024-05-02,CHOP_BUY,PARTIAL_TP,long,WINNER,52.0,29,38325.0,6.0,9.0,-9.0,6.0,18.0,13.0,21.0,-9.0,7.0,14.0,22.0,26.0,-9.0,9.0,15.0,30.0,33.0,-9.0,8.0,18.0,28.0,40.0,-9.0,-2.0,18.0
2024-05-03,TREND_SHORT,PARTIAL_TP,short,WINNER,53.0,8,38808.0,-14.0,8.0,-32.0,-14.0,40.0,-34.0,8.0,-50.0,-20.0,39.0,-3.0,8.0,-50.0,31.0,49.0,22.0,23.0,-50.0,25.0,31.0,-4.0,32.0,-50.0,-26.0,36.0
2024-05-03,CHOP_SELL,CHOP_TP,short,WINNER,40.0,3,38701.0,-18.0,4.0,-18.0,-18.0,22.0,4.0,6.0,-18.0,22.0,23.0,20.0,38.0,-18.0,16.0,37.0,9.0,38.0,-18.0,-11.0,23.0,1.0,38.0,-18.0,-8.0,14.0
2024-05-03,CHOP_SELL,EXIT_FLAT,short,LOSER,-148.0,17,38707.0,-30.0,0.0,-30.0,-30.0,30.0,-25.0,0.0,-36.0,5.0,18.0,-21.0,0.0,-36.0,4.0,14.0,-20.0,0.0,-36.0,1.0,9.0,-8.0,0.0,-36.0,12.0,18.0
2024-05-03,CHOP_BUY,CHOP_TP,long,WINNER,70.0,108,38827.0,0.0,7.0,-3.0,0.0,10.0,1.0,7.0,-14.0,1.0,15.0,-8.0,7.0,-14.0,-9.0,11.0,-22.0,7.0,-22.0,-14.0,13.0,-24.0,7.0,-26.0,-2.0,9.0
2024-05-03,CHOP_BUY,EXIT_FLAT,long,LOSER,-120.0,34,38887.0,-10.0,0.0,-10.0,-10.0,9.0,-20.0,0.0,-23.0,-10.0,13.0,-19.0,0.0,-25.0,1.0,11.0,-35.0,0.0,-35.0,-16.0,17.0,-34.0,0.0,-49.0,1.0,17.0
2024-05-06,TREND_SHORT,CHOP_TP,short,WINNER,48.0,37,38930.0,-4.0,1.0,-8.0,-4.0,9.0,-1.0,1.0,-9.0,3.0,10.0,0.0,1.0,-9.0,1.0,5.0,-8.0,1.0,-9.0,-8.0,10.0,-10.0,1.0,-18.0,-2.0,11.0
2024-05-06,TREND_SHORT,EXIT_FLAT,short,LOSER,-130.0,135,38876.0,-3.0,4.0,-7.0,-3.0,11.0,-3.0,4.0,-8.0,0.0,5.0,-5.0,4.0,-8.0,-2.0,7.0,9.0,11.0,-8.0,14.0,16.0,16.0,20.0,-8.0,7.0,12.0
2024-05-06,CHOP_SELL,EXIT_FLAT,short,LOSER,-122.0,44,38935.0,-9.0,0.0,-11.0,-9.0,9.0,-13.0,0.0,-14.0,-4.0,6.0,-8.0,0.0,-18.0,5.0,11.0,-11.0,0.0,-18.0,-3.0,7.0,-11.0,0.0,-18.0,0.0,4.0
2024-05-06,CHOP_BUY,EXIT_FLAT,long,LOSER,-124.0,9,38972.0,-7.0,0.0,-8.0,-7.0,8.0,-6.0,0.0,-9.0,1.0,8.0,-14.0,0.0,-14.0,-8.0,7.0,-8.0,0.0,-15.0,6.0,10.0,-15.0,0.0,-16.0,-7.0,12.0
2024-05-06,CHOP_BUY,PARTIAL_TP,long,WINNER,51.0,19,38920.0,7.0,9.0,0.0,7.0,9.0,2.0,9.0,0.0,-5.0,6.0,1.0,9.0,-5.0,-1.0,9.0,1.0,9.0,-5.0,0.0,3.0,-1.0,9.0,-5.0,-2.0,6.0
2024-05-07,TREND_LONG,CHOP_TP,long,WINNER,56.0,32,39085.0,0.0,11.0,-7.0,0.0,18.0,8.0,13.0,-7.0,8.0,13.0,1.0,13.0,-7.0,-7.0,11.0,-8.0,13.0,-9.0,-9.0,15.0,-4.0,13.0,-15.0,4.0,14.0
2024-05-07,CHOP_BUY,EXIT_FLAT,long,LOSER,-130.0,67,39123.0,-8.0,1.0,-14.0,-8.0,15.0,-2.0,1.0,-14.0,6.0,6.0,-14.0,1.0,-16.0,-12.0,15.0,-12.0,1.0,-19.0,2.0,9.0,-9.0,1.0,-19.0,3.0,5.0
2024-05-07,CHOP_BUY,EXIT_FLAT,long,LOSER,-122.0,126,39073.0,-1.0,3.0,-7.0,-1.0,10.0,-2.0,3.0,-7.0,-1.0,6.0,5.0,8.0,-9.0,7.0,17.0,2.0,8.0,-9.0,-3.0,8.0,-6.0,8.0,-9.0,-8.0,9.0
2024-05-07,TREND_SHORT,CHOP_TP,short,WINNER,40.0,24,39038.0,13.0,15.0,-1.0,13.0,16.0,19.0,23.0,-1.0,6.0,18.0,15.0,25.0,-1.0,-4.0,11.0,13.0,25.0,-1.0,-2.0,9.0,24.0,26.0,-1.0,11.0,13.0
2024-05-07,CHOP_BUY,CHOP_TP,long,WINNER,62.0,81,39014.0,-6.0,5.0,-10.0,-6.0,15.0,-9.0,5.0,-10.0,-3.0,9.0,-9.0,5.0,-11.0,0.0,7.0,-5.0,5.0,-15.0,4.0,13.0,-15.0,5.0,-20.0,-10.0,18.0
2024-05-07,CHOP_BUY,SESSION_EXIT,long,LOSER,-66.0,3,39050.0,1.0,6.0,-2.0,1.0,8.0,-29.0,6.0,-34.0,-30.0,34.0,-33.0,6.0,-40.0,-4.0,14.0,-23.0,6.0,-40.0,10.0,13.0,-29.0,6.0,-40.0,-6.0,7.0
2024-05-08,TREND_LONG,PARTIAL_TP,long,WINNER,54.0,29,39051.0,-2.0,2.0,-8.0,-2.0,10.0,-3.0,2.0,-12.0,-1.0,11.0,1.0,6.0,-12.0,4.0,10.0,-7.0,6.0,-12.0,-8.0,10.0,-10.0,6.0,-13.0,-3.0,9.0
2024-05-08,CHOP_SELL,EXIT_FLAT,short,LOSER,-72.0,170,39101.0,9.0,9.0,-5.0,9.0,14.0,13.0,15.0,-5.0,4.0,7.0,18.0,21.0,-5.0,5.0,8.0,17.0,24.0,-5.0,-1.0,8.0,13.0,24.0,-5.0,-4.0,11.0
2024-05-08,TREND_LONG,CHOP_TP,long,WINNER,84.0,40,39141.0,-1.0,4.0,-4.0,-1.0,8.0,7.0,8.0,-4.0,8.0,10.0,6.0,8.0,-4.0,-1.0,8.0,10.0,10.0,-4.0,4.0,5.0,8.0,13.0,-4.0,-2.0,6.0
2024-05-08,CHOP_BUY,SESSION_EXIT,long,WINNER,16.0,80,39189.0,-16.0,0.0,-17.0,-16.0,17.0,-15.0,0.0,-17.0,1.0,7.0,-11.0,0.0,-17.0,4.0,9.0,-14.0,0.0,-17.0,-3.0,6.0,-19.0,0.0,-22.0,-5.0,9.0
2024-05-09,TREND_LONG,PARTIAL_TP,long,WINNER,52.0,17,39262.0,-2.0,1.0,-8.0,-2.0,9.0,4.0,9.0,-8.0,6.0,11.0,8.0,9.0,-8.0,4.0,15.0,8.0,19.0,-8.0,0.0,11.0,9.0,19.0,-8.0,1.0,5.0
2024-05-09,TREND_LONG,PARTIAL_TP,long,WINNER,69.0,16,39331.0,0.0,17.0,-3.0,0.0,20.0,20.0,22.0,-3.0,20.0,23.0,18.0,25.0,-3.0,-2.0,13.0,18.0,30.0,-3.0,0.0,15.0,14.0,30.0,-3.0,-4.0,11.0
2024-05-09,CHOP_BUY,CHOP_TP,long,WINNER,28.0,143,39394.0,0.0,2.0,-6.0,0.0,8.0,-15.0,2.0,-19.0,-15.0,19.0,-13.0,2.0,-20.0,2.0,8.0,-10.0,2.0,-20.0,3.0,6.0,-13.0,2.0,-20.0,-3.0,5.0
2024-05-09,TREND_LONG,PARTIAL_TP,long,WINNER,51.0,72,39437.0,3.0,6.0,-5.0,3.0,11.0,7.0,7.0,-5.0,4.0,7.0,-1.0,8.0,-5.0,-8.0,11.0,4.0,8.0,-6.0,5.0,12.0,11.0,13.0,-6.0,7.0,14.0
2024-05-09,TREND_LONG,SESSION_EXIT,long,WINNER,38.0,54,39523.0,-9.0,4.0,-9.0,-9.0,13.0,-10.0,4.0,-11.0,-1.0,6.0,-7.0,4.0,-11.0,3.0,4.0,-14.0,4.0,-15.0,-7.0,9.0,-14.0,4.0,-16.0,0.0,6.0
2024-05-10,CHOP_SELL,CHOP_TP,short,WINNER,32.0,24,39682.0,5.0,5.0,-6.0,5.0,11.0,-1.0,5.0,-6.0,-6.0,8.0,-10.0,5.0,-10.0,-9.0,14.0,-19.0,5.0,-19.0,-9.0,11.0,-21.0,5.0,-21.0,-2.0,10.0
2024-05-10,CHOP_BUY,EXIT_FLAT,long,LOSER,-116.0,34,39673.0,-5.0,5.0,-12.0,-5.0,17.0,-12.0,5.0,-14.0,-7.0,14.0,-9.0,5.0,-24.0,3.0,18.0,1.0,5.0,-24.0,10.0,14.0,-9.0,5.0,-24.0,-10.0,12.0
2024-05-10,CHOP_BUY,EXIT_FLAT,long,LOSER,-88.0,40,39587.0,9.0,11.0,0.0,9.0,11.0,5.0,13.0,0.0,-4.0,10.0,-1.0,13.0,-8.0,-6.0,17.0,4.0,13.0,-8.0,5.0,9.0,1.0,13.0,-13.0,-3.0,18.0
2024-05-10,CHOP_BUY,CHOP_TP,long,WINNER,64.0,19,39565.0,4.0,7.0,-1.0,4.0,8.0,8.0,11.0,-1.0,4.0,8.0,3.0,11.0,-1.0,-5.0,10.0,6.0,17.0,-1.0,3.0,13.0,-1.0,17.0,-4.0,-7.0,11.0
2024-05-10,CHOP_SELL,EXIT_FLAT,short,LOSER,-128.0,195,39603.0,-7.0,1.0,-10.0,-7.0,11.0,-10.0,1.0,-13.0,-3.0,8.0,-16.0,1.0,-16.0,-6.0,5.0,-12.0,1.0,-19.0,4.0,7.0,-8.0,1.0,-19.0,4.0,7.0
2024-05-10,CHOP_SELL,SESSION_EXIT,short,WINNER,76.0,8,39664.0,2.0,5.0,-2.0,2.0,7.0,-7.0,5.0,-11.0,-9.0,13.0,-2.0,5.0,-11.0,5.0,10.0,3.0,5.0,-11.0,5.0,7.0,-2.0,9.0,-11.0,-5.0,12.0
2024-05-13,CHOP_SELL,CHOP_TP,short,WINNER,58.0,18,39745.0,7.0,10.0,0.0,7.0,10.0,10.0,15.0,0.0,3.0,9.0,14.0,20.0,0.0,4.0,11.0,10.0,20.0,0.0,-4.0,11.0,20.0,21.0,0.0,10.0,12.0
2024-05-13,TREND_SHORT,CHOP_TP,short,WINNER,30.0,30,39690.0,-7.0,0.0,-11.0,-7.0,11.0,-14.0,0.0,-17.0,-7.0,9.0,-1.0,4.0,-17.0,13.0,16.0,-8.0,4.0,-17.0,-7.0,12.0,-2.0,4.0,-17.0,6.0,10.0
2024-05-13,CHOP_BUY,EXIT_FLAT,long,LOSER,-128.0,73,39678.0,-3.0,0.0,-10.0,-3.0,9.0,-12.0,0.0,-13.0,-9.0,11.0,-14.0,0.0,-17.0,-2.0,6.0,-27.0,0.0,-27.0,-13.0,14.0,-34.0,0.0,-43.0,-7.0,19.0
2024-05-13,CHOP_BUY,EXIT_FLAT,long,LOSER,-84.0,15,39621.0,-7.0,0.0,-7.0,-7.0,6.0,0.0,2.0,-7.0,7.0,9.0,0.0,2.0,-7.0,0.0,7.0,-4.0,2.0,-7.0,-4.0,7.0,-7.0,2.0,-7.0,-3.0,3.0
2024-05-13,CHOP_BUY,SESSION_EXIT,long,LOSER,-40.0,149,39575.0,-6.0,0.0,-12.0,-6.0,11.0,-6.0,0.0,-12.0,0.0,5.0,-13.0,0.0,-13.0,-7.0,11.0,-13.0,0.0,-16.0,0.0,4.0,-7.0,0.0,-16.0,6.0,9.0
2024-05-14,CHOP_BUY,PARTIAL_TP,long,WINNER,57.0,12,39610.0,6.0,8.0,-4.0,6.0,12.0,15.0,17.0,-4.0,9.0,13.0,7.0,17.0,-4.0,-8.0,15.0,10.0,17.0,-4.0,3.0,17.0,19.0,26.0,-4.0,9.0,15.0
2024-05-14,CHOP_BUY,EXIT_FLAT,long,LOSER,-78.0,81,39557.0,-11.0,1.0,-11.0,-11.0,12.0,-18.0,1.0,-18.0,-7.0,13.0,-13.0,1.0,-20.0,5.0,8.0,-16.0,1.0,-20.0,-3.0,4.0,-22.0,1.0,-23.0,-6.0,9.0
2024-05-14,TREND_SHORT,EXIT_FLAT,short,LOSER,-138.0,69,39507.0,-5.0,4.0,-6.0,-5.0,10.0,3.0,5.0,-8.0,8.0,13.0,7.0,8.0,-8.0,4.0,7.0,6.0,8.0,-8.0,-1.0,6.0,3.0,8.0,-8.0,-3.0,6.0
2024-05-14,TREND_LONG,PARTIAL_TP,long,WINNER,61.0,42,39670.0,22.0,25.0,-1.0,22.0,26.0,29.0,30.0,-1.0,7.0,9.0,24.0,31.0,-1.0,-5.0,10.0,8.0,31.0,-1.0,-16.0,23.0,2.0,31.0,-4.0,-6.0,16.0
2024-05-14,CHOP_BUY,SESSION_EXIT,long,LOSER,-58.0,3,39697.0,-6.0,4.0,-9.0,-6.0,13.0,-24.0,4.0,-27.0,-18.0,24.0,-29.0,4.0,-41.0,-5.0,18.0,-18.0,4.0,-41.0,11.0,13.0,-20.0,4.0,-41.0,-2.0,7.0
2024-05-15,TREND_SHORT,EXIT_FLAT,short,LOSER,-132.0,48,39815.0,-1.0,5.0,-7.0,-1.0,12.0,1.0,8.0,-14.0,2.0,22.0,1.0,14.0,-14.0,0.0,17.0,0.0,14.0,-14.0,-1.0,15.0,8.0,14.0,-14.0,8.0,14.0
2024-05-15,CHOP_SELL,EXIT_FLAT,short,LOSER,-106.0,18,39879.0,2.0,9.0,-1.0,2.0,10.0,5.0,9.0,-3.0,3.0,12.0,5.0,9.0,-3.0,0.0,7.0,7.0,9.0,-3.0,2.0,5.0,-2.0,9.0,-3.0,-9.0,9.0
2024-05-15,TREND_LONG,CHOP_TP,long,WINNER,30.0,13,39939.0,-8.0,0.0,-11.0,-8.0,11.0,-9.0,0.0,-15.0,-1.0,7.0,0.0,1.0,-15.0,9.0,10.0,3.0,7.0,-15.0,3.0,7.0,0.0,10.0,-15.0,-3.0,11.0
2024-05-15,CHOP_BUY,CHOP_TP,long,WINNER,90.0,99,39935.0,-5.0,2.0,-7.0,-5.0,9.0,-16.0,2.0,-18.0,-11.0,13.0,-25.0,2.0,-25.0,-9.0,11.0,-20.0,2.0,-28.0,5.0,8.0,-4.0,2.0,-28.0,16.0,16.0
2024-05-15,CHOP_SELL,EXIT_FLAT,short,LOSER,-66.0,138,39968.0,-3.0,3.0,-3.0,-3.0,6.0,-3.0,3.0,-3.0,0.0,5.0,1.0,3.0,-6.0,4.0,9.0,-1.0,8.0,-6.0,-2.0,9.0,-9.0,8.0,-13.0,-8.0,12.0
2024-05-15,TREND_LONG,SESSION_EXIT,long,WINNER,20.0,17,40012.0,2.0,5.0,-1.0,2.0,6.0,-4.0,5.0,-8.0,-6.0,11.0,8.0,9.0,-8.0,12.0,15.0,1.0,9.0,-8.0,-7.0,10.0,-1.0,9.0,-8.0,-2.0,7.0
2024-05-16,TREND_LONG,CHOP_TP,long,WINNER,62.0,18,40105.0,8.0,10.0,-3.0,8.0,13.0,4.0,10.0,-3.0,-4.0,8.0,9.0,16.0,-3.0,5.0,11.0,14.0,16.0,-3.0,5.0,11.0,13.0,19.0,-3.0,-1.0,8.0
2024-05-16,CHOP_BUY,PARTIAL_TP,long,WINNER,54.0,21,40127.0,-4.0,1.0,-6.0,-4.0,7.0,-3.0,1.0,-9.0,1.0,8.0,6.0,6.0,-9.0,9.0,10.0,11.0,14.0,-9.0,5.0,10.0,4.0,14.0,-9.0,-7.0,14.0
2024-05-16,TREND_SHORT,EXIT_FLAT,short,LOSER,-122.0,19,40014.0,-4.0,6.0,-9.0,-4.0,15.0,2.0,6.0,-9.0,6.0,10.0,-10.0,6.0,-12.0,-12.0,14.0,-14.0,6.0,-14.0,-4.0,7.0,-23.0,6.0,-26.0,-9.0,12.0
2024-05-16,CHOP_BUY,EXIT_FLAT,long,LOSER,-120.0,50,40103.0,-4.0,5.0,-5.0,-4.0,10.0,-6.0,5.0,-9.0,-2.0,6.0,0.0,5.0,-9.0,6.0,9.0,7.0,9.0,-9.0,7.0,9.0,7.0,12.0,-9.0,0.0,8.0
2024-05-16,TREND_SHORT,SESSION_EXIT,short,WINNER,12.0,1,40007.0,6.0,15.0,-17.0,6.0,32.0,13.0,15.0,-17.0,7.0,13.0,10.0,17.0,-17.0,-3.0,8.0,8.0,17.0,-17.0,-2.0,6.0,4.0,17.0,-17.0,-4.0,7.0
2024-05-17,CHOP_SELL,CHOP_TP,short,WINNER,30.0,20,40037.0,1.0,2.0,-6.0,1.0,8.0,-2.0,3.0,-6.0,-3.0,6.0,-10.0,3.0,-11.0,-8.0,9.0,-4.0,3.0,-13.0,6.0,13.0,-10.0,3.0,-13.0,-6.0,9.0
2024-05-17,CHOP_SELL,EXIT_FLAT,short,LOSER,-66.0,56,40038.0,-2.0,1.0,-2.0,-2.0,3.0,1.0,3.0,-3.0,3.0,6.0,6.0,10.0,-3.0,5.0,10.0,2.0,10.0,-3.0,-4.0,5.0,2.0,10.0,-3.0,0.0,5.0
2024-05-17,TREND_LONG,EXIT_FLAT,long,LOSER,-128.0,73,40074.0,3.0,4.0,-1.0,3.0,5.0,1.0,4.0,-1.0,-2.0,5.0,-13.0,4.0,-15.0,-14.0,16.0,-9.0,4.0,-15.0,4.0,9.0,-9.0,4.0,-15.0,0.0,4.0
2024-05-17,CHOP_SELL,EXIT_FLAT,short,LOSER,-122.0,31,40029.0,-1.0,3.0,-4.0,-1.0,7.0,-5.0,3.0,-6.0,-4.0,7.0,-15.0,3.0,-17.0,-10.0,14.0,-13.0,3.0,-18.0,2.0,6.0,-12.0,3.0,-20.0,1.0,8.0
2024-05-17,TREND_LONG,SESSION_EXIT,long,WINNER,20.0,35,40109.0,-4.0,4.0,-6.0,-4.0,10.0,0.0,4.0,-7.0,4.0,7.0,-7.0,4.0,-9.0,-7.0,10.0,3.0,4.0,-11.0,10.0,15.0,4.0,11.0,-11.0,1.0,10.0
2024-05-20,TREND_LONG,CHOP_TP,long,WINNER,86.0,31,40149.0,-1.0,3.0,-3.0,-1.0,6.0,0.0,4.0,-3.0,1.0,7.0,-3.0,7.0,-5.0,-3.0,12.0,7.0,9.0,-5.0,10.0,13.0,13.0,16.0,-5.0,6.0,13.0
2024-05-20,CHOP_BUY,CHOP_TP,long,WINNER,24.0,1,40176.0,12.0,14.0,-4.0,12.0,18.0,11.0,14.0,-4.0,-1.0,6.0,14.0,16.0,-4.0,3.0,6.0,2.0,16.0,-4.0,-12.0,12.0,6.0,16.0,-4.0,4.0,7.0
2024-05-20,CHOP_BUY,EXIT_FLAT,long,LOSER,-120.0,91,40175.0,3.0,6.0,-2.0,3.0,8.0,4.0,10.0,-2.0,1.0,7.0,-2.0,10.0,-6.0,-6.0,11.0,-6.0,10.0,-6.0,-4.0,6.0,-1.0,10.0,-6.0,5.0,6.0
2024-05-20,CHOP_BUY,EXIT_FLAT,long,LOSER,-136.0,46,40119.0,2.0,5.0,-1.0,2.0,6.0,8.0,10.0,-1.0,6.0,8.0,2.0,10.0,-1.0,-6.0,7.0,-5.0,10.0,-10.0,-7.0,15.0,-3.0,10.0,-10.0,2.0,4.0
2024-05-20,TREND_SHORT,PARTIAL_TP,short,WINNER,52.0,35,40032.0,-7.0,4.0,-12.0,-7.0,16.0,-10.0,4.0,-14.0,-3.0,8.0,-7.0,5.0,-14.0,3.0,15.0,-3.0,5.0,-14.0,4.0,10.0,-4.0,5.0,-14.0,-1.0,6.0
2024-05-20,CHOP_BUY,SESSION_EXIT,long,WINNER,30.0,29,39952.0,-2.0,1.0,-9.0,-2.0,10.0,-5.0,1.0,-9.0,-3.0,7.0,-5.0,1.0,-13.0,0.0,8.0,-6.0,1.0,-18.0,-1.0,15.0,-6.0,1.0,-18.0,0.0,5.0
2024-05-21,TREND_LONG,EXIT_FLAT,long,LOSER,-122.0,123,39995.0,-3.0,5.0,-4.0,-3.0,9.0,-4.0,5.0,-8.0,-1.0,5.0,-5.0,5.0,-10.0,-1.0,7.0,-8.0,5.0,-10.0,-3.0,8.0,-5.0,5.0,-10.0,3.0,9.0
2024-05-21,CHOP_BUY,CHOP_TP,long,WINNER,38.0,110,39948.0,-5.0,4.0,-7.0,-5.0,11.0,1.0,4.0,-7.0,6.0,7.0,-2.0,4.0,-7.0,-3.0,5.0,5.0,6.0,-7.0,7.0,11.0,11.0,12.0,-7.0,6.0,8.0
2024-05-21,CHOP_BUY,CHOP_TP,long,WINNER,34.0,62,39965.0,4.0,4.0,-1.0,4.0,5.0,1.0,4.0,-2.0,-3.0,6.0,0.0,4.0,-2.0,-1.0,4.0,-1.0,4.0,-6.0,-1.0,5.0,2.0,4.0,-6.0,3.0,5.0
2024-05-21,CHOP_SELL,SESSION_EXIT,short,WINNER,28.0,8,40006.0,-3.0,4.0,-4.0,-3.0,8.0,-8.0,4.0,-11.0,-5.0,12.0,-9.0,4.0,-12.0,-1.0,8.0,-2.0,4.0,-12.0,7.0,10.0,-13.0,4.0,-13.0,-11.0,16.0
2024-05-22,CHOP_SELL,PARTIAL_TP,short,WINNER,53.0,35,39984.0,4.0,6.0,0.0,4.0,6.0,0.0,6.0,0.0,-4.0,6.0,8.0,8.0,0.0,8.0,8.0,8.0,11.0,0.0,0.0,9.0,7.0,12.0,0.0,-1.0,11.0
2024-05-22,TREND_SHORT,EXIT_FLAT,short,LOSER,-128.0,43,39897.0,-8.0,2.0,-12.0,-8.0,14.0,-9.0,2.0,-12.0,-1.0,6.0,-11.0,2.0,-12.0,-2.0,7.0,-9.0,2.0,-13.0,2.0,8.0,-11.0,2.0,-13.0,-2.0,6.0
2024-05-22,CHOP_BUY,EXIT_FLAT,long,LOSER,-140.0,40,39963.0,0.0,4.0,0.0,0.0,4.0,-1.0,4.0,-4.0,-1.0,5.0,-8.0,4.0,-8.0,-7.0,12.0,1.0,4.0,-9.0,9.0,12.0,2.0,4.0,-9.0,1.0,6.0
2024-05-22,TREND_SHORT,PARTIAL_TP,short,WINNER,76.0,25,39866.0,-1.0,8.0,-10.0,-1.0,18.0,3.0,8.0,-10.0,4.0,15.0,8.0,19.0,-10.0,5.0,17.0,0.0,21.0,-10.0,-8.0,23.0,10.0,21.0,-10.0,10.0,14.0
2024-05-22,TREND_SHORT,PARTIAL_TP,short,WINNER,54.0,16,39731.0,-18.0,17.0,-22.0,-18.0,39.0,-16.0,17.0,-25.0,2.0,16.0,-16.0,17.0,-25.0,0.0,11.0,-19.0,17.0,-25.0,-3.0,12.0,0.0,17.0,-25.0,19.0,23.0
2024-05-22,CHOP_BUY,PARTIAL_TP,long,WINNER,67.0,33,39729.0,6.0,11.0,-6.0,6.0,17.0,15.0,22.0,-6.0,9.0,16.0,25.0,26.0,-6.0,10.0,17.0,21.0,26.0,-6.0,-4.0,7.0,25.0,28.0,-6.0,4.0,8.0
2024-05-23,CHOP_SELL,PARTIAL_TP,short,WINNER,56.0,20,39552.0,-3.0,3.0,-9.0,-3.0,12.0,19.0,24.0,-9.0,22.0,30.0,15.0,29.0,-9.0,-4.0,15.0,12.0,29.0,-9.0,-3.0,13.0,-15.0,29.0,-20.0,-27.0,36.0
2024-05-23,TREND_SHORT,PARTIAL_TP,short,WINNER,76.0,17,39354.0,0.0,12.0,-2.0,0.0,14.0,3.0,12.0,-4.0,3.0,11.0,3.0,19.0,-4.0,0.0,20.0,-13.0,19.0,-19.0,-16.0,26.0,-2.0,19.0,-19.0,11.0,12.0
2024-05-23,CHOP_BUY,SESSION_EXIT,long,WINNER,14.0,37,39139.0,7.0,11.0,-2.0,7.0,13.0,1.0,15.0,-3.0,-6.0,18.0,3.0,15.0,-3.0,2.0,8.0,8.0,15.0,-4.0,5.0,16.0,10.0,15.0,-4.0,2.0,14.0
2024-05-24,TREND_SHORT,EXIT_FLAT,short,LOSER,-162.0,73,39184.0,-5.0,16.0,-5.0,-5.0,21.0,6.0,16.0,-5.0,11.0,13.0,5.0,16.0,-5.0,-1.0,13.0,12.0,18.0,-5.0,7.0,14.0,10.0,18.0,-5.0,-2.0,10.0
2024-05-24,TREND_LONG,EXIT_FLAT,long,LOSER,-130.0,30,39287.0,3.0,7.0,-6.0,3.0,13.0,1.0,9.0,-6.0,-2.0,10.0,1.0,9.0,-6.0,0.0,8.0,13.0,15.0,-6.0,12.0,16.0,22.0,24.0,-6.0,9.0,12.0
2024-05-24,CHOP_BUY,CHOP_TP,long,WINNER,98.0,41,39232.0,-7.0,4.0,-11.0,-7.0,15.0,-7.0,4.0,-13.0,0.0,8.0,-7.0,4.0,-13.0,0.0,8.0,1.0,4.0,-13.0,8.0,12.0,4.0,7.0,-13.0,3.0,7.0
2024-05-24,CHOP_BUY,EXIT_FLAT,long,LOSER,-122.0,106,39244.0,-1.0,1.0,-4.0,-1.0,5.0,-6.0,1.0,-8.0,-5.0,6.0,-11.0,1.0,-11.0,-5.0,10.0,-2.0,3.0,-13.0,9.0,16.0,-3.0,3.0,-13.0,-1.0,6.0
2024-05-24,CHOP_BUY,SESSION_EXIT,long,WINNER,32.0,39,39144.0,-3.0,3.0,-8.0,-3.0,11.0,4.0,4.0,-8.0,7.0,9.0,-1.0,4.0,-8.0,-5.0,5.0,5.0,7.0,-8.0,6.0,8.0,6.0,8.0,-8.0,1.0,4.0
2024-05-27,TREND_SHORT,EXIT_FLAT,short,LOSER,-102.0,61,39109.0,-7.0,4.0,-8.0,-7.0,12.0,-3.0,4.0,-9.0,4.0,9.0,-4.0,4.0,-9.0,-1.0,4.0,-6.0,4.0,-9.0,-2.0,2.0,-6.0,4.0,-9.0,0.0,2.0
2024-05-27,TREND_LONG,CHOP_TP,long,WINNER,42.0,102,39171.0,-3.0,2.0,-3.0,-3.0,5.0,-2.0,3.0,-3.0,1.0,6.0,-6.0,3.0,-6.0,-4.0,5.0,-3.0,3.0,-9.0,3.0,7.0,-3.0,3.0,-9.0,0.0,2.0
2024-05-28,CHOP_SELL,PARTIAL_TP,short,WINNER,54.0,172,39003.0,9.0,15.0,-3.0,9.0,18.0,-4.0,15.0,-10.0,-13.0,19.0,-5.0,15.0,-10.0,-1.0,10.0,-12.0,15.0,-15.0,-7.0,12.0,-7.0,15.0,-15.0,5.0,15.0
2024-05-28,TREND_SHORT,PARTIAL_TP,short,WINNER,50.0,43,38888.0,-8.0,1.0,-11.0,-8.0,12.0,1.0,2.0,-11.0,9.0,10.0,4.0,7.0,-11.0,3.0,12.0,22.0,24.0,-11.0,18.0,24.0,19.0,31.0,-11.0,-3.0,15.0
2024-05-28,CHOP_BUY,PARTIAL_TP,long,WINNER,52.0,18,38818.0,4.0,5.0,-5.0,4.0,10.0,7.0,11.0,-5.0,3.0,11.0,7.0,11.0,-5.0,0.0,6.0,17.0,32.0,-5.0,10.0,25.0,24.0,32.0,-5.0,7.0,12.0
2024-05-29,TREND_LONG,EXIT_FLAT,long,LOSER,-120.0,46,38635.0,-7.0,0.0,-13.0,-7.0,12.0,-1.0,0.0,-18.0,6.0,17.0,6.0,7.0,-18.0,7.0,11.0,-4.0,8.0,-18.0,-10.0,13.0,-39.0,8.0,-41.0,-35.0,37.0
2024-05-29,CHOP_SELL,PARTIAL_TP,short,WINNER,56.0,16,38598.0,13.0,20.0,0.0,13.0,20.0,15.0,20.0,0.0,2.0,10.0,15.0,20.0,0.0,0.0,7.0,12.0,20.0,0.0,-3.0,7.0,19.0,29.0,0.0,7.0,17.0
2024-05-29,CHOP_SELL,EXIT_FLAT,short,LOSER,-124.0,27,38535.0,-10.0,1.0,-10.0,-10.0,11.0,-11.0,1.0,-15.0,-1.0,9.0,-8.0,1.0,-15.0,3.0,6.0,-13.0,1.0,-18.0,-5.0,11.0,-12.0,1.0,-18.0,1.0,6.0
2024-05-30,CHOP_BUY,EXIT_FLAT,long,LOSER,-124.0,20,38183.0,4.0,10.0,-7.0,4.0,17.0,-2.0,10.0,-13.0,-6.0,18.0,-4.0,10.0,-13.0,-2.0,9.0,-2.0,10.0,-13.0,2.0,7.0,1.0,10.0,-13.0,3.0,9.0
2024-05-30,CHOP_BUY,CHOP_TP,long,WINNER,40.0,21,38205.0,5.0,5.0,-4.0,5.0,9.0,4.0,7.0,-4.0,-1.0,6.0,1.0,7.0,-4.0,-3.0,7.0,-12.0,7.0,-13.0,-13.0,12.0,-14.0,7.0,-15.0,-2.0,10.0
2024-05-30,TREND_LONG,EXIT_FLAT,long,LOSER,-128.0,97,38289.0,3.0,3.0,-4.0,3.0,7.0,7.0,23.0,-4.0,4.0,21.0,5.0,23.0,-4.0,-2.0,12.0,-1.0,23.0,-4.0,-6.0,11.0,-11.0,23.0,-12.0,-10.0,11.0
2024-05-30,CHOP_BUY,EXIT_FLAT,long,LOSER,-120.0,24,38244.0,-5.0,5.0,-8.0,-5.0,13.0,2.0,5.0,-10.0,7.0,14.0,-4.0,5.0,-10.0,-6.0,10.0,-28.0,5.0,-35.0,-24.0,33.0,-20.0,5.0,-36.0,8.0,17.0
2024-05-31,TREND_SHORT,CHOP_TP,short,WINNER,50.0,55,38240.0,-4.0,9.0,-5.0,-4.0,14.0,-5.0,9.0,-12.0,-1.0,11.0,1.0,9.0,-12.0,6.0,16.0,5.0,9.0,-12.0,4.0,13.0,1.0,9.0,-12.0,-4.0,9.0
2024-05-31,CHOP_BUY,CHOP_TP,long,WINNER,70.0,66,38250.0,11.0,12.0,0.0,11.0,12.0,13.0,16.0,0.0,2.0,13.0,12.0,18.0,0.0,-1.0,8.0,16.0,20.0,0.0,4.0,8.0,13.0,21.0,0.0,-3.0,8.0
2024-05-31,CHOP_SELL,EXIT_FLAT,short,LOSER,-132.0,15,38280.0,-14.0,0.0,-14.0,-14.0,14.0,-17.0,0.0,-19.0,-3.0,10.0,-20.0,0.0,-24.0,-3.0,6.0,-27.0,0.0,-29.0,-7.0,10.0,-28.0,0.0,-29.0,-1.0,5.0
2024-05-31,TREND_LONG,PARTIAL_TP,long,WINNER,53.0,38,38375.0,-2.0,7.0,-3.0,-2.0,10.0,14.0,16.0,-3.0,16.0,18.0,3.0,16.0,-3.0,-11.0,14.0,9.0,16.0,-3.0,6.0,13.0,7.0,16.0,-3.0,-2.0,9.0
2024-05-31,TREND_LONG,PARTIAL_TP,long,WINNER,55.0,18,38499.0,-6.0,3.0,-10.0,-6.0,13.0,-12.0,3.0,-14.0,-6.0,12.0,-30.0,3.0,-31.0,-18.0,18.0,-18.0,3.0,-41.0,12.0,24.0,-32.0,3.0,-47.0,-14.0,29.0
2024-06-03,TREND_SHORT,PARTIAL_TP,short,WINNER,52.0,46,38718.0,-12.0,5.0,-13.0,-12.0,18.0,2.0,5.0,-24.0,14.0,26.0,8.0,19.0,-24.0,6.0,17.0,21.0,22.0,-24.0,13.0,15.0,38.0,40.0,-24.0,17.0,21.0
2024-06-03,CHOP_BUY,EXIT_FLAT,long,LOSER,-76.0,16,38575.0,-17.0,1.0,-17.0,-17.0,18.0,-26.0,1.0,-27.0,-9.0,17.0,-13.0,1.0,-27.0,13.0,17.0,-8.0,1.0,-27.0,5.0,11.0,-10.0,1.0,-27.0,-2.0,11.0
2024-06-03,TREND_SHORT,PARTIAL_TP,short,WINNER,51.0,34,38511.0,12.0,14.0,-3.0,12.0,17.0,7.0,32.0,-3.0,-5.0,27.0,8.0,32.0,-4.0,1.0,17.0,-8.0,32.0,-14.0,-16.0,24.0,-5.0,32.0,-14.0,3.0,8.0
2024-06-03,CHOP_BUY,PARTIAL_TP,long,WINNER,52.0,25,38352.0,19.0,20.0,-12.0,19.0,32.0,31.0,38.0,-12.0,12.0,23.0,39.0,40.0,-12.0,8.0,12.0,45.0,47.0,-12.0,6.0,15.0,40.0,47.0,-12.0,-5.0,10.0
2024-06-04,TREND_LONG,PARTIAL_TP,long,WINNER,56.0,32,38708.0,24.0,32.0,-9.0,24.0,41.0,-5.0,32.0,-9.0,-29.0,35.0,8.0,32.0,-9.0,13.0,21.0,-13.0,32.0,-23.0,-21.0,36.0,-31.0,32.0,-42.0,-18.0,30.0
2024-06-04,CHOP_SELL,CHOP_TP,short,WINNER,38.0,39,38620.0,5.0,6.0,-2.0,5.0,8.0,-7.0,6.0,-13.0,-12.0,19.0,-15.0,6.0,-15.0,-8.0,15.0,-22.0,6.0,-24.0,-7.0,10.0,-31.0,6.0,-33.0,-9.0,9.0
2024-06-04,TREND_LONG,PARTIAL_TP,long,WINNER,57.0,8,38778.0,-7.0,7.0,-11.0,-7.0,18.0,-8.0,7.0,-16.0,-1.0,10.0,9.0,18.0,-16.0,17.0,26.0,16.0,33.0,-16.0,7.0,24.0,34.0,45.0,-16.0,18.0,31.0
2024-06-04,CHOP_SELL,EXIT_FLAT,short,LOSER,-122.0,25,38743.0,14.0,16.0,-1.0,14.0,17.0,-7.0,17.0,-8.0,-21.0,25.0,2.0,17.0,-8.0,9.0,12.0,9.0,17.0,-8.0,7.0,11.0,20.0,26.0,-8.0,11.0,22.0
2024-06-05,TREND_SHORT,PARTIAL_TP,short,WINNER,52.0,6,38715.0,1.0,21.0,-9.0,1.0,30.0,24.0,25.0,-9.0,23.0,34.0,32.0,43.0,-9.0,8.0,36.0,6.0,43.0,-9.0,-26.0,32.0,38.0,44.0,-9.0,32.0,43.0
2024-06-05,CHOP_BUY,CHOP_TP,long,WINNER,86.0,16,38810.0,9.0,9.0,0.0,9.0,8.0,12.0,13.0,0.0,3.0,7.0,24.0,27.0,0.0,12.0,16.0,31.0,32.0,0.0,7.0,9.0,26.0,32.0,0.0,-5.0,11.0
2024-06-05,CHOP_BUY,PARTIAL_TP,long,WINNER,55.0,76,38831.0,-10.0,2.0,-14.0,-10.0,16.0,-8.0,2.0,-14.0,2.0,11.0,-6.0,2.0,-14.0,2.0,6.0,-4.0,2.0,-14.0,2.0,5.0,-6.0,2.0,-14.0,-2.0,6.0
2024-06-05,CHOP_BUY,EXIT_FLAT,long,LOSER,-134.0,46,38911.0,10.0,10.0,-8.0,10.0,18.0,14.0,16.0,-8.0,4.0,9.0,20.0,25.0,-8.0,6.0,11.0,4.0,25.0,-8.0,-16.0,17.0,1.0,25.0,-8.0,-3.0,9.0
2024-06-06,TREND_LONG,EXIT_FLAT,long,LOSER,-126.0,32,39059.0,17.0,25.0,-3.0,17.0,28.0,19.0,31.0,-3.0,2.0,24.0,24.0,31.0,-3.0,5.0,15.0,-6.0,33.0,-13.0,-30.0,46.0,15.0,33.0,-13.0,21.0,26.0
2024-06-06,CHOP_SELL,CHOP_TP,short,WINNER,26.0,10,38929.0,8.0,9.0,-3.0,8.0,12.0,-8.0,10.0,-8.0,-16.0,18.0,-10.0,10.0,-13.0,-2.0,8.0,-5.0,10.0,-13.0,5.0,8.0,-4.0,10.0,-13.0,1.0,12.0
2024-06-06,CHOP_SELL,CHOP_TP,short,WINNER,34.0,54,38929.0,-1.0,2.0,-4.0,-1.0,6.0,2.0,4.0,-5.0,3.0,9.0,-1.0,9.0,-5.0,-3.0,10.0,6.0,9.0,-5.0,7.0,9.0,20.0,20.0,-5.0,14.0,14.0
2024-06-06,CHOP_SELL,PARTIAL_TP,short,WINNER,71.0,63,38898.0,-10.0,3.0,-10.0,-10.0,13.0,2.0,3.0,-10.0,12.0,13.0,4.0,9.0,-10.0,2.0,9.0,8.0,9.0,-10.0,4.0,7.0,4.0,11.0,-10.0,-4.0,7.0
2024-06-06,CHOP_BUY,SESSION_EXIT,long,LOSER,-40.0,58,38968.0,-7.0,0.0,-8.0,-7.0,8.0,-6.0,0.0,-8.0,1.0,5.0,13.0,16.0,-8.0,19.0,24.0,6.0,17.0,-8.0,-7.0,12.0,4.0,17.0,-8.0,-2.0,13.0
2024-06-07,TREND_LONG,PARTIAL_TP,long,WINNER,52.0,14,38935.0,-21.0,1.0,-27.0,-21.0,28.0,-10.0,1.0,-27.0,11.0,24.0,-3.0,5.0,-27.0,7.0,19.0,-6.0,5.0,-27.0,-3.0,14.0,-12.0,5.0,-27.0,-6.0,14.0
2024-06-07,CHOP_BUY,PARTIAL_TP,long,WINNER,52.0,85,39014.0,4.0,8.0,-2.0,4.0,10.0,-7.0,8.0,-8.0,-11.0,14.0,-20.0,8.0,-21.0,-13.0,13.0,-23.0,8.0,-25.0,-3.0,11.0,-19.0,8.0,-28.0,4.0,12.0
2024-06-10,TREND_LONG,EXIT_FLAT,long,LOSER,-122.0,47,38859.0,10.0,12.0,-9.0,10.0,21.0,16.0,24.0,-9.0,6.0,20.0,8.0,24.0,-9.0,-8.0,25.0,-15.0,24.0,-16.0,-23.0,26.0,-13.0,24.0,-23.0,2.0,15.0
2024-06-10,CHOP_BUY,CHOP_TP,long,WINNER,54.0,86,38807.0,-3.0,4.0,-5.0,-3.0,9.0,-2.0,4.0,-13.0,1.0,14.0,-10.0,4.0,-13.0,-8.0,12.0,-20.0,4.0,-21.0,-10.0,16.0,-22.0,4.0,-22.0,-2.0,5.0
2024-06-10,CHOP_SELL,EXIT_FLAT,short,LOSER,-142.0,88,38839.0,6.0,9.0,-1.0,6.0,10.0,6.0,15.0,-1.0,0.0,9.0,12.0,15.0,-1.0,6.0,8.0,14.0,17.0,-1.0,2.0,7.0,23.0,27.0,-1.0,9.0,16.0
2024-06-10,TREND_LONG,SESSION_EXIT,long,LOSER,0.0,131,38917.0,-11.0,9.0,-12.0,-11.0,21.0,-17.0,9.0,-20.0,-6.0,12.0,-14.0,9.0,-22.0,3.0,8.0,-6.0,9.0,-22.0,8.0,9.0,-9.0,9.0,-22.0,-3.0,5.0
2024-06-11,TREND_LONG,SESSION_EXIT,long,WINNER,6.0,91,38778.0,3.0,7.0,-3.0,3.0,10.0,16.0,16.0,-3.0,13.0,13.0,19.0,20.0,-3.0,3.0,6.0,13.0,31.0,-3.0,-6.0,19.0,4.0,31.0,-3.0,-9.0,15.0
2024-06-12,TREND_SHORT,PARTIAL_TP,short,WINNER,59.0,6,39046.0,-9.0,3.0,-15.0,-9.0,18.0,-7.0,3.0,-15.0,2.0,13.0,22.0,22.0,-15.0,29.0,29.0,18.0,25.0,-15.0,-4.0,15.0,37.0,37.0,-15.0,19.0,23.0
2024-06-12,TREND_SHORT,PARTIAL_TP,short,WINNER,54.0,14,38950.0,-6.0,9.0,-9.0,-6.0,18.0,1.0,10.0,-9.0,7.0,16.0,8.0,13.0,-9.0,7.0,18.0,30.0,38.0,-9.0,22.0,35.0,18.0,38.0,-9.0,-12.0,20.0
2024-06-12,CHOP_BUY,EXIT_FLAT,long,LOSER,-60.0,21,38881.0,-6.0,2.0,-6.0,-6.0,8.0,1.0,7.0,-10.0,7.0,17.0,-2.0,9.0,-10.0,-3.0,14.0,4.0,9.0,-10.0,6.0,15.0,6.0,9.0,-10.0,2.0,7.0
2024-06-12,TREND_SHORT,PARTIAL_TP,short,WINNER,55.0,87,38826.0,-12.0,2.0,-12.0,-12.0,14.0,-9.0,2.0,-14.0,3.0,12.0,-16.0,2.0,-16.0,-7.0,10.0,-16.0,2.0,-20.0,0.0,12.0,-11.0,2.0,-20.0,5.0,11.0
2024-06-12,CHOP_BUY,PARTIAL_TP,long,WINNER,64.0,8,38727.0,16.0,20.0,-6.0,16.0,26.0,10.0,30.0,-6.0,-6.0,25.0,-4.0,30.0,-13.0,-14.0,31.0,37.0,38.0,-13.0,41.0,42.0,47.0,56.0,-13.0,10.0,20.0
2024-06-13,TREND_SHORT,PARTIAL_TP,short,WINNER,63.0,36,38506.0,-3.0,2.0,-13.0,-3.0,15.0,-1.0,13.0,-13.0,2.0,16.0,-9.0,13.0,-15.0,-8.0,17.0,0.0,13.0,-15.0,9.0,20.0,16.0,18.0,-15.0,16.0,20.0
2024-06-13,CHOP_SELL,EXIT_FLAT,short,LOSER,-120.0,25,38560.0,-6.0,2.0,-15.0,-6.0,17.0,-6.0,3.0,-18.0,0.0,21.0,-12.0,3.0,-18.0,-6.0,13.0,-12.0,3.0,-27.0,0.0,17.0,-17.0,3.0,-27.0,-5.0,8.0
2024-06-13,CHOP_SELL,EXIT_FLAT,short,LOSER,-96.0,45,38653.0,-4.0,6.0,-5.0,-4.0,11.0,14.0,15.0,-5.0,18.0,19.0,8.0,20.0,-5.0,-6.0,12.0,-1.0,20.0,-5.0,-9.0,8.0,-1.0,20.0,-5.0,0.0,8.0
2024-06-13,CHOP_SELL,SESSION_EXIT,short,WINNER,42.0,10,38689.0,-3.0,4.0,-15.0,-3.0,19.0,-13.0,4.0,-15.0,-10.0,11.0,-8.0,4.0,-15.0,5.0,11.0,-11.0,4.0,-16.0,-3.0,15.0,-5.0,4.0,-16.0,6.0,17.0
2024-06-14,TREND_SHORT,PARTIAL_TP,short,WINNER,50.0,14,38415.0,-4.0,16.0,-7.0,-4.0,23.0,-18.0,16.0,-25.0,-14.0,21.0,-20.0,16.0,-30.0,-2.0,17.0,-24.0,16.0,-30.0,-4.0,12.0,-30.0,16.0,-30.0,-6.0,11.0
2024-06-14,TREND_LONG,PARTIAL_TP,long,WINNER,54.0,80,38555.0,15.0,20.0,-8.0,15.0,28.0,16.0,23.0,-8.0,1.0,10.0,10.0,23.0,-8.0,-6.0,10.0,4.0,23.0,-8.0,-6.0,14.0,17.0,23.0,-8.0,13.0,16.0
2024-06-14,CHOP_SELL,EXIT_FLAT,short,LOSER,-120.0,73,38547.0,-13.0,0.0,-13.0,-13.0,12.0,-12.0,0.0,-18.0,1.0,11.0,-18.0,0.0,-21.0,-6.0,6.0,-26.0,0.0,-26.0,-8.0,9.0,-29.0,0.0,-31.0,-3.0,12.0
2024-06-17,TREND_LONG,EARLY_HARD_STOP,long,LOSER,-80.0,3,38576.0,1.0,8.0,-20.0,1.0,28.0,-7.0,8.0,-20.0,-8.0,20.0,-40.0,8.0,-40.0,-33.0,32.0,-48.0,8.0,-56.0,-8.0,20.0,-44.0,8.0,-56.0,4.0,12.0
2024-06-17,TREND_LONG,PARTIAL_TP,long,WINNER,55.0,16,38587.0,3.0,7.0,-2.0,3.0,9.0,6.0,7.0,-2.0,3.0,8.0,12.0,18.0,-2.0,6.0,13.0,9.0,18.0,-2.0,-3.0,8.0,29.0,32.0,-2.0,20.0,20.0
2024-06-17,TREND_LONG,PARTIAL_TP,long,WINNER,53.0,7,38695.0,13.0,16.0,0.0,13.0,15.0,4.0,17.0,0.0,-9.0,13.0,20.0,24.0,0.0,16.0,16.0,41.0,43.0,0.0,21.0,22.0,32.0,52.0,0.0,-9.0,22.0
2024-06-17,TREND_LONG,PARTIAL_TP,long,WINNER,61.0,15,38794.0,-3.0,4.0,-6.0,-3.0,10.0,-10.0,4.0,-11.0,-7.0,14.0,-12.0,4.0,-19.0,-2.0,8.0,-8.0,4.0,-19.0,4.0,10.0,-10.0,4.0,-19.0,-2.0,6.0
2024-06-17,TREND_LONG,EXIT_FLAT,long,LOSER,-122.0,20,38870.0,-19.0,0.0,-22.0,-19.0,22.0,-22.0,0.0,-24.0,-3.0,11.0,-10.0,0.0,-24.0,12.0,14.0,-2.0,0.0,-24.0,8.0,9.0,-6.0,0.0,-24.0,-4.0,7.0
2024-06-17,CHOP_BUY,CHOP_TP,long,WINNER,90.0,22,38802.0,8.0,8.0,0.0,8.0,7.0,5.0,8.0,0.0,-3.0,3.0,12.0,12.0,0.0,7.0,11.0,19.0,19.0,0.0,7.0,9.0,28.0,29.0,0.0,9.0,9.0
2024-06-17,TREND_LONG,EARLY_HARD_STOP,long,LOSER,-84.0,5,38877.0,-12.0,7.0,-13.0,-12.0,20.0,-21.0,7.0,-24.0,-9.0,10.0,-31.0,7.0,-31.0,-10.0,12.0,-34.0,7.0,-37.0,-3.0,9.0,-42.0,7.0,-43.0,-8.0,9.0
2024-06-18,TREND_SHORT,CHOP_TP,short,WINNER,32.0,41,38787.0,-19.0,2.0,-20.0,-19.0,22.0,-24.0,2.0,-24.0,-5.0,12.0,-18.0,2.0,-27.0,6.0,11.0,-24.0,2.0,-27.0,-6.0,8.0,-17.0,2.0,-39.0,7.0,27.0
2024-06-18,CHOP_BUY,PARTIAL_TP,long,WINNER,54.0,44,38794.0,-9.0,1.0,-13.0,-9.0,14.0,-21.0,1.0,-23.0,-12.0,14.0,-12.0,1.0,-23.0,9.0,11.0,-25.0,1.0,-26.0,-13.0,14.0,-11.0,1.0,-26.0,14.0,14.0
2024-06-18,CHOP_BUY,SESSION_EXIT,long,WINNER,48.0,60,38824.0,-8.0,0.0,-8.0,-8.0,7.0,-13.0,0.0,-13.0,-5.0,6.0,-28.0,0.0,-28.0,-15.0,15.0,-25.0,0.0,-28.0,3.0,6.0,-22.0,0.0,-32.0,3.0,10.0
2024-06-19,TREND_SHORT,CHOP_TP,short,WINNER,34.0,62,38819.0,-3.0,0.0,-4.0,-3.0,4.0,-3.0,0.0,-4.0,0.0,0.0,-2.0,0.0,-4.0,1.0,0.0,-2.0,0.0,-4.0,0.0,0.0,-7.0,0.0,-7.0,-5.0,5.0
2024-06-20,TREND_LONG,EARLY_HARD_STOP,long,LOSER,-96.0,5,39000.0,-15.0,0.0,-18.0,-15.0,18.0,-25.0,0.0,-30.0,-10.0,19.0,-26.0,0.0,-40.0,-1.0,14.0,-38.0,0.0,-50.0,-12.0,21.0,-48.0,0.0,-52.0,-10.0,16.0
2024-06-20,CHOP_BUY,CHOP_TP,long,WINNER,76.0,6,38945.0,-2.0,2.0,-14.0,-2.0,16.0,10.0,14.0,-14.0,12.0,17.0,32.0,32.0,-14.0,22.0,31.0,35.0,41.0,-14.0,3.0,13.0,34.0,41.0,-14.0,-1.0,9.0
2024-06-20,TREND_LONG,EXIT_FLAT,long,LOSER,-138.0,18,39018.0,-1.0,1.0,-10.0,-1.0,11.0,-4.0,1.0,-13.0,-3.0,13.0,15.0,17.0,-13.0,19.0,25.0,-5.0,17.0,-13.0,-20.0,21.0,-18.0,17.0,-18.0,-13.0,17.0
2024-06-20,TREND_LONG,PARTIAL_TP,long,WINNER,70.0,46,39037.0,3.0,3.0,-7.0,3.0,10.0,-6.0,3.0,-9.0,-9.0,10.0,-15.0,3.0,-15.0,-9.0,6.0,-20.0,3.0,-20.0,-5.0,10.0,-21.0,3.0,-25.0,-1.0,8.0
2024-06-20,TREND_LONG,EXIT_FLAT,long,LOSER,-126.0,66,39208.0,1.0,5.0,-1.0,1.0,6.0,6.0,12.0,-1.0,5.0,9.0,-8.0,12.0,-16.0,-14.0,21.0,13.0,13.0,-16.0,21.0,20.0,19.0,19.0,-16.0,6.0,16.0
2024-06-24,TREND_LONG,PARTIAL_TP,long,WINNER,52.0,12,39841.0,7.0,9.0,-20.0,7.0,29.0,15.0,16.0,-20.0,8.0,21.0,13.0,23.0,-20.0,-2.0,14.0,17.0,23.0,-20.0,4.0,18.0,4.0,26.0,-20.0,-13.0,35.0
2024-06-24,TREND_LONG,PARTIAL_TP,long,WINNER,60.0,18,39910.0,4.0,6.0,-4.0,4.0,10.0,11.0,16.0,-4.0,7.0,16.0,15.0,19.0,-4.0,4.0,10.0,3.0,19.0,-4.0,-12.0,19.0,-1.0,19.0,-9.0,-4.0,14.0
2024-06-24,CHOP_SELL,EXIT_FLAT,short,LOSER,-122.0,54,39814.0,-22.0,0.0,-24.0,-22.0,23.0,-16.0,0.0,-30.0,6.0,16.0,-20.0,0.0,-30.0,-4.0,18.0,-23.0,0.0,-30.0,-3.0,18.0,-32.0,0.0,-33.0,-9.0,14.0
2024-06-25,TREND_SHORT,PARTIAL_TP,short,WINNER,66.0,13,39705.0,23.0,29.0,-1.0,23.0,30.0,26.0,37.0,-1.0,3.0,14.0,36.0,42.0,-1.0,10.0,16.0,21.0,45.0,-1.0,-15.0,34.0,20.0,45.0,-1.0,-1.0,16.0
2024-06-25,TREND_SHORT,PARTIAL_TP,short,WINNER,52.0,12,39635.0,-9.0,2.0,-13.0,-9.0,15.0,-11.0,2.0,-13.0,-2.0,10.0,-2.0,4.0,-14.0,9.0,18.0,-7.0,4.0,-14.0,-5.0,13.0,3.0,17.0,-14.0,10.0,25.0
2024-06-25,CHOP_BUY,EXIT_FLAT,long,LOSER,-84.0,18,39564.0,6.0,9.0,-5.0,6.0,14.0,-27.0,9.0,-28.0,-33.0,34.0,-34.0,9.0,-38.0,-7.0,15.0,-22.0,9.0,-38.0,12.0,15.0,-16.0,9.0,-38.0,6.0,12.0
2024-06-25,CHOP_BUY,EXIT_FLAT,long,LOSER,-96.0,26,39531.0,3.0,5.0,-3.0,3.0,8.0,8.0,10.0,-3.0,5.0,8.0,0.0,10.0,-6.0,-8.0,15.0,-10.0,10.0,-15.0,-10.0,18.0,-7.0,10.0,-23.0,3.0,16.0
2024-06-25,CHOP_BUY,EARLY_HARD_STOP,long,LOSER,-90.0,5,39470.0,-25.0,1.0,-31.0,-25.0,32.0,-29.0,1.0,-37.0,-4.0,14.0,-36.0,1.0,-37.0,-7.0,8.0,-38.0,1.0,-42.0,-2.0,10.0,-45.0,1.0,-46.0,-7.0,15.0
2024-06-25,TREND_SHORT,EXIT_FLAT,short,LOSER,-126.0,28,39417.0,3.0,6.0,-3.0,3.0,9.0,5.0,15.0,-3.0,2.0,15.0,16.0,24.0,-3.0,11.0,18.0,5.0,24.0,-3.0,-11.0,14.0,-3.0,24.0,-5.0,-8.0,13.0
2024-06-25,CHOP_BUY,PARTIAL_TP,long,WINNER,60.0,23,39500.0,-6.0,8.0,-8.0,-6.0,16.0,-3.0,8.0,-8.0,3.0,5.0,5.0,8.0,-8.0,8.0,10.0,22.0,29.0,-8.0,17.0,24.0,19.0,29.0,-8.0,-3.0,8.0
2024-06-26,CHOP_SELL,EXIT_FLAT,short,LOSER,-138.0,44,39347.0,-5.0,10.0,-5.0,-5.0,15.0,-4.0,10.0,-7.0,1.0,9.0,11.0,16.0,-7.0,15.0,20.0,15.0,17.0,-7.0,4.0,13.0,6.0,18.0,-7.0,-9.0,15.0
2024-06-26,TREND_LONG,CHOP_TP,long,WINNER,46.0,41,39433.0,-1.0,4.0,-4.0,-1.0,8.0,-3.0,6.0,-4.0,-2.0,9.0,3.0,8.0,-4.0,6.0,11.0,13.0,15.0,-4.0,10.0,15.0,26.0,27.0,-4.0,13.0,16.0
2024-06-26,TREND_LONG,PARTIAL_TP,long,WINNER,59.0,10,39483.0,3.0,9.0,-4.0,3.0,13.0,-6.0,9.0,-6.0,-9.0,10.0,-6.0,9.0,-13.0,0.0,10.0,1.0,9.0,-13.0,7.0,11.0,11.0,14.0,-13.0,10.0,14.0
2024-06-26,CHOP_BUY,CHOP_TP,long,WINNER,38.0,81,39543.0,-6.0,4.0,-8.0,-6.0,12.0,4.0,6.0,-8.0,10.0,12.0,3.0,8.0,-8.0,-1.0,9.0,7.0,15.0,-8.0,4.0,11.0,-6.0,15.0,-8.0,-13.0,14.0
2024-06-26,CHOP_BUY,SESSION_EXIT,long,LOSER,-88.0,91,39564.0,1.0,3.0,-1.0,1.0,4.0,0.0,6.0,-3.0,-1.0,9.0,-4.0,6.0,-9.0,-4.0,11.0,2.0,6.0,-9.0,6.0,9.0,-3.0,6.0,-9.0,-5.0,10.0
2024-06-27,TREND_LONG,PARTIAL_TP,long,WINNER,60.0,19,39578.0,-12.0,2.0,-17.0,-12.0,19.0,-5.0,9.0,-17.0,7.0,23.0,-10.0,9.0,-17.0,-5.0,10.0,-8.0,9.0,-17.0,2.0,10.0,4.0,9.0,-17.0,12.0,16.0
2024-06-27,CHOP_BUY,PARTIAL_TP,long,WINNER,55.0,20,39586.0,-1.0,6.0,-4.0,-1.0,10.0,2.0,6.0,-7.0,3.0,12.0,8.0,9.0,-7.0,6.0,8.0,12.0,16.0,-7.0,4.0,8.0,14.0,17.0,-7.0,2.0,8.0
2024-06-27,TREND_SHORT,EXIT_FLAT,short,LOSER,-122.0,39,39427.0,0.0,10.0,-3.0,0.0,13.0,-1.0,10.0,-6.0,-1.0,10.0,-1.0,10.0,-6.0,0.0,9.0,-6.0,10.0,-6.0,-5.0,10.0,-12.0,10.0,-18.0,-6.0,12.0
2024-06-27,CHOP_BUY,PARTIAL_TP,long,WINNER,56.0,41,39500.0,-6.0,3.0,-11.0,-6.0,14.0,2.0,6.0,-11.0,8.0,13.0,3.0,6.0,-11.0,1.0,8.0,11.0,11.0,-11.0,8.0,10.0,7.0,14.0,-11.0,-4.0,9.0
2024-06-28,TREND_LONG,EARLY_HARD_STOP,long,LOSER,-100.0,2,39804.0,-35.0,3.0,-45.0,-35.0,48.0,-50.0,3.0,-51.0,-15.0,24.0,-37.0,3.0,-62.0,13.0,26.0,-64.0,3.0,-65.0,-27.0,33.0,-64.0,3.0,-88.0,0.0,26.0
2024-06-28,CHOP_SELL,PARTIAL_TP,short,WINNER,53.0,43,39538.0,2.0,5.0,-4.0,2.0,9.0,-3.0,5.0,-4.0,-5.0,8.0,2.0,6.0,-5.0,5.0,11.0,-6.0,7.0,-6.0,-8.0,13.0,-1.0,7.0,-10.0,5.0,10.0
2024-06-28,TREND_SHORT,PARTIAL_TP,short,WINNER,55.0,31,39464.0,2.0,7.0,0.0,2.0,7.0,-4.0,7.0,-5.0,-6.0,9.0,-2.0,7.0,-12.0,2.0,12.0,8.0,17.0,-12.0,10.0,19.0,15.0,17.0,-12.0,7.0,9.0
2024-06-28,TREND_SHORT,CHOP_TP,short,WINNER,34.0,37,39385.0,-1.0,3.0,-5.0,-1.0,8.0,4.0,8.0,-5.0,5.0,11.0,-1.0,8.0,-8.0,-5.0,12.0,2.0,8.0,-8.0,3.0,9.0,8.0,13.0,-8.0,6.0,13.0
2024-06-28,TREND_SHORT,EARLY_HARD_STOP,short,LOSER,-80.0,5,39334.0,37.0,39.0,-5.0,37.0,44.0,-6.0,50.0,-13.0,-43.0,63.0,-9.0,50.0,-20.0,-3.0,20.0,-20.0,50.0,-26.0,-11.0,20.0,-40.0,50.0,-43.0,-20.0,25.0
2024-07-01,TREND_LONG,EARLY_HARD_STOP,long,LOSER,-92.0,2,39798.0,-38.0,7.0,-39.0,-38.0,46.0,-46.0,7.0,-55.0,-8.0,26.0,-66.0,7.0,-66.0,-20.0,26.0,-91.0,7.0,-94.0,-25.0,36.0,-76.0,7.0,-95.0,15.0,23.0
2024-07-01,TREND_SHORT,PARTIAL_TP,short,WINNER,58.0,18,39549.0,10.0,20.0,-8.0,10.0,28.0,13.0,29.0,-8.0,3.0,26.0,-6.0,29.0,-14.0,-19.0,31.0,-18.0,29.0,-30.0,-12.0,26.0,-24.0,29.0,-33.0,-6.0,16.0
2024-07-01,CHOP_BUY,PARTIAL_TP,long,WINNER,50.0,45,39499.0,6.0,7.0,-2.0,6.0,9.0,10.0,12.0,-2.0,4.0,9.0,6.0,14.0,-2.0,-4.0,13.0,2.0,14.0,-2.0,-4.0,10.0,9.0,14.0,-2.0,7.0,9.0
2024-07-01,CHOP_BUY,EXIT_FLAT,long,LOSER,-124.0,103,39531.0,8.0,8.0,-2.0,8.0,10.0,18.0,18.0,-2.0,10.0,9.0,6.0,19.0,-2.0,-12.0,13.0,12.0,19.0,-2.0,6.0,11.0,1.0,19.0,-2.0,-11.0,16.0
2024-07-02,CHOP_SELL,PARTIAL_TP,short,WINNER,56.0,99,39499.0,1.0,3.0,-4.0,1.0,7.0,4.0,6.0,-6.0,3.0,12.0,7.0,14.0,-6.0,3.0,11.0,6.0,14.0,-6.0,-1.0,9.0,-9.0,14.0,-16.0,-15.0,22.0
2024-07-02,TREND_LONG,CHOP_TP,long,WINNER,30.0,11,39563.0,3.0,8.0,-1.0,3.0,9.0,12.0,14.0,-1.0,9.0,14.0,7.0,14.0,-1.0,-5.0,7.0,13.0,14.0,-1.0,6.0,9.0,21.0,21.0,-1.0,8.0,10.0
2024-07-02,CHOP_SELL,EXIT_FLAT,short,LOSER,-108.0,44,39583.0,-5.0,3.0,-7.0,-5.0,10.0,-8.0,3.0,-8.0,-3.0,7.0,-11.0,3.0,-13.0,-3.0,9.0,-12.0,3.0,-15.0,-1.0,7.0,-24.0,3.0,-25.0,-12.0,12.0
2024-07-02,CHOP_SELL,EXIT_FLAT,short,LOSER,-62.0,49,39629.0,3.0,4.0,-3.0,3.0,7.0,3.0,8.0,-3.0,0.0,8.0,-3.0,8.0,-4.0,-6.0,9.0,-1.0,8.0,-5.0,2.0,5.0,5.0,8.0,-5.0,6.0,8.0
2024-07-02,TREND_LONG,SESSION_EXIT,long,WINNER,4.0,13,39670.0,0.0,3.0,-4.0,0.0,7.0,-15.0,3.0,-20.0,-15.0,22.0,-9.0,3.0,-22.0,6.0,22.0,-6.0,3.0,-22.0,3.0,13.0,-2.0,3.0,-22.0,4.0,9.0
2024-07-03,TREND_SHORT,PARTIAL_TP,short,WINNER,55.0,52,39671.0,18.0,19.0,-2.0,18.0,21.0,35.0,36.0,-2.0,17.0,19.0,23.0,38.0,-2.0,-12.0,20.0,10.0,38.0,-2.0,-13.0,16.0,-10.0,38.0,-10.0,-20.0,22.0
2024-07-03,TREND_SHORT,EXIT_FLAT,short,LOSER,-132.0,23,39577.0,-9.0,2.0,-9.0,-9.0,11.0,-11.0,2.0,-18.0,-2.0,8.0,-4.0,2.0,-18.0,7.0,11.0,-5.0,2.0,-18.0,-1.0,8.0,-6.0,2.0,-18.0,-1.0,8.0
2024-07-05,TREND_SHORT,EXIT_FLAT,short,LOSER,-128.0,35,39510.0,-19.0,8.0,-21.0,-19.0,29.0,13.0,21.0,-21.0,32.0,38.0,16.0,22.0,-21.0,3.0,15.0,-13.0,22.0,-21.0,-29.0,35.0,-36.0,22.0,-36.0,-23.0,31.0
2024-07-05,TREND_LONG,EXIT_FLAT,long,LOSER,-138.0,29,39676.0,-8.0,3.0,-8.0,-8.0,11.0,1.0,4.0,-8.0,9.0,10.0,-8.0,6.0,-12.0,-9.0,18.0,-13.0,6.0,-16.0,-5.0,10.0,-11.0,6.0,-16.0,2.0,6.0
2024-07-05,CHOP_SELL,EXIT_FLAT,short,LOSER,-72.0,46,39652.0,-4.0,0.0,-8.0,-4.0,7.0,3.0,11.0,-8.0,7.0,18.0,4.0,11.0,-8.0,1.0,5.0,11.0,11.0,-8.0,7.0,10.0,10.0,13.0,-8.0,-1.0,6.0
2024-07-05,TREND_LONG,SESSION_EXIT,long,LOSER,-40.0,72,39696.0,11.0,16.0,0.0,11.0,15.0,7.0,16.0,0.0,-4.0,10.0,11.0,16.0,0.0,4.0,6.0,19.0,21.0,0.0,8.0,12.0,11.0,21.0,0.0,-8.0,10.0
2024-07-08,CHOP_SELL,PARTIAL_TP,short,WINNER,65.0,23,39860.0,2.0,7.0,-3.0,2.0,10.0,-10.0,7.0,-10.0,-12.0,16.0,-22.0,7.0,-22.0,-12.0,20.0,-33.0,7.0,-34.0,-11.0,14.0,-27.0,7.0,-34.0,6.0,10.0
2024-07-08,CHOP_BUY,PARTIAL_TP,long,WINNER,50.0,25,39628.0,-14.0,0.0,-17.0,-14.0,16.0,-10.0,0.0,-17.0,4.0,8.0,-12.0,0.0,-17.0,-2.0,8.0,0.0,1.0,-17.0,12.0,15.0,-5.0,1.0,-17.0,-5.0,7.0
2024-07-08,CHOP_BUY,SESSION_EXIT,long,LOSER,-10.0,124,39658.0,-8.0,0.0,-8.0,-8.0,8.0,-5.0,0.0,-11.0,3.0,7.0,2.0,2.0,-11.0,7.0,7.0,-17.0,3.0,-17.0,-19.0,20.0,-13.0,3.0,-20.0,4.0,8.0
2024-07-09,TREND_SHORT,EXIT_FLAT,short,LOSER,-134.0,51,39508.0,6.0,8.0,-11.0,6.0,19.0,-2.0,8.0,-11.0,-8.0,12.0,-18.0,12.0,-20.0,-16.0,32.0,-15.0,12.0,-20.0,3.0,9.0,-13.0,12.0,-20.0,2.0,21.0
2024-07-09,CHOP_BUY,PARTIAL_TP,long,WINNER,66.0,56,39572.0,-12.0,7.0,-13.0,-12.0,20.0,-7.0,7.0,-14.0,5.0,10.0,-12.0,7.0,-17.0,-5.0,12.0,-17.0,7.0,-18.0,-5.0,11.0,-17.0,7.0,-26.0,0.0,11.0
2024-07-09,CHOP_BUY,SESSION_EXIT,long,WINNER,20.0,60,39588.0,-3.0,1.0,-7.0,-3.0,8.0,-1.0,1.0,-9.0,2.0,9.0,-9.0,1.0,-9.0,-8.0,10.0,-12.0,1.0,-13.0,-3.0,4.0,-19.0,1.0,-23.0,-7.0,11.0
2024-07-10,TREND_LONG,CHOP_TP,long,WINNER,50.0,29,39668.0,-4.0,5.0,-8.0,-4.0,13.0,-11.0,5.0,-15.0,-7.0,12.0,-12.0,5.0,-16.0,-1.0,12.0,-14.0,5.0,-16.0,-2.0,7.0,-15.0,5.0,-17.0,-1.0,6.0
2024-07-10,TREND_LONG,PARTIAL_TP,long,WINNER,56.0,21,39726.0,-1.0,3.0,-3.0,-1.0,6.0,1.0,4.0,-4.0,2.0,8.0,-2.0,6.0,-4.0,-3.0,9.0,5.0,11.0,-4.0,7.0,15.0,9.0,15.0,-4.0,4.0,11.0
2024-07-10,CHOP_SELL,EARLY_HARD_STOP,short,LOSER,-96.0,5,39802.0,-3.0,2.0,-5.0,-3.0,7.0,-5.0,2.0,-8.0,-2.0,6.0,-22.0,2.0,-26.0,-17.0,20.0,-32.0,2.0,-32.0,-10.0,13.0,-48.0,2.0,-49.0,-16.0,18.0
2024-07-10,CHOP_BUY,CHOP_TP,long,WINNER,66.0,91,39817.0,-12.0,1.0,-13.0,-12.0,14.0,-8.0,1.0,-19.0,4.0,14.0,3.0,5.0,-19.0,11.0,11.0,5.0,7.0,-19.0,2.0,6.0,-7.0,7.0,-19.0,-12.0,12.0
2024-07-10,TREND_LONG,PARTIAL_TP,long,WINNER,50.0,44,39872.0,1.0,2.0,-4.0,1.0,6.0,6.0,6.0,-4.0,5.0,7.0,-5.0,6.0,-6.0,-11.0,12.0,-2.0,6.0,-6.0,3.0,4.0,-9.0,6.0,-13.0,-7.0,11.0
2024-07-11,TREND_LONG,PARTIAL_TP,long,WINNER,54.0,14,40086.0,18.0,20.0,-2.0,18.0,22.0,42.0,42.0,-2.0,24.0,29.0,33.0,43.0,-2.0,-9.0,27.0,-3.0,43.0,-3.0,-36.0,41.0,-25.0,43.0,-29.0,-22.0,26.0
2024-07-11,CHOP_BUY,SESSION_EXIT,long,LOSER,-14.0,43,40077.0,-15.0,0.0,-15.0,-15.0,14.0,-13.0,0.0,-15.0,2.0,10.0,-20.0,0.0,-22.0,-7.0,11.0,-19.0,0.0,-22.0,1.0,9.0,-19.0,0.0,-22.0,0.0,9.0
2024-07-12,TREND_LONG,PARTIAL_TP,long,WINNER,55.0,41,40241.0,9.0,12.0,-2.0,9.0,14.0,26.0,29.0,-2.0,17.0,19.0,14.0,29.0,-2.0,-12.0,22.0,16.0,29.0,-2.0,2.0,11.0,13.0,29.0,-2.0,-3.0,11.0
2024-07-12,CHOP_BUY,PARTIAL_TP,long,WINNER,51.0,20,40366.0,-6.0,2.0,-8.0,-6.0,10.0,-8.0,2.0,-14.0,-2.0,7.0,-1.0,2.0,-14.0,7.0,10.0,9.0,10.0,-14.0,10.0,11.0,14.0,16.0,-14.0,5.0,7.0
2024-07-12,CHOP_BUY,EXIT_FLAT,long,LOSER,-140.0,29,40499.0,-4.0,3.0,-4.0,-4.0,7.0,3.0,7.0,-6.0,7.0,13.0,4.0,9.0,-6.0,1.0,7.0,-4.0,9.0,-13.0,-8.0,15.0,3.0,9.0,-13.0,7.0,8.0
2024-07-15,TREND_SHORT,EXIT_FLAT,short,LOSER,-122.0,58,40468.0,2.0,22.0,-2.0,2.0,24.0,14.0,22.0,-2.0,12.0,22.0,8.0,22.0,-3.0,-6.0,18.0,19.0,24.0,-6.0,11.0,30.0,17.0,31.0,-6.0,-2.0,18.0
2024-07-15,CHOP_BUY,PARTIAL_TP,long,WINNER,53.0,13,40536.0,5.0,8.0,-8.0,5.0,16.0,17.0,22.0,-8.0,12.0,18.0,17.0,25.0,-8.0,0.0,15.0,32.0,39.0,-8.0,15.0,24.0,30.0,40.0,-8.0,-2.0,11.0
2024-07-15,CHOP_SELL,PARTIAL_TP,short,WINNER,54.0,24,40521.0,-4.0,8.0,-5.0,-4.0,13.0,11.0,13.0,-9.0,15.0,22.0,5.0,15.0,-9.0,-6.0,13.0,11.0,15.0,-9.0,6.0,7.0,6.0,15.0,-9.0,-5.0,9.0
2024-07-15,CHOP_BUY,PARTIAL_TP,long,WINNER,56.0,21,40479.0,6.0,8.0,-2.0,6.0,10.0,14.0,14.0,-2.0,8.0,9.0,-1.0,15.0,-3.0,-15.0,18.0,-12.0,15.0,-13.0,-11.0,19.0,-17.0,15.0,-23.0,-5.0,11.0
2024-07-15,CHOP_BUY,EXIT_FLAT,long,LOSER,-128.0,11,40610.0,-10.0,0.0,-14.0,-10.0,14.0,-2.0,0.0,-14.0,8.0,11.0,-3.0,0.0,-14.0,-1.0,8.0,-8.0,0.0,-14.0,-5.0,9.0,-10.0,0.0,-14.0,-2.0,9.0
2024-07-16,TREND_LONG,PARTIAL_TP,long,WINNER,59.0,5,40874.0,-4.0,1.0,-31.0,-4.0,32.0,-15.0,1.0,-31.0,-11.0,25.0,16.0,16.0,-31.0,31.0,35.0,36.0,42.0,-31.0,20.0,30.0,59.0,61.0,-31.0,23.0,35.0
2024-07-16,TREND_LONG,CHOP_TP,long,WINNER,22.0,19,41118.0,23.0,26.0,-1.0,23.0,27.0,35.0,39.0,-1.0,12.0,17.0,27.0,39.0,-1.0,-8.0,13.0,29.0,39.0,-1.0,2.0,12.0,8.0,39.0,-1.0,-21.0,26.0
2024-07-16,TREND_LONG,EXIT_FLAT,long,LOSER,-120.0,11,41158.0,-5.0,2.0,-8.0,-5.0,10.0,-1.0,2.0,-8.0,4.0,8.0,-4.0,2.0,-10.0,-3.0,11.0,-23.0,2.0,-25.0,-19.0,20.0,-30.0,2.0,-33.0,-7.0,11.0
2024-07-16,CHOP_BUY,CHOP_TP,long,WINNER,28.0,10,41107.0,6.0,8.0,-2.0,6.0,10.0,9.0,9.0,-2.0,3.0,9.0,12.0,15.0,-2.0,3.0,12.0,0.0,15.0,-2.0,-12.0,14.0,9.0,15.0,-2.0,9.0,11.0
2024-07-16,TREND_LONG,PARTIAL_TP,long,WINNER,52.0,52,41165.0,-3.0,6.0,-4.0,-3.0,10.0,0.0,9.0,-5.0,3.0,14.0,5.0,10.0,-5.0,5.0,10.0,19.0,23.0,-5.0,14.0,19.0,10.0,23.0,-5.0,-9.0,14.0
2024-07-16,TREND_LONG,CHOP_TP,long,WINNER,28.0,23,41261.0,-1.0,5.0,-1.0,-1.0,6.0,-6.0,5.0,-8.0,-5.0,10.0,-15.0,5.0,-19.0,-9.0,14.0,-14.0,5.0,-19.0,1.0,8.0,-10.0,5.0,-19.0,4.0,11.0
2024-07-17,TREND_LONG,PARTIAL_TP,long,WINNER,54.0,23,41357.0,24.0,24.0,-9.0,24.0,33.0,32.0,37.0,-9.0,8.0,34.0,32.0,37.0,-9.0,0.0,20.0,0.0,37.0,-9.0,-32.0,32.0,-17.0,37.0,-22.0,-17.0,25.0
2024-07-17,TREND_LONG,EXIT_FLAT,long,LOSER,-120.0,73,41510.0,-11.0,0.0,-13.0,-11.0,13.0,-10.0,0.0,-20.0,1.0,15.0,-3.0,0.0,-20.0,7.0,12.0,-9.0,0.0,-20.0,-6.0,12.0,-16.0,0.0,-21.0,-7.0,14.0
2024-07-18,TREND_LONG,PARTIAL_TP,long,WINNER,61.0,11,41573.0,-1.0,9.0,-4.0,-1.0,13.0,29.0,32.0,-7.0,30.0,39.0,15.0,33.0,-7.0,-14.0,22.0,25.0,33.0,-7.0,10.0,21.0,19.0,49.0,-7.0,-6.0,38.0
2024-07-18,TREND_SHORT,PARTIAL_TP,short,WINNER,51.0,13,41324.0,-24.0,4.0,-28.0,-24.0,32.0,-27.0,4.0,-45.0,-3.0,35.0,14.0,16.0,-45.0,41.0,43.0,25.0,27.0,-45.0,11.0,22.0,8.0,27.0,-45.0,-17.0,33.0
2024-07-18,TREND_SHORT,PARTIAL_TP,short,WINNER,50.0,5,41218.0,33.0,33.0,-2.0,33.0,35.0,28.0,34.0,-2.0,-5.0,19.0,28.0,34.0,-2.0,0.0,13.0,48.0,48.0,-2.0,20.0,22.0,50.0,53.0,-2.0,2.0,11.0
2024-07-18,CHOP_BUY,EXIT_FLAT,long,LOSER,-130.0,31,41210.0,-14.0,3.0,-17.0,-14.0,20.0,-1.0,3.0,-17.0,13.0,18.0,2.0,3.0,-17.0,3.0,7.0,12.0,16.0,-17.0,10.0,16.0,17.0,17.0,-17.0,5.0,12.0
2024-07-18,TREND_SHORT,PARTIAL_TP,short,WINNER,51.0,10,41123.0,14.0,22.0,-3.0,14.0,25.0,19.0,23.0,-3.0,5.0,20.0,22.0,23.0,-3.0,3.0,20.0,18.0,23.0,-3.0,-4.0,9.0,13.0,23.0,-3.0,-5.0,13.0
2024-07-18,CHOP_BUY,EXIT_FLAT,long,LOSER,-68.0,14,41016.0,5.0,5.0,-6.0,5.0,11.0,-15.0,11.0,-18.0,-20.0,29.0,-5.0,11.0,-18.0,10.0,22.0,1.0,11.0,-18.0,6.0,14.0,-12.0,11.0,-18.0,-13.0,19.0
2024-07-18,TREND_SHORT,EXIT_FLAT,short,LOSER,-130.0,33,40929.0,6.0,17.0,-4.0,6.0,21.0,-10.0,22.0,-12.0,-16.0,34.0,-15.0,22.0,-24.0,-5.0,15.0,-17.0,22.0,-34.0,-2.0,22.0,-18.0,22.0,-34.0,-1.0,14.0
2024-07-19,TREND_SHORT,PARTIAL_TP,short,WINNER,66.0,45,40645.0,-3.0,12.0,-8.0,-3.0,20.0,15.0,20.0,-8.0,18.0,28.0,17.0,21.0,-8.0,2.0,27.0,32.0,34.0,-8.0,15.0,32.0,9.0,37.0,-8.0,-23.0,28.0
2024-07-19,TREND_SHORT,EXIT_FLAT,short,LOSER,-134.0,30,40530.0,25.0,27.0,-2.0,25.0,29.0,45.0,47.0,-2.0,20.0,37.0,41.0,50.0,-2.0,-4.0,22.0,31.0,50.0,-2.0,-10.0,24.0,22.0,50.0,-2.0,-9.0,23.0
2024-07-19,CHOP_SELL,PARTIAL_TP,short,WINNER,57.0,11,40592.0,15.0,15.0,-7.0,15.0,22.0,28.0,30.0,-7.0,13.0,19.0,25.0,30.0,-7.0,-3.0,12.0,32.0,36.0,-7.0,7.0,18.0,34.0,39.0,-7.0,2.0,11.0
2024-07-19,TREND_SHORT,EXIT_FLAT,short,LOSER,-120.0,27,40475.0,1.0,6.0,-13.0,1.0,19.0,-8.0,6.0,-13.0,-9.0,16.0,-35.0,6.0,-40.0,-27.0,33.0,-25.0,6.0,-42.0,10.0,17.0,-25.0,6.0,-42.0,0.0,18.0
2024-07-19,CHOP_BUY,EXIT_FLAT,long,LOSER,-130.0,37,40567.0,10.0,10.0,-5.0,10.0,15.0,2.0,15.0,-5.0,-8.0,14.0,-8.0,15.0,-14.0,-10.0,15.0,1.0,15.0,-15.0,9.0,19.0,16.0,16.0,-15.0,15.0,18.0
2024-07-22,TREND_SHORT,PARTIAL_TP,short,WINNER,55.0,4,40561.0,-5.0,10.0,-12.0,-5.0,22.0,11.0,18.0,-12.0,16.0,26.0,47.0,47.0,-12.0,36.0,40.0,55.0,67.0,-12.0,8.0,20.0,43.0,67.0,-12.0,-12.0,25.0
2024-07-22,TREND_LONG,EXIT_FLAT,long,LOSER,-124.0,26,40714.0,5.0,6.0,-8.0,5.0,14.0,22.0,23.0,-8.0,17.0,18.0,13.0,29.0,-8.0,-9.0,18.0,9.0,29.0,-8.0,-4.0,19.0,-22.0,29.0,-26.0,-31.0,34.0
2024-07-22,CHOP_SELL,EARLY_HARD_STOP,short,LOSER,-82.0,4,40546.0,-17.0,0.0,-20.0,-17.0,20.0,-33.0,0.0,-36.0,-16.0,21.0,-33.0,0.0,-41.0,0.0,12.0,-41.0,0.0,-48.0,-8.0,19.0,-22.0,0.0,-48.0,19.0,21.0
2024-07-22,CHOP_SELL,EXIT_FLAT,short,LOSER,-120.0,38,40577.0,-7.0,1.0,-11.0,-7.0,12.0,-7.0,1.0,-12.0,0.0,11.0,-8.0,1.0,-12.0,-1.0,7.0,-9.0,1.0,-12.0,-1.0,4.0,-1.0,1.0,-12.0,8.0,11.0
2024-07-22,CHOP_SELL,CHOP_TP,short,WINNER,70.0,64,40674.0,4.0,9.0,-1.0,4.0,10.0,3.0,10.0,-1.0,-1.0,9.0,-5.0,10.0,-6.0,-8.0,10.0,-17.0,10.0,-17.0,-12.0,10.0,-3.0,10.0,-19.0,14.0,19.0
2024-07-22,CHOP_BUY,SESSION_EXIT,long,WINNER,30.0,4,40672.0,-3.0,2.0,-14.0,-3.0,16.0,1.0,2.0,-14.0,4.0,13.0,11.0,38.0,-14.0,10.0,42.0,15.0,38.0,-14.0,4.0,17.0,24.0,38.0,-14.0,9.0,9.0
2024-07-23,TREND_LONG,EXIT_FLAT,long,LOSER,-126.0,45,40717.0,11.0,14.0,-2.0,11.0,16.0,14.0,17.0,-2.0,3.0,17.0,40.0,44.0,-2.0,26.0,35.0,23.0,53.0,-2.0,-17.0,34.0,27.0,53.0,-2.0,4.0,26.0
2024-07-23,CHOP_SELL,EARLY_HARD_STOP,short,LOSER,-82.0,3,40631.0,-25.0,3.0,-26.0,-25.0,29.0,-31.0,3.0,-34.0,-6.0,15.0,-41.0,3.0,-41.0,-10.0,19.0,-41.0,3.0,-41.0,0.0,7.0,-46.0,3.0,-47.0,-5.0,10.0
2024-07-23,TREND_LONG,EXIT_FLAT,long,LOSER,-188.0,23,40785.0,7.0,8.0,-4.0,7.0,12.0,4.0,10.0,-4.0,-3.0,11.0,6.0,10.0,-4.0,2.0,8.0,9.0,10.0,-4.0,3.0,6.0,-14.0,10.0,-14.0,-23.0,24.0
2024-07-23,CHOP_BUY,EXIT_FLAT,long,LOSER,-182.0,32,40731.0,-1.0,0.0,-9.0,-1.0,8.0,-3.0,3.0,-9.0,-2.0,9.0,-8.0,3.0,-10.0,-5.0,8.0,-9.0,3.0,-10.0,-1.0,7.0,-17.0,3.0,-20.0,-8.0,10.0
2024-07-24,TREND_SHORT,PARTIAL_TP,short,WINNER,52.0,2,40405.0,35.0,37.0,-4.0,35.0,41.0,52.0,54.0,-4.0,17.0,25.0,61.0,72.0,-4.0,9.0,20.0,95.0,96.0,-4.0,34.0,35.0,113.0,122.0,-4.0,18.0,32.0
2024-07-24,CHOP_BUY,PARTIAL_TP,long,WINNER,53.0,10,40279.0,-2.0,6.0,-6.0,-2.0,12.0,-9.0,6.0,-17.0,-7.0,17.0,-1.0,6.0,-20.0,8.0,25.0,2.0,9.0,-20.0,3.0,14.0,19.0,20.0,-20.0,17.0,19.0
2024-07-24,TREND_SHORT,PARTIAL_TP,short,WINNER,56.0,57,40176.0,18.0,26.0,0.0,18.0,25.0,10.0,26.0,-9.0,-8.0,29.0,6.0,26.0,-9.0,-4.0,16.0,-1.0,26.0,-9.0,-7.0,10.0,-19.0,26.0,-21.0,-18.0,23.0
2024-07-25,TREND_LONG,PARTIAL_TP,long,WINNER,62.0,23,40234.0,8.0,16.0,-15.0,8.0,31.0,36.0,42.0,-15.0,28.0,35.0,36.0,46.0,-15.0,0.0,15.0,47.0,55.0,-15.0,11.0,19.0,33.0,59.0,-15.0,-14.0,32.0
2024-07-25,TREND_LONG,PARTIAL_TP,long,WINNER,67.0,13,40338.0,4.0,4.0,-20.0,4.0,24.0,-1.0,8.0,-20.0,-5.0,21.0,7.0,8.0,-20.0,8.0,15.0,7.0,12.0,-20.0,0.0,17.0,10.0,22.0,-20.0,3.0,22.0
2024-07-25,CHOP_BUY,PARTIAL_TP,long,WINNER,59.0,27,40595.0,2.0,9.0,-5.0,2.0,14.0,9.0,21.0,-5.0,7.0,20.0,10.0,21.0,-5.0,1.0,10.0,18.0,25.0,-5.0,8.0,20.0,14.0,25.0,-5.0,-4.0,13.0
2024-07-25,CHOP_SELL,EXIT_FLAT,short,LOSER,-128.0,10,40317.0,7.0,8.0,-9.0,7.0,17.0,-3.0,11.0,-11.0,-10.0,22.0,-5.0,11.0,-11.0,-2.0,14.0,-6.0,11.0,-23.0,-1.0,21.0,5.0,11.0,-23.0,11.0,20.0
2024-07-26,TREND_LONG,EARLY_HARD_STOP,long,LOSER,-80.0,2,40753.0,-32.0,3.0,-34.0,-32.0,37.0,-40.0,3.0,-44.0,-8.0,21.0,-40.0,3.0,-45.0,0.0,10.0,-15.0,3.0,-79.0,25.0,65.0,10.0,20.0,-79.0,25.0,41.0
2024-07-26,CHOP_BUY,EXIT_FLAT,long,LOSER,-142.0,14,40738.0,25.0,35.0,-6.0,25.0,41.0,47.0,49.0,-6.0,22.0,21.0,26.0,50.0,-6.0,-21.0,24.0,39.0,50.0,-6.0,13.0,26.0,4.0,50.0,-6.0,-35.0,39.0
2024-07-26,TREND_LONG,EARLY_HARD_STOP,long,LOSER,-108.0,4,40803.0,23.0,24.0,-4.0,23.0,28.0,16.0,29.0,-4.0,-7.0,18.0,-12.0,29.0,-16.0,-28.0,33.0,-54.0,29.0,-55.0,-42.0,51.0,-82.0,29.0,-82.0,-28.0,35.0
2024-07-26,CHOP_BUY,EARLY_HARD_STOP,long,LOSER,-86.0,5,40675.0,-11.0,13.0,-24.0,-11.0,37.0,-38.0,13.0,-39.0,-27.0,33.0,-20.0,13.0,-42.0,18.0,23.0,-36.0,13.0,-42.0,-16.0,22.0,-43.0,13.0,-44.0,-7.0,21.0
2024-07-26,TREND_LONG,PARTIAL_TP,long,WINNER,54.0,11,40848.0,0.0,6.0,-7.0,0.0,13.0,-1.0,9.0,-7.0,-1.0,14.0,16.0,17.0,-7.0,17.0,18.0,9.0,24.0,-7.0,-7.0,19.0,14.0,24.0,-7.0,5.0,12.0
2024-07-29,TREND_SHORT,EXIT_FLAT,short,LOSER,-138.0,26,40664.0,22.0,32.0,0.0,22.0,32.0,31.0,34.0,0.0,9.0,24.0,42.0,44.0,0.0,11.0,27.0,48.0,58.0,0.0,6.0,23.0,28.0,58.0,0.0,-20.0,21.0
2024-07-29,CHOP_SELL,PARTIAL_TP,short,WINNER,60.0,5,40704.0,9.0,9.0,-16.0,9.0,25.0,31.0,33.0,-16.0,22.0,34.0,39.0,58.0,-16.0,8.0,29.0,44.0,59.0,-16.0,5.0,24.0,60.0,62.0,-16.0,16.0,27.0
2024-07-30,CHOP_BUY,CHOP_TP,long,WINNER,62.0,3,40951.0,-29.0,5.0,-41.0,-29.0,46.0,9.0,13.0,-41.0,38.0,43.0,31.0,36.0,-41.0,22.0,29.0,29.0,43.0,-41.0,-2.0,14.0,37.0,43.0,-41.0,8.0,16.0
2024-07-30,TREND_SHORT,PARTIAL_TP,short,WINNER,54.0,8,40956.0,26.0,33.0,-1.0,26.0,34.0,33.0,34.0,-1.0,7.0,26.0,48.0,51.0,-1.0,15.0,21.0,11.0,53.0,-1.0,-37.0,48.0,26.0,53.0,-3.0,15.0,33.0
2024-07-30,TREND_SHORT,EXIT_FLAT,short,LOSER,-136.0,11,40782.0,0.0,14.0,-15.0,0.0,29.0,-9.0,14.0,-15.0,-9.0,18.0,-21.0,14.0,-22.0,-12.0,18.0,-12.0,14.0,-22.0,9.0,17.0,-37.0,14.0,-37.0,-25.0,42.0
2024-07-30,TREND_SHORT,EXIT_FLAT,short,LOSER,-158.0,35,40766.0,-11.0,0.0,-18.0,-11.0,18.0,-5.0,2.0,-18.0,6.0,12.0,-12.0,2.0,-18.0,-7.0,14.0,-11.0,2.0,-18.0,1.0,16.0,-19.0,2.0,-22.0,-8.0,9.0
2024-07-30,TREND_SHORT,EXIT_FLAT,short,LOSER,-124.0,20,40757.0,5.0,13.0,-3.0,5.0,16.0,13.0,13.0,-3.0,8.0,15.0,-15.0,16.0,-27.0,-28.0,43.0,-15.0,16.0,-27.0,0.0,17.0,-34.0,16.0,-51.0,-19.0,42.0
2024-07-30,TREND_LONG,PARTIAL_TP,long,WINNER,81.0,3,41009.0,32.0,37.0,-2.0,32.0,39.0,49.0,72.0,-2.0,17.0,45.0,81.0,84.0,-2.0,32.0,36.0,73.0,86.0,-2.0,-8.0,19.0,55.0,86.0,-2.0,-18.0,24.0
2024-07-31,TREND_SHORT,PARTIAL_TP,short,WINNER,59.0,2,40921.0,6.0,28.0,-3.0,6.0,31.0,59.0,60.0,-3.0,53.0,58.0,35.0,60.0,-3.0,-24.0,32.0,32.0,60.0,-3.0,-3.0,19.0,6.0,60.0,-3.0,-26.0,34.0
2024-07-31,TREND_LONG,PARTIAL_TP,long,WINNER,58.0,15,41047.0,6.0,8.0,-12.0,6.0,20.0,32.0,33.0,-12.0,26.0,33.0,30.0,48.0,-12.0,-2.0,21.0,24.0,48.0,-12.0,-6.0,17.0,40.0,48.0,-12.0,16.0,39.0
2024-07-31,TREND_LONG,CHOP_TP,long,WINNER,24.0,41,41177.0,-13.0,2.0,-15.0,-13.0,17.0,-35.0,2.0,-36.0,-22.0,28.0,-25.0,2.0,-44.0,10.0,20.0,-16.0,2.0,-44.0,9.0,21.0,-7.0,2.0,-44.0,9.0,17.0
2024-07-31,TREND_LONG,EXIT_FLAT,long,LOSER,-154.0,60,41227.0,0.0,1.0,-9.0,0.0,10.0,8.0,11.0,-9.0,8.0,12.0,3.0,11.0,-9.0,-5.0,8.0,6.0,11.0,-9.0,3.0,10.0,0.0,11.0,-9.0,-6.0,16.0
2024-07-31,TREND_LONG,PARTIAL_TP,long,WINNER,62.0,20,41266.0,-9.0,8.0,-13.0,-9.0,21.0,6.0,9.0,-14.0,15.0,23.0,12.0,20.0,-14.0,6.0,14.0,-16.0,20.0,-20.0,-28.0,40.0,13.0,20.0,-20.0,29.0,33.0
2024-08-01,TREND_SHORT,PARTIAL_TP,short,WINNER,66.0,9,41065.0,-8.0,8.0,-19.0,-8.0,27.0,16.0,20.0,-19.0,24.0,30.0,13.0,28.0,-19.0,-3.0,17.0,9.0,28.0,-19.0,-4.0,26.0,2.0,28.0,-19.0,-7.0,23.0
2024-08-01,TREND_SHORT,PARTIAL_TP,short,WINNER,52.0,18,40345.0,18.0,20.0,-6.0,18.0,26.0,20.0,21.0,-6.0,2.0,7.0,10.0,37.0,-6.0,-10.0,27.0,20.0,37.0,-6.0,10.0,24.0,28.0,37.0,-6.0,8.0,20.0
2024-08-01,CHOP_SELL,EARLY_HARD_STOP,short,LOSER,-122.0,3,40447.0,-10.0,4.0,-14.0,-10.0,18.0,-13.0,4.0,-31.0,-3.0,25.0,-61.0,4.0,-62.0,-48.0,52.0,-85.0,4.0,-85.0,-24.0,34.0,-51.0,4.0,-97.0,34.0,48.0
2024-08-02,TREND_SHORT,PARTIAL_TP,short,WINNER,58.0,4,39992.0,30.0,31.0,-6.0,30.0,37.0,26.0,37.0,-6.0,-4.0,26.0,17.0,40.0,-6.0,-9.0,36.0,58.0,62.0,-6.0,41.0,66.0,68.0,73.0,-6.0,10.0,37.0
2024-08-02,TREND_SHORT,EXIT_FLAT,short,LOSER,-148.0,23,39550.0,8.0,16.0,-3.0,8.0,19.0,-11.0,16.0,-28.0,-19.0,43.0,-20.0,16.0,-37.0,-9.0,29.0,-5.0,16.0,-37.0,15.0,20.0,24.0,26.0,-37.0,29.0,31.0
2024-08-05,TREND_LONG,EARLY_HARD_STOP,long,LOSER,-160.0,3,39075.0,26.0,52.0,-24.0,26.0,76.0,-33.0,52.0,-39.0,-59.0,78.0,-80.0,52.0,-80.0,-47.0,61.0,-64.0,52.0,-103.0,16.0,53.0,-120.0,52.0,-122.0,-56.0,66.0
2024-08-05,TREND_LONG,EXIT_FLAT,long,LOSER,-136.0,14,39124.0,-7.0,5.0,-22.0,-7.0,27.0,-25.0,5.0,-29.0,-18.0,23.0,-1.0,5.0,-29.0,24.0,26.0,9.0,13.0,-29.0,10.0,21.0,15.0,15.0,-29.0,6.0,23.0
2024-08-05,CHOP_SELL,PARTIAL_TP,short,WINNER,54.0,9,38792.0,4.0,5.0,-7.0,4.0,12.0,16.0,20.0,-11.0,12.0,31.0,15.0,23.0,-11.0,-1.0,19.0,12.0,23.0,-11.0,-3.0,19.0,35.0,38.0,-11.0,23.0,28.0
2024-08-06,TREND_LONG,PARTIAL_TP,long,WINNER,60.0,12,39156.0,-9.0,13.0,-21.0,-9.0,34.0,-28.0,13.0,-45.0,-19.0,42.0,-17.0,13.0,-45.0,11.0,30.0,-10.0,13.0,-54.0,7.0,58.0,8.0,20.0,-54.0,18.0,42.0
2024-08-06,TREND_LONG,EARLY_HARD_STOP,long,LOSER,-196.0,4,39283.0,-16.0,0.0,-22.0,-16.0,22.0,-21.0,0.0,-39.0,-5.0,36.0,-24.0,0.0,-39.0,-3.0,27.0,-98.0,0.0,-108.0,-74.0,90.0,-127.0,0.0,-149.0,-29.0,59.0
2024-08-06,TREND_LONG,PARTIAL_TP,long,WINNER,61.0,3,39325.0,38.0,45.0,-3.0,38.0,48.0,36.0,47.0,-3.0,-2.0,22.0,61.0,71.0,-3.0,25.0,36.0,16.0,71.0,-3.0,-45.0,62.0,21.0,71.0,-11.0,5.0,34.0
2024-08-06,TREND_LONG,CHOP_TP,long,WINNER,38.0,19,39396.0,8.0,23.0,-2.0,8.0,25.0,12.0,23.0,-4.0,4.0,19.0,13.0,23.0,-4.0,1.0,24.0,12.0,27.0,-4.0,-1.0,16.0,6.0,27.0,-4.0,-6.0,19.0
2024-08-06,TREND_LONG,PARTIAL_TP,long,WINNER,54.0,40,39425.0,-1.0,8.0,-12.0,-1.0,20.0,-17.0,8.0,-17.0,-16.0,22.0,-28.0,8.0,-31.0,-11.0,22.0,-6.0,8.0,-31.0,22.0,25.0,-23.0,8.0,-31.0,-17.0,22.0
2024-08-07,TREND_LONG,PARTIAL_TP,long,WINNER,65.0,3,39477.0,15.0,20.0,0.0,15.0,20.0,20.0,34.0,0.0,5.0,26.0,65.0,65.0,0.0,45.0,45.0,77.0,78.0,0.0,12.0,20.0,83.0,96.0,0.0,6.0,30.0
2024-08-07,TREND_SHORT,PARTIAL_TP,short,WINNER,62.0,6,39280.0,-7.0,0.0,-23.0,-7.0,22.0,7.0,10.0,-27.0,14.0,37.0,36.0,37.0,-27.0,29.0,39.0,38.0,44.0,-27.0,2.0,19.0,42.0,44.0,-27.0,4.0,15.0
2024-08-08,TREND_LONG,PARTIAL_TP,long,WINNER,58.0,2,39314.0,41.0,45.0,-8.0,41.0,53.0,58.0,65.0,-8.0,17.0,50.0,46.0,80.0,-8.0,-12.0,35.0,10.0,80.0,-12.0,-36.0,58.0,22.0,80.0,-12.0,12.0,22.0
2024-08-08,TREND_LONG,EXIT_FLAT,long,LOSER,-136.0,49,39455.0,13.0,16.0,-3.0,13.0,19.0,5.0,21.0,-3.0,-8.0,22.0,9.0,21.0,-7.0,4.0,22.0,9.0,22.0,-7.0,0.0,18.0,1.0,22.0,-8.0,-8.0,20.0
2024-08-08,TREND_LONG,EARLY_HARD_STOP,long,LOSER,-88.0,2,39501.0,-11.0,1.0,-17.0,-11.0,18.0,-44.0,1.0,-47.0,-33.0,38.0,-33.0,1.0,-47.0,11.0,17.0,-25.0,1.0,-47.0,8.0,19.0,-28.0,1.0,-47.0,-3.0,9.0
2024-08-08,TREND_LONG,PARTIAL_TP,long,WINNER,54.0,11,39507.0,11.0,14.0,-13.0,11.0,27.0,18.0,28.0,-13.0,7.0,19.0,4.0,28.0,-13.0,-14.0,19.0,7.0,28.0,-13.0,3.0,17.0,-4.0,28.0,-13.0,-11.0,19.0
2024-08-08,TREND_LONG,PARTIAL_TP,long,WINNER,53.0,12,39584.0,12.0,14.0,-12.0,12.0,26.0,16.0,18.0,-12.0,4.0,19.0,10.0,26.0,-12.0,-6.0,20.0,3.0,26.0,-12.0,-7.0,22.0,11.0,26.0,-12.0,8.0,11.0
2024-08-09,TREND_LONG,EXIT_FLAT,long,LOSER,-168.0,28,39550.0,10.0,10.0,-13.0,10.0,23.0,-12.0,10.0,-22.0,-22.0,31.0,-31.0,10.0,-33.0,-19.0,32.0,-20.0,10.0,-48.0,11.0,32.0,-37.0,10.0,-48.0,-17.0,26.0
2024-08-09,TREND_LONG,EXIT_FLAT,long,LOSER,-188.0,60,39604.0,-13.0,0.0,-26.0,-13.0,26.0,-31.0,0.0,-34.0,-18.0,26.0,-17.0,0.0,-38.0,14.0,26.0,8.0,18.0,-38.0,25.0,37.0,-3.0,18.0,-38.0,-11.0,22.0
2024-08-09,CHOP_BUY,PARTIAL_TP,long,WINNER,55.0,33,39528.0,12.0,17.0,-3.0,12.0,20.0,-3.0,17.0,-4.0,-15.0,20.0,-9.0,17.0,-9.0,-6.0,10.0,-13.0,17.0,-17.0,-4.0,17.0,0.0,17.0,-17.0,13.0,19.0
2024-08-09,CHOP_SELL,EXIT_FLAT,short,LOSER,-126.0,59,39593.0,20.0,21.0,-11.0,20.0,32.0,12.0,21.0,-11.0,-8.0,17.0,10.0,25.0,-11.0,-2.0,21.0,19.0,28.0,-11.0,9.0,15.0,14.0,28.0,-11.0,-5.0,19.0
2024-08-12,TREND_SHORT,EXIT_FLAT,short,LOSER,-128.0,12,39395.0,3.0,6.0,-23.0,3.0,29.0,13.0,20.0,-23.0,10.0,26.0,-1.0,29.0,-23.0,-14.0,33.0,-32.0,29.0,-36.0,-31.0,48.0,-17.0,29.0,-36.0,15.0,21.0
2024-08-12,CHOP_BUY,EXIT_FLAT,long,LOSER,-168.0,34,39606.0,3.0,7.0,-1.0,3.0,8.0,-16.0,7.0,-19.0,-19.0,23.0,-5.0,7.0,-19.0,11.0,15.0,3.0,7.0,-19.0,8.0,15.0,17.0,26.0,-19.0,14.0,27.0
2024-08-13,TREND_SHORT,EXIT_FLAT,short,LOSER,-130.0,22,39531.0,0.0,24.0,-9.0,0.0,33.0,-16.0,24.0,-21.0,-16.0,23.0,-38.0,24.0,-55.0,-22.0,49.0,-17.0,24.0,-55.0,21.0,30.0,-2.0,24.0,-55.0,15.0,22.0
2024-08-13,CHOP_BUY,PARTIAL_TP,long,WINNER,52.0,44,39653.0,10.0,13.0,0.0,10.0,12.0,11.0,20.0,0.0,1.0,15.0,1.0,20.0,0.0,-10.0,15.0,1.0,20.0,-7.0,0.0,11.0,2.0,20.0,-7.0,1.0,10.0
2024-08-13,TREND_LONG,SESSION_EXIT,long,LOSER,-8.0,59,39870.0,7.0,14.0,-1.0,7.0,15.0,14.0,16.0,-1.0,7.0,10.0,-3.0,16.0,-11.0,-17.0,25.0,-18.0,16.0,-32.0,-15.0,30.0,4.0,16.0,-32.0,22.0,23.0
2024-08-14,TREND_LONG,EXIT_FLAT,long,LOSER,-126.0,7,39984.0,-5.0,0.0,-25.0,-5.0,25.0,-14.0,7.0,-25.0,-9.0,24.0,-8.0,7.0,-25.0,6.0,22.0,-24.0,7.0,-25.0,-16.0,17.0,-22.0,7.0,-32.0,2.0,12.0
2024-08-14,TREND_SHORT,EARLY_HARD_STOP,short,LOSER,-94.0,3,39851.0,-19.0,6.0,-21.0,-19.0,27.0,-28.0,6.0,-39.0,-9.0,24.0,-47.0,6.0,-61.0,-19.0,36.0,-49.0,6.0,-61.0,-2.0,18.0,-41.0,6.0,-61.0,8.0,17.0
2024-08-14,TREND_LONG,PARTIAL_TP,long,WINNER,50.0,12,40006.0,-12.0,3.0,-12.0,-12.0,15.0,-12.0,3.0,-23.0,0.0,14.0,-11.0,3.0,-23.0,1.0,6.0,-13.0,3.0,-23.0,-2.0,13.0,-3.0,3.0,-23.0,10.0,12.0
2024-08-14,CHOP_BUY,EXIT_FLAT,long,LOSER,-122.0,39,40140.0,-1.0,6.0,-5.0,-1.0,11.0,2.0,6.0,-13.0,3.0,16.0,10.0,11.0,-13.0,8.0,10.0,2.0,11.0,-13.0,-8.0,10.0,1.0,11.0,-13.0,-1.0,7.0
2024-08-14,TREND_LONG,EXIT_FLAT,long,LOSER,-138.0,16,40186.0,-4.0,1.0,-8.0,-4.0,9.0,-15.0,1.0,-17.0,-11.0,16.0,-19.0,1.0,-25.0,-4.0,12.0,-21.0,1.0,-25.0,-2.0,8.0,-20.0,1.0,-27.0,1.0,7.0
2024-08-14,CHOP_BUY,SESSION_EXIT,long,LOSER,-4.0,34,40123.0,-8.0,0.0,-9.0,-8.0,9.0,-9.0,0.0,-12.0,-1.0,10.0,-15.0,0.0,-18.0,-6.0,10.0,-17.0,0.0,-25.0,-2.0,12.0,-13.0,0.0,-25.0,4.0,14.0
2024-08-15,TREND_SHORT,PARTIAL_TP,short,WINNER,50.0,5,40506.0,10.0,11.0,-12.0,10.0,23.0,-5.0,15.0,-12.0,-15.0,24.0,0.0,15.0,-22.0,5.0,29.0,23.0,31.0,-22.0,23.0,32.0,50.0,56.0,-22.0,27.0,36.0
2024-08-15,CHOP_BUY,CHOP_TP,long,WINNER,38.0,47,40631.0,1.0,5.0,-2.0,1.0,7.0,-5.0,5.0,-10.0,-6.0,13.0,-4.0,5.0,-10.0,1.0,6.0,1.0,5.0,-10.0,5.0,8.0,-1.0,5.0,-10.0,-2.0,7.0
2024-08-15,TREND_LONG,SESSION_EXIT,long,WINNER,44.0,79,40670.0,7.0,9.0,-2.0,7.0,11.0,8.0,11.0,-2.0,1.0,8.0,14.0,16.0,-2.0,6.0,12.0,7.0,16.0,-2.0,-7.0,9.0,5.0,16.0,-2.0,-2.0,5.0
2024-08-16,CHOP_BUY,PARTIAL_TP,long,WINNER,59.0,5,40671.0,4.0,10.0,-10.0,4.0,20.0,-10.0,10.0,-13.0,-14.0,19.0,-12.0,10.0,-18.0,-2.0,15.0,41.0,49.0,-18.0,53.0,64.0,59.0,69.0,-18.0,18.0,30.0
2024-08-16,CHOP_BUY,PARTIAL_TP,long,WINNER,52.0,35,40662.0,8.0,10.0,-3.0,8.0,13.0,11.0,17.0,-3.0,3.0,12.0,17.0,22.0,-3.0,6.0,11.0,20.0,22.0,-3.0,3.0,8.0,5.0,22.0,-3.0,-15.0,17.0
2024-08-16,TREND_LONG,PARTIAL_TP,long,WINNER,67.0,42,40764.0,-4.0,2.0,-5.0,-4.0,7.0,3.0,4.0,-9.0,7.0,13.0,7.0,9.0,-9.0,4.0,8.0,0.0,12.0,-9.0,-7.0,15.0,-8.0,12.0,-9.0,-8.0,11.0
2024-08-16,CHOP_BUY,PARTIAL_TP,long,WINNER,50.0,80,40803.0,9.0,10.0,-2.0,9.0,12.0,16.0,18.0,-2.0,7.0,8.0,8.0,18.0,-2.0,-8.0,9.0,5.0,18.0,-2.0,-3.0,9.0,-1.0,18.0,-3.0,-6.0,10.0
2024-08-19,CHOP_SELL,EXIT_FLAT,short,LOSER,-134.0,9,40878.0,-5.0,2.0,-9.0,-5.0,11.0,-22.0,2.0,-27.0,-17.0,22.0,-30.0,2.0,-35.0,-8.0,13.0,-33.0,2.0,-35.0,-3.0,19.0,-32.0,2.0,-41.0,1.0,16.0
2024-08-19,TREND_LONG,PARTIAL_TP,long,WINNER,52.0,12,40965.0,4.0,14.0,-1.0,4.0,15.0,3.0,14.0,-2.0,-1.0,12.0,10.0,14.0,-2.0,7.0,11.0,4.0,14.0,-2.0,-6.0,10.0,12.0,14.0,-2.0,8.0,12.0
2024-08-19,CHOP_BUY,PARTIAL_TP,long,WINNER,52.0,86,40982.0,0.0,5.0,-2.0,0.0,7.0,12.0,12.0,-2.0,12.0,13.0,15.0,17.0,-2.0,3.0,10.0,4.0,18.0,-2.0,-11.0,15.0,7.0,18.0,-2.0,3.0,7.0
2024-08-19,CHOP_BUY,EXIT_FLAT,long,LOSER,-120.0,25,41015.0,-10.0,1.0,-12.0,-10.0,13.0,-18.0,1.0,-18.0,-8.0,10.0,-17.0,1.0,-23.0,1.0,8.0,-21.0,1.0,-26.0,-4.0,11.0,-23.0,1.0,-29.0,-2.0,8.0
2024-08-19,CHOP_BUY,PARTIAL_TP,long,WINNER,57.0,131,40968.0,-4.0,3.0,-8.0,-4.0,11.0,-10.0,3.0,-11.0,-6.0,7.0,-8.0,3.0,-11.0,2.0,3.0,-9.0,3.0,-11.0,-1.0,4.0,-9.0,3.0,-15.0,0.0,8.0
2024-08-20,CHOP_SELL,PARTIAL_TP,short,WINNER,51.0,35,40987.0,-3.0,6.0,-5.0,-3.0,11.0,8.0,15.0,-5.0,11.0,20.0,12.0,15.0,-5.0,4.0,13.0,15.0,16.0,-5.0,3.0,19.0,-13.0,18.0,-15.0,-28.0,33.0
2024-08-20,CHOP_BUY,PARTIAL_TP,long,WINNER,58.0,5,40905.0,25.0,25.0,0.0,25.0,24.0,36.0,38.0,0.0,11.0,15.0,41.0,41.0,0.0,5.0,14.0,46.0,51.0,0.0,5.0,19.0,58.0,59.0,0.0,12.0,16.0
2024-08-20,CHOP_BUY,PARTIAL_TP,long,WINNER,55.0,87,40966.0,-1.0,4.0,-7.0,-1.0,11.0,3.0,5.0,-7.0,4.0,12.0,0.0,5.0,-7.0,-3.0,5.0,-2.0,5.0,-7.0,-2.0,5.0,7.0,9.0,-7.0,9.0,12.0
2024-08-21,TREND_SHORT,PARTIAL_TP,short,WINNER,52.0,8,40954.0,-2.0,12.0,-5.0,-2.0,17.0,10.0,12.0,-5.0,12.0,14.0,17.0,20.0,-5.0,7.0,23.0,27.0,31.0,-5.0,10.0,20.0,26.0,31.0,-5.0,-1.0,16.0
2024-08-21,TREND_LONG,EXIT_FLAT,long,LOSER,-188.0,7,41078.0,11.0,13.0,0.0,11.0,13.0,4.0,19.0,0.0,-7.0,17.0,10.0,19.0,0.0,6.0,10.0,0.0,19.0,-1.0,-10.0,14.0,-27.0,19.0,-34.0,-27.0,36.0
2024-08-21,TREND_SHORT,EARLY_HARD_STOP,short,LOSER,-90.0,3,40856.0,-21.0,6.0,-22.0,-21.0,28.0,-34.0,6.0,-38.0,-13.0,21.0,-45.0,6.0,-48.0,-11.0,27.0,-51.0,6.0,-62.0,-6.0,22.0,-53.0,6.0,-62.0,-2.0,12.0
2024-08-21,CHOP_BUY,EXIT_FLAT,long,LOSER,-136.0,33,40971.0,-3.0,5.0,-11.0,-3.0,16.0,0.0,5.0,-13.0,3.0,16.0,-8.0,15.0,-13.0,-8.0,24.0,7.0,15.0,-13.0,15.0,16.0,-2.0,15.0,-13.0,-9.0,21.0
2024-08-21,CHOP_SELL,EXIT_FLAT,short,LOSER,-120.0,34,40913.0,-16.0,3.0,-17.0,-16.0,20.0,-21.0,3.0,-22.0,-5.0,9.0,-8.0,3.0,-22.0,13.0,14.0,-18.0,3.0,-22.0,-10.0,12.0,-25.0,3.0,-25.0,-7.0,7.0
2024-08-21,CHOP_SELL,EXIT_FLAT,short,LOSER,-134.0,78,40974.0,-4.0,0.0,-9.0,-4.0,8.0,-5.0,0.0,-9.0,-1.0,3.0,-6.0,0.0,-9.0,-1.0,4.0,-12.0,0.0,-15.0,-6.0,9.0,-20.0,0.0,-21.0,-8.0,10.0
2024-08-21,CHOP_BUY,EARLY_HARD_STOP,long,LOSER,-86.0,5,40978.0,-1.0,6.0,-3.0,-1.0,9.0,-3.0,6.0,-6.0,-2.0,8.0,-22.0,6.0,-33.0,-19.0,28.0,-26.0,6.0,-33.0,-4.0,11.0,-43.0,6.0,-54.0,-17.0,28.0
2024-08-22,TREND_SHORT,EARLY_HARD_STOP,short,LOSER,-98.0,4,40983.0,-5.0,17.0,-8.0,-5.0,25.0,11.0,17.0,-12.0,16.0,28.0,-20.0,17.0,-21.0,-31.0,29.0,-49.0,17.0,-51.0,-29.0,37.0,-54.0,17.0,-69.0,-5.0,40.0
2024-08-22,TREND_SHORT,PARTIAL_TP,short,WINNER,57.0,4,40962.0,24.0,36.0,-3.0,24.0,39.0,29.0,39.0,-3.0,5.0,18.0,41.0,44.0,-3.0,12.0,22.0,57.0,68.0,-3.0,16.0,27.0,61.0,68.0,-3.0,4.0,28.0
2024-08-22,TREND_SHORT,EXIT_FLAT,short,LOSER,-122.0,60,40841.0,15.0,26.0,-3.0,15.0,29.0,22.0,26.0,-3.0,7.0,15.0,17.0,26.0,-3.0,-5.0,12.0,20.0,26.0,-3.0,3.0,11.0,11.0,26.0,-3.0,-9.0,18.0
2024-08-22,TREND_SHORT,PARTIAL_TP,short,WINNER,97.0,31,40802.0,9.0,10.0,-6.0,9.0,16.0,15.0,22.0,-6.0,6.0,19.0,23.0,29.0,-6.0,8.0,19.0,10.0,29.0,-6.0,-13.0,19.0,32.0,35.0,-6.0,22.0,26.0
2024-08-22,TREND_SHORT,EXIT_FLAT,short,LOSER,-134.0,14,40694.0,0.0,1.0,-13.0,0.0,14.0,-4.0,5.0,-13.0,-4.0,11.0,5.0,10.0,-13.0,9.0,14.0,-5.0,10.0,-13.0,-10.0,12.0,4.0,10.0,-15.0,9.0,21.0
2024-08-22,CHOP_BUY,SESSION_EXIT,long,WINNER,98.0,89,40795.0,13.0,17.0,0.0,13.0,14.0,28.0,29.0,0.0,15.0,17.0,20.0,32.0,0.0,-8.0,15.0,20.0,32.0,0.0,0.0,10.0,16.0,32.0,0.0,-4.0,13.0
2024-08-23,TREND_SHORT,EXIT_FLAT,short,LOSER,-220.0,10,40967.0,15.0,19.0,-6.0,15.0,25.0,8.0,33.0,-6.0,-7.0,29.0,-8.0,33.0,-15.0,-16.0,23.0,-28.0,33.0,-34.0,-20.0,31.0,-26.0,33.0,-37.0,2.0,18.0
2024-08-23,TREND_LONG,PARTIAL_TP,long,WINNER,58.0,3,41151.0,30.0,30.0,-3.0,30.0,33.0,40.0,44.0,-3.0,10.0,29.0,58.0,62.0,-3.0,18.0,29.0,72.0,85.0,-3.0,14.0,34.0,52.0,85.0,-3.0,-20.0,29.0
2024-08-23,TREND_LONG,EXIT_FLAT,long,LOSER,-180.0,28,41274.0,25.0,25.0,-10.0,25.0,35.0,22.0,33.0,-10.0,-3.0,17.0,4.0,33.0,-10.0,-18.0,25.0,2.0,33.0,-19.0,-2.0,29.0,11.0,33.0,-19.0,9.0,25.0
2024-08-23,CHOP_SELL,EARLY_HARD_STOP,short,LOSER,-80.0,2,40999.0,-27.0,0.0,-34.0,-27.0,33.0,-40.0,0.0,-47.0,-13.0,21.0,-43.0,0.0,-57.0,-3.0,18.0,-42.0,0.0,-57.0,1.0,15.0,-43.0,0.0,-57.0,-1.0,12.0
2024-08-23,TREND_SHORT,EARLY_HARD_STOP,short,LOSER,-82.0,4,40949.0,-17.0,4.0,-24.0,-17.0,28.0,-18.0,4.0,-29.0,-1.0,14.0,-24.0,4.0,-29.0,-6.0,17.0,-41.0,4.0,-45.0,-17.0,24.0,-74.0,4.0,-81.0,-33.0,46.0
2024-08-23,CHOP_BUY,PARTIAL_TP,long,WINNER,60.0,62,41169.0,-26.0,1.0,-36.0,-26.0,37.0,-12.0,1.0,-36.0,14.0,14.0,6.0,6.0,-36.0,18.0,21.0,-5.0,10.0,-36.0,-11.0,19.0,0.0,10.0,-36.0,5.0,13.0
2024-08-26,CHOP_BUY,PARTIAL_TP,long,WINNER,51.0,14,41469.0,-20.0,1.0,-22.0,-20.0,23.0,-24.0,1.0,-37.0,-4.0,19.0,-23.0,1.0,-37.0,1.0,15.0,-25.0,1.0,-37.0,-2.0,15.0,-31.0,1.0,-40.0,-6.0,22.0
2024-08-26,TREND_SHORT,PARTIAL_TP,short,WINNER,55.0,21,41336.0,-5.0,2.0,-11.0,-5.0,13.0,-20.0,7.0,-24.0,-15.0,31.0,-24.0,7.0,-32.0,-4.0,13.0,-33.0,7.0,-35.0,-9.0,14.0,-23.0,7.0,-35.0,10.0,14.0
2024-08-26,CHOP_SELL,EXIT_FLAT,short,LOSER,-130.0,29,41339.0,-4.0,5.0,-4.0,-4.0,9.0,-2.0,5.0,-7.0,2.0,6.0,-10.0,5.0,-10.0,-8.0,9.0,-13.0,5.0,-15.0,-3.0,7.0,-13.0,5.0,-15.0,0.0,7.0
2024-08-26,CHOP_BUY,EXIT_FLAT,long,LOSER,-176.0,31,41371.0,9.0,14.0,0.0,9.0,14.0,26.0,26.0,0.0,17.0,18.0,17.0,26.0,-1.0,-9.0,26.0,12.0,26.0,-1.0,-5.0,8.0,22.0,26.0,-1.0,10.0,12.0
2024-08-26,TREND_SHORT,EXIT_FLAT,short,LOSER,-130.0,50,41253.0,12.0,14.0,-10.0,12.0,24.0,4.0,22.0,-10.0,-8.0,23.0,10.0,22.0,-10.0,6.0,18.0,9.0,22.0,-10.0,-1.0,10.0,4.0,22.0,-10.0,-5.0,10.0
2024-08-26,CHOP_BUY,SESSION_EXIT,long,WINNER,32.0,36,41318.0,-1.0,4.0,-5.0,-1.0,9.0,-9.0,4.0,-12.0,-8.0,11.0,-6.0,4.0,-15.0,3.0,9.0,-11.0,4.0,-15.0,-5.0,9.0,-15.0,4.0,-17.0,-4.0,8.0
2024-08-27,CHOP_BUY,CHOP_TP,long,WINNER,54.0,13,41313.0,4.0,9.0,0.0,4.0,9.0,13.0,17.0,0.0,9.0,12.0,28.0,36.0,0.0,15.0,23.0,23.0,36.0,0.0,-5.0,19.0,30.0,36.0,0.0,7.0,15.0
2024-08-27,TREND_SHORT,EXIT_FLAT,short,LOSER,-120.0,42,41227.0,-5.0,6.0,-9.0,-5.0,15.0,-12.0,6.0,-17.0,-7.0,15.0,-15.0,6.0,-19.0,-3.0,14.0,-12.0,6.0,-19.0,3.0,14.0,-22.0,6.0,-28.0,-10.0,19.0
2024-08-27,TREND_SHORT,EXIT_FLAT,short,LOSER,-126.0,11,41211.0,-3.0,5.0,-4.0,-3.0,9.0,-5.0,5.0,-8.0,-2.0,10.0,-10.0,5.0,-10.0,-5.0,8.0,-13.0,5.0,-18.0,-3.0,7.0,-15.0,5.0,-19.0,-2.0,9.0
2024-08-27,CHOP_BUY,CHOP_TP,long,WINNER,28.0,36,41328.0,-6.0,5.0,-7.0,-6.0,12.0,-9.0,5.0,-14.0,-3.0,7.0,-6.0,5.0,-14.0,3.0,6.0,-4.0,5.0,-14.0,2.0,4.0,-7.0,5.0,-14.0,-3.0,9.0
2024-08-27,CHOP_BUY,SESSION_EXIT,long,WINNER,12.0,90,41347.0,2.0,6.0,-1.0,2.0,7.0,2.0,6.0,-3.0,0.0,8.0,0.0,6.0,-6.0,-2.0,7.0,1.0,6.0,-6.0,1.0,5.0,2.0,6.0,-6.0,1.0,9.0
2024-08-28,TREND_LONG,PARTIAL_TP,long,WINNER,53.0,3,41386.0,37.0,38.0,-2.0,37.0,40.0,26.0,40.0,-2.0,-11.0,19.0,53.0,60.0,-2.0,27.0,35.0,46.0,65.0,-2.0,-7.0,23.0,54.0,65.0,-2.0,8.0,18.0
2024-08-28,TREND_SHORT,PARTIAL_TP,short,WINNER,52.0,17,41244.0,-18.0,3.0,-19.0,-18.0,22.0,-8.0,3.0,-19.0,10.0,12.0,-24.0,3.0,-25.0,-16.0,19.0,-24.0,3.0,-30.0,0.0,13.0,-25.0,3.0,-30.0,-1.0,17.0
2024-08-28,TREND_SHORT,PARTIAL_TP,short,WINNER,62.0,16,41168.0,9.0,14.0,-4.0,9.0,18.0,-5.0,14.0,-10.0,-14.0,20.0,-8.0,14.0,-11.0,-3.0,12.0,2.0,14.0,-11.0,10.0,14.0,-19.0,14.0,-20.0,-21.0,22.0
2024-08-28,TREND_SHORT,PARTIAL_TP,short,WINNER,50.0,6,41068.0,-8.0,0.0,-17.0,-8.0,17.0,-9.0,1.0,-17.0,-1.0,13.0,2.0,2.0,-17.0,11.0,14.0,24.0,29.0,-17.0,22.0,33.0,38.0,46.0,-17.0,14.0,25.0
2024-08-29,TREND_SHORT,EARLY_HARD_STOP,short,LOSER,-98.0,4,41189.0,7.0,7.0,-9.0,7.0,16.0,-11.0,17.0,-13.0,-18.0,30.0,-22.0,17.0,-26.0,-11.0,21.0,-49.0,17.0,-63.0,-27.0,45.0,-86.0,17.0,-91.0,-37.0,54.0
2024-08-29,CHOP_SELL,EXIT_FLAT,short,LOSER,-136.0,23,41431.0,-1.0,3.0,-10.0,-1.0,13.0,13.0,17.0,-10.0,14.0,18.0,13.0,21.0,-10.0,0.0,13.0,17.0,26.0,-10.0,4.0,12.0,42.0,45.0,-10.0,25.0,31.0
2024-08-29,TREND_LONG,PARTIAL_TP,long,WINNER,55.0,11,41513.0,4.0,8.0,-2.0,4.0,10.0,12.0,16.0,-2.0,8.0,14.0,6.0,16.0,-4.0,-6.0,16.0,28.0,28.0,-4.0,22.0,25.0,24.0,31.0,-4.0,-4.0,15.0
2024-08-29,CHOP_SELL,PARTIAL_TP,short,WINNER,55.0,28,41661.0,-2.0,7.0,-10.0,-2.0,17.0,-16.0,7.0,-18.0,-14.0,17.0,-12.0,7.0,-18.0,4.0,10.0,2.0,7.0,-21.0,14.0,23.0,-12.0,7.0,-21.0,-14.0,19.0
2024-08-30,TREND_SHORT,PARTIAL_TP,short,WINNER,82.0,11,41407.0,-9.0,3.0,-11.0,-9.0,14.0,-2.0,3.0,-11.0,7.0,12.0,8.0,11.0,-11.0,10.0,15.0,19.0,21.0,-11.0,11.0,26.0,20.0,25.0,-11.0,1.0,12.0
2024-08-30,CHOP_SELL,EXIT_FLAT,short,LOSER,-248.0,13,41508.0,11.0,11.0,-6.0,11.0,17.0,3.0,14.0,-6.0,-8.0,17.0,3.0,14.0,-6.0,0.0,12.0,-15.0,14.0,-17.0,-18.0,18.0,-17.0,14.0,-26.0,-2.0,12.0
2024-08-30,TREND_SHORT,SESSION_EXIT,short,WINNER,16.0,6,41637.0,-13.0,6.0,-26.0,-13.0,32.0,-8.0,6.0,-29.0,5.0,28.0,-23.0,6.0,-29.0,-15.0,21.0,-13.0,8.0,-29.0,10.0,34.0,4.0,8.0,-37.0,17.0,44.0
2024-09-02,TREND_SHORT,EXIT_FLAT,short,LOSER,-76.0,38,41588.0,3.0,4.0,-2.0,3.0,6.0,8.0,11.0,-2.0,5.0,8.0,5.0,11.0,-2.0,-3.0,5.0,9.0,11.0,-2.0,4.0,7.0,10.0,11.0,-2.0,1.0,3.0
2024-09-03,TREND_SHORT,PARTIAL_TP,short,WINNER,91.0,2,41293.0,42.0,49.0,-5.0,42.0,54.0,91.0,96.0,-5.0,49.0,53.0,89.0,118.0,-5.0,-2.0,39.0,89.0,118.0,-5.0,0.0,22.0,97.0,118.0,-5.0,8.0,24.0
2024-09-03,CHOP_SELL,EARLY_HARD_STOP,short,LOSER,-80.0,5,41177.0,-15.0,4.0,-18.0,-15.0,22.0,-18.0,4.0,-24.0,-3.0,17.0,-31.0,4.0,-45.0,-13.0,27.0,-27.0,4.0,-45.0,4.0,18.0,-40.0,4.0,-54.0,-13.0,38.0
2024-09-03,CHOP_BUY,EXIT_FLAT,long,LOSER,-162.0,131,41202.0,-5.0,3.0,-7.0,-5.0,10.0,-6.0,3.0,-10.0,-1.0,8.0,-18.0,3.0,-20.0,-12.0,15.0,-2.0,3.0,-20.0,16.0,18.0,19.0,20.0,-20.0,21.0,24.0
2024-09-03,CHOP_BUY,EXIT_FLAT,long,LOSER,-68.0,26,41089.0,10.0,15.0,-1.0,10.0,16.0,11.0,19.0,-1.0,1.0,11.0,4.0,24.0,-1.0,-7.0,20.0,-3.0,24.0,-3.0,-7.0,12.0,-4.0,24.0,-8.0,-1.0,11.0
2024-09-03,TREND_SHORT,CHOP_TP,short,WINNER,48.0,15,41048.0,1.0,4.0,-7.0,1.0,11.0,15.0,18.0,-7.0,14.0,23.0,24.0,31.0,-7.0,9.0,21.0,9.0,31.0,-7.0,-15.0,15.0,13.0,31.0,-7.0,4.0,13.0
2024-09-03,TREND_SHORT,PARTIAL_TP,short,WINNER,82.0,5,40994.0,7.0,10.0,-7.0,7.0,17.0,35.0,35.0,-7.0,28.0,38.0,46.0,54.0,-7.0,11.0,20.0,49.0,56.0,-7.0,3.0,22.0,82.0,92.0,-7.0,33.0,44.0
2024-09-04,TREND_LONG,EXIT_FLAT,long,LOSER,-128.0,9,41152.0,-3.0,3.0,-15.0,-3.0,18.0,-7.0,5.0,-19.0,-4.0,24.0,-25.0,5.0,-38.0,-18.0,32.0,-26.0,5.0,-52.0,-1.0,43.0,-37.0,5.0,-59.0,-11.0,34.0
2024-09-04,CHOP_BUY,CHOP_TP,long,WINNER,62.0,10,41120.0,37.0,37.0,0.0,37.0,37.0,40.0,50.0,0.0,3.0,29.0,17.0,50.0,0.0,-23.0,32.0,-2.0,50.0,-12.0,-19.0,31.0,1.0,50.0,-12.0,3.0,13.0
2024-09-04,TREND_LONG,PARTIAL_TP,long,WINNER,61.0,20,41195.0,20.0,20.0,-6.0,20.0,26.0,-2.0,21.0,-6.0,-22.0,25.0,-7.0,21.0,-27.0,-5.0,25.0,-28.0,21.0,-44.0,-21.0,40.0,-10.0,21.0,-44.0,18.0,21.0
2024-09-04,TREND_SHORT,CHOP_TP,short,WINNER,26.0,37,40961.0,2.0,4.0,-3.0,2.0,7.0,-2.0,6.0,-7.0,-4.0,13.0,-6.0,6.0,-8.0,-4.0,10.0,9.0,12.0,-8.0,15.0,18.0,-2.0,13.0,-11.0,-11.0,24.0
2024-09-04,CHOP_BUY,PARTIAL_TP,long,WINNER,59.0,50,40973.0,18.0,23.0,0.0,18.0,22.0,20.0,25.0,0.0,2.0,13.0,10.0,25.0,0.0,-10.0,14.0,-9.0,25.0,-11.0,-19.0,22.0,-17.0,25.0,-20.0,-8.0,11.0
2024-09-05,TREND_SHORT,PARTIAL_TP,short,WINNER,95.0,14,40911.0,15.0,23.0,0.0,15.0,23.0,26.0,28.0,0.0,11.0,15.0,34.0,56.0,0.0,8.0,30.0,39.0,56.0,0.0,5.0,20.0,33.0,56.0,0.0,-6.0,19.0
2024-09-05,TREND_SHORT,PARTIAL_TP,short,WINNER,51.0,11,40810.0,34.0,45.0,0.0,34.0,44.0,32.0,45.0,0.0,-2.0,16.0,2.0,45.0,-1.0,-30.0,31.0,14.0,45.0,-1.0,12.0,23.0,19.0,45.0,-1.0,5.0,19.0
2024-09-05,TREND_SHORT,EXIT_FLAT,short,LOSER,-136.0,30,40644.0,-4.0,14.0,-7.0,-4.0,21.0,0.0,14.0,-11.0,4.0,15.0,24.0,24.0,-11.0,24.0,33.0,42.0,48.0,-11.0,18.0,27.0,36.0,51.0,-11.0,-6.0,16.0
2024-09-05,CHOP_BUY,PARTIAL_TP,long,WINNER,54.0,26,40891.0,-11.0,2.0,-15.0,-11.0,17.0,-12.0,2.0,-20.0,-1.0,15.0,-9.0,2.0,-20.0,3.0,11.0,-21.0,2.0,-26.0,-12.0,18.0,-16.0,2.0,-28.0,5.0,16.0
2024-09-05,CHOP_BUY,PARTIAL_TP,long,WINNER,60.0,6,40786.0,4.0,10.0,-9.0,4.0,19.0,17.0,32.0,-9.0,13.0,33.0,12.0,32.0,-9.0,-5.0,14.0,16.0,32.0,-9.0,4.0,17.0,-5.0,32.0,-12.0,-21.0,40.0
2024-09-06,TREND_SHORT,PARTIAL_TP,short,WINNER,63.0,10,40836.0,-14.0,6.0,-18.0,-14.0,24.0,8.0,11.0,-28.0,22.0,39.0,22.0,22.0,-28.0,14.0,27.0,45.0,58.0,-28.0,23.0,40.0,47.0,63.0,-28.0,2.0,23.0
2024-09-06,TREND_SHORT,EXIT_FLAT,short,LOSER,-140.0,85,40420.0,8.0,17.0,-11.0,8.0,28.0,5.0,18.0,-11.0,-3.0,25.0,-6.0,18.0,-12.0,-11.0,22.0,-27.0,18.0,-31.0,-21.0,26.0,4.0,18.0,-31.0,31.0,44.0
2024-09-06,CHOP_SELL,PARTIAL_TP,short,WINNER,59.0,6,40511.0,-4.0,9.0,-5.0,-4.0,14.0,3.0,14.0,-5.0,7.0,17.0,25.0,25.0,-5.0,22.0,26.0,38.0,49.0,-5.0,13.0,22.0,30.0,51.0,-5.0,-8.0,25.0
2024-09-06,CHOP_SELL,PARTIAL_TP,short,WINNER,55.0,8,40404.0,13.0,14.0,-2.0,13.0,16.0,-6.0,14.0,-12.0,-19.0,25.0,11.0,14.0,-16.0,17.0,27.0,26.0,33.0,-16.0,15.0,31.0,21.0,33.0,-16.0,-5.0,12.0
2024-09-09,TREND_LONG,PARTIAL_TP,long,WINNER,83.0,16,40749.0,-14.0,1.0,-27.0,-14.0,28.0,-18.0,1.0,-32.0,-4.0,24.0,-32.0,1.0,-44.0,-14.0,25.0,-34.0,1.0,-44.0,-2.0,13.0,-38.0,1.0,-47.0,-4.0,21.0
2024-09-09,CHOP_BUY,EXIT_FLAT,long,LOSER,-142.0,20,40917.0,-15.0,5.0,-19.0,-15.0,24.0,-3.0,5.0,-25.0,12.0,25.0,14.0,22.0,-25.0,17.0,26.0,19.0,22.0,-25.0,5.0,18.0,24.0,27.0,-25.0,5.0,10.0
2024-09-10,TREND_SHORT,PARTIAL_TP,short,WINNER,65.0,9,40771.0,-21.0,3.0,-22.0,-21.0,25.0,-16.0,3.0,-26.0,5.0,17.0,1.0,3.0,-26.0,17.0,27.0,12.0,16.0,-26.0,11.0,20.0,13.0,23.0,-26.0,1.0,14.0
2024-09-10,CHOP_BUY,EARLY_HARD_STOP,long,LOSER,-98.0,4,40735.0,-8.0,2.0,-16.0,-8.0,18.0,-35.0,2.0,-43.0,-27.0,37.0,-24.0,2.0,-46.0,11.0,24.0,-49.0,2.0,-61.0,-25.0,38.0,-78.0,2.0,-85.0,-29.0,36.0
2024-09-10,TREND_SHORT,PARTIAL_TP,short,WINNER,62.0,9,40591.0,11.0,23.0,-5.0,11.0,28.0,24.0,24.0,-5.0,13.0,19.0,11.0,26.0,-5.0,-13.0,26.0,6.0,26.0,-5.0,-5.0,18.0,13.0,26.0,-5.0,7.0,16.0
2024-09-10,CHOP_BUY,PARTIAL_TP,long,WINNER,52.0,30,40694.0,11.0,15.0,-2.0,11.0,17.0,30.0,31.0,-2.0,19.0,28.0,23.0,31.0,-2.0,-7.0,10.0,32.0,40.0,-2.0,9.0,15.0,25.0,40.0,-2.0,-7.0,16.0
2024-09-10,CHOP_BUY,SESSION_EXIT,long,WINNER,20.0,51,40767.0,7.0,7.0,-4.0,7.0,11.0,5.0,7.0,-4.0,-2.0,8.0,0.0,7.0,-4.0,-5.0,9.0,9.0,11.0,-4.0,9.0,12.0,14.0,14.0,-4.0,5.0,8.0
2024-09-11,TREND_SHORT,PARTIAL_TP,short,WINNER,63.0,9,40307.0,-3.0,13.0,-18.0,-3.0,31.0,-33.0,13.0,-33.0,-30.0,34.0,-18.0,13.0,-43.0,15.0,30.0,-12.0,13.0,-43.0,6.0,21.0,23.0,23.0,-43.0,35.0,37.0
2024-09-11,CHOP_BUY,PARTIAL_TP,long,WINNER,53.0,27,40598.0,1.0,6.0,-10.0,1.0,16.0,-10.0,6.0,-35.0,-11.0,37.0,-10.0,6.0,-35.0,0.0,12.0,-13.0,6.0,-35.0,-3.0,9.0,-38.0,6.0,-40.0,-25.0,29.0
2024-09-11,TREND_LONG,PARTIAL_TP,long,WINNER,50.0,3,40744.0,8.0,16.0,-3.0,8.0,19.0,32.0,32.0,-3.0,24.0,29.0,50.0,58.0,-3.0,18.0,29.0,73.0,74.0,-3.0,23.0,26.0,88.0,104.0,-3.0,15.0,31.0
2024-09-11,TREND_LONG,EXIT_FLAT,long,LOSER,-142.0,18,40854.0,-4.0,1.0,-17.0,-4.0,18.0,-10.0,3.0,-17.0,-6.0,17.0,2.0,3.0,-17.0,12.0,19.0,-3.0,3.0,-19.0,-5.0,20.0,1.0,9.0,-19.0,4.0,17.0
2024-09-11,TREND_LONG,PARTIAL_TP,long,WINNER,50.0,3,40875.0,24.0,32.0,-4.0,24.0,36.0,28.0,35.0,-4.0,4.0,15.0,50.0,51.0,-4.0,22.0,34.0,58.0,76.0,-4.0,8.0,31.0,4.0,76.0,-4.0,-54.0,77.0
2024-09-12,CHOP_SELL,PARTIAL_TP,short,WINNER,51.0,3,40759.0,13.0,20.0,-17.0,13.0,37.0,22.0,27.0,-17.0,9.0,22.0,51.0,52.0,-17.0,29.0,34.0,46.0,58.0,-17.0,-5.0,19.0,33.0,58.0,-17.0,-13.0,19.0
2024-09-12,CHOP_BUY,PARTIAL_TP,long,WINNER,50.0,24,40845.0,8.0,11.0,0.0,8.0,10.0,9.0,13.0,0.0,1.0,12.0,23.0,29.0,0.0,14.0,20.0,28.0,29.0,0.0,5.0,10.0,6.0,29.0,0.0,-22.0,23.0
2024-09-12,CHOP_SELL,PARTIAL_TP,short,WINNER,141.0,18,41094.0,-13.0,1.0,-15.0,-13.0,16.0,-29.0,1.0,-31.0,-16.0,19.0,-21.0,1.0,-31.0,8.0,13.0,-29.0,1.0,-35.0,-8.0,11.0,-27.0,1.0,-35.0,2.0,7.0
2024-09-12,TREND_LONG,SESSION_EXIT,long,LOSER,-16.0,1,41152.0,-8.0,5.0,-12.0,-8.0,17.0,-9.0,5.0,-12.0,-1.0,11.0,-12.0,5.0,-17.0,-3.0,10.0,-17.0,5.0,-20.0,-5.0,10.0,-14.0,5.0,-20.0,3.0,6.0
2024-09-13,TREND_LONG,EARLY_HARD_STOP,long,LOSER,-96.0,5,41376.0,-21.0,1.0,-23.0,-21.0,24.0,-23.0,19.0,-92.0,-2.0,111.0,-33.0,19.0,-92.0,-10.0,29.0,-22.0,19.0,-92.0,11.0,29.0,-48.0,19.0,-92.0,-26.0,40.0
2024-09-13,TREND_LONG,PARTIAL_TP,long,WINNER,75.0,20,41407.0,34.0,36.0,-3.0,34.0,39.0,43.0,44.0,-3.0,9.0,26.0,14.0,45.0,-3.0,-29.0,38.0,1.0,45.0,-3.0,-13.0,25.0,-5.0,45.0,-38.0,-6.0,40.0
2024-09-13,CHOP_BUY,EXIT_FLAT,long,LOSER,-238.0,25,41495.0,8.0,9.0,-2.0,8.0,11.0,15.0,15.0,-6.0,7.0,21.0,32.0,39.0,-6.0,17.0,25.0,33.0,40.0,-6.0,1.0,11.0,36.0,40.0,-6.0,3.0,13.0
2024-09-16,TREND_LONG,EXIT_FLAT,long,LOSER,-126.0,11,41757.0,9.0,17.0,-8.0,9.0,25.0,15.0,29.0,-8.0,6.0,20.0,3.0,29.0,-8.0,-12.0,29.0,-1.0,29.0,-9.0,-4.0,19.0,-13.0,29.0,-13.0,-12.0,20.0
2024-09-16,CHOP_BUY,EARLY_HARD_STOP,long,LOSER,-96.0,3,41696.0,-19.0,6.0,-22.0,-19.0,28.0,-25.0,6.0,-35.0,-6.0,20.0,-48.0,6.0,-54.0,-23.0,28.0,-26.0,6.0,-55.0,22.0,29.0,-34.0,6.0,-55.0,-8.0,12.0
2024-09-16,TREND_SHORT,PARTIAL_TP,short,WINNER,60.0,58,41565.0,8.0,17.0,-8.0,8.0,25.0,9.0,17.0,-8.0,1.0,18.0,13.0,18.0,-8.0,4.0,11.0,34.0,64.0,-8.0,21.0,50.0,6.0,64.0,-8.0,-28.0,38.0
2024-09-16,CHOP_BUY,PARTIAL_TP,long,WINNER,57.0,8,41519.0,-3.0,0.0,-5.0,-3.0,5.0,9.0,9.0,-11.0,12.0,20.0,9.0,16.0,-11.0,0.0,13.0,9.0,16.0,-11.0,0.0,8.0,-4.0,16.0,-11.0,-13.0,13.0
2024-09-16,CHOP_SELL,EXIT_FLAT,short,LOSER,-144.0,43,41614.0,-2.0,3.0,-3.0,-2.0,6.0,2.0,4.0,-3.0,4.0,6.0,-5.0,7.0,-5.0,-7.0,12.0,-6.0,7.0,-6.0,-1.0,8.0,-9.0,7.0,-11.0,-3.0,7.0
2024-09-16,CHOP_SELL,SESSION_EXIT,short,LOSER,-4.0,15,41657.0,-7.0,3.0,-9.0,-7.0,12.0,-1.0,3.0,-9.0,6.0,7.0,2.0,6.0,-9.0,3.0,8.0,3.0,6.0,-9.0,1.0,7.0,-8.0,6.0,-12.0,-11.0,15.0
2024-09-17,TREND_SHORT,EXIT_FLAT,short,LOSER,-120.0,11,41706.0,2.0,10.0,-8.0,2.0,18.0,-5.0,10.0,-8.0,-7.0,13.0,15.0,15.0,-8.0,20.0,16.0,9.0,30.0,-8.0,-6.0,24.0,16.0,30.0,-8.0,7.0,18.0
2024-09-17,TREND_LONG,CHOP_TP,long,WINNER,36.0,16,41827.0,-17.0,6.0,-39.0,-17.0,45.0,-23.0,6.0,-39.0,-6.0,19.0,7.0,7.0,-39.0,30.0,24.0,0.0,16.0,-39.0,-7.0,18.0,-11.0,16.0,-39.0,-11.0,13.0
2024-09-17,CHOP_SELL,PARTIAL_TP,short,WINNER,52.0,9,41822.0,4.0,16.0,0.0,4.0,15.0,24.0,24.0,0.0,20.0,10.0,21.0,24.0,0.0,-3.0,6.0,27.0,29.0,0.0,6.0,14.0,34.0,37.0,0.0,7.0,7.0
2024-09-17,TREND_SHORT,PARTIAL_TP,short,WINNER,81.0,5,41651.0,26.0,28.0,-2.0,26.0,30.0,15.0,30.0,-2.0,-11.0,18.0,17.0,30.0,-2.0,2.0,13.0,36.0,40.0,-2.0,19.0,21.0,81.0,85.0,-2.0,45.0,48.0
2024-09-17,CHOP_BUY,EXIT_FLAT,long,LOSER,-208.0,22,41654.0,-14.0,6.0,-17.0,-14.0,23.0,-19.0,6.0,-42.0,-5.0,28.0,-22.0,6.0,-42.0,-3.0,7.0,-32.0,6.0,-42.0,-10.0,14.0,-34.0,6.0,-47.0,-2.0,16.0
2024-09-18,TREND_SHORT,EXIT_FLAT,short,LOSER,-122.0,11,41520.0,-6.0,0.0,-12.0,-6.0,9.0,-7.0,0.0,-13.0,-1.0,13.0,-5.0,0.0,-18.0,2.0,16.0,-18.0,0.0,-21.0,-13.0,20.0,-27.0,0.0,-27.0,-9.0,19.0
2024-09-18,CHOP_BUY,CHOP_TP,long,WINNER,70.0,69,41564.0,23.0,25.0,0.0,23.0,20.0,19.0,35.0,0.0,-4.0,25.0,-8.0,35.0,-10.0,-27.0,34.0,-26.0,35.0,-31.0,-18.0,20.0,-35.0,35.0,-41.0,-9.0,22.0
2024-09-18,CHOP_SELL,EXIT_FLAT,short,LOSER,-108.0,44,41625.0,0.0,0.0,-2.0,0.0,2.0,-14.0,2.0,-15.0,-14.0,17.0,-6.0,2.0,-15.0,8.0,1.0,-11.0,2.0,-15.0,-5.0,4.0,-14.0,2.0,-15.0,-3.0,7.0
2024-09-18,TREND_LONG,EXIT_FLAT,long,LOSER,-134.0,21,41691.0,9.0,9.0,-1.0,9.0,10.0,10.0,14.0,-1.0,1.0,4.0,22.0,22.0,-1.0,12.0,9.0,4.0,29.0,-1.0,-18.0,25.0,-22.0,29.0,-42.0,-26.0,44.0
2024-09-18,TREND_LONG,EARLY_HARD_STOP,long,LOSER,-168.0,3,41922.0,-22.0,104.0,-22.0,-22.0,126.0,-25.0,104.0,-40.0,-3.0,75.0,-84.0,104.0,-86.0,-59.0,97.0,-99.0,104.0,-103.0,-15.0,32.0,-72.0,104.0,-103.0,27.0,57.0
2024-09-18,TREND_SHORT,SESSION_EXIT,short,LOSER,-12.0,15,41526.0,6.0,26.0,0.0,6.0,20.0,-30.0,26.0,-30.0,-36.0,54.0,48.0,56.0,-30.0,78.0,57.0,24.0,56.0,-30.0,-24.0,7.0,19.0,56.0,-30.0,-5.0,30.0
2024-09-19,TREND_SHORT,EARLY_HARD_STOP,short,LOSER,-134.0,3,41853.0,-21.0,0.0,-24.0,-21.0,22.0,-26.0,0.0,-37.0,-5.0,17.0,-67.0,0.0,-68.0,-41.0,31.0,-62.0,0.0,-74.0,5.0,19.0,-45.0,0.0,-74.0,17.0,12.0
2024-09-19,CHOP_BUY,PARTIAL_TP,long,WINNER,52.0,19,41949.0,5.0,5.0,-1.0,5.0,6.0,-6.0,5.0,-12.0,-11.0,8.0,2.0,5.0,-12.0,8.0,14.0,5.0,5.0,-12.0,3.0,2.0,-9.0,9.0,-12.0,-14.0,21.0
2024-09-19,CHOP_BUY,CHOP_TP,long,WINNER,24.0,4,42086.0,10.0,10.0,-1.0,10.0,11.0,4.0,10.0,-1.0,-6.0,4.0,8.0,10.0,-1.0,4.0,4.0,12.0,17.0,-1.0,4.0,18.0,11.0,19.0,-1.0,-1.0,11.0
2024-09-19,CHOP_BUY,PARTIAL_TP,long,WINNER,50.0,48,42078.0,-9.0,0.0,-9.0,-9.0,9.0,-5.0,3.0,-9.0,4.0,11.0,0.0,4.0,-9.0,5.0,7.0,12.0,12.0,-9.0,12.0,6.0,2.0,12.0,-9.0,-10.0,6.0
2024-09-19,CHOP_BUY,EXIT_FLAT,long,LOSER,-196.0,18,42163.0,6.0,6.0,0.0,6.0,0.0,-7.0,6.0,-7.0,-13.0,5.0,0.0,6.0,-7.0,7.0,5.0,8.0,8.0,-7.0,8.0,8.0,14.0,14.0,-7.0,6.0,10.0
2024-09-19,CHOP_BUY,EARLY_HARD_STOP,long,LOSER,-80.0,5,42066.0,-11.0,0.0,-20.0,-11.0,16.0,-8.0,0.0,-20.0,3.0,3.0,-11.0,0.0,-20.0,-3.0,0.0,-31.0,0.0,-32.0,-20.0,11.0,-40.0,0.0,-41.0,-9.0,20.0
2024-09-23,TREND_SHORT,EARLY_HARD_STOP,short,LOSER,-100.0,4,42404.0,4.0,12.0,-6.0,4.0,18.0,-24.0,23.0,-24.0,-28.0,47.0,-31.0,23.0,-40.0,-7.0,24.0,-50.0,23.0,-60.0,-19.0,33.0,-40.0,23.0,-60.0,10.0,20.0
2024-09-23,CHOP_SELL,CHOP_TP,short,WINNER,44.0,30,42489.0,-6.0,0.0,-8.0,-6.0,8.0,-6.0,2.0,-8.0,0.0,10.0,11.0,13.0,-13.0,17.0,26.0,3.0,14.0,-13.0,-8.0,13.0,12.0,17.0,-13.0,9.0,14.0
2024-09-23,CHOP_SELL,SESSION_EXIT,short,LOSER,-74.0,152,42470.0,-1.0,4.0,-4.0,-1.0,8.0,-9.0,4.0,-12.0,-8.0,11.0,-7.0,4.0,-12.0,2.0,7.0,-12.0,4.0,-16.0,-5.0,12.0,-21.0,4.0,-22.0,-9.0,9.0
2024-09-24,TREND_SHORT,EXIT_FLAT,short,LOSER,-124.0,10,42491.0,-18.0,9.0,-27.0,-18.0,36.0,-8.0,9.0,-27.0,10.0,24.0,18.0,43.0,-27.0,26.0,52.0,2.0,43.0,-27.0,-16.0,32.0,11.0,43.0,-27.0,9.0,18.0
2024-09-24,TREND_LONG,EXIT_FLAT,long,LOSER,-124.0,41,42608.0,-8.0,10.0,-10.0,-8.0,20.0,-7.0,10.0,-17.0,1.0,18.0,-10.0,10.0,-17.0,-3.0,11.0,-16.0,10.0,-20.0,-6.0,15.0,-8.0,10.0,-20.0,8.0,16.0
2024-09-24,CHOP_BUY,EARLY_HARD_STOP,long,LOSER,-80.0,5,42525.0,-3.0,2.0,-10.0,-3.0,12.0,-8.0,2.0,-15.0,-5.0,12.0,-13.0,2.0,-17.0,-5.0,11.0,-18.0,2.0,-21.0,-5.0,14.0,-40.0,2.0,-41.0,-22.0,24.0
2024-09-24,CHOP_BUY,EXIT_FLAT,long,LOSER,-140.0,55,42516.0,-16.0,0.0,-18.0,-16.0,18.0,-20.0,0.0,-23.0,-4.0,7.0,-23.0,0.0,-25.0,-3.0,7.0,-17.0,0.0,-25.0,6.0,7.0,-24.0,0.0,-26.0,-7.0,9.0
2024-09-24,CHOP_BUY,PARTIAL_TP,long,WINNER,61.0,26,42539.0,-7.0,0.0,-7.0,-7.0,7.0,-1.0,0.0,-9.0,6.0,8.0,-15.0,2.0,-18.0,-14.0,20.0,-17.0,2.0,-18.0,-2.0,9.0,-22.0,2.0,-23.0,-5.0,12.0
2024-09-25,TREND_SHORT,PARTIAL_TP,short,WINNER,65.0,30,42493.0,-4.0,6.0,-14.0,-4.0,20.0,-28.0,6.0,-31.0,-24.0,33.0,-29.0,6.0,-47.0,-1.0,22.0,-12.0,6.0,-47.0,17.0,24.0,-13.0,6.0,-47.0,-1.0,16.0
2024-09-25,CHOP_BUY,EXIT_FLAT,long,LOSER,-72.0,27,42353.0,4.0,7.0,-4.0,4.0,11.0,-5.0,7.0,-6.0,-9.0,11.0,2.0,7.0,-9.0,7.0,14.0,-4.0,7.0,-9.0,-6.0,9.0,-9.0,7.0,-16.0,-5.0,13.0
2024-09-25,TREND_SHORT,PARTIAL_TP,short,WINNER,63.0,52,42297.0,-17.0,4.0,-18.0,-17.0,22.0,-17.0,4.0,-21.0,0.0,7.0,-20.0,4.0,-21.0,-3.0,9.0,-12.0,4.0,-24.0,8.0,23.0,-17.0,4.0,-24.0,-5.0,16.0
2024-09-25,CHOP_SELL,CHOP_TP,short,WINNER,54.0,32,42332.0,0.0,4.0,-4.0,0.0,8.0,7.0,10.0,-4.0,7.0,9.0,11.0,16.0,-4.0,4.0,10.0,11.0,17.0,-4.0,0.0,8.0,12.0,17.0,-4.0,1.0,6.0
2024-09-25,CHOP_BUY,SESSION_EXIT,long,LOSER,-32.0,27,42298.0,-1.0,2.0,-6.0,-1.0,8.0,-5.0,2.0,-6.0,-4.0,5.0,-14.0,2.0,-17.0,-9.0,11.0,-19.0,2.0,-20.0,-5.0,13.0,-26.0,2.0,-26.0,-7.0,9.0
2024-09-26,TREND_SHORT,EXIT_FLAT,short,LOSER,-126.0,30,42457.0,28.0,28.0,-3.0,28.0,31.0,5.0,33.0,-3.0,-23.0,29.0,3.0,33.0,-6.0,-2.0,13.0,1.0,33.0,-6.0,-2.0,15.0,6.0,33.0,-8.0,5.0,14.0
2024-09-26,CHOP_BUY,CHOP_TP,long,WINNER,44.0,69,42500.0,-6.0,3.0,-8.0,-6.0,11.0,11.0,16.0,-8.0,17.0,23.0,10.0,20.0,-8.0,-1.0,14.0,15.0,21.0,-8.0,5.0,14.0,20.0,28.0,-8.0,5.0,32.0
2024-09-26,CHOP_SELL,EXIT_FLAT,short,LOSER,-130.0,37,42526.0,6.0,6.0,-3.0,6.0,9.0,3.0,7.0,-3.0,-3.0,6.0,0.0,7.0,-5.0,-3.0,12.0,1.0,7.0,-5.0,1.0,7.0,-4.0,7.0,-6.0,-5.0,12.0
2024-09-26,CHOP_SELL,PARTIAL_TP,short,WINNER,51.0,60,42572.0,5.0,6.0,0.0,5.0,6.0,1.0,8.0,-1.0,-4.0,9.0,1.0,8.0,-3.0,0.0,7.0,0.0,8.0,-3.0,-1.0,5.0,5.0,8.0,-3.0,5.0,6.0
2024-09-27,TREND_LONG,PARTIAL_TP,long,WINNER,60.0,15,42758.0,-16.0,14.0,-18.0,-16.0,32.0,-30.0,14.0,-44.0,-14.0,29.0,-15.0,14.0,-44.0,15.0,29.0,-4.0,14.0,-44.0,11.0,18.0,1.0,14.0,-44.0,5.0,30.0
2024-09-27,TREND_LONG,PARTIAL_TP,long,WINNER,50.0,7,42932.0,26.0,28.0,-3.0,26.0,31.0,21.0,34.0,-3.0,-5.0,17.0,7.0,34.0,-3.0,-14.0,15.0,22.0,34.0,-3.0,15.0,16.0,28.0,34.0,-3.0,6.0,12.0
2024-09-27,TREND_LONG,EXIT_FLAT,long,LOSER,-120.0,29,42995.0,-8.0,3.0,-11.0,-8.0,14.0,10.0,10.0,-13.0,18.0,23.0,-6.0,10.0,-13.0,-16.0,15.0,4.0,10.0,-13.0,10.0,13.0,0.0,10.0,-13.0,-4.0,12.0
2024-09-27,CHOP_SELL,CHOP_TP,short,WINNER,34.0,18,42724.0,-2.0,2.0,-8.0,-2.0,10.0,7.0,7.0,-8.0,9.0,9.0,9.0,15.0,-8.0,2.0,7.0,9.0,15.0,-8.0,0.0,10.0,4.0,15.0,-8.0,-5.0,5.0
2024-09-27,CHOP_SELL,PARTIAL_TP,short,WINNER,57.0,17,42721.0,0.0,4.0,-5.0,0.0,9.0,-10.0,4.0,-10.0,-10.0,11.0,1.0,4.0,-13.0,11.0,16.0,-4.0,4.0,-13.0,-5.0,10.0,5.0,8.0,-13.0,9.0,12.0
2024-09-30,CHOP_SELL,EARLY_HARD_STOP,short,LOSER,-88.0,4,42460.0,0.0,2.0,-18.0,0.0,20.0,-5.0,27.0,-18.0,-5.0,34.0,-32.0,27.0,-34.0,-27.0,33.0,-44.0,27.0,-47.0,-12.0,26.0,-46.0,27.0,-57.0,-2.0,19.0
2024-09-30,TREND_LONG,EXIT_FLAT,long,LOSER,-152.0,43,42614.0,-5.0,8.0,-6.0,-5.0,14.0,3.0,8.0,-13.0,8.0,20.0,7.0,12.0,-13.0,4.0,12.0,11.0,12.0,-13.0,4.0,12.0,15.0,19.0,-13.0,4.0,14.0
2024-09-30,CHOP_BUY,EXIT_FLAT,long,LOSER,-134.0,113,42537.0,2.0,6.0,-1.0,2.0,7.0,0.0,6.0,-5.0,-2.0,9.0,3.0,6.0,-5.0,3.0,4.0,2.0,21.0,-5.0,-1.0,21.0,4.0,21.0,-5.0,2.0,7.0
2024-09-30,TREND_SHORT,PARTIAL_TP,short,WINNER,59.0,3,42406.0,6.0,11.0,-18.0,6.0,29.0,42.0,42.0,-18.0,36.0,37.0,59.0,74.0,-18.0,17.0,34.0,77.0,80.0,-18.0,18.0,19.0,110.0,117.0,-18.0,33.0,45.0
2024-09-30,CHOP_BUY,PARTIAL_TP,long,WINNER,52.0,11,42495.0,-5.0,10.0,-5.0,-5.0,15.0,11.0,12.0,-10.0,16.0,22.0,6.0,29.0,-10.0,-5.0,24.0,-4.0,29.0,-10.0,-10.0,16.0,12.0,29.0,-10.0,16.0,20.0
2024-10-01,TREND_SHORT,EXIT_FLAT,short,LOSER,-126.0,27,42313.0,22.0,38.0,-2.0,22.0,40.0,33.0,46.0,-2.0,11.0,29.0,12.0,62.0,-2.0,-21.0,57.0,24.0,62.0,-29.0,12.0,56.0,13.0,62.0,-29.0,-11.0,30.0
2024-10-01,TREND_LONG,CHOP_TP,long,WINNER,30.0,29,42618.0,9.0,30.0,-6.0,9.0,36.0,2.0,30.0,-6.0,-7.0,23.0,-4.0,30.0,-14.0,-6.0,16.0,-5.0,30.0,-14.0,-1.0,14.0,9.0,30.0,-14.0,14.0,21.0
2024-10-02,TREND_LONG,PARTIAL_TP,long,WINNER,55.0,46,42515.0,-3.0,0.0,-16.0,-3.0,16.0,-6.0,0.0,-18.0,-3.0,18.0,-5.0,3.0,-18.0,1.0,14.0,2.0,3.0,-18.0,7.0,12.0,48.0,55.0,-18.0,46.0,54.0
2024-10-02,CHOP_SELL,EXIT_FLAT,short,LOSER,-142.0,37,42428.0,10.0,14.0,-1.0,10.0,15.0,-1.0,14.0,-1.0,-11.0,13.0,-6.0,14.0,-6.0,-5.0,13.0,-7.0,14.0,-16.0,-1.0,12.0,0.0,14.0,-16.0,7.0,11.0
2024-10-03,TREND_LONG,EARLY_HARD_STOP,long,LOSER,-170.0,3,42419.0,13.0,21.0,-3.0,13.0,24.0,1.0,21.0,-13.0,-12.0,27.0,-85.0,21.0,-88.0,-86.0,90.0,-83.0,21.0,-143.0,2.0,73.0,-68.0,21.0,-143.0,15.0,32.0
2024-10-03,CHOP_SELL,PARTIAL_TP,short,WINNER,57.0,6,42332.0,-8.0,12.0,-15.0,-8.0,27.0,10.0,26.0,-15.0,18.0,38.0,30.0,34.0,-15.0,20.0,34.0,28.0,42.0,-15.0,-2.0,27.0,13.0,42.0,-15.0,-15.0,22.0
2024-10-03,CHOP_BUY,PARTIAL_TP,long,WINNER,58.0,6,42302.0,38.0,40.0,-1.0,38.0,41.0,41.0,60.0,-1.0,3.0,30.0,33.0,60.0,-1.0,-8.0,12.0,46.0,60.0,-1.0,13.0,31.0,47.0,60.0,-1.0,1.0,11.0
2024-10-03,CHOP_SELL,EXIT_FLAT,short,LOSER,-134.0,120,42235.0,-14.0,0.0,-16.0,-14.0,16.0,-20.0,0.0,-24.0,-6.0,14.0,-12.0,0.0,-24.0,8.0,13.0,-8.0,0.0,-24.0,4.0,15.0,-3.0,0.0,-24.0,5.0,10.0
2024-10-04,CHOP_SELL,PARTIAL_TP,short,WINNER,69.0,3,42580.0,32.0,35.0,-2.0,32.0,37.0,28.0,38.0,-2.0,-4.0,26.0,69.0,83.0,-2.0,41.0,61.0,104.0,108.0,-2.0,35.0,42.0,72.0,118.0,-2.0,-32.0,50.0
2024-10-04,TREND_LONG,SESSION_EXIT,long,LOSER,-4.0,20,42642.0,-3.0,4.0,-4.0,-3.0,8.0,1.0,4.0,-6.0,4.0,9.0,15.0,15.0,-6.0,14.0,14.0,20.0,23.0,-6.0,5.0,12.0,-8.0,23.0,-9.0,-28.0,30.0
2024-10-07,TREND_LONG,EXIT_FLAT,long,LOSER,-124.0,35,42559.0,-4.0,7.0,-20.0,-4.0,27.0,-23.0,7.0,-27.0,-19.0,26.0,-34.0,7.0,-44.0,-11.0,18.0,-19.0,7.0,-44.0,15.0,31.0,-6.0,7.0,-44.0,13.0,26.0
2024-10-07,CHOP_SELL,CHOP_TP,short,WINNER,72.0,21,42533.0,6.0,10.0,-8.0,6.0,18.0,16.0,26.0,-8.0,10.0,22.0,31.0,34.0,-8.0,15.0,16.0,37.0,53.0,-8.0,6.0,25.0,38.0,53.0,-8.0,1.0,18.0
2024-10-07,CHOP_SELL,PARTIAL_TP,short,WINNER,53.0,44,42496.0,5.0,11.0,-5.0,5.0,16.0,-8.0,11.0,-8.0,-13.0,16.0,-15.0,11.0,-16.0,-7.0,17.0,-24.0,11.0,-25.0,-9.0,17.0,-11.0,11.0,-27.0,13.0,21.0
2024-10-07,CHOP_BUY,CHOP_TP,long,WINNER,64.0,18,42386.0,0.0,0.0,-12.0,0.0,12.0,2.0,4.0,-12.0,2.0,9.0,1.0,5.0,-12.0,-1.0,7.0,-4.0,5.0,-12.0,-5.0,10.0,7.0,10.0,-12.0,11.0,13.0
2024-10-07,CHOP_BUY,EXIT_FLAT,long,LOSER,-76.0,11,42388.0,-11.0,1.0,-13.0,-11.0,14.0,-11.0,1.0,-20.0,0.0,13.0,-12.0,1.0,-20.0,-1.0,10.0,-16.0,1.0,-20.0,-4.0,4.0,-14.0,1.0,-20.0,2.0,8.0
2024-10-07,TREND_SHORT,PARTIAL_TP,short,WINNER,58.0,28,42298.0,-3.0,6.0,-8.0,-3.0,14.0,-8.0,6.0,-9.0,-5.0,10.0,-2.0,6.0,-13.0,6.0,11.0,-4.0,6.0,-13.0,-2.0,4.0,0.0,6.0,-13.0,4.0,7.0
2024-10-08,CHOP_SELL,PARTIAL_TP,short,WINNER,66.0,78,42314.0,-6.0,0.0,-10.0,-6.0,9.0,-5.0,0.0,-11.0,1.0,7.0,-16.0,0.0,-18.0,-11.0,13.0,-13.0,0.0,-18.0,3.0,13.0,-15.0,0.0,-23.0,-2.0,12.0
2024-10-08,TREND_LONG,PARTIAL_TP,long,WINNER,52.0,65,42375.0,3.0,5.0,-7.0,3.0,12.0,7.0,9.0,-7.0,4.0,14.0,7.0,11.0,-7.0,0.0,8.0,1.0,11.0,-7.0,-6.0,10.0,-9.0,11.0,-13.0,-10.0,14.0
2024-10-09,TREND_LONG,EARLY_HARD_STOP,long,LOSER,-90.0,4,42581.0,-23.0,10.0,-24.0,-23.0,34.0,-21.0,10.0,-34.0,2.0,17.0,-18.0,10.0,-34.0,3.0,17.0,-45.0,10.0,-50.0,-27.0,32.0,-76.0,10.0,-82.0,-31.0,36.0
2024-10-09,TREND_LONG,PARTIAL_TP,long,WINNER,54.0,11,42609.0,-9.0,10.0,-11.0,-9.0,21.0,-6.0,10.0,-11.0,3.0,9.0,-6.0,10.0,-15.0,0.0,13.0,0.0,10.0,-15.0,6.0,11.0,-6.0,10.0,-15.0,-6.0,8.0
2024-10-09,TREND_LONG,PARTIAL_TP,long,WINNER,65.0,13,42676.0,-10.0,2.0,-11.0,-10.0,13.0,-3.0,2.0,-11.0,7.0,11.0,0.0,6.0,-11.0,3.0,11.0,-4.0,6.0,-11.0,-4.0,10.0,9.0,17.0,-11.0,13.0,20.0
2024-10-09,TREND_LONG,EXIT_FLAT,long,LOSER,-124.0,27,42796.0,-4.0,9.0,-5.0,-4.0,14.0,-5.0,9.0,-5.0,-1.0,9.0,-5.0,9.0,-10.0,0.0,8.0,-19.0,9.0,-19.0,-14.0,16.0,-20.0,9.0,-22.0,-1.0,5.0
2024-10-09,CHOP_SELL,EXIT_FLAT,short,LOSER,-128.0,85,42726.0,0.0,7.0,-10.0,0.0,17.0,3.0,9.0,-10.0,3.0,10.0,-11.0,9.0,-14.0,-14.0,19.0,-18.0,9.0,-21.0,-7.0,12.0,-23.0,9.0,-27.0,-5.0,12.0
2024-10-09,TREND_LONG,SESSION_EXIT,long,WINNER,10.0,35,42807.0,-7.0,1.0,-10.0,-7.0,11.0,-3.0,1.0,-10.0,4.0,10.0,-8.0,1.0,-10.0,-5.0,9.0,1.0,4.0,-10.0,9.0,12.0,-5.0,4.0,-10.0,-6.0,10.0
2024-10-10,TREND_SHORT,CHOP_TP,short,WINNER,40.0,13,42652.0,-21.0,1.0,-23.0,-21.0,24.0,-7.0,1.0,-23.0,14.0,16.0,-9.0,1.0,-23.0,-2.0,13.0,16.0,18.0,-23.0,25.0,30.0,15.0,24.0,-23.0,-1.0,22.0
2024-10-10,CHOP_BUY,PARTIAL_TP,long,WINNER,51.0,37,42694.0,-15.0,2.0,-16.0,-15.0,18.0,-8.0,2.0,-19.0,7.0,17.0,-2.0,2.0,-19.0,6.0,14.0,9.0,11.0,-19.0,11.0,13.0,4.0,11.0,-19.0,-5.0,7.0
2024-10-10,TREND_SHORT,EARLY_HARD_STOP,short,LOSER,-108.0,5,42638.0,5.0,9.0,0.0,5.0,9.0,-20.0,9.0,-20.0,-25.0,28.0,-19.0,9.0,-28.0,1.0,11.0,-30.0,9.0,-33.0,-11.0,13.0,-54.0,9.0,-54.0,-24.0,24.0
2024-10-10,CHOP_BUY,PARTIAL_TP,long,WINNER,50.0,94,42649.0,-4.0,7.0,-8.0,-4.0,15.0,1.0,7.0,-8.0,5.0,10.0,-11.0,7.0,-12.0,-12.0,14.0,0.0,7.0,-15.0,11.0,16.0,-6.0,7.0,-15.0,-6.0,15.0
2024-10-11,TREND_LONG,PARTIAL_TP,long,WINNER,54.0,9,42957.0,25.0,32.0,-6.0,25.0,38.0,13.0,35.0,-6.0,-12.0,23.0,39.0,39.0,-6.0,26.0,29.0,38.0,42.0,-6.0,-1.0,17.0,34.0,72.0,-6.0,-4.0,41.0
2024-10-11,TREND_LONG,PARTIAL_TP,long,WINNER,50.0,46,43061.0,-17.0,0.0,-24.0,-17.0,24.0,-3.0,0.0,-24.0,14.0,16.0,-12.0,2.0,-24.0,-9.0,18.0,0.0,2.0,-24.0,12.0,13.0,-2.0,9.0,-24.0,-2.0,14.0
2024-10-11,CHOP_SELL,EXIT_FLAT,short,LOSER,-122.0,81,43021.0,5.0,5.0,0.0,5.0,5.0,-10.0,5.0,-11.0,-15.0,16.0,4.0,5.0,-11.0,14.0,13.0,6.0,6.0,-11.0,2.0,5.0,8.0,10.0,-11.0,2.0,10.0
2024-10-11,TREND_LONG,EXIT_FLAT,long,LOSER,-156.0,23,43130.0,1.0,3.0,-4.0,1.0,7.0,0.0,6.0,-4.0,-1.0,8.0,2.0,6.0,-4.0,2.0,7.0,-1.0,14.0,-7.0,-3.0,21.0,-6.0,14.0,-7.0,-5.0,9.0
2024-10-11,CHOP_SELL,EXIT_FLAT,short,LOSER,-120.0,34,43103.0,5.0,10.0,0.0,5.0,10.0,4.0,10.0,0.0,-1.0,6.0,4.0,10.0,0.0,0.0,4.0,-6.0,10.0,-9.0,-10.0,14.0,-17.0,10.0,-20.0,-11.0,15.0
2024-10-11,TREND_LONG,SESSION_EXIT,long,LOSER,-44.0,28,43168.0,0.0,4.0,-3.0,0.0,7.0,-6.0,4.0,-11.0,-6.0,13.0,-9.0,4.0,-15.0,-3.0,11.0,1.0,4.0,-15.0,10.0,11.0,9.0,9.0,-15.0,8.0,10.0
2024-10-14,TREND_LONG,PARTIAL_TP,long,WINNER,57.0,17,43132.0,-8.0,1.0,-20.0,-8.0,21.0,-8.0,3.0,-20.0,0.0,12.0,-9.0,3.0,-20.0,-1.0,11.0,-1.0,3.0,-20.0,8.0,16.0,28.0,28.0,-20.0,29.0,29.0
2024-10-14,CHOP_BUY,CHOP_TP,long,WINNER,40.0,1,43178.0,20.0,21.0,-1.0,20.0,22.0,23.0,27.0,-1.0,3.0,11.0,6.0,27.0,-1.0,-17.0,18.0,5.0,27.0,-6.0,-1.0,17.0,13.0,27.0,-6.0,8.0,12.0
2024-10-14,TREND_LONG,CHOP_TP,long,WINNER,34.0,15,43211.0,6.0,9.0,-3.0,6.0,12.0,23.0,25.0,-3.0,17.0,20.0,27.0,28.0,-3.0,4.0,9.0,27.0,38.0,-3.0,0.0,13.0,24.0,38.0,-3.0,-3.0,12.0
2024-10-14,TREND_LONG,PARTIAL_TP,long,WINNER,52.0,22,43269.0,-1.0,3.0,-6.0,-1.0,9.0,6.0,7.0,-6.0,7.0,13.0,9.0,10.0,-6.0,3.0,8.0,12.0,15.0,-6.0,3.0,9.0,13.0,15.0,-6.0,1.0,10.0
2024-10-14,CHOP_BUY,CHOP_TP,long,WINNER,36.0,14,43310.0,2.0,2.0,-8.0,2.0,10.0,-6.0,4.0,-8.0,-8.0,12.0,-12.0,4.0,-14.0,-6.0,9.0,-5.0,4.0,-14.0,7.0,9.0,10.0,11.0,-14.0,15.0,15.0
2024-10-14,TREND_LONG,EXIT_FLAT,long,LOSER,-120.0,59,43348.0,-10.0,0.0,-11.0,-10.0,10.0,-10.0,0.0,-16.0,0.0,8.0,-10.0,0.0,-16.0,0.0,5.0,-17.0,0.0,-17.0,-7.0,9.0,-19.0,0.0,-21.0,-2.0,6.0
2024-10-14,CHOP_BUY,PARTIAL_TP,long,WINNER,50.0,41,43296.0,1.0,2.0,-2.0,1.0,4.0,5.0,10.0,-2.0,4.0,9.0,7.0,10.0,-2.0,2.0,6.0,0.0,10.0,-2.0,-7.0,7.0,3.0,10.0,-2.0,3.0,6.0
2024-10-14,CHOP_BUY,PARTIAL_TP,long,WINNER,52.0,24,43354.0,4.0,5.0,-2.0,4.0,7.0,5.0,8.0,-2.0,1.0,5.0,-1.0,8.0,-2.0,-6.0,7.0,4.0,8.0,-2.0,5.0,5.0,0.0,8.0,-3.0,-4.0,11.0
2024-10-15,TREND_SHORT,EXIT_FLAT,short,LOSER,-120.0,15,43042.0,-14.0,15.0,-16.0,-14.0,31.0,6.0,21.0,-18.0,20.0,39.0,3.0,21.0,-18.0,-3.0,15.0,-12.0,21.0,-18.0,-15.0,27.0,-3.0,21.0,-25.0,9.0,24.0
2024-10-15,CHOP_BUY,PARTIAL_TP,long,WINNER,52.0,8,43156.0,6.0,9.0,-1.0,6.0,10.0,5.0,9.0,-1.0,-1.0,5.0,5.0,10.0,-1.0,0.0,9.0,12.0,17.0,-1.0,7.0,14.0,15.0,19.0,-1.0,3.0,8.0
2024-10-15,CHOP_BUY,EXIT_FLAT,long,LOSER,-86.0,29,43064.0,-9.0,0.0,-15.0,-9.0,15.0,3.0,3.0,-15.0,12.0,15.0,-15.0,7.0,-17.0,-18.0,24.0,2.0,7.0,-17.0,17.0,21.0,-1.0,7.0,-17.0,-3.0,8.0
2024-10-15,TREND_SHORT,EARLY_HARD_STOP,short,LOSER,-82.0,4,42974.0,-10.0,10.0,-10.0,-10.0,20.0,-32.0,10.0,-34.0,-22.0,28.0,-30.0,10.0,-38.0,2.0,14.0,-41.0,10.0,-42.0,-11.0,12.0,-54.0,10.0,-56.0,-13.0,19.0
2024-10-16,TREND_LONG,PARTIAL_TP,long,WINNER,58.0,31,43176.0,8.0,13.0,-2.0,8.0,15.0,14.0,21.0,-2.0,6.0,16.0,30.0,36.0,-2.0,16.0,24.0,32.0,37.0,-2.0,2.0,16.0,35.0,45.0,-2.0,3.0,14.0
2024-10-16,CHOP_BUY,PARTIAL_TP,long,WINNER,59.0,54,43183.0,-2.0,0.0,-9.0,-2.0,7.0,-4.0,3.0,-10.0,-2.0,13.0,9.0,10.0,-11.0,13.0,21.0,5.0,14.0,-11.0,-4.0,9.0,3.0,14.0,-11.0,-2.0,9.0
2024-10-16,TREND_LONG,PARTIAL_TP,long,WINNER,59.0,103,43276.0,5.0,8.0,-4.0,5.0,12.0,-6.0,8.0,-7.0,-11.0,13.0,-2.0,8.0,-7.0,4.0,10.0,3.0,8.0,-7.0,5.0,8.0,-7.0,8.0,-8.0,-10.0,9.0
2024-10-16,CHOP_SELL,SESSION_EXIT,short,WINNER,64.0,14,43353.0,5.0,7.0,0.0,5.0,6.0,13.0,14.0,0.0,8.0,9.0,13.0,20.0,0.0,0.0,8.0,12.0,20.0,0.0,-1.0,14.0,25.0,26.0,0.0,13.0,13.0
2024-10-17,TREND_SHORT,EARLY_HARD_STOP,short,LOSER,-92.0,4,43434.0,-37.0,6.0,-43.0,-37.0,49.0,-28.0,6.0,-43.0,9.0,20.0,-31.0,6.0,-43.0,-3.0,20.0,-46.0,6.0,-50.0,-15.0,17.0,-15.0,6.0,-52.0,31.0,41.0
2024-10-17,TREND_SHORT,EARLY_HARD_STOP,short,LOSER,-82.0,4,43388.0,11.0,11.0,-10.0,11.0,21.0,-16.0,15.0,-16.0,-27.0,31.0,-28.0,15.0,-28.0,-12.0,20.0,-41.0,15.0,-41.0,-13.0,16.0,-51.0,15.0,-52.0,-10.0,20.0
2024-10-17,CHOP_BUY,PARTIAL_TP,long,WINNER,50.0,5,43442.0,21.0,23.0,0.0,21.0,19.0,32.0,34.0,0.0,11.0,12.0,37.0,39.0,0.0,5.0,9.0,30.0,44.0,0.0,-7.0,17.0,50.0,50.0,0.0,20.0,21.0
2024-10-17,CHOP_BUY,CHOP_TP,long,WINNER,22.0,31,43479.0,-10.0,6.0,-10.0,-10.0,16.0,-22.0,6.0,-26.0,-12.0,16.0,-25.0,6.0,-30.0,-3.0,13.0,-23.0,6.0,-31.0,2.0,9.0,-29.0,6.0,-31.0,-6.0,8.0
2024-10-17,TREND_LONG,CHOP_TP,long,WINNER,26.0,49,43521.0,6.0,7.0,-2.0,6.0,9.0,-5.0,8.0,-9.0,-11.0,17.0,-6.0,8.0,-11.0,-1.0,8.0,-16.0,8.0,-17.0,-10.0,10.0,-3.0,8.0,-18.0,13.0,16.0
2024-10-17,CHOP_SELL,PARTIAL_TP,short,WINNER,55.0,9,43534.0,-3.0,0.0,-6.0,-3.0,5.0,-8.0,0.0,-16.0,-5.0,14.0,-7.0,0.0,-16.0,1.0,6.0,-3.0,0.0,-16.0,4.0,5.0,-7.0,0.0,-16.0,-4.0,7.0
2024-10-17,CHOP_BUY,CHOP_TP,long,WINNER,28.0,4,43492.0,8.0,9.0,-2.0,8.0,11.0,-5.0,9.0,-5.0,-13.0,14.0,2.0,10.0,-5.0,7.0,14.0,14.0,15.0,-5.0,12.0,12.0,16.0,16.0,-5.0,2.0,7.0
2024-10-17,CHOP_BUY,CHOP_TP,long,WINNER,40.0,22,43498.0,6.0,7.0,-4.0,6.0,11.0,6.0,12.0,-4.0,0.0,10.0,-4.0,12.0,-8.0,-10.0,13.0,4.0,12.0,-8.0,8.0,13.0,3.0,12.0,-8.0,-1.0,9.0
2024-10-17,CHOP_BUY,SESSION_EXIT,long,LOSER,-4.0,9,43519.0,-5.0,6.0,-6.0,-5.0,12.0,12.0,13.0,-6.0,17.0,19.0,13.0,17.0,-6.0,1.0,7.0,1.0,17.0,-6.0,-12.0,12.0,-10.0,17.0,-10.0,-11.0,12.0
2024-10-18,TREND_SHORT,EXIT_FLAT,short,LOSER,-132.0,16,43301.0,-7.0,11.0,-7.0,-7.0,18.0,7.0,15.0,-10.0,14.0,25.0,-10.0,15.0,-11.0,-17.0,22.0,-12.0,15.0,-24.0,-2.0,20.0,2.0,15.0,-24.0,14.0,21.0
2024-10-18,CHOP_BUY,PARTIAL_TP,long,WINNER,54.0,18,43437.0,10.0,12.0,0.0,10.0,11.0,0.0,15.0,0.0,-10.0,15.0,0.0,15.0,-5.0,0.0,9.0,7.0,15.0,-5.0,7.0,6.0,11.0,15.0,-5.0,4.0,7.0
2024-10-18,TREND_LONG,CHOP_TP,long,WINNER,28.0,9,43514.0,7.0,9.0,-1.0,7.0,10.0,18.0,22.0,-1.0,11.0,15.0,23.0,25.0,-1.0,5.0,10.0,13.0,25.0,-1.0,-10.0,17.0,6.0,25.0,-1.0,-7.0,12.0
2024-10-18,CHOP_SELL,PARTIAL_TP,short,WINNER,51.0,70,43534.0,-20.0,0.0,-20.0,-20.0,19.0,-14.0,0.0,-25.0,6.0,14.0,-21.0,0.0,-25.0,-7.0,11.0,-28.0,0.0,-34.0,-7.0,15.0,-37.0,0.0,-39.0,-9.0,14.0
2024-10-18,TREND_LONG,EXIT_FLAT,long,LOSER,-124.0,37,43575.0,-5.0,6.0,-7.0,-5.0,13.0,-4.0,6.0,-7.0,1.0,6.0,-11.0,6.0,-17.0,-7.0,12.0,-12.0,6.0,-17.0,-1.0,14.0,-19.0,6.0,-23.0,-7.0,16.0
2024-10-18,CHOP_BUY,SESSION_EXIT,long,WINNER,8.0,42,43510.0,-3.0,0.0,-5.0,-3.0,4.0,-11.0,0.0,-14.0,-8.0,12.0,-10.0,0.0,-14.0,1.0,5.0,-14.0,0.0,-21.0,-4.0,14.0,-13.0,0.0,-22.0,1.0,11.0
2024-10-21,TREND_SHORT,PARTIAL_TP,short,WINNER,57.0,31,43415.0,-8.0,9.0,-19.0,-8.0,28.0,-7.0,9.0,-19.0,1.0,13.0,3.0,9.0,-19.0,10.0,18.0,-21.0,9.0,-24.0,-24.0,31.0,-3.0,9.0,-24.0,18.0,26.0
2024-10-21,TREND_SHORT,PARTIAL_TP,short,WINNER,50.0,17,43165.0,-20.0,0.0,-20.0,-20.0,20.0,-14.0,0.0,-28.0,6.0,20.0,-20.0,0.0,-28.0,-6.0,11.0,-15.0,0.0,-28.0,5.0,14.0,0.0,2.0,-28.0,15.0,19.0
2024-10-21,CHOP_BUY,PARTIAL_TP,long,WINNER,51.0,34,43177.0,4.0,6.0,-4.0,4.0,10.0,0.0,6.0,-8.0,-4.0,14.0,18.0,19.0,-8.0,18.0,23.0,30.0,32.0,-8.0,12.0,14.0,29.0,34.0,-8.0,-1.0,11.0
2024-10-22,TREND_LONG,EXIT_FLAT,long,LOSER,-86.0,26,42994.0,3.0,11.0,-7.0,3.0,18.0,6.0,18.0,-7.0,3.0,24.0,-7.0,18.0,-26.0,-13.0,36.0,6.0,18.0,-26.0,13.0,20.0,25.0,32.0,-26.0,19.0,26.0
2024-10-22,TREND_LONG,PARTIAL_TP,long,WINNER,61.0,9,42947.0,14.0,15.0,0.0,14.0,14.0,24.0,27.0,0.0,10.0,16.0,26.0,37.0,0.0,2.0,12.0,35.0,37.0,0.0,9.0,9.0,31.0,37.0,0.0,-4.0,13.0
2024-10-22,CHOP_BUY,PARTIAL_TP,long,WINNER,52.0,14,43150.0,1.0,3.0,-5.0,1.0,8.0,5.0,8.0,-5.0,4.0,8.0,8.0,8.0,-5.0,3.0,4.0,20.0,27.0,-5.0,12.0,20.0,18.0,27.0,-5.0,-2.0,6.0
2024-10-22,TREND_LONG,EXIT_FLAT,long,LOSER,-126.0,57,43249.0,4.0,7.0,-7.0,4.0,14.0,8.0,13.0,-7.0,4.0,11.0,28.0,29.0,-7.0,20.0,18.0,25.0,35.0,-7.0,-3.0,11.0,29.0,35.0,-7.0,4.0,11.0
2024-10-22,CHOP_SELL,SESSION_EXIT,short,WINNER,78.0,54,43188.0,0.0,1.0,-3.0,0.0,4.0,-6.0,1.0,-6.0,-6.0,6.0,-10.0,1.0,-12.0,-4.0,11.0,-20.0,1.0,-22.0,-10.0,13.0,-18.0,1.0,-23.0,2.0,6.0
2024-10-23,TREND_LONG,PARTIAL_TP,long,WINNER,56.0,6,42942.0,-3.0,1.0,-19.0,-3.0,20.0,-1.0,2.0,-19.0,2.0,11.0,18.0,28.0,-19.0,19.0,30.0,23.0,37.0,-19.0,5.0,27.0,43.0,45.0,-19.0,20.0,22.0
2024-10-23,CHOP_SELL,PARTIAL_TP,short,WINNER,63.0,11,42934.0,-6.0,0.0,-7.0,-6.0,7.0,-16.0,0.0,-16.0,-10.0,15.0,-9.0,0.0,-23.0,7.0,17.0,-19.0,0.0,-25.0,-10.0,17.0,-33.0,0.0,-36.0,-14.0,18.0
2024-10-23,CHOP_BUY,EXIT_FLAT,long,LOSER,-116.0,15,42776.0,-8.0,7.0,-9.0,-8.0,16.0,2.0,7.0,-9.0,10.0,10.0,-15.0,7.0,-16.0,-17.0,23.0,-12.0,7.0,-19.0,3.0,9.0,-9.0,7.0,-19.0,3.0,10.0
2024-10-23,CHOP_BUY,EXIT_FLAT,long,LOSER,-82.0,36,42684.0,0.0,10.0,-7.0,0.0,17.0,-5.0,10.0,-7.0,-5.0,12.0,-7.0,10.0,-13.0,-2.0,13.0,-5.0,10.0,-13.0,2.0,8.0,2.0,10.0,-13.0,7.0,10.0
2024-10-23,TREND_SHORT,PARTIAL_TP,short,WINNER,53.0,4,42631.0,0.0,2.0,-9.0,0.0,11.0,13.0,15.0,-9.0,13.0,20.0,34.0,38.0,-9.0,21.0,27.0,53.0,61.0,-9.0,19.0,28.0,54.0,62.0,-9.0,1.0,17.0
2024-10-23,CHOP_BUY,SESSION_EXIT,long,WINNER,2.0,56,42720.0,-6.0,2.0,-10.0,-6.0,12.0,-9.0,2.0,-19.0,-3.0,14.0,2.0,6.0,-19.0,11.0,17.0,0.0,6.0,-19.0,-2.0,9.0,2.0,6.0,-19.0,2.0,9.0
2024-10-24,CHOP_BUY,EXIT_FLAT,long,LOSER,-132.0,47,42647.0,-24.0,2.0,-30.0,-24.0,32.0,-8.0,2.0,-30.0,16.0,23.0,-4.0,2.0,-30.0,4.0,23.0,5.0,8.0,-30.0,9.0,12.0,7.0,13.0,-30.0,2.0,13.0
2024-10-24,TREND_SHORT,PARTIAL_TP,short,WINNER,54.0,37,42576.0,1.0,4.0,-7.0,1.0,11.0,4.0,9.0,-7.0,3.0,9.0,-5.0,9.0,-7.0,-9.0,15.0,-14.0,9.0,-14.0,-9.0,13.0,-8.0,9.0,-18.0,6.0,13.0
2024-10-24,CHOP_BUY,PARTIAL_TP,long,WINNER,53.0,37,42555.0,-6.0,0.0,-7.0,-6.0,7.0,5.0,7.0,-7.0,11.0,14.0,7.0,7.0,-7.0,2.0,7.0,2.0,7.0,-7.0,-5.0,6.0,15.0,22.0,-7.0,13.0,19.0
2024-10-25,TREND_LONG,EXIT_FLAT,long,LOSER,-120.0,35,42805.0,-8.0,6.0,-13.0,-8.0,19.0,-21.0,6.0,-28.0,-13.0,29.0,-28.0,6.0,-30.0,-7.0,17.0,-35.0,6.0,-40.0,-7.0,21.0,-27.0,6.0,-40.0,8.0,19.0
2024-10-25,TREND_SHORT,PARTIAL_TP,short,WINNER,55.0,23,42712.0,-8.0,4.0,-8.0,-8.0,12.0,-18.0,4.0,-18.0,-10.0,12.0,-9.0,4.0,-20.0,9.0,18.0,-18.0,4.0,-20.0,-9.0,12.0,-22.0,4.0,-31.0,-4.0,15.0
2024-10-25,TREND_SHORT,PARTIAL_TP,short,WINNER,60.0,6,42465.0,5.0,9.0,-7.0,5.0,16.0,40.0,53.0,-7.0,35.0,48.0,37.0,53.0,-7.0,-3.0,18.0,47.0,53.0,-7.0,10.0,14.0,45.0,63.0,-7.0,-2.0,25.0
2024-10-28,CHOP_BUY,EARLY_HARD_STOP,long,LOSER,-132.0,5,42628.0,-3.0,5.0,-12.0,-3.0,17.0,-4.0,7.0,-13.0,-1.0,20.0,-28.0,7.0,-35.0,-24.0,37.0,-39.0,7.0,-42.0,-11.0,23.0,-66.0,7.0,-67.0,-27.0,30.0
2024-10-28,CHOP_SELL,EARLY_HARD_STOP,short,LOSER,-104.0,5,42587.0,-5.0,2.0,-9.0,-5.0,11.0,-9.0,4.0,-10.0,-4.0,14.0,-12.0,4.0,-16.0,-3.0,9.0,-34.0,4.0,-34.0,-22.0,30.0,-52.0,4.0,-52.0,-18.0,18.0
2024-10-28,CHOP_SELL,PARTIAL_TP,short,WINNER,57.0,47,42652.0,2.0,9.0,-9.0,2.0,18.0,-9.0,9.0,-10.0,-11.0,18.0,6.0,9.0,-13.0,15.0,19.0,-1.0,9.0,-13.0,-7.0,13.0,-10.0,9.0,-13.0,-9.0,12.0
2024-10-28,CHOP_SELL,SESSION_EXIT,short,WINNER,92.0,136,42647.0,4.0,8.0,-2.0,4.0,10.0,-1.0,8.0,-8.0,-5.0,12.0,1.0,8.0,-8.0,2.0,9.0,-4.0,8.0,-8.0,-5.0,9.0,10.0,10.0,-8.0,14.0,15.0
2024-10-29,TREND_LONG,PARTIAL_TP,long,WINNER,52.0,12,42477.0,-19.0,9.0,-23.0,-19.0,32.0,-20.0,9.0,-30.0,-1.0,23.0,9.0,9.0,-30.0,29.0,30.0,31.0,31.0,-30.0,22.0,26.0,49.0,59.0,-30.0,18.0,32.0
2024-10-29,CHOP_SELL,CHOP_TP,short,WINNER,34.0,19,42534.0,-15.0,0.0,-16.0,-15.0,16.0,-6.0,0.0,-16.0,9.0,13.0,-13.0,0.0,-16.0,-7.0,9.0,-19.0,0.0,-22.0,-6.0,12.0,-23.0,0.0,-28.0,-4.0,11.0
2024-10-29,CHOP_SELL,CHOP_TP,short,WINNER,30.0,44,42520.0,-7.0,2.0,-12.0,-7.0,14.0,-9.0,2.0,-18.0,-2.0,11.0,-3.0,2.0,-18.0,6.0,15.0,-7.0,2.0,-18.0,-4.0,9.0,-1.0,2.0,-18.0,6.0,11.0
2024-10-30,TREND_LONG,PARTIAL_TP,long,WINNER,51.0,13,42567.0,7.0,14.0,-2.0,7.0,16.0,3.0,14.0,-5.0,-4.0,16.0,15.0,25.0,-6.0,12.0,31.0,9.0,25.0,-6.0,-6.0,23.0,10.0,25.0,-6.0,1.0,16.0
2024-10-30,CHOP_SELL,PARTIAL_TP,short,WINNER,50.0,20,42624.0,-2.0,5.0,-2.0,-2.0,7.0,12.0,14.0,-3.0,14.0,17.0,5.0,23.0,-3.0,-7.0,18.0,13.0,23.0,-3.0,8.0,11.0,18.0,23.0,-3.0,5.0,9.0
2024-10-30,CHOP_BUY,SESSION_EXIT,long,LOSER,-46.0,5,42346.0,4.0,24.0,-6.0,4.0,30.0,2.0,24.0,-13.0,-2.0,19.0,19.0,24.0,-13.0,17.0,22.0,21.0,29.0,-13.0,2.0,40.0,-23.0,51.0,-54.0,-44.0,105.0
2024-10-31,CHOP_BUY,EXIT_FLAT,long,LOSER,-136.0,12,42086.0,19.0,21.0,0.0,19.0,21.0,22.0,29.0,0.0,3.0,13.0,19.0,39.0,0.0,-3.0,22.0,28.0,39.0,0.0,9.0,30.0,-2.0,39.0,-5.0,-30.0,35.0
2024-10-31,TREND_SHORT,PARTIAL_TP,short,WINNER,62.0,17,41992.0,-10.0,10.0,-12.0,-10.0,22.0,-2.0,10.0,-13.0,8.0,14.0,0.0,10.0,-13.0,2.0,14.0,3.0,10.0,-13.0,3.0,15.0,0.0,10.0,-13.0,-3.0,16.0
2024-10-31,CHOP_BUY,PARTIAL_TP,long,WINNER,59.0,18,42041.0,18.0,19.0,0.0,18.0,17.0,27.0,29.0,0.0,9.0,22.0,34.0,42.0,0.0,7.0,17.0,29.0,42.0,0.0,-5.0,15.0,35.0,42.0,0.0,6.0,14.0
2024-10-31,CHOP_BUY,PARTIAL_TP,long,WINNER,57.0,19,42031.0,24.0,24.0,0.0,24.0,24.0,16.0,28.0,0.0,-8.0,12.0,6.0,28.0,0.0,-10.0,12.0,12.0,28.0,0.0,6.0,12.0,18.0,28.0,0.0,6.0,13.0
2024-11-01,CHOP_SELL,EXIT_FLAT,short,LOSER,-78.0,11,42239.0,18.0,23.0,-3.0,18.0,26.0,16.0,29.0,-3.0,-2.0,15.0,1.0,29.0,-7.0,-15.0,23.0,11.0,29.0,-7.0,10.0,17.0,13.0,43.0,-30.0,2.0,73.0
2024-11-01,TREND_LONG,PARTIAL_TP,long,WINNER,59.0,10,42338.0,0.0,8.0,-11.0,0.0,19.0,-5.0,8.0,-13.0,-5.0,19.0,-4.0,8.0,-14.0,1.0,18.0,-5.0,8.0,-14.0,-1.0,16.0,11.0,14.0,-16.0,16.0,30.0
2024-11-04,TREND_SHORT,PARTIAL_TP,short,WINNER,61.0,5,42013.0,-1.0,7.0,-6.0,-1.0,13.0,4.0,9.0,-6.0,5.0,10.0,31.0,32.0,-6.0,27.0,27.0,44.0,45.0,-6.0,13.0,17.0,61.0,62.0,-6.0,17.0,21.0
2024-11-04,CHOP_BUY,EXIT_FLAT,long,LOSER,-136.0,69,41993.0,-6.0,1.0,-11.0,-6.0,12.0,-34.0,1.0,-35.0,-28.0,29.0,-29.0,1.0,-53.0,5.0,25.0,-11.0,1.0,-53.0,18.0,26.0,-8.0,1.0,-53.0,3.0,9.0
2024-11-05,TREND_LONG,PARTIAL_TP,long,WINNER,55.0,6,42109.0,5.0,13.0,-11.0,5.0,24.0,27.0,29.0,-11.0,22.0,30.0,34.0,36.0,-11.0,7.0,19.0,24.0,39.0,-11.0,-10.0,21.0,42.0,43.0,-11.0,18.0,25.0
2024-11-05,CHOP_BUY,CHOP_TP,long,WINNER,48.0,4,42193.0,-13.0,5.0,-18.0,-13.0,23.0,4.0,6.0,-22.0,17.0,28.0,12.0,25.0,-22.0,8.0,20.0,24.0,25.0,-22.0,12.0,19.0,25.0,26.0,-22.0,1.0,9.0
2024-11-05,TREND_LONG,PARTIAL_TP,long,WINNER,51.0,2,42225.0,27.0,31.0,-4.0,27.0,35.0,51.0,51.0,-4.0,24.0,24.0,41.0,55.0,-4.0,-10.0,16.0,34.0,55.0,-4.0,-7.0,20.0,29.0,55.0,-4.0,-5.0,18.0
2024-11-05,CHOP_SELL,EXIT_FLAT,short,LOSER,-140.0,39,42274.0,11.0,16.0,-1.0,11.0,17.0,12.0,27.0,-1.0,1.0,16.0,31.0,32.0,-1.0,19.0,21.0,24.0,32.0,-1.0,-7.0,11.0,24.0,35.0,-1.0,0.0,14.0
2024-11-05,TREND_LONG,PARTIAL_TP,long,WINNER,56.0,22,42347.0,12.0,12.0,-2.0,12.0,14.0,-3.0,14.0,-3.0,-15.0,17.0,-1.0,14.0,-7.0,2.0,7.0,-7.0,14.0,-12.0,-6.0,15.0,4.0,14.0,-12.0,11.0,14.0
2024-11-05,CHOP_SELL,EXIT_FLAT,short,LOSER,-124.0,137,42320.0,-7.0,2.0,-8.0,-7.0,10.0,8.0,14.0,-8.0,15.0,14.0,6.0,16.0,-8.0,-2.0,12.0,4.0,16.0,-8.0,-2.0,9.0,6.0,16.0,-8.0,2.0,14.0
2024-11-06,TREND_SHORT,EXIT_FLAT,short,LOSER,-128.0,6,43560.0,1.0,15.0,-13.0,1.0,28.0,23.0,25.0,-14.0,22.0,39.0,11.0,27.0,-14.0,-12.0,33.0,-14.0,27.0,-14.0,-25.0,34.0,0.0,27.0,-32.0,14.0,35.0
2024-11-06,TREND_LONG,EXIT_FLAT,long,LOSER,-130.0,21,43747.0,13.0,25.0,-2.0,13.0,27.0,-2.0,25.0,-16.0,-15.0,30.0,15.0,31.0,-16.0,17.0,37.0,26.0,31.0,-16.0,11.0,26.0,36.0,46.0,-16.0,10.0,35.0
2024-11-06,CHOP_SELL,EXIT_FLAT,short,LOSER,-116.0,51,43734.0,-6.0,8.0,-11.0,-6.0,19.0,-15.0,8.0,-21.0,-9.0,16.0,9.0,14.0,-21.0,24.0,28.0,-1.0,17.0,-21.0,-10.0,19.0,-17.0,17.0,-21.0,-16.0,20.0
2024-11-06,TREND_LONG,CHOP_TP,long,WINNER,54.0,14,43805.0,5.0,13.0,-1.0,5.0,14.0,15.0,17.0,-1.0,10.0,12.0,18.0,25.0,-1.0,3.0,13.0,19.0,25.0,-1.0,1.0,11.0,12.0,25.0,-1.0,-7.0,11.0
2024-11-06,TREND_LONG,PARTIAL_TP,long,WINNER,57.0,105,43866.0,-8.0,0.0,-12.0,-8.0,11.0,11.0,14.0,-12.0,19.0,25.0,21.0,22.0,-12.0,10.0,15.0,21.0,22.0,-12.0,0.0,12.0,6.0,22.0,-12.0,-15.0,13.0
2024-11-06,TREND_LONG,EARLY_HARD_STOP,long,LOSER,-116.0,3,43949.0,-10.0,4.0,-10.0,-10.0,14.0,-27.0,4.0,-27.0,-17.0,25.0,-58.0,4.0,-65.0,-31.0,37.0,-65.0,4.0,-76.0,-7.0,23.0,-53.0,4.0,-76.0,12.0,27.0
2024-11-07,TREND_LONG,EXIT_FLAT,long,LOSER,-124.0,12,43962.0,-20.0,5.0,-22.0,-20.0,27.0,-39.0,5.0,-40.0,-19.0,26.0,-34.0,5.0,-41.0,5.0,14.0,-21.0,5.0,-41.0,13.0,22.0,-34.0,5.0,-41.0,-13.0,20.0
2024-11-07,CHOP_SELL,PARTIAL_TP,short,WINNER,62.0,54,43932.0,12.0,20.0,-1.0,12.0,21.0,17.0,27.0,-1.0,5.0,15.0,20.0,29.0,-1.0,3.0,14.0,16.0,29.0,-1.0,-4.0,16.0,36.0,46.0,-1.0,20.0,30.0
2024-11-07,CHOP_SELL,EARLY_HARD_STOP,short,LOSER,-82.0,5,43893.0,-4.0,2.0,-11.0,-4.0,13.0,-14.0,2.0,-16.0,-10.0,11.0,-23.0,2.0,-26.0,-9.0,16.0,-27.0,2.0,-32.0,-4.0,8.0,-41.0,2.0,-44.0,-14.0,19.0
2024-11-07,CHOP_SELL,PARTIAL_TP,short,WINNER,50.0,45,43933.0,-1.0,3.0,-2.0,-1.0,5.0,0.0,4.0,-2.0,1.0,6.0,-1.0,4.0,-2.0,-1.0,6.0,-3.0,4.0,-8.0,-2.0,11.0,-9.0,4.0,-20.0,-6.0,17.0
2024-11-07,TREND_LONG,EXIT_FLAT,long,LOSER,-120.0,36,43966.0,-11.0,2.0,-16.0,-11.0,18.0,5.0,5.0,-16.0,16.0,20.0,-1.0,11.0,-16.0,-6.0,13.0,-2.0,13.0,-16.0,-1.0,20.0,17.0,18.0,-16.0,19.0,21.0
2024-11-08,TREND_LONG,EARLY_HARD_STOP,long,LOSER,-100.0,5,44040.0,-10.0,6.0,-16.0,-10.0,22.0,-14.0,6.0,-20.0,-4.0,16.0,-36.0,6.0,-40.0,-22.0,29.0,-34.0,6.0,-56.0,2.0,25.0,-50.0,6.0,-56.0,-16.0,33.0
2024-11-08,TREND_LONG,CHOP_TP,long,WINNER,116.0,23,44073.0,7.0,15.0,-2.0,7.0,17.0,11.0,15.0,-2.0,4.0,11.0,22.0,30.0,-2.0,11.0,27.0,7.0,30.0,-2.0,-15.0,18.0,14.0,30.0,-2.0,7.0,13.0
2024-11-08,TREND_LONG,EXIT_FLAT,long,LOSER,-144.0,33,44179.0,-4.0,2.0,-13.0,-4.0,15.0,0.0,2.0,-13.0,4.0,14.0,-2.0,5.0,-13.0,-2.0,10.0,-11.0,5.0,-15.0,-9.0,19.0,-16.0,5.0,-20.0,-5.0,15.0
2024-11-08,CHOP_SELL,CHOP_TP,short,WINNER,68.0,27,44129.0,-1.0,7.0,-7.0,-1.0,14.0,6.0,7.0,-7.0,7.0,10.0,11.0,15.0,-7.0,5.0,8.0,15.0,15.0,-7.0,4.0,8.0,11.0,15.0,-7.0,-4.0,7.0
2024-11-08,CHOP_SELL,EXIT_FLAT,short,LOSER,-136.0,90,44125.0,-15.0,1.0,-17.0,-15.0,18.0,-17.0,1.0,-20.0,-2.0,7.0,-19.0,1.0,-20.0,-2.0,10.0,-19.0,1.0,-22.0,0.0,6.0,-20.0,1.0,-30.0,-1.0,14.0
2024-11-08,TREND_LONG,CHOP_TP,long,WINNER,26.0,27,44206.0,5.0,10.0,0.0,5.0,9.0,17.0,17.0,0.0,12.0,12.0,18.0,19.0,0.0,1.0,4.0,28.0,32.0,0.0,10.0,12.0,16.0,32.0,0.0,-12.0,14.0
2024-11-08,TREND_LONG,EXIT_FLAT,long,LOSER,-122.0,23,44248.0,9.0,12.0,-4.0,9.0,16.0,32.0,36.0,-4.0,23.0,29.0,26.0,37.0,-4.0,-6.0,17.0,47.0,52.0,-4.0,21.0,29.0,38.0,52.0,-4.0,-9.0,12.0
2024-11-08,CHOP_BUY,EXIT_FLAT,long,LOSER,-120.0,19,44207.0,1.0,6.0,-5.0,1.0,11.0,3.0,6.0,-5.0,2.0,6.0,-1.0,9.0,-5.0,-4.0,12.0,13.0,14.0,-5.0,14.0,16.0,0.0,14.0,-5.0,-13.0,11.0
2024-11-11,TREND_LONG,EXIT_FLAT,long,LOSER,-138.0,11,44607.0,17.0,18.0,-7.0,17.0,25.0,9.0,18.0,-7.0,-8.0,18.0,3.0,18.0,-7.0,-6.0,18.0,0.0,18.0,-9.0,-3.0,15.0,3.0,18.0,-12.0,3.0,22.0
2024-11-11,CHOP_BUY,EXIT_FLAT,long,LOSER,-122.0,19,44535.0,2.0,13.0,-3.0,2.0,16.0,-4.0,13.0,-4.0,-6.0,16.0,-19.0,13.0,-22.0,-15.0,18.0,-19.0,13.0,-28.0,0.0,13.0,-20.0,13.0,-28.0,-1.0,10.0
2024-11-11,CHOP_SELL,CHOP_TP,short,WINNER,34.0,23,44463.0,6.0,7.0,-2.0,6.0,9.0,6.0,8.0,-2.0,0.0,4.0,9.0,14.0,-2.0,3.0,8.0,7.0,14.0,-2.0,-2.0,6.0,11.0,14.0,-2.0,4.0,8.0
2024-11-12,TREND_SHORT,PARTIAL_TP,short,WINNER,52.0,11,44458.0,15.0,26.0,-2.0,15.0,28.0,20.0,31.0,-2.0,5.0,17.0,11.0,31.0,-2.0,-9.0,22.0,7.0,31.0,-8.0,-4.0,21.0,12.0,31.0,-8.0,5.0,13.0
2024-11-12,TREND_SHORT,PARTIAL_TP,short,WINNER,52.0,43,44326.0,-11.0,0.0,-15.0,-11.0,15.0,5.0,9.0,-15.0,16.0,19.0,7.0,9.0,-15.0,2.0,17.0,13.0,22.0,-15.0,6.0,21.0,13.0,22.0,-15.0,0.0,16.0
2024-11-12,CHOP_BUY,EXIT_FLAT,long,LOSER,-130.0,25,44175.0,7.0,10.0,0.0,7.0,9.0,-3.0,10.0,-3.0,-10.0,12.0,19.0,30.0,-3.0,22.0,32.0,8.0,30.0,-3.0,-11.0,14.0,6.0,30.0,-3.0,-2.0,12.0
2024-11-12,CHOP_BUY,EXIT_FLAT,long,LOSER,-122.0,11,44116.0,-12.0,1.0,-14.0,-12.0,15.0,-13.0,1.0,-17.0,-1.0,10.0,-2.0,1.0,-17.0,11.0,9.0,6.0,10.0,-17.0,8.0,13.0,4.0,12.0,-17.0,-2.0,10.0
2024-11-12,TREND_SHORT,SESSION_EXIT,short,LOSER,-44.0,4,44043.0,-3.0,0.0,-11.0,-3.0,11.0,-17.0,0.0,-17.0,-14.0,14.0,-32.0,0.0,-46.0,-15.0,33.0,-22.0,0.0,-46.0,10.0,21.0,-20.0,0.0,-46.0,2.0,10.0
2024-11-13,TREND_SHORT,PARTIAL_TP,short,WINNER,58.0,11,44098.0,3.0,5.0,-14.0,3.0,19.0,6.0,12.0,-14.0,3.0,16.0,19.0,28.0,-14.0,13.0,27.0,-2.0,28.0,-14.0,-21.0,29.0,-28.0,28.0,-30.0,-26.0,26.0
2024-11-13,TREND_LONG,CHOP_TP,long,WINNER,32.0,36,44165.0,-2.0,4.0,-16.0,-2.0,20.0,8.0,8.0,-16.0,10.0,20.0,-1.0,11.0,-16.0,-9.0,17.0,-12.0,11.0,-16.0,-11.0,12.0,-16.0,11.0,-23.0,-4.0,19.0
2024-11-13,TREND_LONG,CHOP_TP,long,WINNER,28.0,40,44206.0,3.0,5.0,-12.0,3.0,17.0,12.0,15.0,-12.0,9.0,16.0,21.0,21.0,-12.0,9.0,12.0,19.0,26.0,-12.0,-2.0,12.0,26.0,30.0,-12.0,7.0,14.0
2024-11-13,TREND_LONG,EARLY_HARD_STOP,long,LOSER,-82.0,3,44280.0,-21.0,0.0,-22.0,-21.0,22.0,-26.0,0.0,-27.0,-5.0,11.0,-41.0,0.0,-43.0,-15.0,17.0,-51.0,0.0,-54.0,-10.0,20.0,-63.0,0.0,-68.0,-12.0,22.0
2024-11-13,CHOP_SELL,PARTIAL_TP,short,WINNER,53.0,10,44269.0,3.0,7.0,-2.0,3.0,9.0,-9.0,7.0,-10.0,-12.0,16.0,-3.0,7.0,-10.0,6.0,9.0,3.0,8.0,-10.0,6.0,13.0,9.0,11.0,-10.0,6.0,9.0
2024-11-13,CHOP_SELL,CHOP_TP,short,WINNER,62.0,15,44209.0,-1.0,2.0,-4.0,-1.0,6.0,1.0,3.0,-4.0,2.0,3.0,3.0,3.0,-4.0,2.0,5.0,12.0,15.0,-4.0,9.0,10.0,30.0,30.0,-4.0,18.0,16.0
2024-11-13,CHOP_BUY,EXIT_FLAT,long,LOSER,-120.0,23,44181.0,8.0,28.0,-1.0,8.0,29.0,14.0,28.0,-1.0,6.0,13.0,21.0,28.0,-1.0,7.0,11.0,9.0,28.0,-1.0,-12.0,18.0,9.0,28.0,-1.0,0.0,4.0
2024-11-13,CHOP_BUY,PARTIAL_TP,long,WINNER,61.0,13,44082.0,2.0,5.0,-2.0,2.0,7.0,-13.0,7.0,-21.0,-15.0,28.0,-11.0,7.0,-21.0,2.0,14.0,-8.0,7.0,-21.0,3.0,15.0,-5.0,7.0,-21.0,3.0,12.0
2024-11-14,TREND_SHORT,EXIT_FLAT,short,LOSER,-150.0,24,44038.0,1.0,6.0,-4.0,1.0,10.0,-8.0,13.0,-12.0,-9.0,25.0,-23.0,13.0,-34.0,-15.0,31.0,-24.0,13.0,-34.0,-1.0,11.0,-17.0,13.0,-34.0,7.0,16.0
2024-11-14,TREND_SHORT,CHOP_TP,short,WINNER,88.0,29,43999.0,0.0,5.0,-14.0,0.0,19.0,-9.0,5.0,-14.0,-9.0,13.0,-19.0,5.0,-21.0,-10.0,18.0,-17.0,5.0,-23.0,2.0,9.0,-1.0,10.0,-23.0,16.0,29.0
2024-11-14,TREND_SHORT,EARLY_HARD_STOP,short,LOSER,-90.0,4,43927.0,16.0,19.0,-8.0,16.0,27.0,-10.0,21.0,-16.0,-26.0,37.0,-26.0,21.0,-28.0,-16.0,20.0,-45.0,21.0,-45.0,-19.0,20.0,-43.0,21.0,-53.0,2.0,14.0
2024-11-14,TREND_SHORT,EARLY_HARD_STOP,short,LOSER,-116.0,4,43899.0,-35.0,7.0,-42.0,-35.0,49.0,-21.0,7.0,-42.0,14.0,19.0,-34.0,7.0,-42.0,-13.0,20.0,-58.0,7.0,-64.0,-24.0,29.0,-63.0,7.0,-69.0,-5.0,12.0
2024-11-14,CHOP_BUY,EXIT_FLAT,long,LOSER,-128.0,29,43981.0,0.0,7.0,-4.0,0.0,11.0,-3.0,7.0,-10.0,-3.0,15.0,-1.0,7.0,-10.0,2.0,8.0,-1.0,9.0,-10.0,0.0,18.0,-4.0,9.0,-10.0,-3.0,7.0
2024-11-14,CHOP_BUY,EARLY_HARD_STOP,long,LOSER,-82.0,4,43921.0,-1.0,6.0,-8.0,-1.0,14.0,-14.0,6.0,-19.0,-13.0,17.0,-28.0,6.0,-30.0,-14.0,13.0,-41.0,6.0,-49.0,-13.0,25.0,-34.0,6.0,-49.0,7.0,16.0
2024-11-14,TREND_SHORT,EXIT_FLAT,short,LOSER,-166.0,10,43852.0,1.0,19.0,-9.0,1.0,28.0,-10.0,19.0,-28.0,-11.0,29.0,-7.0,19.0,-37.0,3.0,34.0,8.0,19.0,-37.0,15.0,31.0,-2.0,19.0,-37.0,-10.0,17.0
2024-11-14,CHOP_BUY,EXIT_FLAT,long,LOSER,-126.0,23,43915.0,-8.0,0.0,-16.0,-8.0,15.0,8.0,8.0,-16.0,16.0,23.0,10.0,15.0,-16.0,2.0,10.0,7.0,27.0,-16.0,-3.0,22.0,-9.0,27.0,-16.0,-16.0,33.0
2024-11-15,TREND_SHORT,PARTIAL_TP,short,WINNER,53.0,5,43676.0,12.0,17.0,-7.0,12.0,24.0,6.0,17.0,-7.0,-6.0,18.0,17.0,24.0,-7.0,11.0,20.0,15.0,29.0,-7.0,-2.0,20.0,53.0,56.0,-7.0,38.0,43.0
2024-11-15,CHOP_BUY,PARTIAL_TP,long,WINNER,80.0,6,43523.0,7.0,15.0,0.0,7.0,13.0,41.0,48.0,0.0,34.0,42.0,38.0,48.0,0.0,-3.0,13.0,49.0,53.0,0.0,11.0,16.0,47.0,53.0,0.0,-2.0,16.0
2024-11-18,TREND_SHORT,EXIT_FLAT,short,LOSER,-150.0,13,43449.0,-6.0,13.0,-12.0,-6.0,25.0,3.0,13.0,-12.0,9.0,16.0,-8.0,14.0,-12.0,-11.0,23.0,-17.0,14.0,-21.0,-9.0,13.0,-18.0,14.0,-22.0,-1.0,17.0
2024-11-18,TREND_LONG,PARTIAL_TP,long,WINNER,52.0,46,43581.0,-5.0,7.0,-5.0,-5.0,12.0,3.0,7.0,-5.0,8.0,8.0,1.0,7.0,-5.0,-2.0,9.0,-24.0,7.0,-24.0,-25.0,27.0,-16.0,7.0,-26.0,8.0,11.0
2024-11-18,CHOP_BUY,PARTIAL_TP,long,WINNER,50.0,13,43464.0,-3.0,5.0,-7.0,-3.0,12.0,0.0,5.0,-7.0,3.0,10.0,-8.0,5.0,-10.0,-8.0,13.0,12.0,12.0,-10.0,20.0,19.0,9.0,14.0,-10.0,-3.0,12.0
2024-11-18,CHOP_BUY,CHOP_TP,long,WINNER,64.0,28,43508.0,11.0,17.0,0.0,11.0,16.0,14.0,17.0,0.0,3.0,6.0,13.0,20.0,0.0,-1.0,10.0,13.0,20.0,0.0,0.0,8.0,13.0,20.0,0.0,0.0,7.0
2024-11-18,CHOP_BUY,SESSION_EXIT,long,LOSER,-10.0,11,43538.0,-17.0,0.0,-23.0,-17.0,22.0,-17.0,0.0,-23.0,0.0,9.0,-29.0,0.0,-29.0,-12.0,14.0,-38.0,0.0,-43.0,-9.0,14.0,-23.0,0.0,-43.0,15.0,16.0
2024-11-19,TREND_SHORT,EARLY_HARD_STOP,short,LOSER,-118.0,2,43080.0,-28.0,15.0,-37.0,-28.0,52.0,-59.0,15.0,-70.0,-31.0,50.0,-50.0,15.0,-70.0,9.0,23.0,-55.0,15.0,-75.0,-5.0,31.0,-62.0,15.0,-75.0,-7.0,21.0
2024-11-19,TREND_LONG,PARTIAL_TP,long,WINNER,62.0,4,43228.0,-12.0,22.0,-13.0,-12.0,35.0,46.0,47.0,-13.0,58.0,58.0,36.0,55.0,-13.0,-10.0,23.0,62.0,73.0,-13.0,26.0,39.0,55.0,73.0,-13.0,-7.0,35.0
2024-11-19,TREND_LONG,PARTIAL_TP,long,WINNER,50.0,76,43374.0,-3.0,14.0,-9.0,-3.0,23.0,-8.0,14.0,-9.0,-5.0,9.0,-7.0,14.0,-21.0,1.0,18.0,-3.0,14.0,-21.0,4.0,8.0,18.0,18.0,-21.0,21.0,23.0
2024-11-19,CHOP_SELL,SESSION_EXIT,short,LOSER,-116.0,50,43366.0,-3.0,1.0,-7.0,-3.0,8.0,-9.0,1.0,-13.0,-6.0,8.0,-4.0,1.0,-13.0,5.0,7.0,-9.0,1.0,-13.0,-5.0,7.0,-3.0,1.0,-15.0,6.0,16.0
2024-11-20,TREND_SHORT,PARTIAL_TP,short,WINNER,78.0,5,43288.0,10.0,19.0,-12.0,10.0,31.0,23.0,24.0,-12.0,13.0,22.0,23.0,29.0,-12.0,0.0,17.0,44.0,54.0,-12.0,21.0,34.0,78.0,86.0,-12.0,34.0,48.0
2024-11-20,CHOP_BUY,CHOP_TP,long,WINNER,42.0,5,43316.0,8.0,19.0,-4.0,8.0,23.0,23.0,24.0,-4.0,15.0,19.0,19.0,25.0,-4.0,-4.0,10.0,10.0,25.0,-4.0,-9.0,18.0,21.0,25.0,-4.0,11.0,16.0
2024-11-20,CHOP_BUY,EXIT_FLAT,long,LOSER,-124.0,34,43322.0,7.0,12.0,-1.0,7.0,13.0,23.0,29.0,-1.0,16.0,22.0,16.0,29.0,-1.0,-7.0,13.0,22.0,30.0,-1.0,6.0,14.0,40.0,49.0,-1.0,18.0,26.0
2024-11-20,CHOP_BUY,EXIT_FLAT,long,LOSER,-154.0,34,43340.0,5.0,7.0,-2.0,5.0,9.0,7.0,10.0,-2.0,2.0,7.0,35.0,36.0,-2.0,28.0,29.0,32.0,37.0,-2.0,-3.0,11.0,46.0,46.0,-2.0,14.0,12.0
2024-11-20,TREND_LONG,PARTIAL_TP,long,WINNER,54.0,5,43477.0,8.0,20.0,-7.0,8.0,27.0,29.0,33.0,-7.0,21.0,27.0,38.0,44.0,-7.0,9.0,17.0,27.0,55.0,-7.0,-11.0,29.0,54.0,55.0,-7.0,27.0,42.0
2024-11-21,TREND_LONG,EXIT_FLAT,long,LOSER,-138.0,10,43696.0,3.0,7.0,-12.0,3.0,19.0,12.0,18.0,-14.0,9.0,32.0,1.0,18.0,-14.0,-11.0,29.0,-37.0,18.0,-48.0,-38.0,47.0,-25.0,18.0,-48.0,12.0,20.0
2024-11-21,TREND_LONG,PARTIAL_TP,long,WINNER,56.0,7,43719.0,-7.0,14.0,-24.0,-7.0,38.0,14.0,16.0,-24.0,21.0,24.0,8.0,16.0,-24.0,-6.0,14.0,9.0,16.0,-24.0,1.0,31.0,2.0,22.0,-24.0,-7.0,28.0
2024-11-21,TREND_LONG,EXIT_FLAT,long,LOSER,-122.0,22,43921.0,2.0,9.0,-6.0,2.0,15.0,-3.0,9.0,-17.0,-5.0,24.0,-4.0,9.0,-19.0,-1.0,23.0,13.0,15.0,-19.0,17.0,21.0,8.0,16.0,-19.0,-5.0,12.0
2024-11-21,CHOP_SELL,EXIT_FLAT,short,LOSER,-134.0,16,43876.0,9.0,28.0,-3.0,9.0,31.0,11.0,28.0,-3.0,2.0,21.0,-1.0,28.0,-3.0,-12.0,15.0,-3.0,28.0,-10.0,-2.0,12.0,4.0,28.0,-10.0,7.0,12.0
2024-11-21,TREND_LONG,PARTIAL_TP,long,WINNER,52.0,15,43980.0,4.0,22.0,-4.0,4.0,26.0,-5.0,22.0,-12.0,-9.0,19.0,6.0,22.0,-12.0,11.0,17.0,-7.0,22.0,-12.0,-13.0,17.0,-9.0,22.0,-12.0,-2.0,11.0
2024-11-21,CHOP_SELL,PARTIAL_TP,short,WINNER,51.0,109,44053.0,5.0,9.0,-1.0,5.0,10.0,-1.0,18.0,-1.0,-6.0,19.0,20.0,21.0,-2.0,21.0,23.0,12.0,21.0,-2.0,-8.0,12.0,5.0,21.0,-2.0,-7.0,13.0
2024-11-22,TREND_LONG,EXIT_FLAT,long,LOSER,-122.0,25,44332.0,-1.0,11.0,-4.0,-1.0,15.0,-8.0,11.0,-17.0,-7.0,16.0,-6.0,11.0,-17.0,2.0,7.0,-9.0,11.0,-17.0,-3.0,8.0,-9.0,11.0,-19.0,0.0,10.0
2024-11-22,CHOP_BUY,CHOP_TP,long,WINNER,30.0,23,44325.0,-4.0,5.0,-9.0,-4.0,14.0,-2.0,5.0,-9.0,2.0,6.0,5.0,7.0,-9.0,7.0,10.0,22.0,29.0,-9.0,17.0,25.0,27.0,29.0,-9.0,5.0,9.0
2024-11-22,TREND_LONG,EXIT_FLAT,long,LOSER,-120.0,19,44357.0,6.0,6.0,-4.0,6.0,10.0,-1.0,7.0,-5.0,-7.0,12.0,-3.0,7.0,-5.0,-2.0,11.0,-11.0,7.0,-18.0,-8.0,16.0,-20.0,7.0,-27.0,-9.0,15.0
2024-11-22,CHOP_SELL,PARTIAL_TP,short,WINNER,52.0,19,44343.0,0.0,4.0,-2.0,0.0,6.0,-2.0,4.0,-7.0,-2.0,8.0,-10.0,4.0,-11.0,-8.0,11.0,-10.0,4.0,-13.0,0.0,13.0,-10.0,4.0,-13.0,0.0,10.0
2024-11-25,TREND_SHORT,PARTIAL_TP,short,WINNER,56.0,44,44719.0,21.0,21.0,-6.0,21.0,27.0,16.0,22.0,-6.0,-5.0,9.0,17.0,22.0,-6.0,1.0,13.0,8.0,22.0,-6.0,-9.0,18.0,-12.0,22.0,-15.0,-20.0,23.0
2024-11-25,CHOP_SELL,CHOP_TP,short,WINNER,64.0,22,44819.0,-8.0,0.0,-11.0,-8.0,10.0,-12.0,0.0,-14.0,-4.0,9.0,2.0,4.0,-14.0,14.0,17.0,19.0,21.0,-14.0,17.0,19.0,29.0,52.0,-14.0,10.0,33.0
2024-11-25,CHOP_SELL,SESSION_EXIT,short,LOSER,-26.0,34,44813.0,2.0,4.0,-2.0,2.0,6.0,2.0,6.0,-4.0,0.0,10.0,5.0,6.0,-4.0,3.0,6.0,7.0,13.0,-4.0,2.0,9.0,7.0,13.0,-4.0,0.0,4.0
2024-11-26,TREND_SHORT,CHOP_TP,short,WINNER,86.0,21,44616.0,25.0,27.0,-3.0,25.0,30.0,31.0,40.0,-3.0,6.0,19.0,40.0,45.0,-3.0,9.0,20.0,40.0,54.0,-3.0,0.0,18.0,29.0,54.0,-3.0,-11.0,29.0
2024-11-26,TREND_SHORT,EXIT_FLAT,short,LOSER,-142.0,33,44552.0,10.0,12.0,-7.0,10.0,19.0,10.0,17.0,-7.0,0.0,16.0,-17.0,17.0,-17.0,-27.0,34.0,-23.0,17.0,-31.0,-6.0,22.0,-34.0,17.0,-35.0,-11.0,19.0
2024-11-26,CHOP_SELL,EXIT_FLAT,short,LOSER,-84.0,53,44710.0,-7.0,0.0,-9.0,-7.0,9.0,-4.0,5.0,-9.0,3.0,10.0,-14.0,5.0,-14.0,-10.0,10.0,-22.0,5.0,-29.0,-8.0,18.0,-17.0,5.0,-29.0,5.0,11.0
2024-11-26,TREND_LONG,CHOP_TP,long,WINNER,94.0,33,44772.0,5.0,5.0,-2.0,5.0,7.0,5.0,5.0,-3.0,0.0,8.0,11.0,13.0,-3.0,6.0,8.0,11.0,16.0,-3.0,0.0,8.0,11.0,17.0,-3.0,0.0,7.0
2024-11-26,TREND_LONG,CHOP_TP,long,WINNER,40.0,33,44829.0,1.0,2.0,-1.0,1.0,3.0,-4.0,2.0,-5.0,-5.0,7.0,-4.0,2.0,-9.0,0.0,7.0,-7.0,2.0,-9.0,-3.0,5.0,-14.0,2.0,-16.0,-7.0,7.0
2024-11-26,TREND_LONG,EARLY_HARD_STOP,long,LOSER,-114.0,5,44871.0,-13.0,4.0,-17.0,-13.0,21.0,-27.0,4.0,-31.0,-14.0,21.0,-34.0,4.0,-36.0,-7.0,18.0,-39.0,4.0,-45.0,-5.0,17.0,-57.0,4.0,-58.0,-18.0,21.0
2024-11-26,TREND_LONG,CHOP_TP,long,WINNER,28.0,30,44885.0,-4.0,4.0,-9.0,-4.0,13.0,-23.0,4.0,-24.0,-19.0,23.0,-16.0,4.0,-25.0,7.0,11.0,-6.0,4.0,-25.0,10.0,17.0,3.0,4.0,-25.0,9.0,12.0
2024-11-26,TREND_LONG,CHOP_TP,long,WINNER,66.0,26,44917.0,6.0,10.0,-2.0,6.0,12.0,5.0,10.0,-2.0,-1.0,8.0,9.0,10.0,-2.0,4.0,8.0,10.0,14.0,-2.0,1.0,7.0,16.0,19.0,-2.0,6.0,10.0
2024-11-26,TREND_LONG,SESSION_EXIT,long,LOSER,-50.0,14,44984.0,2.0,12.0,0.0,2.0,12.0,-8.0,12.0,-8.0,-10.0,12.0,1.0,12.0,-9.0,9.0,11.0,-4.0,16.0,-9.0,-5.0,21.0,-3.0,16.0,-21.0,1.0,20.0
2024-11-27,TREND_SHORT,EARLY_HARD_STOP,short,LOSER,-94.0,5,44967.0,1.0,3.0,-14.0,1.0,17.0,-30.0,5.0,-35.0,-31.0,40.0,-23.0,5.0,-40.0,7.0,18.0,-35.0,5.0,-40.0,-12.0,18.0,-47.0,5.0,-50.0,-12.0,19.0
2024-11-27,CHOP_BUY,EXIT_FLAT,long,LOSER,-76.0,13,44995.0,-6.0,5.0,-6.0,-6.0,11.0,-4.0,5.0,-12.0,2.0,13.0,-17.0,5.0,-17.0,-13.0,13.0,-14.0,5.0,-20.0,3.0,9.0,-12.0,5.0,-28.0,2.0,16.0
2024-11-27,TREND_SHORT,PARTIAL_TP,short,WINNER,56.0,49,44927.0,1.0,7.0,-4.0,1.0,11.0,-5.0,7.0,-11.0,-6.0,13.0,-9.0,7.0,-11.0,-4.0,13.0,-9.0,7.0,-21.0,0.0,16.0,-3.0,7.0,-21.0,6.0,8.0
2024-11-27,CHOP_BUY,EXIT_FLAT,long,LOSER,-96.0,140,44849.0,-11.0,0.0,-15.0,-11.0,15.0,-12.0,0.0,-16.0,-1.0,5.0,-6.0,0.0,-16.0,6.0,11.0,5.0,5.0,-16.0,11.0,12.0,-3.0,5.0,-16.0,-8.0,8.0
2024-11-27,CHOP_BUY,SESSION_EXIT,long,LOSER,-40.0,15,44843.0,4.0,4.0,-4.0,4.0,8.0,13.0,16.0,-4.0,9.0,18.0,12.0,17.0,-4.0,-1.0,8.0,20.0,23.0,-4.0,8.0,18.0,2.0,23.0,-4.0,-18.0,20.0
2024-11-28,TREND_LONG,CHOP_TP,long,WINNER,22.0,66,44916.0,-7.0,0.0,-7.0,-7.0,7.0,-15.0,0.0,-15.0,-8.0,10.0,-18.0,0.0,-19.0,-3.0,4.0,-16.0,0.0,-19.0,2.0,5.0,-17.0,0.0,-19.0,-1.0,5.0
2024-11-28,TREND_LONG,CHOP_TP,long,WINNER,36.0,65,44945.0,-5.0,0.0,-6.0,-5.0,4.0,-6.0,0.0,-7.0,-1.0,3.0,-10.0,0.0,-10.0,-4.0,4.0,-9.0,0.0,-10.0,1.0,4.0,-10.0,0.0,-13.0,-1.0,3.0
2024-11-29,CHOP_SELL,EXIT_FLAT,short,LOSER,-60.0,11,44983.0,-2.0,6.0,-8.0,-2.0,14.0,-2.0,6.0,-11.0,0.0,16.0,-8.0,6.0,-11.0,-6.0,10.0,-5.0,6.0,-11.0,3.0,10.0,-14.0,6.0,-14.0,-9.0,8.0
2024-11-29,TREND_LONG,CHOP_TP,long,WINNER,40.0,15,45032.0,3.0,6.0,-2.0,3.0,8.0,-3.0,11.0,-4.0,-6.0,15.0,-13.0,11.0,-13.0,-10.0,11.0,-2.0,11.0,-13.0,11.0,12.0,5.0,11.0,-13.0,7.0,9.0
2024-11-29,TREND_LONG,PARTIAL_TP,long,WINNER,65.0,21,45087.0,20.0,22.0,-1.0,20.0,23.0,11.0,22.0,-1.0,-9.0,13.0,19.0,22.0,-1.0,8.0,9.0,20.0,26.0,-1.0,1.0,13.0,27.0,29.0,-1.0,7.0,10.0
2024-12-02,TREND_SHORT,PARTIAL_TP,short,WINNER,64.0,14,44904.0,11.0,11.0,-11.0,11.0,22.0,17.0,20.0,-11.0,6.0,17.0,23.0,30.0,-11.0,6.0,16.0,30.0,40.0,-11.0,7.0,18.0,39.0,40.0,-11.0,9.0,14.0
2024-12-02,CHOP_BUY,PARTIAL_TP,long,WINNER,56.0,151,44908.0,-2.0,3.0,-4.0,-2.0,7.0,4.0,9.0,-4.0,6.0,10.0,7.0,9.0,-4.0,3.0,6.0,2.0,9.0,-4.0,-5.0,9.0,-7.0,9.0,-7.0,-9.0,10.0
2024-12-02,CHOP_SELL,PARTIAL_TP,short,WINNER,51.0,41,44949.0,-11.0,0.0,-11.0,-11.0,10.0,-9.0,0.0,-11.0,2.0,7.0,0.0,2.0,-11.0,9.0,11.0,3.0,6.0,-11.0,3.0,9.0,-1.0,6.0,-11.0,-4.0,7.0
2024-12-03,CHOP_SELL,PARTIAL_TP,short,WINNER,55.0,17,44814.0,0.0,6.0,-14.0,0.0,20.0,11.0,15.0,-14.0,11.0,17.0,7.0,15.0,-14.0,-4.0,13.0,4.0,15.0,-14.0,-3.0,9.0,10.0,15.0,-14.0,6.0,11.0
2024-12-03,CHOP_BUY,EXIT_FLAT,long,LOSER,-110.0,33,44765.0,-14.0,0.0,-18.0,-14.0,18.0,-23.0,0.0,-23.0,-9.0,14.0,-19.0,0.0,-30.0,4.0,18.0,-12.0,0.0,-30.0,7.0,10.0,-35.0,0.0,-35.0,-23.0,25.0
2024-12-03,TREND_SHORT,EXIT_FLAT,short,LOSER,-120.0,29,44703.0,1.0,6.0,-12.0,1.0,18.0,2.0,7.0,-12.0,1.0,12.0,3.0,10.0,-12.0,1.0,10.0,9.0,15.0,-12.0,6.0,17.0,16.0,19.0,-12.0,7.0,9.0
2024-12-03,CHOP_BUY,EXIT_FLAT,long,LOSER,-122.0,39,44853.0,0.0,2.0,-3.0,0.0,5.0,-6.0,2.0,-7.0,-6.0,8.0,6.0,8.0,-7.0,12.0,13.0,6.0,10.0,-7.0,0.0,5.0,6.0,10.0,-7.0,0.0,7.0
2024-12-04,CHOP_SELL,PARTIAL_TP,short,WINNER,70.0,6,45057.0,11.0,30.0,-14.0,11.0,44.0,7.0,30.0,-14.0,-4.0,17.0,17.0,30.0,-14.0,10.0,17.0,45.0,46.0,-14.0,28.0,32.0,49.0,59.0,-14.0,4.0,18.0
2024-12-04,CHOP_BUY,EXIT_FLAT,long,LOSER,-120.0,35,45026.0,-1.0,1.0,-5.0,-1.0,6.0,-1.0,1.0,-5.0,0.0,3.0,-3.0,5.0,-5.0,-2.0,9.0,-5.0,5.0,-5.0,-2.0,7.0,-8.0,5.0,-9.0,-3.0,6.0
2024-12-04,CHOP_BUY,EXIT_FLAT,long,LOSER,-122.0,30,44981.0,-1.0,2.0,-5.0,-1.0,7.0,0.0,2.0,-5.0,1.0,4.0,2.0,4.0,-5.0,2.0,6.0,-3.0,4.0,-7.0,-5.0,8.0,6.0,8.0,-7.0,9.0,9.0
2024-12-04,TREND_SHORT,EXIT_FLAT,short,LOSER,-126.0,12,44893.0,-17.0,7.0,-19.0,-17.0,26.0,-6.0,7.0,-19.0,11.0,11.0,-16.0,7.0,-23.0,-10.0,20.0,-24.0,7.0,-24.0,-8.0,12.0,-34.0,7.0,-36.0,-10.0,13.0
2024-12-04,CHOP_BUY,PARTIAL_TP,long,WINNER,51.0,18,44994.0,5.0,7.0,-2.0,5.0,9.0,1.0,7.0,-2.0,-4.0,6.0,6.0,8.0,-2.0,5.0,8.0,7.0,9.0,-2.0,1.0,3.0,1.0,9.0,-2.0,-6.0,8.0
2024-12-04,TREND_LONG,SESSION_EXIT,long,LOSER,-62.0,50,45129.0,-2.0,9.0,-2.0,-2.0,11.0,4.0,13.0,-8.0,6.0,21.0,3.0,13.0,-8.0,-1.0,11.0,-8.0,13.0,-8.0,-11.0,13.0,-14.0,13.0,-16.0,-6.0,11.0
2024-12-05,TREND_SHORT,PARTIAL_TP,short,WINNER,51.0,104,44997.0,18.0,20.0,-2.0,18.0,22.0,36.0,38.0,-2.0,18.0,21.0,22.0,50.0,-2.0,-14.0,32.0,30.0,50.0,-2.0,8.0,25.0,17.0,50.0,-2.0,-13.0,22.0
2024-12-05,CHOP_SELL,PARTIAL_TP,short,WINNER,51.0,21,44974.0,-6.0,0.0,-7.0,-6.0,7.0,9.0,9.0,-7.0,15.0,16.0,22.0,22.0,-7.0,13.0,14.0,23.0,27.0,-7.0,1.0,13.0,18.0,27.0,-7.0,-5.0,6.0
2024-12-05,CHOP_BUY,SESSION_EXIT,long,LOSER,-102.0,14,44902.0,-7.0,2.0,-12.0,-7.0,14.0,-5.0,2.0,-12.0,2.0,9.0,-11.0,2.0,-18.0,-6.0,16.0,-24.0,2.0,-29.0,-13.0,25.0,-13.0,2.0,-29.0,11.0,15.0
2024-12-06,TREND_SHORT,PARTIAL_TP,short,WINNER,68.0,76,44859.0,-15.0,0.0,-26.0,-15.0,25.0,-14.0,0.0,-26.0,1.0,15.0,-19.0,0.0,-38.0,-5.0,28.0,-13.0,0.0,-38.0,6.0,15.0,-28.0,0.0,-38.0,-15.0,23.0
2024-12-06,TREND_SHORT,CHOP_TP,short,WINNER,44.0,56,44734.0,-4.0,15.0,-8.0,-4.0,23.0,5.0,15.0,-8.0,9.0,15.0,12.0,18.0,-8.0,7.0,13.0,9.0,18.0,-8.0,-3.0,13.0,1.0,18.0,-8.0,-8.0,16.0
2024-12-06,CHOP_BUY,EXIT_FLAT,long,LOSER,-134.0,46,44763.0,3.0,3.0,-12.0,3.0,15.0,7.0,10.0,-12.0,4.0,9.0,3.0,10.0,-12.0,-4.0,6.0,-6.0,10.0,-12.0,-9.0,10.0,-16.0,10.0,-19.0,-10.0,12.0
2024-12-06,TREND_SHORT,SESSION_EXIT,short,LOSER,-50.0,101,44681.0,-8.0,0.0,-13.0,-8.0,13.0,-10.0,0.0,-14.0,-2.0,9.0,-10.0,0.0,-14.0,0.0,10.0,7.0,8.0,-14.0,17.0,18.0,12.0,13.0,-14.0,5.0,12.0
2024-12-09,TREND_SHORT,EXIT_FLAT,short,LOSER,-134.0,19,44689.0,-21.0,1.0,-26.0,-21.0,27.0,-26.0,1.0,-27.0,-5.0,10.0,-30.0,1.0,-39.0,-4.0,14.0,-35.0,1.0,-40.0,-5.0,19.0,-27.0,1.0,-41.0,8.0,20.0
2024-12-09,CHOP_BUY,EARLY_HARD_STOP,long,LOSER,-86.0,4,44701.0,6.0,11.0,-3.0,6.0,14.0,-3.0,11.0,-6.0,-9.0,17.0,-28.0,11.0,-30.0,-25.0,21.0,-43.0,11.0,-51.0,-15.0,25.0,-57.0,11.0,-65.0,-14.0,29.0
2024-12-09,CHOP_BUY,PARTIAL_TP,long,WINNER,56.0,24,44610.0,5.0,9.0,0.0,5.0,9.0,-14.0,9.0,-15.0,-19.0,24.0,1.0,9.0,-20.0,15.0,21.0,-5.0,9.0,-20.0,-6.0,16.0,2.0,10.0,-20.0,7.0,15.0
2024-12-09,CHOP_BUY,EXIT_FLAT,long,LOSER,-110.0,24,44637.0,5.0,6.0,-3.0,5.0,9.0,6.0,7.0,-3.0,1.0,6.0,13.0,15.0,-3.0,7.0,7.0,10.0,15.0,-3.0,-3.0,3.0,4.0,15.0,-3.0,-6.0,9.0
2024-12-09,TREND_SHORT,CHOP_TP,short,WINNER,26.0,26,44570.0,-6.0,7.0,-11.0,-6.0,18.0,-15.0,7.0,-16.0,-9.0,12.0,-14.0,7.0,-16.0,1.0,15.0,-17.0,7.0,-21.0,-3.0,11.0,-18.0,7.0,-21.0,-1.0,5.0
2024-12-09,TREND_SHORT,PARTIAL_TP,short,WINNER,62.0,33,44527.0,-3.0,4.0,-8.0,-3.0,12.0,3.0,7.0,-8.0,6.0,15.0,7.0,11.0,-8.0,4.0,10.0,9.0,14.0,-8.0,2.0,7.0,3.0,14.0,-8.0,-6.0,12.0
2024-12-10,TREND_LONG,CHOP_TP,long,WINNER,76.0,16,44430.0,1.0,8.0,-3.0,1.0,11.0,-13.0,8.0,-19.0,-14.0,24.0,6.0,13.0,-19.0,19.0,28.0,3.0,17.0,-19.0,-3.0,15.0,23.0,26.0,-19.0,20.0,22.0
2024-12-10,TREND_LONG,CHOP_TP,long,WINNER,36.0,15,44482.0,3.0,10.0,-4.0,3.0,14.0,14.0,14.0,-4.0,11.0,16.0,28.0,31.0,-4.0,14.0,22.0,23.0,31.0,-4.0,-5.0,6.0,32.0,38.0,-4.0,9.0,15.0
2024-12-10,TREND_LONG,EXIT_FLAT,long,LOSER,-126.0,79,44522.0,11.0,12.0,-2.0,11.0,14.0,21.0,25.0,-2.0,10.0,15.0,13.0,25.0,-2.0,-8.0,23.0,6.0,25.0,-2.0,-7.0,15.0,-9.0,25.0,-12.0,-15.0,20.0
2024-12-10,CHOP_BUY,CHOP_TP,long,WINNER,60.0,3,44459.0,6.0,10.0,-3.0,6.0,13.0,25.0,28.0,-3.0,19.0,24.0,30.0,33.0,-3.0,5.0,11.0,35.0,35.0,-3.0,5.0,6.0,30.0,35.0,-3.0,-5.0,5.0
2024-12-10,CHOP_BUY,CHOP_TP,long,WINNER,40.0,67,44466.0,9.0,9.0,-1.0,9.0,10.0,-4.0,14.0,-4.0,-13.0,18.0,-7.0,14.0,-9.0,-3.0,6.0,-18.0,14.0,-19.0,-11.0,14.0,-23.0,14.0,-29.0,-5.0,11.0
2024-12-11,TREND_SHORT,PARTIAL_TP,short,WINNER,57.0,6,44300.0,-16.0,3.0,-16.0,-16.0,19.0,7.0,15.0,-19.0,23.0,34.0,23.0,27.0,-19.0,16.0,27.0,30.0,40.0,-19.0,7.0,21.0,46.0,48.0,-19.0,16.0,19.0
2024-12-11,CHOP_BUY,EXIT_FLAT,long,LOSER,-106.0,24,44273.0,9.0,12.0,0.0,9.0,12.0,16.0,18.0,0.0,7.0,8.0,21.0,23.0,0.0,5.0,13.0,28.0,28.0,0.0,7.0,13.0,18.0,28.0,0.0,-10.0,11.0
2024-12-12,TREND_SHORT,EXIT_FLAT,short,LOSER,-120.0,68,44148.0,6.0,15.0,-5.0,6.0,20.0,3.0,15.0,-5.0,-3.0,10.0,22.0,24.0,-5.0,19.0,21.0,37.0,44.0,-5.0,15.0,23.0,23.0,48.0,-5.0,-14.0,25.0
2024-12-12,TREND_SHORT,EXIT_FLAT,short,LOSER,-122.0,16,44097.0,-15.0,1.0,-17.0,-15.0,18.0,-10.0,1.0,-17.0,5.0,7.0,-24.0,1.0,-26.0,-14.0,21.0,-15.0,1.0,-26.0,9.0,15.0,-15.0,1.0,-26.0,0.0,6.0
2024-12-12,TREND_SHORT,CHOP_TP,short,WINNER,94.0,62,44084.0,12.0,14.0,-5.0,12.0,19.0,19.0,22.0,-5.0,7.0,10.0,5.0,25.0,-5.0,-14.0,23.0,-2.0,25.0,-5.0,-7.0,15.0,-3.0,25.0,-6.0,-1.0,6.0
2024-12-12,TREND_SHORT,PARTIAL_TP,short,WINNER,50.0,29,44022.0,-5.0,5.0,-8.0,-5.0,13.0,-6.0,5.0,-18.0,-1.0,17.0,-15.0,5.0,-18.0,-9.0,14.0,-29.0,5.0,-33.0,-14.0,17.0,-38.0,5.0,-40.0,-9.0,13.0
2024-12-12,CHOP_BUY,SESSION_EXIT,long,LOSER,-84.0,30,44006.0,15.0,16.0,0.0,15.0,14.0,10.0,20.0,0.0,-5.0,14.0,17.0,22.0,0.0,7.0,11.0,21.0,24.0,0.0,4.0,13.0,20.0,25.0,0.0,-1.0,10.0
2024-12-13,CHOP_SELL,PARTIAL_TP,short,WINNER,58.0,5,43981.0,26.0,29.0,-11.0,26.0,40.0,37.0,43.0,-11.0,11.0,19.0,43.0,45.0,-11.0,6.0,20.0,49.0,53.0,-11.0,6.0,18.0,58.0,68.0,-11.0,9.0,23.0
2024-12-13,CHOP_BUY,EXIT_FLAT,long,LOSER,-126.0,17,43960.0,-11.0,4.0,-19.0,-11.0,23.0,-19.0,4.0,-26.0,-8.0,13.0,-19.0,4.0,-32.0,0.0,14.0,-13.0,4.0,-32.0,6.0,8.0,-9.0,4.0,-32.0,4.0,12.0
2024-12-13,TREND_SHORT,EXIT_FLAT,short,LOSER,-124.0,91,43859.0,-6.0,1.0,-10.0,-6.0,11.0,3.0,7.0,-10.0,9.0,12.0,6.0,13.0,-10.0,3.0,17.0,3.0,20.0,-10.0,-3.0,20.0,2.0,20.0,-10.0,-1.0,11.0
2024-12-13,CHOP_BUY,SESSION_EXIT,long,LOSER,-64.0,86,43893.0,5.0,6.0,-4.0,5.0,10.0,-5.0,6.0,-7.0,-10.0,13.0,-6.0,6.0,-9.0,-1.0,10.0,0.0,6.0,-9.0,6.0,11.0,6.0,6.0,-9.0,6.0,6.0
2024-12-16,TREND_LONG,EARLY_HARD_STOP,long,LOSER,-80.0,2,43913.0,-28.0,6.0,-28.0,-28.0,34.0,-40.0,6.0,-40.0,-12.0,14.0,-37.0,6.0,-51.0,3.0,21.0,-37.0,6.0,-51.0,0.0,14.0,-43.0,6.0,-55.0,-6.0,17.0
2024-12-16,TREND_LONG,PARTIAL_TP,long,WINNER,53.0,6,43929.0,5.0,9.0,0.0,5.0,9.0,14.0,17.0,0.0,9.0,11.0,31.0,31.0,0.0,17.0,26.0,20.0,31.0,0.0,-11.0,25.0,29.0,31.0,0.0,9.0,22.0
2024-12-16,TREND_SHORT,PARTIAL_TP,short,WINNER,52.0,224,43824.0,-5.0,5.0,-11.0,-5.0,16.0,8.0,11.0,-11.0,13.0,13.0,3.0,11.0,-11.0,-5.0,8.0,-6.0,11.0,-11.0,-9.0,16.0,-10.0,11.0,-19.0,-4.0,12.0
2024-12-17,TREND_SHORT,EARLY_HARD_STOP,short,LOSER,-88.0,5,43453.0,-20.0,11.0,-20.0,-20.0,31.0,-31.0,11.0,-35.0,-11.0,19.0,-34.0,11.0,-37.0,-3.0,12.0,-25.0,11.0,-37.0,9.0,15.0,-44.0,11.0,-50.0,-19.0,22.0
2024-12-17,CHOP_BUY,PARTIAL_TP,long,WINNER,53.0,37,43499.0,0.0,6.0,-10.0,0.0,16.0,-2.0,10.0,-10.0,-2.0,14.0,-2.0,10.0,-10.0,0.0,13.0,-7.0,10.0,-10.0,-5.0,20.0,-14.0,10.0,-20.0,-7.0,10.0
2024-12-17,TREND_SHORT,CHOP_TP,short,WINNER,44.0,80,43422.0,-3.0,0.0,-3.0,-3.0,3.0,-1.0,6.0,-3.0,2.0,9.0,-9.0,6.0,-12.0,-8.0,14.0,-16.0,6.0,-16.0,-7.0,11.0,-4.0,6.0,-20.0,12.0,19.0
2024-12-17,CHOP_BUY,PARTIAL_TP,long,WINNER,61.0,59,43385.0,5.0,7.0,-3.0,5.0,10.0,14.0,17.0,-3.0,9.0,11.0,21.0,24.0,-3.0,7.0,9.0,21.0,33.0,-3.0,0.0,13.0,12.0,33.0,-3.0,-9.0,11.0
2024-12-18,TREND_LONG,PARTIAL_TP,long,WINNER,50.0,30,43584.0,10.0,11.0,-6.0,10.0,17.0,6.0,22.0,-6.0,-4.0,22.0,6.0,22.0,-6.0,0.0,11.0,12.0,22.0,-6.0,6.0,10.0,1.0,22.0,-9.0,-11.0,15.0
2024-12-18,CHOP_BUY,PARTIAL_TP,long,WINNER,55.0,20,43640.0,-1.0,0.0,-9.0,-1.0,8.0,-7.0,3.0,-9.0,-6.0,10.0,-3.0,3.0,-13.0,4.0,10.0,-5.0,3.0,-13.0,-2.0,4.0,-4.0,3.0,-13.0,1.0,8.0
2024-12-18,CHOP_SELL,PARTIAL_TP,short,WINNER,77.0,43,43608.0,-6.0,3.0,-9.0,-6.0,12.0,-3.0,3.0,-9.0,3.0,5.0,-1.0,3.0,-9.0,2.0,3.0,3.0,3.0,-9.0,4.0,6.0,0.0,5.0,-9.0,-3.0,8.0
2024-12-19,TREND_SHORT,EARLY_HARD_STOP,short,LOSER,-82.0,4,42568.0,-23.0,0.0,-26.0,-23.0,26.0,-29.0,0.0,-44.0,-6.0,22.0,-36.0,0.0,-44.0,-7.0,29.0,-41.0,0.0,-52.0,-5.0,16.0,-52.0,0.0,-52.0,-11.0,24.0
2024-12-19,TREND_SHORT,PARTIAL_TP,short,WINNER,50.0,5,42550.0,0.0,13.0,-9.0,0.0,22.0,9.0,18.0,-11.0,9.0,29.0,18.0,30.0,-11.0,9.0,23.0,14.0,30.0,-11.0,-4.0,21.0,50.0,50.0,-11.0,36.0,47.0
2024-12-19,TREND_SHORT,EARLY_HARD_STOP,short,LOSER,-110.0,3,42472.0,-5.0,21.0,-11.0,-5.0,32.0,-18.0,21.0,-23.0,-13.0,23.0,-55.0,21.0,-55.0,-37.0,54.0,-39.0,21.0,-55.0,16.0,16.0,-6.0,21.0,-55.0,33.0,45.0
2024-12-19,TREND_SHORT,EARLY_HARD_STOP,short,LOSER,-116.0,4,42450.0,-11.0,1.0,-21.0,-11.0,22.0,12.0,12.0,-21.0,23.0,16.0,-39.0,17.0,-39.0,-51.0,56.0,-58.0,17.0,-87.0,-19.0,37.0,-32.0,17.0,-87.0,26.0,38.0
2024-12-19,CHOP_BUY,EXIT_FLAT,long,LOSER,-120.0,8,42503.0,15.0,19.0,-18.0,15.0,37.0,42.0,48.0,-18.0,27.0,27.0,45.0,51.0,-18.0,3.0,22.0,37.0,51.0,-18.0,-8.0,11.0,-8.0,51.0,-18.0,-45.0,43.0
2024-12-19,CHOP_BUY,EXIT_FLAT,long,LOSER,-124.0,19,42601.0,-27.0,0.0,-40.0,-27.0,40.0,23.0,23.0,-40.0,50.0,56.0,39.0,51.0,-40.0,16.0,29.0,34.0,51.0,-40.0,-5.0,12.0,22.0,51.0,-40.0,-12.0,21.0
2024-12-19,CHOP_BUY,PARTIAL_TP,long,WINNER,68.0,5,42439.0,-8.0,6.0,-11.0,-8.0,17.0,0.0,6.0,-17.0,8.0,17.0,8.0,8.0,-17.0,8.0,15.0,9.0,16.0,-17.0,1.0,15.0,68.0,68.0,-17.0,59.0,58.0
2024-12-19,TREND_SHORT,EARLY_HARD_STOP,short,LOSER,-100.0,2,42422.0,6.0,19.0,0.0,6.0,17.0,-50.0,19.0,-52.0,-56.0,31.0,-88.0,19.0,-90.0,-38.0,39.0,-118.0,19.0,-136.0,-30.0,49.0,-104.0,19.0,-136.0,14.0,23.0
2024-12-19,TREND_SHORT,SESSION_EXIT,short,WINNER,38.0,7,42382.0,0.0,6.0,-5.0,0.0,11.0,-31.0,6.0,-38.0,-31.0,25.0,-31.0,6.0,-43.0,0.0,12.0,10.0,10.0,-43.0,41.0,22.0,0.0,10.0,-43.0,-10.0,16.0
2024-12-23,TREND_SHORT,EARLY_HARD_STOP,short,LOSER,-100.0,4,43006.0,-13.0,2.0,-18.0,-13.0,20.0,-25.0,2.0,-49.0,-12.0,42.0,-26.0,2.0,-49.0,-1.0,20.0,-50.0,2.0,-52.0,-24.0,35.0,-33.0,2.0,-58.0,17.0,31.0
2024-12-23,TREND_SHORT,EARLY_HARD_STOP,short,LOSER,-122.0,1,42952.0,-61.0,0.0,-71.0,-61.0,71.0,-35.0,0.0,-71.0,26.0,32.0,-41.0,0.0,-71.0,-6.0,24.0,-30.0,0.0,-71.0,11.0,31.0,-52.0,0.0,-71.0,-22.0,46.0
2024-12-23,TREND_SHORT,EARLY_HARD_STOP,short,LOSER,-146.0,5,42937.0,-7.0,9.0,-13.0,-7.0,22.0,-25.0,9.0,-28.0,-18.0,33.0,-28.0,9.0,-38.0,-3.0,18.0,-36.0,9.0,-41.0,-8.0,31.0,-73.0,9.0,-83.0,-37.0,49.0
2024-12-23,CHOP_SELL,EXIT_FLAT,short,LOSER,-136.0,9,43055.0,11.0,13.0,-6.0,11.0,19.0,-7.0,16.0,-8.0,-18.0,24.0,-9.0,16.0,-17.0,-2.0,12.0,-19.0,16.0,-23.0,-10.0,18.0,-15.0,16.0,-23.0,4.0,12.0
2024-12-23,TREND_LONG,CHOP_TP,long,WINNER,26.0,63,43225.0,10.0,13.0,-2.0,10.0,15.0,-9.0,13.0,-13.0,-19.0,23.0,-18.0,13.0,-24.0,-9.0,18.0,-17.0,13.0,-36.0,1.0,20.0,-2.0,13.0,-36.0,15.0,20.0
2024-12-23,CHOP_BUY,EXIT_FLAT,long,LOSER,-126.0,32,43256.0,-9.0,0.0,-11.0,-9.0,10.0,2.0,5.0,-11.0,11.0,14.0,-3.0,9.0,-11.0,-5.0,13.0,-9.0,9.0,-15.0,-6.0,11.0,0.0,9.0,-15.0,9.0,9.0
2024-12-23,CHOP_SELL,CHOP_TP,short,WINNER,76.0,13,43229.0,14.0,14.0,-1.0,14.0,15.0,20.0,20.0,-1.0,6.0,16.0,24.0,27.0,-1.0,4.0,20.0,17.0,27.0,-1.0,-7.0,11.0,8.0,27.0,-1.0,-9.0,19.0
2024-12-23,TREND_LONG,PARTIAL_TP,long,WINNER,64.0,6,43276.0,20.0,20.0,-2.0,20.0,22.0,35.0,36.0,-2.0,15.0,22.0,13.0,45.0,-2.0,-22.0,36.0,13.0,45.0,-2.0,0.0,17.0,39.0,45.0,-2.0,26.0,29.0
2024-12-24,TREND_LONG,PARTIAL_TP,long,WINNER,69.0,10,43355.0,13.0,14.0,-2.0,13.0,16.0,31.0,34.0,-2.0,18.0,26.0,26.0,42.0,-2.0,-5.0,21.0,37.0,46.0,-2.0,11.0,16.0,44.0,46.0,-2.0,7.0,18.0
2024-12-24,TREND_LONG,CHOP_TP,long,WINNER,90.0,41,43573.0,-9.0,4.0,-12.0,-9.0,16.0,-4.0,4.0,-16.0,5.0,12.0,-13.0,4.0,-19.0,-9.0,15.0,-3.0,4.0,-19.0,10.0,17.0,3.0,6.0,-19.0,6.0,11.0
2024-12-26,TREND_SHORT,EARLY_HARD_STOP,short,LOSER,-108.0,3,43484.0,-23.0,9.0,-26.0,-23.0,35.0,-23.0,9.0,-36.0,0.0,24.0,-54.0,9.0,-54.0,-31.0,32.0,-68.0,9.0,-78.0,-14.0,31.0,-72.0,9.0,-78.0,-4.0,23.0
2024-12-26,TREND_LONG,CHOP_TP,long,WINNER,68.0,71,43599.0,2.0,13.0,-2.0,2.0,15.0,-3.0,13.0,-10.0,-5.0,16.0,-13.0,13.0,-16.0,-10.0,25.0,-21.0,13.0,-23.0,-8.0,17.0,-11.0,13.0,-23.0,10.0,18.0
2024-12-26,TREND_LONG,PARTIAL_TP,long,WINNER,57.0,27,43652.0,4.0,4.0,-7.0,4.0,11.0,0.0,4.0,-7.0,-4.0,8.0,7.0,7.0,-7.0,7.0,13.0,9.0,10.0,-7.0,2.0,6.0,8.0,14.0,-7.0,-1.0,10.0
2024-12-26,CHOP_SELL,SESSION_EXIT,short,WINNER,20.0,2,43710.0,8.0,20.0,-9.0,8.0,29.0,10.0,20.0,-9.0,2.0,17.0,3.0,20.0,-9.0,-7.0,7.0,13.0,20.0,-9.0,10.0,11.0,14.0,20.0,-9.0,1.0,6.0
2024-12-27,TREND_LONG,EXIT_FLAT,long,LOSER,-154.0,9,43573.0,-2.0,2.0,-16.0,-2.0,18.0,-12.0,2.0,-16.0,-10.0,17.0,-16.0,2.0,-21.0,-4.0,16.0,-29.0,2.0,-36.0,-13.0,19.0,1.0,2.0,-36.0,30.0,33.0
2024-12-27,TREND_SHORT,PARTIAL_TP,short,WINNER,63.0,5,43376.0,-12.0,5.0,-28.0,-12.0,33.0,0.0,12.0,-28.0,12.0,26.0,21.0,23.0,-28.0,21.0,25.0,30.0,30.0,-28.0,9.0,25.0,63.0,71.0,-28.0,33.0,46.0
2024-12-27,CHOP_BUY,EARLY_HARD_STOP,long,LOSER,-116.0,5,43298.0,-3.0,6.0,-9.0,-3.0,15.0,4.0,7.0,-9.0,7.0,13.0,-14.0,7.0,-15.0,-18.0,18.0,-33.0,7.0,-37.0,-19.0,23.0,-58.0,7.0,-64.0,-25.0,33.0
2024-12-27,TREND_SHORT,PARTIAL_TP,short,WINNER,58.0,16,43163.0,31.0,38.0,-2.0,31.0,40.0,24.0,42.0,-2.0,-7.0,23.0,17.0,42.0,-2.0,-7.0,16.0,15.0,42.0,-2.0,-2.0,22.0,-3.0,42.0,-13.0,-18.0,38.0
2024-12-27,TREND_SHORT,EXIT_FLAT,short,LOSER,-166.0,11,43091.0,1.0,11.0,-5.0,1.0,16.0,-22.0,11.0,-28.0,-23.0,30.0,-7.0,11.0,-36.0,15.0,31.0,-12.0,11.0,-36.0,-5.0,15.0,-17.0,11.0,-36.0,-5.0,24.0
2024-12-27,CHOP_BUY,PARTIAL_TP,long,WINNER,54.0,18,43242.0,-4.0,0.0,-12.0,-4.0,11.0,10.0,10.0,-12.0,14.0,20.0,10.0,15.0,-12.0,0.0,14.0,20.0,24.0,-12.0,10.0,12.0,14.0,26.0,-12.0,-6.0,13.0
2024-12-30,TREND_SHORT,EARLY_HARD_STOP,short,LOSER,-126.0,1,42641.0,-63.0,3.0,-65.0,-63.0,68.0,-13.0,3.0,-89.0,50.0,78.0,7.0,14.0,-89.0,20.0,28.0,-12.0,14.0,-89.0,-19.0,30.0,-13.0,14.0,-89.0,-1.0,23.0
2024-12-30,TREND_LONG,EXIT_FLAT,long,LOSER,-124.0,10,42663.0,-2.0,15.0,-17.0,-2.0,32.0,-13.0,15.0,-21.0,-11.0,19.0,-17.0,15.0,-47.0,-4.0,41.0,8.0,15.0,-47.0,25.0,35.0,-2.0,15.0,-47.0,-10.0,26.0
2024-12-30,TREND_SHORT,EXIT_FLAT,short,LOSER,-126.0,11,42593.0,-7.0,7.0,-17.0,-7.0,24.0,-28.0,7.0,-40.0,-21.0,34.0,-20.0,7.0,-41.0,8.0,24.0,6.0,10.0,-41.0,26.0,36.0,-36.0,10.0,-45.0,-42.0,52.0
2024-12-30,CHOP_BUY,PARTIAL_TP,long,WINNER,54.0,9,42734.0,20.0,28.0,-7.0,20.0,35.0,21.0,34.0,-7.0,1.0,19.0,23.0,34.0,-7.0,2.0,13.0,42.0,43.0,-7.0,19.0,25.0,44.0,47.0,-7.0,2.0,16.0
2024-12-30,CHOP_BUY,EXIT_FLAT,long,LOSER,-140.0,12,43104.0,-5.0,5.0,-9.0,-5.0,14.0,0.0,5.0,-10.0,5.0,12.0,-22.0,8.0,-22.0,-22.0,30.0,-17.0,8.0,-28.0,5.0,16.0,-5.0,8.0,-28.0,12.0,20.0
2024-12-30,CHOP_SELL,EXIT_FLAT,short,LOSER,-128.0,36,43048.0,-5.0,1.0,-20.0,-5.0,21.0,6.0,6.0,-20.0,11.0,14.0,-2.0,8.0,-20.0,-8.0,12.0,-11.0,8.0,-20.0,-9.0,18.0,-25.0,8.0,-29.0,-14.0,20.0
2024-12-31,TREND_LONG,EXIT_FLAT,long,LOSER,-160.0,8,43057.0,13.0,24.0,-13.0,13.0,37.0,24.0,27.0,-13.0,11.0,27.0,34.0,43.0,-13.0,10.0,24.0,11.0,43.0,-13.0,-23.0,33.0,-9.0,43.0,-16.0,-20.0,29.0
2024-12-31,TREND_SHORT,EARLY_HARD_STOP,short,LOSER,-110.0,2,42941.0,-29.0,0.0,-30.0,-29.0,28.0,-55.0,0.0,-58.0,-26.0,33.0,-47.0,0.0,-58.0,8.0,32.0,-64.0,0.0,-64.0,-17.0,23.0,-85.0,0.0,-85.0,-21.0,22.0
2024-12-31,TREND_SHORT,PARTIAL_TP,short,WINNER,50.0,3,42932.0,4.0,9.0,-6.0,4.0,15.0,35.0,38.0,-6.0,31.0,43.0,50.0,66.0,-6.0,15.0,34.0,56.0,67.0,-6.0,6.0,23.0,51.0,67.0,-6.0,-5.0,34.0
2024-12-31,TREND_SHORT,CHOP_TP,short,WINNER,70.0,27,42818.0,-2.0,10.0,-8.0,-2.0,18.0,-9.0,10.0,-17.0,-7.0,14.0,5.0,10.0,-17.0,14.0,18.0,-4.0,12.0,-17.0,-9.0,19.0,15.0,17.0,-17.0,19.0,22.0
2024-12-31,TREND_SHORT,EXIT_FLAT,short,LOSER,-130.0,32,42767.0,-14.0,1.0,-17.0,-14.0,18.0,-31.0,1.0,-31.0,-17.0,19.0,-31.0,1.0,-38.0,0.0,12.0,-12.0,1.0,-38.0,19.0,26.0,-10.0,1.0,-38.0,2.0,12.0
2024-12-31,TREND_SHORT,EXIT_FLAT,short,LOSER,-134.0,15,42731.0,-28.0,3.0,-29.0,-28.0,32.0,-9.0,3.0,-34.0,19.0,27.0,8.0,8.0,-34.0,17.0,19.0,-19.0,8.0,-34.0,-27.0,25.0,-9.0,8.0,-34.0,10.0,16.0
2024-12-31,CHOP_BUY,EXIT_FLAT,long,LOSER,-126.0,8,42824.0,0.0,3.0,-13.0,0.0,16.0,-3.0,3.0,-13.0,-3.0,8.0,-23.0,3.0,-28.0,-20.0,23.0,-25.0,3.0,-28.0,-2.0,13.0,-30.0,3.0,-31.0,-5.0,10.0
2025-01-02,TREND_LONG,EXIT_FLAT,long,LOSER,-120.0,8,43189.0,3.0,15.0,-3.0,3.0,18.0,5.0,20.0,-3.0,2.0,22.0,-30.0,20.0,-43.0,-35.0,50.0,-12.0,20.0,-43.0,18.0,23.0,-17.0,20.0,-43.0,-5.0,39.0
2025-01-02,TREND_SHORT,PARTIAL_TP,short,WINNER,61.0,8,42969.0,-23.0,19.0,-27.0,-23.0,46.0,-8.0,19.0,-27.0,15.0,34.0,-21.0,19.0,-37.0,-13.0,40.0,-26.0,19.0,-37.0,-5.0,31.0,20.0,24.0,-37.0,46.0,52.0
2025-01-03,TREND_SHORT,EARLY_HARD_STOP,short,LOSER,-82.0,3,42788.0,-11.0,10.0,-26.0,-11.0,36.0,-38.0,10.0,-46.0,-27.0,41.0,-41.0,10.0,-46.0,-3.0,18.0,-15.0,10.0,-46.0,26.0,25.0,-28.0,10.0,-46.0,-13.0,28.0
2025-01-03,TREND_SHORT,EXIT_FLAT,short,LOSER,-146.0,7,42768.0,-17.0,1.0,-20.0,-17.0,21.0,-12.0,1.0,-23.0,5.0,20.0,-21.0,7.0,-51.0,-9.0,58.0,-10.0,7.0,-51.0,11.0,24.0,-29.0,7.0,-51.0,-19.0,37.0
2025-01-03,TREND_SHORT,EARLY_HARD_STOP,short,LOSER,-82.0,3,42747.0,9.0,28.0,0.0,9.0,27.0,-30.0,28.0,-37.0,-39.0,51.0,-41.0,28.0,-49.0,-11.0,22.0,-83.0,28.0,-98.0,-42.0,59.0,-72.0,28.0,-98.0,11.0,24.0
2025-01-03,CHOP_BUY,PARTIAL_TP,long,WINNER,68.0,100,42947.0,6.0,9.0,-9.0,6.0,18.0,-3.0,12.0,-9.0,-9.0,16.0,-3.0,12.0,-9.0,0.0,15.0,-10.0,12.0,-13.0,-7.0,17.0,-5.0,12.0,-13.0,5.0,13.0
2025-01-03,CHOP_SELL,EXIT_FLAT,short,LOSER,-68.0,24,43003.0,-4.0,7.0,-5.0,-4.0,12.0,-11.0,7.0,-13.0,-7.0,8.0,-13.0,7.0,-16.0,-2.0,8.0,-13.0,7.0,-16.0,0.0,6.0,-14.0,7.0,-16.0,-1.0,5.0
2025-01-03,TREND_LONG,EXIT_FLAT,long,LOSER,-124.0,28,43053.0,6.0,7.0,-8.0,6.0,15.0,9.0,14.0,-8.0,3.0,8.0,11.0,15.0,-8.0,2.0,12.0,19.0,22.0,-8.0,8.0,14.0,22.0,24.0,-8.0,3.0,7.0
2025-01-03,CHOP_SELL,SESSION_EXIT,short,LOSER,0.0,5,43010.0,0.0,7.0,-4.0,0.0,11.0,-3.0,7.0,-8.0,-3.0,12.0,-2.0,7.0,-8.0,1.0,12.0,-1.0,7.0,-28.0,1.0,30.0,0.0,11.0,-28.0,1.0,16.0
2025-01-06,TREND_LONG,PARTIAL_TP,long,WINNER,53.0,8,43261.0,-10.0,8.0,-22.0,-10.0,30.0,-35.0,8.0,-35.0,-25.0,27.0,-2.0,8.0,-35.0,33.0,33.0,-2.0,8.0,-35.0,0.0,11.0,-9.0,21.0,-35.0,-7.0,31.0
2025-01-06,CHOP_BUY,EARLY_HARD_STOP,long,LOSER,-96.0,4,43301.0,-10.0,0.0,-19.0,-10.0,19.0,-21.0,0.0,-24.0,-11.0,18.0,-36.0,0.0,-38.0,-15.0,21.0,-48.0,0.0,-54.0,-12.0,28.0,-33.0,0.0,-54.0,15.0,24.0
2025-01-06,CHOP_SELL,PARTIAL_TP,short,WINNER,61.0,21,43170.0,-20.0,2.0,-29.0,-20.0,31.0,-25.0,2.0,-33.0,-5.0,12.0,-8.0,2.0,-33.0,17.0,21.0,-9.0,2.0,-33.0,-1.0,8.0,0.0,2.0,-33.0,9.0,10.0
2025-01-06,TREND_SHORT,PARTIAL_TP,short,WINNER,52.0,21,42980.0,-3.0,12.0,-7.0,-3.0,19.0,2.0,12.0,-21.0,5.0,25.0,15.0,27.0,-21.0,13.0,23.0,8.0,27.0,-21.0,-7.0,26.0,-2.0,27.0,-21.0,-10.0,15.0
2025-01-07,TREND_SHORT,EARLY_HARD_STOP,short,LOSER,-114.0,2,43011.0,-13.0,21.0,-19.0,-13.0,40.0,-57.0,21.0,-57.0,-44.0,61.0,18.0,21.0,-58.0,75.0,79.0,9.0,29.0,-58.0,-9.0,40.0,15.0,29.0,-58.0,6.0,27.0
2025-01-07,TREND_SHORT,PARTIAL_TP,short,WINNER,52.0,4,42979.0,20.0,35.0,-2.0,20.0,37.0,28.0,46.0,-2.0,8.0,30.0,24.0,51.0,-2.0,-4.0,32.0,52.0,54.0,-2.0,28.0,54.0,14.0,60.0,-2.0,-38.0,49.0
2025-01-07,TREND_SHORT,EARLY_HARD_STOP,short,LOSER,-146.0,3,42867.0,-16.0,8.0,-27.0,-16.0,35.0,-26.0,8.0,-32.0,-10.0,27.0,-73.0,8.0,-81.0,-47.0,54.0,-72.0,8.0,-92.0,1.0,24.0,-74.0,8.0,-92.0,-2.0,26.0
2025-01-07,TREND_SHORT,EXIT_FLAT,short,LOSER,-132.0,14,42841.0,-9.0,14.0,-13.0,-9.0,27.0,-4.0,14.0,-13.0,5.0,15.0,-2.0,14.0,-13.0,2.0,14.0,3.0,14.0,-13.0,5.0,17.0,21.0,24.0,-13.0,18.0,24.0
2025-01-07,TREND_SHORT,PARTIAL_TP,short,WINNER,55.0,16,42815.0,6.0,16.0,-6.0,6.0,22.0,0.0,16.0,-11.0,-6.0,19.0,12.0,16.0,-11.0,12.0,20.0,-9.0,16.0,-13.0,-21.0,29.0,9.0,16.0,-13.0,18.0,24.0
2025-01-08,CHOP_SELL,EARLY_HARD_STOP,short,LOSER,-122.0,3,42689.0,-9.0,2.0,-18.0,-9.0,20.0,-36.0,2.0,-40.0,-27.0,29.0,-61.0,2.0,-61.0,-25.0,23.0,-76.0,2.0,-78.0,-15.0,27.0,-47.0,2.0,-80.0,29.0,33.0
2025-01-08,CHOP_BUY,CHOP_TP,long,WINNER,76.0,3,42739.0,5.0,14.0,-11.0,5.0,25.0,45.0,49.0,-11.0,40.0,44.0,38.0,59.0,-11.0,-7.0,29.0,61.0,69.0,-11.0,23.0,30.0,44.0,69.0,-11.0,-17.0,24.0
2025-01-08,TREND_LONG,PARTIAL_TP,long,WINNER,57.0,28,42800.0,-17.0,3.0,-21.0,-17.0,24.0,-10.0,3.0,-21.0,7.0,14.0,-15.0,3.0,-21.0,-5.0,16.0,-16.0,3.0,-21.0,-1.0,18.0,-34.0,3.0,-41.0,-18.0,32.0
2025-01-08,TREND_LONG,EXIT_FLAT,long,LOSER,-140.0,13,42880.0,8.0,23.0,-1.0,8.0,24.0,-20.0,23.0,-22.0,-28.0,33.0,0.0,23.0,-22.0,20.0,25.0,25.0,32.0,-22.0,25.0,35.0,37.0,45.0,-22.0,12.0,19.0
2025-01-10,TREND_SHORT,PARTIAL_TP,short,WINNER,65.0,1,42387.0,65.0,93.0,-3.0,65.0,96.0,102.0,108.0,-3.0,37.0,62.0,85.0,140.0,-3.0,-17.0,57.0,102.0,140.0,-3.0,17.0,36.0,86.0,140.0,-3.0,-16.0,45.0
2025-01-10,TREND_SHORT,EXIT_FLAT,short,LOSER,-144.0,7,42238.0,-12.0,3.0,-24.0,-12.0,27.0,-10.0,3.0,-28.0,2.0,23.0,3.0,15.0,-28.0,13.0,33.0,-31.0,15.0,-52.0,-34.0,56.0,-37.0,15.0,-57.0,-6.0,34.0
2025-01-10,TREND_SHORT,PARTIAL_TP,short,WINNER,68.0,28,42233.0,9.0,13.0,-18.0,9.0,31.0,30.0,38.0,-18.0,21.0,32.0,21.0,38.0,-18.0,-9.0,17.0,30.0,38.0,-18.0,9.0,19.0,36.0,41.0,-18.0,6.0,23.0
2025-01-10,CHOP_BUY,EXIT_FLAT,long,LOSER,-160.0,41,42269.0,-19.0,0.0,-22.0,-19.0,21.0,-12.0,0.0,-27.0,7.0,16.0,-20.0,0.0,-30.0,-8.0,17.0,-19.0,0.0,-36.0,1.0,30.0,-13.0,0.0,-36.0,6.0,13.0
2025-01-13,TREND_LONG,EXIT_FLAT,long,LOSER,-120.0,20,42322.0,35.0,42.0,-7.0,35.0,49.0,23.0,42.0,-7.0,-12.0,28.0,39.0,45.0,-7.0,16.0,20.0,42.0,45.0,-7.0,3.0,17.0,9.0,45.0,-7.0,-33.0,47.0
2025-01-13,CHOP_SELL,EXIT_FLAT,short,LOSER,-140.0,12,42273.0,-9.0,6.0,-35.0,-9.0,41.0,-19.0,6.0,-35.0,-10.0,21.0,7.0,8.0,-35.0,26.0,37.0,6.0,17.0,-35.0,-1.0,17.0,-22.0,17.0,-35.0,-28.0,38.0
2025-01-13,TREND_LONG,EXIT_FLAT,long,LOSER,-124.0,23,42380.0,-12.0,9.0,-25.0,-12.0,34.0,-21.0,9.0,-32.0,-9.0,22.0,3.0,9.0,-32.0,24.0,30.0,5.0,9.0,-32.0,2.0,18.0,7.0,30.0,-32.0,2.0,24.0
2025-01-13,CHOP_BUY,EXIT_FLAT,long,LOSER,-150.0,19,42286.0,-24.0,1.0,-27.0,-24.0,28.0,-23.0,1.0,-33.0,1.0,16.0,-36.0,1.0,-51.0,-13.0,31.0,-10.0,1.0,-51.0,26.0,34.0,15.0,26.0,-51.0,25.0,36.0
2025-01-13,TREND_LONG,CHOP_TP,long,WINNER,44.0,40,42414.0,-30.0,0.0,-32.0,-30.0,32.0,-22.0,0.0,-33.0,8.0,20.0,-32.0,0.0,-39.0,-10.0,18.0,-16.0,0.0,-39.0,16.0,15.0,-21.0,0.0,-39.0,-5.0,20.0
2025-01-13,TREND_LONG,EXIT_FLAT,long,LOSER,-130.0,17,42461.0,-11.0,7.0,-16.0,-11.0,23.0,-6.0,7.0,-19.0,5.0,13.0,13.0,25.0,-19.0,19.0,32.0,4.0,25.0,-19.0,-9.0,16.0,-3.0,25.0,-19.0,-7.0,16.0
2025-01-13,TREND_LONG,EXIT_FLAT,long,LOSER,-136.0,8,42486.0,9.0,12.0,-7.0,9.0,19.0,3.0,13.0,-7.0,-6.0,16.0,-4.0,13.0,-7.0,-7.0,17.0,-9.0,13.0,-18.0,-5.0,14.0,-20.0,13.0,-23.0,-11.0,20.0
2025-01-13,CHOP_SELL,EXIT_FLAT,short,LOSER,-80.0,36,42480.0,-2.0,13.0,-7.0,-2.0,20.0,-8.0,13.0,-14.0,-6.0,14.0,-21.0,13.0,-24.0,-13.0,17.0,-29.0,13.0,-33.0,-8.0,21.0,-24.0,13.0,-38.0,5.0,16.0
2025-01-13,TREND_LONG,SESSION_EXIT,long,LOSER,-26.0,5,42544.0,4.0,14.0,-4.0,4.0,18.0,-6.0,14.0,-15.0,-10.0,21.0,-5.0,14.0,-15.0,1.0,14.0,-17.0,14.0,-33.0,-12.0,32.0,-13.0,14.0,-33.0,4.0,21.0
2025-01-14,TREND_SHORT,PARTIAL_TP,short,WINNER,58.0,6,42641.0,11.0,30.0,-15.0,11.0,45.0,36.0,44.0,-15.0,25.0,45.0,20.0,53.0,-15.0,-16.0,33.0,-1.0,53.0,-15.0,-21.0,35.0,27.0,53.0,-15.0,28.0,36.0
2025-01-14,CHOP_BUY,EARLY_HARD_STOP,long,LOSER,-86.0,5,42715.0,-11.0,3.0,-20.0,-11.0,23.0,-8.0,3.0,-21.0,3.0,18.0,-17.0,11.0,-22.0,-9.0,33.0,-39.0,11.0,-44.0,-22.0,28.0,-43.0,11.0,-50.0,-4.0,19.0
2025-01-14,TREND_LONG,EXIT_FLAT,long,LOSER,-124.0,7,42737.0,8.0,11.0,-7.0,8.0,18.0,-24.0,15.0,-25.0,-32.0,40.0,-31.0,15.0,-39.0,-7.0,19.0,-11.0,15.0,-39.0,20.0,24.0,-6.0,15.0,-39.0,5.0,31.0
2025-01-14,TREND_SHORT,PARTIAL_TP,short,WINNER,76.0,34,42553.0,-13.0,3.0,-20.0,-13.0,23.0,-26.0,3.0,-26.0,-13.0,21.0,-25.0,3.0,-36.0,1.0,18.0,-38.0,3.0,-39.0,-13.0,23.0,-33.0,3.0,-53.0,5.0,24.0
2025-01-14,CHOP_SELL,EXIT_FLAT,short,LOSER,-144.0,20,42576.0,-3.0,4.0,-9.0,-3.0,13.0,-9.0,4.0,-12.0,-6.0,11.0,4.0,9.0,-12.0,13.0,17.0,-3.0,9.0,-12.0,-7.0,12.0,-6.0,9.0,-12.0,-3.0,17.0
2025-01-14,TREND_LONG,EXIT_FLAT,long,LOSER,-134.0,58,42757.0,4.0,10.0,-2.0,4.0,12.0,1.0,11.0,-2.0,-3.0,11.0,-4.0,11.0,-10.0,-5.0,13.0,-2.0,11.0,-10.0,2.0,9.0,-25.0,11.0,-25.0,-23.0,25.0
2025-01-15,CHOP_BUY,EXIT_FLAT,long,LOSER,-142.0,38,43456.0,17.0,34.0,-2.0,17.0,36.0,19.0,34.0,-3.0,2.0,23.0,-11.0,34.0,-12.0,-30.0,33.0,2.0,34.0,-15.0,13.0,19.0,-4.0,34.0,-15.0,-6.0,16.0
2025-01-15,TREND_SHORT,EXIT_FLAT,short,LOSER,-130.0,30,43296.0,-27.0,7.0,-37.0,-27.0,44.0,-7.0,7.0,-37.0,20.0,23.0,-21.0,7.0,-37.0,-14.0,20.0,-34.0,7.0,-41.0,-13.0,31.0,-25.0,7.0,-41.0,9.0,20.0
2025-01-15,CHOP_BUY,CHOP_TP,long,WINNER,52.0,47,43414.0,-5.0,5.0,-6.0,-5.0,11.0,-34.0,5.0,-35.0,-29.0,34.0,-19.0,5.0,-36.0,15.0,18.0,-6.0,5.0,-36.0,13.0,18.0,-30.0,5.0,-36.0,-24.0,26.0
2025-01-15,CHOP_BUY,PARTIAL_TP,long,WINNER,58.0,32,43475.0,3.0,4.0,-6.0,3.0,10.0,0.0,6.0,-6.0,-3.0,12.0,-6.0,6.0,-7.0,-6.0,7.0,-11.0,6.0,-12.0,-5.0,8.0,-8.0,6.0,-15.0,3.0,7.0
2025-01-15,TREND_LONG,EXIT_FLAT,long,LOSER,-142.0,27,43564.0,-12.0,0.0,-13.0,-12.0,12.0,-13.0,0.0,-18.0,-1.0,9.0,-11.0,0.0,-18.0,2.0,7.0,-19.0,0.0,-20.0,-8.0,13.0,-24.0,0.0,-28.0,-5.0,11.0
2025-01-16,TREND_SHORT,EXIT_FLAT,short,LOSER,-122.0,72,43361.0,18.0,21.0,-16.0,18.0,37.0,-15.0,22.0,-23.0,-33.0,45.0,-23.0,22.0,-35.0,-8.0,31.0,-1.0,22.0,-35.0,22.0,30.0,0.0,22.0,-35.0,1.0,17.0
2025-01-16,CHOP_BUY,EXIT_FLAT,long,LOSER,-134.0,41,43487.0,2.0,7.0,-4.0,2.0,11.0,2.0,7.0,-7.0,0.0,12.0,-5.0,7.0,-7.0,-7.0,12.0,-29.0,7.0,-32.0,-24.0,28.0,-30.0,7.0,-32.0,-1.0,17.0
2025-01-16,TREND_SHORT,EXIT_FLAT,short,LOSER,-124.0,12,43306.0,-11.0,6.0,-11.0,-11.0,17.0,-14.0,6.0,-21.0,-3.0,13.0,-30.0,6.0,-35.0,-16.0,19.0,-35.0,6.0,-39.0,-5.0,16.0,-39.0,6.0,-40.0,-4.0,9.0
2025-01-17,CHOP_SELL,CHOP_TP,short,WINNER,52.0,13,43700.0,8.0,12.0,-6.0,8.0,18.0,17.0,40.0,-6.0,9.0,34.0,10.0,40.0,-6.0,-7.0,22.0,13.0,40.0,-6.0,3.0,17.0,-2.0,40.0,-6.0,-15.0,28.0
2025-01-17,TREND_LONG,PARTIAL_TP,long,WINNER,54.0,34,43721.0,10.0,12.0,-5.0,10.0,17.0,4.0,13.0,-5.0,-6.0,16.0,-6.0,13.0,-9.0,-10.0,17.0,-1.0,13.0,-10.0,5.0,12.0,-3.0,13.0,-11.0,-2.0,10.0
2025-01-17,TREND_LONG,EXIT_FLAT,long,LOSER,-128.0,108,43834.0,-22.0,1.0,-23.0,-22.0,24.0,-21.0,1.0,-27.0,1.0,10.0,-11.0,1.0,-27.0,10.0,15.0,-14.0,1.0,-27.0,-3.0,9.0,-12.0,1.0,-27.0,2.0,9.0
2025-01-17,CHOP_SELL,PARTIAL_TP,short,WINNER,59.0,16,43775.0,7.0,9.0,-1.0,7.0,10.0,10.0,12.0,-1.0,3.0,10.0,11.0,20.0,-1.0,1.0,13.0,23.0,29.0,-1.0,12.0,13.0,19.0,33.0,-1.0,-4.0,14.0
2025-01-20,CHOP_SELL,PARTIAL_TP,short,WINNER,55.0,9,43983.0,5.0,7.0,-6.0,5.0,13.0,11.0,16.0,-6.0,6.0,8.0,5.0,16.0,-6.0,-6.0,8.0,12.0,16.0,-6.0,7.0,13.0,36.0,36.0,-6.0,24.0,24.0
2025-01-20,CHOP_SELL,PARTIAL_TP,short,WINNER,77.0,5,43862.0,0.0,2.0,-4.0,0.0,6.0,2.0,6.0,-4.0,2.0,5.0,-2.0,6.0,-4.0,-4.0,3.0,48.0,60.0,-13.0,50.0,73.0,77.0,77.0,-13.0,29.0,65.0
2025-01-21,TREND_LONG,CHOP_TP,long,WINNER,78.0,18,44043.0,-9.0,2.0,-21.0,-9.0,23.0,-3.0,2.0,-21.0,6.0,15.0,-22.0,2.0,-23.0,-19.0,22.0,-9.0,2.0,-28.0,13.0,22.0,0.0,7.0,-28.0,9.0,21.0
2025-01-21,TREND_LONG,CHOP_TP,long,WINNER,80.0,49,44101.0,3.0,12.0,-4.0,3.0,16.0,8.0,12.0,-4.0,5.0,9.0,12.0,17.0,-4.0,4.0,9.0,19.0,19.0,-4.0,7.0,10.0,9.0,25.0,-4.0,-10.0,21.0
2025-01-21,TREND_LONG,CHOP_TP,long,WINNER,42.0,49,44155.0,-15.0,1.0,-15.0,-15.0,16.0,-2.0,1.0,-18.0,13.0,16.0,-3.0,7.0,-18.0,-1.0,13.0,3.0,13.0,-18.0,6.0,15.0,5.0,13.0,-18.0,2.0,8.0
2025-01-21,CHOP_BUY,PARTIAL_TP,long,WINNER,57.0,85,44171.0,0.0,1.0,-11.0,0.0,12.0,-8.0,1.0,-11.0,-8.0,12.0,-2.0,1.0,-12.0,6.0,13.0,-9.0,1.0,-16.0,-7.0,15.0,-11.0,1.0,-21.0,-2.0,10.0
2025-01-22,CHOP_BUY,EXIT_FLAT,long,LOSER,-122.0,44,44350.0,12.0,12.0,-5.0,12.0,17.0,24.0,30.0,-5.0,12.0,18.0,29.0,34.0,-5.0,5.0,17.0,16.0,34.0,-5.0,-13.0,14.0,24.0,34.0,-5.0,8.0,13.0
2025-01-22,TREND_SHORT,EXIT_FLAT,short,LOSER,-136.0,28,44276.0,5.0,9.0,-9.0,5.0,18.0,3.0,15.0,-9.0,-2.0,17.0,-3.0,15.0,-9.0,-6.0,13.0,-10.0,15.0,-11.0,-7.0,7.0,-9.0,15.0,-12.0,1.0,10.0
2025-01-22,CHOP_BUY,PARTIAL_TP,long,WINNER,51.0,124,44343.0,-5.0,3.0,-5.0,-5.0,8.0,-2.0,10.0,-6.0,3.0,16.0,-16.0,10.0,-27.0,-14.0,26.0,-15.0,10.0,-28.0,1.0,13.0,-25.0,10.0,-28.0,-10.0,13.0
2025-01-22,CHOP_SELL,PARTIAL_TP,short,WINNER,64.0,52,44393.0,-3.0,1.0,-5.0,-3.0,6.0,-2.0,1.0,-6.0,1.0,6.0,-6.0,1.0,-9.0,-4.0,9.0,-11.0,1.0,-13.0,-5.0,7.0,-9.0,1.0,-13.0,2.0,8.0
2025-01-23,CHOP_BUY,PARTIAL_TP,long,WINNER,50.0,35,44469.0,9.0,9.0,-2.0,9.0,11.0,4.0,14.0,-2.0,-5.0,12.0,-6.0,14.0,-6.0,-10.0,18.0,-23.0,14.0,-25.0,-17.0,23.0,-18.0,14.0,-28.0,5.0,11.0
2025-01-23,TREND_LONG,PARTIAL_TP,long,WINNER,51.0,23,44644.0,-1.0,2.0,-10.0,-1.0,12.0,9.0,10.0,-10.0,10.0,13.0,10.0,10.0,-10.0,1.0,7.0,16.0,18.0,-10.0,6.0,14.0,5.0,20.0,-10.0,-11.0,15.0
2025-01-23,TREND_LONG,EXIT_FLAT,long,LOSER,-122.0,150,44721.0,8.0,10.0,0.0,8.0,10.0,4.0,12.0,0.0,-4.0,8.0,14.0,19.0,0.0,10.0,14.0,8.0,19.0,0.0,-6.0,7.0,8.0,19.0,0.0,0.0,6.0
2025-01-23,TREND_LONG,SESSION_EXIT,long,LOSER,-10.0,4,44741.0,-1.0,13.0,-2.0,-1.0,15.0,6.0,13.0,-3.0,7.0,12.0,9.0,16.0,-3.0,3.0,15.0,-5.0,16.0,-10.0,-14.0,22.0,-8.0,16.0,-11.0,-3.0,10.0
2025-01-24,TREND_SHORT,EXIT_FLAT,short,LOSER,-124.0,25,44616.0,19.0,22.0,-3.0,19.0,25.0,14.0,23.0,-3.0,-5.0,22.0,2.0,23.0,-3.0,-12.0,16.0,-5.0,23.0,-7.0,-7.0,17.0,-6.0,23.0,-17.0,-1.0,16.0
2025-01-24,CHOP_BUY,CHOP_TP,long,WINNER,62.0,41,44653.0,-10.0,2.0,-12.0,-10.0,14.0,-14.0,2.0,-16.0,-4.0,13.0,-14.0,2.0,-22.0,0.0,9.0,-1.0,2.0,-22.0,13.0,15.0,-14.0,2.0,-22.0,-13.0,16.0
2025-01-24,TREND_LONG,EXIT_FLAT,long,LOSER,-130.0,33,44729.0,-4.0,5.0,-6.0,-4.0,11.0,8.0,9.0,-6.0,12.0,13.0,11.0,13.0,-6.0,3.0,6.0,-9.0,14.0,-9.0,-20.0,23.0,-16.0,14.0,-20.0,-7.0,12.0
2025-01-24,CHOP_BUY,EXIT_FLAT,long,LOSER,-132.0,42,44660.0,-8.0,0.0,-11.0,-8.0,8.0,-1.0,0.0,-13.0,7.0,13.0,-13.0,1.0,-15.0,-12.0,16.0,-11.0,1.0,-15.0,2.0,12.0,-4.0,1.0,-15.0,7.0,9.0
2025-01-24,TREND_SHORT,PARTIAL_TP,short,WINNER,51.0,90,44582.0,9.0,11.0,-7.0,9.0,18.0,4.0,11.0,-7.0,-5.0,16.0,7.0,11.0,-7.0,3.0,10.0,-4.0,11.0,-9.0,-11.0,20.0,1.0,11.0,-9.0,5.0,13.0
2025-01-27,TREND_LONG,PARTIAL_TP,long,WINNER,50.0,18,44553.0,-13.0,7.0,-24.0,-13.0,31.0,-33.0,7.0,-35.0,-20.0,42.0,6.0,7.0,-35.0,39.0,42.0,18.0,24.0,-35.0,12.0,26.0,19.0,46.0,-35.0,1.0,33.0
2025-01-27,TREND_LONG,PARTIAL_TP,long,WINNER,52.0,12,44611.0,7.0,19.0,-3.0,7.0,22.0,13.0,21.0,-3.0,6.0,20.0,10.0,21.0,-3.0,-3.0,14.0,-6.0,21.0,-6.0,-16.0,23.0,12.0,21.0,-13.0,18.0,27.0
2025-01-27,TREND_LONG,PARTIAL_TP,long,WINNER,70.0,9,44795.0,-1.0,0.0,-9.0,-1.0,8.0,2.0,7.0,-9.0,3.0,12.0,23.0,31.0,-9.0,21.0,27.0,29.0,36.0,-9.0,6.0,19.0,24.0,36.0,-9.0,-5.0,14.0
2025-01-27,CHOP_SELL,PARTIAL_TP,short,WINNER,72.0,12,44872.0,-18.0,4.0,-28.0,-18.0,32.0,-16.0,4.0,-28.0,2.0,20.0,-13.0,4.0,-29.0,3.0,17.0,-18.0,4.0,-29.0,-5.0,14.0,-1.0,4.0,-29.0,17.0,23.0
2025-01-27,CHOP_BUY,PARTIAL_TP,long,WINNER,63.0,19,44809.0,-3.0,11.0,-7.0,-3.0,18.0,14.0,15.0,-7.0,17.0,20.0,13.0,23.0,-7.0,-1.0,22.0,22.0,29.0,-7.0,9.0,17.0,17.0,30.0,-7.0,-5.0,16.0
2025-01-28,TREND_LONG,PARTIAL_TP,long,WINNER,50.0,12,44987.0,0.0,13.0,-6.0,0.0,19.0,0.0,13.0,-10.0,0.0,13.0,11.0,13.0,-10.0,11.0,17.0,8.0,15.0,-10.0,-3.0,14.0,13.0,21.0,-10.0,5.0,13.0
2025-01-28,TREND_LONG,PARTIAL_TP,long,WINNER,65.0,10,45076.0,-7.0,1.0,-10.0,-7.0,11.0,-5.0,1.0,-15.0,2.0,12.0,1.0,6.0,-15.0,6.0,17.0,-15.0,6.0,-15.0,-16.0,21.0,10.0,10.0,-21.0,25.0,31.0
2025-01-29,TREND_LONG,EARLY_HARD_STOP,long,LOSER,-110.0,4,45108.0,6.0,12.0,-3.0,6.0,15.0,-11.0,12.0,-13.0,-17.0,25.0,-24.0,12.0,-25.0,-13.0,16.0,-55.0,12.0,-56.0,-31.0,31.0,-63.0,12.0,-76.0,-8.0,20.0
2025-01-29,TREND_LONG,EXIT_FLAT,long,LOSER,-144.0,15,45128.0,3.0,16.0,-2.0,3.0,18.0,-8.0,16.0,-15.0,-11.0,20.0,-20.0,16.0,-28.0,-12.0,21.0,-16.0,16.0,-28.0,4.0,14.0,-34.0,16.0,-34.0,-18.0,25.0
2025-01-29,CHOP_SELL,PARTIAL_TP,short,WINNER,50.0,91,45022.0,-3.0,10.0,-7.0,-3.0,17.0,-14.0,10.0,-16.0,-11.0,14.0,-8.0,10.0,-19.0,6.0,18.0,-16.0,10.0,-19.0,-8.0,13.0,-22.0,10.0,-27.0,-6.0,11.0
2025-01-30,TREND_LONG,EARLY_HARD_STOP,long,LOSER,-84.0,1,45044.0,-42.0,1.0,-52.0,-42.0,53.0,-68.0,1.0,-72.0,-26.0,28.0,-64.0,1.0,-84.0,4.0,28.0,-65.0,1.0,-84.0,-1.0,23.0,-77.0,1.0,-84.0,-12.0,20.0
2025-01-30,CHOP_SELL,PARTIAL_TP,short,WINNER,73.0,5,45015.0,7.0,11.0,-1.0,7.0,12.0,39.0,47.0,-1.0,32.0,39.0,36.0,47.0,-1.0,-3.0,15.0,32.0,47.0,-1.0,-4.0,22.0,73.0,73.0,-1.0,41.0,44.0
2025-01-30,TREND_LONG,EXIT_FLAT,long,LOSER,-120.0,15,45070.0,-6.0,0.0,-8.0,-6.0,6.0,-8.0,0.0,-15.0,-2.0,11.0,-29.0,0.0,-31.0,-21.0,23.0,-36.0,0.0,-42.0,-7.0,18.0,-30.0,0.0,-50.0,6.0,21.0
2025-01-30,CHOP_BUY,PARTIAL_TP,long,WINNER,57.0,16,44990.0,0.0,5.0,-3.0,0.0,8.0,1.0,7.0,-3.0,1.0,8.0,3.0,7.0,-8.0,2.0,12.0,10.0,10.0,-8.0,7.0,8.0,-2.0,10.0,-8.0,-12.0,14.0
2025-01-30,CHOP_BUY,EXIT_FLAT,long,LOSER,-154.0,86,45140.0,0.0,5.0,-2.0,0.0,7.0,7.0,9.0,-2.0,7.0,11.0,3.0,10.0,-2.0,-4.0,10.0,7.0,10.0,-2.0,4.0,7.0,-2.0,12.0,-5.0,-9.0,17.0
2025-01-30,TREND_SHORT,EARLY_HARD_STOP,short,LOSER,-116.0,1,44827.0,-58.0,23.0,-62.0,-58.0,85.0,-35.0,23.0,-69.0,23.0,60.0,-65.0,23.0,-78.0,-30.0,49.0,-100.0,23.0,-107.0,-35.0,49.0,-130.0,23.0,-145.0,-30.0,50.0
2025-01-31,TREND_SHORT,EXIT_FLAT,short,LOSER,-86.0,31,45046.0,0.0,11.0,-7.0,0.0,18.0,-8.0,11.0,-12.0,-8.0,14.0,-8.0,11.0,-20.0,0.0,17.0,-5.0,11.0,-20.0,3.0,20.0,7.0,11.0,-20.0,12.0,15.0
2025-01-31,TREND_SHORT,EXIT_FLAT,short,LOSER,-144.0,78,45022.0,2.0,11.0,-1.0,2.0,12.0,-4.0,11.0,-7.0,-6.0,14.0,-21.0,11.0,-21.0,-17.0,16.0,-20.0,11.0,-32.0,1.0,13.0,-37.0,11.0,-38.0,-17.0,20.0
2025-01-31,CHOP_BUY,EXIT_FLAT,long,LOSER,-236.0,34,45084.0,1.0,5.0,-2.0,1.0,7.0,-14.0,5.0,-16.0,-15.0,16.0,-11.0,5.0,-21.0,3.0,11.0,-14.0,5.0,-21.0,-3.0,9.0,-7.0,5.0,-21.0,7.0,13.0
2025-01-31,TREND_LONG,EARLY_HARD_STOP,long,LOSER,-104.0,5,44916.0,-26.0,2.0,-45.0,-26.0,47.0,-5.0,2.0,-45.0,21.0,37.0,-33.0,2.0,-45.0,-28.0,36.0,-28.0,2.0,-45.0,5.0,21.0,-52.0,2.0,-64.0,-24.0,31.0
2025-01-31,TREND_SHORT,PARTIAL_TP,short,WINNER,52.0,1,44829.0,52.0,53.0,-1.0,52.0,54.0,12.0,57.0,-1.0,-40.0,49.0,40.0,57.0,-1.0,28.0,32.0,62.0,77.0,-1.0,22.0,39.0,38.0,77.0,-1.0,-24.0,32.0
2025-01-31,TREND_SHORT,EXIT_FLAT,short,LOSER,-122.0,18,44725.0,22.0,27.0,-3.0,22.0,30.0,17.0,46.0,-3.0,-5.0,35.0,18.0,46.0,-3.0,1.0,23.0,-7.0,46.0,-22.0,-25.0,43.0,-7.0,46.0,-25.0,0.0,28.0
2025-01-31,TREND_SHORT,EXIT_FLAT,short,LOSER,-142.0,44,44675.0,-3.0,0.0,-34.0,-3.0,33.0,-16.0,14.0,-34.0,-13.0,37.0,1.0,14.0,-34.0,17.0,23.0,3.0,18.0,-34.0,2.0,35.0,10.0,18.0,-34.0,7.0,14.0
2025-02-03,TREND_SHORT,EARLY_HARD_STOP,short,LOSER,-102.0,3,44053.0,-10.0,10.0,-15.0,-10.0,25.0,7.0,14.0,-19.0,17.0,33.0,-51.0,14.0,-66.0,-58.0,73.0,-37.0,14.0,-81.0,14.0,44.0,-41.0,14.0,-81.0,-4.0,24.0
2025-02-03,TREND_LONG,PARTIAL_TP,long,WINNER,118.0,5,44357.0,3.0,62.0,-23.0,3.0,85.0,1.0,62.0,-54.0,-2.0,73.0,15.0,62.0,-54.0,14.0,62.0,21.0,62.0,-54.0,6.0,41.0,118.0,125.0,-54.0,97.0,113.0
2025-02-03,CHOP_BUY,EXIT_FLAT,long,LOSER,-140.0,8,44606.0,20.0,29.0,-4.0,20.0,33.0,41.0,44.0,-4.0,21.0,25.0,41.0,47.0,-4.0,0.0,15.0,25.0,47.0,-4.0,-16.0,20.0,15.0,47.0,-4.0,-10.0,13.0
2025-02-03,CHOP_SELL,EXIT_FLAT,short,LOSER,-192.0,12,44538.0,13.0,17.0,-9.0,13.0,26.0,12.0,18.0,-9.0,-1.0,18.0,21.0,27.0,-9.0,9.0,17.0,19.0,27.0,-9.0,-2.0,14.0,16.0,27.0,-9.0,-3.0,13.0
2025-02-03,CHOP_SELL,EXIT_FLAT,short,LOSER,-132.0,14,44570.0,-2.0,14.0,-6.0,-2.0,20.0,6.0,16.0,-6.0,8.0,17.0,-1.0,19.0,-6.0,-7.0,22.0,-9.0,19.0,-11.0,-8.0,20.0,-22.0,19.0,-35.0,-13.0,30.0
2025-02-03,TREND_LONG,PARTIAL_TP,long,WINNER,50.0,38,44685.0,-18.0,0.0,-20.0,-18.0,19.0,-21.0,0.0,-21.0,-3.0,15.0,-11.0,0.0,-25.0,10.0,16.0,-3.0,0.0,-25.0,8.0,11.0,5.0,19.0,-25.0,8.0,25.0
2025-02-04,TREND_LONG,PARTIAL_TP,long,WINNER,50.0,56,44574.0,7.0,27.0,-3.0,7.0,30.0,0.0,27.0,-6.0,-7.0,18.0,-21.0,27.0,-27.0,-21.0,44.0,-21.0,27.0,-27.0,0.0,17.0,-16.0,27.0,-27.0,5.0,24.0
2025-02-04,CHOP_BUY,PARTIAL_TP,long,WINNER,54.0,42,44632.0,1.0,6.0,0.0,1.0,6.0,4.0,6.0,-2.0,3.0,6.0,5.0,7.0,-2.0,1.0,5.0,8.0,13.0,-2.0,3.0,12.0,7.0,13.0,-2.0,-1.0,4.0
2025-02-04,CHOP_SELL,PARTIAL_TP,short,WINNER,52.0,43,44720.0,7.0,8.0,0.0,7.0,7.0,-3.0,8.0,-6.0,-10.0,11.0,9.0,10.0,-6.0,12.0,13.0,-4.0,10.0,-6.0,-13.0,10.0,-4.0,10.0,-10.0,0.0,7.0
2025-02-05,TREND_SHORT,PARTIAL_TP,short,WINNER,51.0,2,44631.0,33.0,35.0,-2.0,33.0,37.0,51.0,69.0,-2.0,18.0,43.0,64.0,80.0,-2.0,13.0,27.0,38.0,80.0,-2.0,-26.0,29.0,22.0,80.0,-39.0,-16.0,76.0
2025-02-05,CHOP_BUY,CHOP_TP,long,WINNER,84.0,48,44714.0,-4.0,6.0,-6.0,-4.0,12.0,-4.0,6.0,-11.0,0.0,12.0,2.0,6.0,-11.0,6.0,11.0,-5.0,7.0,-11.0,-7.0,15.0,-1.0,7.0,-11.0,4.0,11.0
2025-02-05,TREND_LONG,PARTIAL_TP,long,WINNER,63.0,8,44766.0,-1.0,4.0,-8.0,-1.0,12.0,-11.0,4.0,-15.0,-10.0,19.0,-6.0,4.0,-15.0,5.0,8.0,4.0,7.0,-15.0,10.0,14.0,4.0,19.0,-15.0,0.0,15.0
2025-02-05,CHOP_BUY,CHOP_TP,long,WINNER,30.0,36,44796.0,-3.0,1.0,-11.0,-3.0,12.0,-7.0,1.0,-11.0,-4.0,8.0,-13.0,1.0,-13.0,-6.0,7.0,6.0,11.0,-13.0,19.0,23.0,8.0,12.0,-13.0,2.0,10.0
2025-02-05,CHOP_BUY,CHOP_TP,long,WINNER,58.0,30,44815.0,8.0,11.0,0.0,8.0,11.0,18.0,21.0,0.0,10.0,15.0,18.0,21.0,0.0,0.0,8.0,22.0,26.0,0.0,4.0,11.0,21.0,29.0,0.0,-1.0,11.0
2025-02-05,TREND_LONG,PARTIAL_TP,long,WINNER,57.0,24,44854.0,-15.0,0.0,-19.0,-15.0,19.0,-4.0,0.0,-19.0,11.0,15.0,2.0,5.0,-19.0,6.0,8.0,-6.0,5.0,-19.0,-8.0,10.0,-3.0,5.0,-19.0,3.0,7.0
2025-02-05,CHOP_BUY,PARTIAL_TP,long,WINNER,65.0,53,44955.0,-6.0,1.0,-13.0,-6.0,14.0,-14.0,1.0,-16.0,-8.0,10.0,-10.0,1.0,-16.0,4.0,9.0,-14.0,1.0,-18.0,-4.0,9.0,-13.0,1.0,-18.0,1.0,5.0
2025-02-05,CHOP_SELL,SESSION_EXIT,short,LOSER,-20.0,7,44988.0,-2.0,8.0,-9.0,-2.0,17.0,-10.0,8.0,-19.0,-8.0,18.0,-16.0,8.0,-19.0,-6.0,17.0,-14.0,8.0,-24.0,2.0,15.0,-10.0,8.0,-24.0,4.0,11.0
2025-02-06,TREND_SHORT,PARTIAL_TP,short,WINNER,50.0,28,45007.0,-2.0,5.0,-12.0,-2.0,17.0,-7.0,5.0,-16.0,-5.0,15.0,-9.0,5.0,-16.0,-2.0,9.0,16.0,18.0,-16.0,25.0,27.0,-9.0,18.0,-16.0,-25.0,30.0
2025-02-06,TREND_SHORT,CHOP_TP,short,WINNER,42.0,111,44850.0,2.0,15.0,-2.0,2.0,17.0,5.0,15.0,-2.0,3.0,11.0,3.0,15.0,-2.0,-2.0,12.0,-6.0,15.0,-9.0,-9.0,13.0,-10.0,15.0,-14.0,-4.0,9.0
2025-02-06,TREND_SHORT,PARTIAL_TP,short,WINNER,63.0,52,44806.0,-4.0,0.0,-11.0,-4.0,11.0,-2.0,9.0,-11.0,2.0,13.0,-6.0,9.0,-11.0,-4.0,11.0,-29.0,9.0,-30.0,-23.0,23.0,-30.0,9.0,-43.0,-1.0,14.0
2025-02-07,TREND_LONG,EXIT_FLAT,long,LOSER,-140.0,11,44918.0,-6.0,2.0,-10.0,-6.0,12.0,-1.0,7.0,-10.0,5.0,15.0,0.0,7.0,-10.0,1.0,13.0,15.0,17.0,-10.0,15.0,25.0,32.0,33.0,-10.0,17.0,18.0
2025-02-07,TREND_SHORT,PARTIAL_TP,short,WINNER,60.0,12,44781.0,-1.0,36.0,-5.0,-1.0,41.0,-8.0,36.0,-25.0,-7.0,29.0,-12.0,36.0,-25.0,-4.0,41.0,-13.0,36.0,-38.0,-1.0,37.0,-37.0,36.0,-46.0,-24.0,34.0
2025-02-07,CHOP_SELL,PARTIAL_TP,short,WINNER,60.0,36,44577.0,-8.0,23.0,-10.0,-8.0,33.0,4.0,23.0,-21.0,12.0,25.0,-9.0,23.0,-21.0,-13.0,24.0,30.0,32.0,-21.0,39.0,48.0,-4.0,32.0,-21.0,-34.0,40.0
2025-02-07,TREND_SHORT,PARTIAL_TP,short,WINNER,50.0,34,44463.0,14.0,18.0,-6.0,14.0,24.0,13.0,22.0,-6.0,-1.0,11.0,21.0,32.0,-6.0,8.0,22.0,20.0,32.0,-6.0,-1.0,13.0,14.0,32.0,-6.0,-6.0,10.0
2025-02-07,TREND_SHORT,SESSION_EXIT,short,LOSER,-72.0,59,44400.0,-4.0,1.0,-16.0,-4.0,17.0,-13.0,1.0,-16.0,-9.0,13.0,-7.0,1.0,-16.0,6.0,13.0,-15.0,1.0,-17.0,-8.0,14.0,-27.0,1.0,-32.0,-12.0,17.0
2025-02-10,TREND_SHORT,PARTIAL_TP,short,WINNER,58.0,55,44468.0,13.0,14.0,-7.0,13.0,21.0,10.0,14.0,-7.0,-3.0,7.0,7.0,25.0,-7.0,-3.0,18.0,15.0,25.0,-7.0,8.0,18.0,20.0,30.0,-7.0,5.0,16.0
2025-02-10,CHOP_BUY,SESSION_EXIT,long,LOSER,-26.0,87,44574.0,2.0,3.0,-6.0,2.0,9.0,1.0,3.0,-6.0,-1.0,5.0,0.0,5.0,-6.0,-1.0,7.0,6.0,11.0,-6.0,6.0,9.0,0.0,11.0,-6.0,-6.0,10.0
2025-02-11,TREND_SHORT,EXIT_FLAT,short,LOSER,-138.0,20,44437.0,-23.0,3.0,-23.0,-23.0,26.0,-20.0,3.0,-31.0,3.0,29.0,-18.0,3.0,-31.0,2.0,9.0,-25.0,3.0,-36.0,-7.0,18.0,-11.0,3.0,-36.0,14.0,17.0
2025-02-11,TREND_LONG,PARTIAL_TP,long,WINNER,52.0,11,44531.0,11.0,12.0,-1.0,11.0,13.0,4.0,12.0,-1.0,-7.0,10.0,20.0,25.0,-1.0,16.0,22.0,30.0,34.0,-1.0,10.0,17.0,25.0,36.0,-1.0,-5.0,13.0
2025-02-11,TREND_LONG,EXIT_FLAT,long,LOSER,-128.0,108,44619.0,8.0,15.0,-2.0,8.0,17.0,4.0,15.0,-2.0,-4.0,7.0,-2.0,15.0,-3.0,-6.0,14.0,4.0,15.0,-3.0,6.0,9.0,-1.0,15.0,-5.0,-5.0,14.0
2025-02-11,TREND_LONG,EXIT_FLAT,long,LOSER,-126.0,16,44655.0,2.0,3.0,-5.0,2.0,8.0,-9.0,3.0,-11.0,-11.0,14.0,-9.0,3.0,-11.0,0.0,6.0,-7.0,3.0,-13.0,2.0,8.0,3.0,6.0,-13.0,10.0,14.0
2025-02-11,CHOP_BUY,PARTIAL_TP,long,WINNER,63.0,25,44609.0,-3.0,1.0,-3.0,-3.0,4.0,3.0,5.0,-4.0,6.0,9.0,2.0,6.0,-4.0,-1.0,7.0,-7.0,6.0,-8.0,-9.0,14.0,-11.0,6.0,-13.0,-4.0,5.0
2025-02-12,CHOP_BUY,PARTIAL_TP,long,WINNER,50.0,3,44263.0,20.0,28.0,-4.0,20.0,32.0,39.0,40.0,-4.0,19.0,24.0,50.0,62.0,-4.0,11.0,30.0,59.0,62.0,-4.0,9.0,23.0,73.0,79.0,-4.0,14.0,19.0
2025-02-12,TREND_LONG,PARTIAL_TP,long,WINNER,50.0,17,44483.0,2.0,10.0,-3.0,2.0,13.0,22.0,25.0,-13.0,20.0,38.0,18.0,34.0,-13.0,-4.0,17.0,11.0,34.0,-13.0,-7.0,14.0,3.0,34.0,-13.0,-8.0,18.0
2025-02-13,TREND_LONG,EXIT_FLAT,long,LOSER,-128.0,20,44622.0,5.0,8.0,-3.0,5.0,11.0,-3.0,8.0,-3.0,-8.0,8.0,0.0,8.0,-6.0,3.0,12.0,5.0,8.0,-6.0,5.0,11.0,-17.0,8.0,-19.0,-22.0,23.0
2025-02-13,TREND_LONG,EARLY_HARD_STOP,long,LOSER,-108.0,1,44640.0,-54.0,12.0,-58.0,-54.0,70.0,-37.0,12.0,-62.0,17.0,47.0,-58.0,12.0,-67.0,-21.0,28.0,-76.0,12.0,-107.0,-18.0,54.0,-46.0,12.0,-107.0,30.0,48.0
2025-02-13,TREND_LONG,PARTIAL_TP,long,WINNER,61.0,6,44664.0,6.0,9.0,-1.0,6.0,10.0,23.0,30.0,-5.0,17.0,35.0,26.0,38.0,-5.0,3.0,16.0,14.0,38.0,-5.0,-12.0,22.0,38.0,42.0,-5.0,24.0,27.0
2025-02-13,TREND_LONG,CHOP_TP,long,WINNER,38.0,61,44827.0,-8.0,8.0,-8.0,-8.0,16.0,-5.0,8.0,-15.0,3.0,14.0,2.0,8.0,-15.0,7.0,9.0,19.0,24.0,-15.0,17.0,23.0,22.0,24.0,-15.0,3.0,10.0
2025-02-14,TREND_LONG,EXIT_FLAT,long,LOSER,-142.0,14,44848.0,-6.0,1.0,-8.0,-6.0,9.0,-3.0,7.0,-9.0,3.0,16.0,6.0,7.0,-9.0,9.0,13.0,8.0,18.0,-9.0,2.0,13.0,-17.0,18.0,-24.0,-25.0,32.0
2025-02-14,TREND_SHORT,EXIT_FLAT,short,LOSER,-132.0,25,44726.0,-18.0,1.0,-19.0,-18.0,20.0,-24.0,1.0,-31.0,-6.0,15.0,3.0,5.0,-31.0,27.0,26.0,0.0,5.0,-31.0,-3.0,17.0,-2.0,10.0,-31.0,-2.0,12.0
2025-02-14,TREND_SHORT,CHOP_TP,short,WINNER,30.0,59,44708.0,20.0,30.0,-3.0,20.0,33.0,17.0,30.0,-3.0,-3.0,14.0,3.0,30.0,-3.0,-14.0,18.0,10.0,30.0,-3.0,7.0,17.0,10.0,30.0,-3.0,0.0,13.0
2025-02-14,CHOP_BUY,EXIT_FLAT,long,LOSER,-72.0,19,44698.0,1.0,1.0,-7.0,1.0,8.0,-3.0,1.0,-7.0,-4.0,8.0,-6.0,1.0,-11.0,-3.0,8.0,-15.0,1.0,-19.0,-9.0,13.0,-11.0,1.0,-24.0,4.0,13.0
2025-02-14,CHOP_SELL,CHOP_TP,short,WINNER,72.0,33,44735.0,2.0,5.0,-1.0,2.0,6.0,3.0,6.0,-1.0,1.0,6.0,5.0,6.0,-3.0,2.0,8.0,7.0,7.0,-3.0,2.0,6.0,8.0,10.0,-3.0,1.0,4.0
2025-02-14,CHOP_BUY,EXIT_FLAT,long,LOSER,-120.0,34,44701.0,-7.0,1.0,-9.0,-7.0,10.0,-16.0,1.0,-16.0,-9.0,9.0,-13.0,1.0,-21.0,3.0,8.0,-12.0,1.0,-21.0,1.0,5.0,-14.0,1.0,-21.0,-2.0,7.0
2025-02-14,CHOP_BUY,SESSION_EXIT,long,LOSER,-14.0,18,44615.0,-11.0,0.0,-15.0,-11.0,14.0,-4.0,0.0,-15.0,7.0,10.0,-9.0,0.0,-15.0,-5.0,9.0,-16.0,0.0,-19.0,-7.0,12.0,-17.0,0.0,-23.0,-1.0,10.0
2025-02-17,TREND_SHORT,EXIT_FLAT,short,LOSER,-106.0,77,44685.0,0.0,4.0,0.0,0.0,4.0,1.0,4.0,-3.0,1.0,4.0,-2.0,4.0,-3.0,-3.0,3.0,-2.0,4.0,-4.0,0.0,3.0,-7.0,4.0,-7.0,-5.0,5.0
2025-02-17,CHOP_BUY,CHOP_TP,long,WINNER,26.0,72,44730.0,3.0,7.0,0.0,3.0,6.0,2.0,7.0,0.0,-1.0,2.0,6.0,7.0,0.0,4.0,5.0,10.0,11.0,0.0,4.0,5.0,10.0,11.0,0.0,0.0,1.0
2025-02-18,TREND_SHORT,EXIT_FLAT,short,LOSER,-122.0,29,44497.0,1.0,11.0,-10.0,1.0,21.0,-11.0,11.0,-16.0,-12.0,24.0,-12.0,11.0,-18.0,-1.0,14.0,-24.0,11.0,-32.0,-12.0,25.0,-26.0,11.0,-32.0,-2.0,14.0
2025-02-18,TREND_LONG,EXIT_FLAT,long,LOSER,-126.0,27,44625.0,15.0,16.0,0.0,15.0,16.0,5.0,18.0,0.0,-10.0,16.0,14.0,18.0,0.0,9.0,11.0,13.0,18.0,0.0,-1.0,9.0,6.0,18.0,0.0,-7.0,13.0
2025-02-18,CHOP_BUY,CHOP_TP,long,WINNER,64.0,74,44560.0,3.0,7.0,-3.0,3.0,10.0,13.0,13.0,-3.0,10.0,14.0,22.0,23.0,-3.0,9.0,11.0,12.0,23.0,-3.0,-10.0,12.0,5.0,23.0,-3.0,-7.0,12.0
2025-02-18,CHOP_BUY,EXIT_FLAT,long,LOSER,-196.0,69,44571.0,4.0,5.0,-1.0,4.0,6.0,9.0,13.0,-1.0,5.0,8.0,20.0,21.0,-1.0,11.0,13.0,25.0,31.0,-1.0,5.0,13.0,36.0,36.0,-1.0,11.0,14.0
2025-02-18,TREND_SHORT,EXIT_FLAT,short,LOSER,-156.0,43,44464.0,-1.0,15.0,-1.0,-1.0,16.0,-8.0,15.0,-14.0,-7.0,15.0,-22.0,15.0,-22.0,-14.0,13.0,-2.0,15.0,-22.0,20.0,17.0,4.0,22.0,-22.0,6.0,23.0
2025-02-18,CHOP_BUY,PARTIAL_TP,long,WINNER,55.0,13,44579.0,-12.0,0.0,-13.0,-12.0,11.0,-6.0,0.0,-16.0,6.0,13.0,-11.0,0.0,-16.0,-5.0,9.0,-7.0,0.0,-17.0,4.0,10.0,2.0,28.0,-17.0,9.0,37.0
2025-02-19,TREND_LONG,EXIT_FLAT,long,LOSER,-120.0,39,44528.0,-1.0,11.0,-6.0,-1.0,17.0,-5.0,11.0,-7.0,-4.0,11.0,-19.0,11.0,-29.0,-14.0,25.0,-18.0,11.0,-29.0,1.0,14.0,-29.0,11.0,-32.0,-11.0,17.0
2025-02-19,TREND_SHORT,EXIT_FLAT,short,LOSER,-130.0,9,44442.0,-15.0,10.0,-17.0,-15.0,27.0,-4.0,10.0,-18.0,11.0,15.0,-10.0,10.0,-18.0,-6.0,11.0,-23.0,10.0,-24.0,-13.0,14.0,-18.0,10.0,-32.0,5.0,14.0
2025-02-19,CHOP_SELL,EXIT_FLAT,short,LOSER,-70.0,20,44518.0,5.0,9.0,-4.0,5.0,13.0,1.0,9.0,-4.0,-4.0,9.0,1.0,9.0,-4.0,0.0,9.0,-3.0,11.0,-6.0,-4.0,17.0,-5.0,11.0,-11.0,-2.0,9.0
2025-02-19,TREND_LONG,EXIT_FLAT,long,LOSER,-126.0,20,44559.0,3.0,3.0,-7.0,3.0,10.0,-1.0,6.0,-7.0,-4.0,9.0,-4.0,6.0,-7.0,-3.0,9.0,-14.0,6.0,-15.0,-10.0,12.0,-19.0,6.0,-19.0,-5.0,8.0
2025-02-19,CHOP_BUY,CHOP_TP,long,WINNER,62.0,18,44459.0,7.0,13.0,0.0,7.0,12.0,5.0,13.0,0.0,-2.0,6.0,2.0,13.0,0.0,-3.0,5.0,6.0,13.0,-3.0,4.0,9.0,15.0,16.0,-3.0,9.0,11.0
2025-02-19,TREND_SHORT,EXIT_FLAT,short,LOSER,-138.0,18,44423.0,13.0,27.0,-3.0,13.0,30.0,12.0,27.0,-3.0,-1.0,7.0,8.0,27.0,-3.0,-4.0,16.0,-12.0,27.0,-13.0,-20.0,24.0,-17.0,27.0,-21.0,-5.0,11.0
2025-02-19,CHOP_BUY,PARTIAL_TP,long,WINNER,93.0,34,44509.0,5.0,7.0,-2.0,5.0,9.0,-3.0,7.0,-4.0,-8.0,10.0,-7.0,7.0,-10.0,-4.0,7.0,-1.0,7.0,-10.0,6.0,8.0,-7.0,7.0,-10.0,-6.0,8.0
2025-02-20,TREND_SHORT,PARTIAL_TP,short,WINNER,96.0,2,44401.0,20.0,24.0,-6.0,20.0,30.0,96.0,105.0,-6.0,76.0,89.0,86.0,127.0,-6.0,-10.0,47.0,77.0,127.0,-6.0,-9.0,23.0,82.0,127.0,-6.0,5.0,20.0
2025-02-20,TREND_SHORT,PARTIAL_TP,short,WINNER,53.0,10,44229.0,18.0,28.0,-8.0,18.0,36.0,16.0,28.0,-8.0,-2.0,19.0,24.0,28.0,-8.0,8.0,22.0,35.0,54.0,-8.0,11.0,31.0,35.0,54.0,-8.0,0.0,17.0
2025-02-20,CHOP_BUY,PARTIAL_TP,long,WINNER,52.0,14,44060.0,7.0,11.0,0.0,7.0,11.0,0.0,11.0,-4.0,-7.0,14.0,-5.0,11.0,-8.0,-5.0,8.0,-4.0,11.0,-18.0,1.0,21.0,-14.0,11.0,-20.0,-10.0,22.0
2025-02-20,CHOP_BUY,EXIT_FLAT,long,LOSER,-90.0,13,44088.0,-3.0,2.0,-10.0,-3.0,12.0,-2.0,3.0,-12.0,1.0,15.0,11.0,11.0,-12.0,13.0,16.0,19.0,22.0,-12.0,8.0,14.0,10.0,25.0,-12.0,-9.0,19.0
2025-02-20,CHOP_BUY,PARTIAL_TP,long,WINNER,54.0,16,44056.0,1.0,3.0,-12.0,1.0,15.0,19.0,19.0,-12.0,18.0,19.0,20.0,24.0,-12.0,1.0,11.0,29.0,31.0,-12.0,9.0,14.0,29.0,37.0,-12.0,0.0,11.0
2025-02-20,CHOP_SELL,SESSION_EXIT,short,LOSER,-56.0,32,44227.0,1.0,6.0,-4.0,1.0,10.0,2.0,8.0,-4.0,1.0,12.0,1.0,8.0,-4.0,-1.0,5.0,-5.0,8.0,-10.0,-6.0,12.0,-5.0,8.0,-10.0,0.0,6.0
2025-02-21,CHOP_SELL,CHOP_TP,short,WINNER,22.0,1,43862.0,11.0,14.0,-1.0,11.0,15.0,10.0,15.0,-1.0,-1.0,16.0,8.0,15.0,-1.0,-2.0,14.0,17.0,20.0,-1.0,9.0,14.0,15.0,20.0,-1.0,-2.0,10.0
2025-02-21,TREND_SHORT,PARTIAL_TP,short,WINNER,51.0,16,43818.0,27.0,34.0,0.0,27.0,33.0,22.0,39.0,0.0,-5.0,26.0,23.0,39.0,0.0,1.0,12.0,25.0,39.0,0.0,2.0,15.0,23.0,39.0,0.0,-2.0,10.0
2025-02-21,TREND_SHORT,CHOP_TP,short,WINNER,80.0,18,43486.0,-5.0,1.0,-9.0,-5.0,10.0,16.0,18.0,-11.0,21.0,29.0,11.0,29.0,-11.0,-5.0,19.0,11.0,29.0,-11.0,0.0,13.0,32.0,36.0,-11.0,21.0,27.0
2025-02-21,CHOP_SELL,EXIT_FLAT,short,LOSER,-146.0,47,43467.0,-4.0,8.0,-13.0,-4.0,21.0,7.0,8.0,-13.0,11.0,20.0,-4.0,10.0,-13.0,-11.0,23.0,0.0,10.0,-13.0,4.0,11.0,-13.0,10.0,-17.0,-13.0,22.0
2025-02-24,TREND_SHORT,PARTIAL_TP,short,WINNER,83.0,8,43529.0,-3.0,12.0,-11.0,-3.0,23.0,9.0,12.0,-12.0,12.0,22.0,-5.0,17.0,-20.0,-14.0,37.0,32.0,39.0,-20.0,37.0,49.0,16.0,39.0,-20.0,-16.0,30.0
2025-02-24,CHOP_BUY,CHOP_TP,long,WINNER,68.0,37,43637.0,-17.0,10.0,-19.0,-17.0,29.0,-25.0,10.0,-29.0,-8.0,18.0,-1.0,10.0,-29.0,24.0,32.0,31.0,31.0,-29.0,32.0,33.0,39.0,57.0,-29.0,8.0,29.0
2025-02-24,TREND_LONG,CHOP_TP,long,WINNER,48.0,110,43724.0,-6.0,5.0,-14.0,-6.0,19.0,2.0,5.0,-14.0,8.0,17.0,-9.0,5.0,-14.0,-11.0,13.0,-11.0,5.0,-15.0,-2.0,11.0,-18.0,5.0,-35.0,-7.0,23.0
2025-02-24,CHOP_SELL,PARTIAL_TP,short,WINNER,60.0,30,43669.0,-19.0,0.0,-19.0,-19.0,19.0,-24.0,0.0,-25.0,-5.0,9.0,-16.0,0.0,-25.0,8.0,17.0,-5.0,18.0,-25.0,11.0,42.0,-13.0,28.0,-25.0,-8.0,47.0
2025-02-25,TREND_SHORT,EARLY_HARD_STOP,short,LOSER,-82.0,4,43607.0,23.0,37.0,0.0,23.0,37.0,7.0,37.0,-8.0,-16.0,39.0,-31.0,37.0,-36.0,-38.0,59.0,-41.0,37.0,-61.0,-10.0,33.0,-2.0,37.0,-61.0,39.0,41.0
2025-02-25,TREND_SHORT,PARTIAL_TP,short,WINNER,51.0,7,43540.0,22.0,32.0,-8.0,22.0,40.0,13.0,44.0,-8.0,-9.0,37.0,28.0,44.0,-8.0,15.0,30.0,34.0,49.0,-8.0,6.0,38.0,40.0,51.0,-8.0,6.0,54.0
2025-02-25,CHOP_BUY,EARLY_HARD_STOP,long,LOSER,-110.0,2,43555.0,-34.0,1.0,-37.0,-34.0,38.0,-55.0,1.0,-57.0,-21.0,33.0,-67.0,1.0,-69.0,-12.0,27.0,-66.0,1.0,-73.0,1.0,14.0,-58.0,1.0,-73.0,8.0,19.0
2025-02-25,CHOP_BUY,CHOP_TP,long,WINNER,48.0,1,43717.0,24.0,27.0,0.0,24.0,25.0,24.0,35.0,0.0,0.0,16.0,31.0,35.0,0.0,7.0,16.0,46.0,46.0,0.0,15.0,19.0,27.0,57.0,0.0,-19.0,40.0
2025-02-25,TREND_LONG,EXIT_FLAT,long,LOSER,-120.0,8,43818.0,11.0,19.0,-1.0,11.0,20.0,12.0,25.0,-1.0,1.0,18.0,5.0,25.0,-3.0,-7.0,26.0,0.0,25.0,-4.0,-5.0,23.0,-7.0,25.0,-9.0,-7.0,21.0
2025-02-26,TREND_LONG,PARTIAL_TP,long,WINNER,62.0,10,43832.0,-16.0,7.0,-17.0,-16.0,24.0,2.0,7.0,-17.0,18.0,16.0,25.0,38.0,-17.0,23.0,41.0,44.0,46.0,-17.0,19.0,32.0,49.0,49.0,-17.0,5.0,7.0
2025-02-26,TREND_SHORT,PARTIAL_TP,short,WINNER,62.0,6,43582.0,-32.0,2.0,-33.0,-32.0,35.0,-17.0,2.0,-35.0,15.0,19.0,-4.0,2.0,-35.0,13.0,19.0,20.0,22.0,-35.0,24.0,29.0,48.0,50.0,-35.0,28.0,35.0
2025-02-26,TREND_SHORT,PARTIAL_TP,short,WINNER,62.0,14,43502.0,3.0,13.0,-24.0,3.0,37.0,0.0,17.0,-24.0,-3.0,20.0,-1.0,17.0,-24.0,-1.0,14.0,-17.0,17.0,-24.0,-16.0,22.0,-13.0,17.0,-25.0,4.0,17.0
2025-02-27,TREND_LONG,PARTIAL_TP,long,WINNER,65.0,5,43733.0,0.0,13.0,-6.0,0.0,19.0,25.0,28.0,-6.0,25.0,28.0,23.0,40.0,-6.0,-2.0,27.0,49.0,68.0,-6.0,26.0,62.0,65.0,68.0,-6.0,16.0,23.0
2025-02-27,TREND_SHORT,PARTIAL_TP,short,WINNER,72.0,9,43474.0,19.0,28.0,-5.0,19.0,33.0,18.0,45.0,-5.0,-1.0,35.0,-23.0,45.0,-25.0,-41.0,50.0,8.0,45.0,-25.0,31.0,36.0,11.0,45.0,-25.0,3.0,28.0
2025-02-28,TREND_LONG,PARTIAL_TP,long,WINNER,84.0,8,43446.0,19.0,20.0,-21.0,19.0,41.0,7.0,21.0,-21.0,-12.0,29.0,-20.0,21.0,-33.0,-27.0,50.0,-13.0,21.0,-33.0,7.0,23.0,-21.0,21.0,-33.0,-8.0,38.0
2025-02-28,TREND_LONG,EARLY_HARD_STOP,long,LOSER,-116.0,2,43325.0,-31.0,9.0,-34.0,-31.0,43.0,-58.0,9.0,-60.0,-27.0,32.0,-44.0,9.0,-68.0,14.0,24.0,-21.0,9.0,-68.0,23.0,35.0,7.0,13.0,-68.0,28.0,38.0
2025-02-28,TREND_LONG,PARTIAL_TP,long,WINNER,51.0,2,43281.0,23.0,38.0,0.0,23.0,35.0,51.0,57.0,0.0,28.0,38.0,75.0,82.0,0.0,24.0,32.0,46.0,82.0,0.0,-29.0,33.0,21.0,82.0,0.0,-25.0,30.0
2025-02-28,CHOP_BUY,EXIT_FLAT,long,LOSER,-156.0,11,43275.0,8.0,15.0,-7.0,8.0,22.0,-7.0,15.0,-18.0,-15.0,29.0,-6.0,15.0,-18.0,1.0,22.0,-10.0,15.0,-18.0,-4.0,14.0,-14.0,15.0,-25.0,-4.0,23.0
2025-02-28,TREND_LONG,PARTIAL_TP,long,WINNER,68.0,6,43172.0,34.0,34.0,-3.0,34.0,37.0,-6.0,46.0,-12.0,-40.0,58.0,-5.0,46.0,-17.0,1.0,22.0,21.0,46.0,-17.0,26.0,33.0,34.0,48.0,-17.0,13.0,32.0
2025-02-28,TREND_LONG,EARLY_HARD_STOP,long,LOSER,-102.0,4,43602.0,-20.0,1.0,-31.0,-20.0,32.0,-9.0,1.0,-31.0,11.0,25.0,-27.0,1.0,-44.0,-18.0,34.0,-51.0,1.0,-57.0,-24.0,33.0,-29.0,1.0,-57.0,22.0,27.0
2025-02-28,TREND_LONG,EXIT_FLAT,long,LOSER,-158.0,7,43609.0,15.0,19.0,-2.0,15.0,21.0,-18.0,19.0,-28.0,-33.0,45.0,-7.0,19.0,-35.0,11.0,29.0,11.0,19.0,-35.0,18.0,23.0,13.0,20.0,-35.0,2.0,17.0
2025-02-28,TREND_LONG,PARTIAL_TP,long,WINNER,52.0,9,43634.0,5.0,11.0,-23.0,5.0,34.0,9.0,18.0,-23.0,4.0,23.0,27.0,37.0,-23.0,18.0,29.0,17.0,37.0,-23.0,-10.0,26.0,17.0,37.0,-23.0,0.0,24.0
2025-03-03,TREND_SHORT,PARTIAL_TP,short,WINNER,86.0,3,43968.0,-20.0,4.0,-33.0,-20.0,37.0,-9.0,19.0,-33.0,11.0,45.0,86.0,138.0,-33.0,95.0,142.0,93.0,138.0,-33.0,7.0,55.0,79.0,138.0,-33.0,-14.0,45.0
2025-03-03,TREND_SHORT,EARLY_HARD_STOP,short,LOSER,-88.0,2,43815.0,-18.0,22.0,-21.0,-18.0,43.0,-44.0,22.0,-51.0,-26.0,29.0,-41.0,22.0,-51.0,3.0,27.0,-23.0,22.0,-59.0,18.0,38.0,-47.0,22.0,-59.0,-24.0,28.0
2025-03-03,TREND_SHORT,PARTIAL_TP,short,WINNER,55.0,8,43790.0,-15.0,14.0,-22.0,-15.0,36.0,-30.0,14.0,-32.0,-15.0,27.0,-12.0,14.0,-32.0,18.0,25.0,-17.0,14.0,-32.0,-5.0,28.0,7.0,14.0,-32.0,24.0,37.0
2025-03-03,CHOP_BUY,EXIT_FLAT,long,LOSER,-164.0,21,43867.0,-15.0,2.0,-22.0,-15.0,24.0,-18.0,2.0,-31.0,-3.0,26.0,-13.0,2.0,-31.0,5.0,15.0,-11.0,2.0,-31.0,2.0,28.0,2.0,8.0,-31.0,13.0,21.0
2025-03-03,TREND_SHORT,PARTIAL_TP,short,WINNER,54.0,8,43680.0,16.0,26.0,-8.0,16.0,34.0,19.0,38.0,-8.0,3.0,26.0,16.0,38.0,-8.0,-3.0,18.0,10.0,38.0,-8.0,-6.0,23.0,24.0,42.0,-8.0,14.0,29.0
2025-03-04,TREND_SHORT,PARTIAL_TP,short,WINNER,54.0,6,42725.0,1.0,20.0,-5.0,1.0,25.0,9.0,22.0,-18.0,8.0,40.0,-2.0,22.0,-18.0,-11.0,26.0,16.0,38.0,-18.0,18.0,44.0,37.0,50.0,-18.0,21.0,32.0
2025-03-04,TREND_LONG,EARLY_HARD_STOP,long,LOSER,-116.0,1,43010.0,-58.0,3.0,-58.0,-58.0,61.0,-19.0,3.0,-58.0,39.0,41.0,-37.0,3.0,-58.0,-18.0,36.0,-18.0,3.0,-58.0,19.0,21.0,4.0,9.0,-58.0,22.0,33.0
2025-03-04,TREND_LONG,EARLY_HARD_STOP,long,LOSER,-118.0,5,43026.0,-10.0,9.0,-11.0,-10.0,20.0,-3.0,9.0,-22.0,7.0,31.0,25.0,27.0,-22.0,28.0,38.0,-7.0,27.0,-22.0,-32.0,34.0,-59.0,27.0,-59.0,-52.0,52.0
2025-03-04,TREND_LONG,PARTIAL_TP,long,WINNER,68.0,6,43056.0,-20.0,3.0,-20.0,-20.0,23.0,-3.0,6.0,-24.0,17.0,30.0,6.0,17.0,-24.0,9.0,21.0,40.0,45.0,-24.0,34.0,38.0,47.0,67.0,-24.0,7.0,33.0
2025-03-05,TREND_SHORT,EARLY_HARD_STOP,short,LOSER,-112.0,2,42518.0,-3.0,19.0,-8.0,-3.0,27.0,-56.0,19.0,-56.0,-53.0,65.0,-53.0,19.0,-75.0,3.0,26.0,-61.0,19.0,-75.0,-8.0,27.0,-43.0,19.0,-75.0,18.0,27.0
2025-03-05,TREND_SHORT,EARLY_HARD_STOP,short,LOSER,-116.0,2,42496.0,-18.0,0.0,-24.0,-18.0,22.0,-58.0,0.0,-64.0,-40.0,47.0,-44.0,0.0,-64.0,14.0,31.0,-33.0,0.0,-64.0,11.0,13.0,-34.0,0.0,-64.0,-1.0,21.0
2025-03-05,TREND_SHORT,EARLY_HARD_STOP,short,LOSER,-84.0,4,42483.0,-23.0,9.0,-28.0,-23.0,37.0,-7.0,9.0,-28.0,16.0,28.0,-29.0,9.0,-30.0,-22.0,30.0,-42.0,9.0,-47.0,-13.0,28.0,-49.0,9.0,-65.0,-7.0,25.0
2025-03-05,TREND_LONG,EARLY_HARD_STOP,long,LOSER,-96.0,5,42851.0,-24.0,0.0,-28.0,-24.0,26.0,1.0,3.0,-28.0,25.0,29.0,-34.0,3.0,-37.0,-35.0,38.0,-12.0,3.0,-38.0,22.0,29.0,-48.0,3.0,-53.0,-36.0,39.0
2025-03-05,TREND_LONG,EXIT_FLAT,long,LOSER,-156.0,17,42880.0,-3.0,4.0,-22.0,-3.0,26.0,22.0,26.0,-22.0,25.0,29.0,-17.0,26.0,-22.0,-39.0,40.0,8.0,26.0,-24.0,25.0,37.0,19.0,26.0,-24.0,11.0,14.0
2025-03-05,CHOP_BUY,PARTIAL_TP,long,WINNER,92.0,7,42757.0,-6.0,7.0,-11.0,-6.0,18.0,-8.0,7.0,-29.0,-2.0,29.0,-23.0,7.0,-29.0,-15.0,30.0,26.0,30.0,-29.0,49.0,52.0,40.0,43.0,-29.0,14.0,24.0
2025-03-06,TREND_LONG,PARTIAL_TP,long,WINNER,56.0,3,42679.0,23.0,41.0,-1.0,23.0,42.0,45.0,52.0,-1.0,22.0,46.0,56.0,71.0,-1.0,11.0,31.0,56.0,74.0,-1.0,0.0,32.0,74.0,76.0,-1.0,18.0,46.0
2025-03-06,TREND_LONG,PARTIAL_TP,long,WINNER,77.0,6,42845.0,0.0,13.0,-13.0,0.0,26.0,9.0,13.0,-19.0,9.0,28.0,27.0,47.0,-19.0,18.0,49.0,26.0,47.0,-19.0,-1.0,30.0,41.0,47.0,-19.0,15.0,34.0
2025-03-06,TREND_SHORT,EARLY_HARD_STOP,short,LOSER,-82.0,2,42451.0,-14.0,20.0,-21.0,-14.0,41.0,-41.0,20.0,-45.0,-27.0,41.0,-77.0,20.0,-79.0,-36.0,54.0,-88.0,20.0,-100.0,-11.0,34.0,-73.0,20.0,-100.0,15.0,21.0
2025-03-07,TREND_SHORT,EXIT_FLAT,short,LOSER,-126.0,8,42411.0,1.0,14.0,-14.0,1.0,28.0,-4.0,14.0,-23.0,-5.0,29.0,26.0,35.0,-23.0,30.0,39.0,25.0,45.0,-23.0,-1.0,24.0,9.0,45.0,-23.0,-16.0,37.0
2025-03-07,TREND_SHORT,PARTIAL_TP,short,WINNER,75.0,3,42375.0,10.0,18.0,-4.0,10.0,22.0,34.0,35.0,-6.0,24.0,41.0,75.0,84.0,-6.0,41.0,51.0,54.0,84.0,-6.0,-21.0,34.0,71.0,84.0,-6.0,17.0,44.0
2025-03-07,CHOP_BUY,EXIT_FLAT,long,LOSER,-142.0,9,42735.0,-17.0,7.0,-27.0,-17.0,34.0,-12.0,7.0,-27.0,5.0,32.0,-1.0,9.0,-28.0,11.0,37.0,-5.0,9.0,-28.0,-4.0,32.0,29.0,37.0,-31.0,34.0,68.0
2025-03-07,TREND_LONG,EARLY_HARD_STOP,long,LOSER,-116.0,4,42785.0,19.0,23.0,-5.0,19.0,28.0,-9.0,25.0,-11.0,-28.0,36.0,-31.0,25.0,-36.0,-22.0,43.0,-58.0,25.0,-62.0,-27.0,55.0,-29.0,25.0,-68.0,29.0,48.0
2025-03-07,TREND_LONG,PARTIAL_TP,long,WINNER,52.0,3,42811.0,5.0,6.0,-1.0,5.0,7.0,28.0,31.0,-3.0,23.0,34.0,52.0,55.0,-3.0,24.0,37.0,69.0,71.0,-3.0,17.0,34.0,28.0,71.0,-3.0,-41.0,39.0
2025-03-10,CHOP_BUY,PARTIAL_TP,long,WINNER,52.0,4,42497.0,14.0,27.0,-17.0,14.0,44.0,3.0,27.0,-17.0,-11.0,23.0,8.0,27.0,-17.0,5.0,29.0,52.0,63.0,-17.0,44.0,56.0,57.0,84.0,-17.0,5.0,54.0
2025-03-10,CHOP_BUY,EXIT_FLAT,long,LOSER,-184.0,30,42504.0,22.0,33.0,0.0,22.0,33.0,21.0,40.0,0.0,-1.0,32.0,23.0,40.0,0.0,2.0,35.0,16.0,40.0,-1.0,-7.0,29.0,8.0,40.0,-6.0,-8.0,28.0
2025-03-10,TREND_SHORT,PARTIAL_TP,short,WINNER,56.0,6,42324.0,24.0,40.0,-13.0,24.0,53.0,25.0,40.0,-13.0,1.0,18.0,17.0,40.0,-13.0,-8.0,17.0,14.0,40.0,-13.0,-3.0,18.0,35.0,54.0,-13.0,21.0,31.0
2025-03-10,CHOP_BUY,EXIT_FLAT,long,LOSER,-168.0,25,42326.0,-34.0,15.0,-36.0,-34.0,51.0,1.0,15.0,-36.0,35.0,38.0,-3.0,22.0,-36.0,-4.0,36.0,15.0,22.0,-36.0,18.0,32.0,5.0,33.0,-36.0,-10.0,34.0
2025-03-10,TREND_SHORT,PARTIAL_TP,short,WINNER,54.0,19,42221.0,22.0,47.0,-12.0,22.0,59.0,33.0,47.0,-12.0,11.0,24.0,34.0,52.0,-12.0,1.0,28.0,6.0,52.0,-12.0,-28.0,33.0,4.0,52.0,-12.0,-2.0,20.0
2025-03-10,TREND_SHORT,CHOP_TP,short,WINNER,28.0,9,41919.0,-3.0,10.0,-12.0,-3.0,22.0,-4.0,10.0,-15.0,-1.0,15.0,25.0,25.0,-15.0,29.0,32.0,35.0,38.0,-15.0,10.0,31.0,-17.0,38.0,-17.0,-52.0,51.0
2025-03-10,TREND_SHORT,PARTIAL_TP,short,WINNER,53.0,2,41857.0,19.0,26.0,-8.0,19.0,34.0,53.0,59.0,-8.0,34.0,48.0,48.0,72.0,-8.0,-5.0,24.0,41.0,72.0,-8.0,-7.0,24.0,38.0,72.0,-8.0,-3.0,20.0
2025-03-11,TREND_LONG,EARLY_HARD_STOP,long,LOSER,-346.0,2,41793.0,-33.0,57.0,-42.0,-33.0,99.0,-173.0,57.0,-180.0,-140.0,147.0,-202.0,57.0,-208.0,-29.0,60.0,-231.0,57.0,-264.0,-29.0,84.0,-203.0,57.0,-264.0,28.0,48.0
2025-03-11,TREND_SHORT,EARLY_HARD_STOP,short,LOSER,-122.0,3,41591.0,29.0,62.0,-22.0,29.0,84.0,1.0,62.0,-22.0,-28.0,48.0,-61.0,62.0,-76.0,-62.0,81.0,-30.0,62.0,-87.0,31.0,76.0,-22.0,62.0,-87.0,8.0,44.0
2025-03-11,TREND_SHORT,EARLY_HARD_STOP,short,LOSER,-98.0,2,41519.0,-31.0,0.0,-45.0,-31.0,44.0,-49.0,0.0,-87.0,-18.0,63.0,-69.0,0.0,-87.0,-20.0,30.0,-57.0,0.0,-87.0,12.0,41.0,-19.0,0.0,-87.0,38.0,58.0
2025-03-11,TREND_SHORT,PARTIAL_TP,short,WINNER,58.0,11,41491.0,-11.0,26.0,-16.0,-11.0,42.0,2.0,26.0,-20.0,13.0,29.0,-22.0,26.0,-79.0,-24.0,84.0,-20.0,26.0,-79.0,2.0,34.0,-19.0,26.0,-79.0,1.0,31.0
2025-03-11,TREND_SHORT,PARTIAL_TP,short,WINNER,52.0,15,41323.0,-18.0,11.0,-19.0,-18.0,30.0,-24.0,11.0,-44.0,-6.0,30.0,1.0,11.0,-44.0,25.0,38.0,44.0,50.0,-44.0,43.0,50.0,7.0,50.0,-44.0,-37.0,38.0
2025-03-11,TREND_SHORT,EXIT_FLAT,short,LOSER,-128.0,22,41251.0,19.0,21.0,-7.0,19.0,28.0,-6.0,22.0,-17.0,-25.0,39.0,5.0,22.0,-25.0,11.0,30.0,25.0,28.0,-25.0,20.0,24.0,12.0,32.0,-25.0,-13.0,25.0
2025-03-12,TREND_SHORT,PARTIAL_TP,short,WINNER,67.0,2,41395.0,3.0,12.0,-33.0,3.0,45.0,67.0,71.0,-33.0,64.0,74.0,42.0,71.0,-33.0,-25.0,31.0,34.0,71.0,-33.0,-8.0,30.0,8.0,71.0,-33.0,-26.0,31.0
2025-03-12,CHOP_BUY,EARLY_HARD_STOP,long,LOSER,-114.0,5,41523.0,-9.0,8.0,-40.0,-9.0,48.0,8.0,11.0,-40.0,17.0,25.0,-14.0,11.0,-40.0,-22.0,23.0,-28.0,11.0,-40.0,-14.0,23.0,-57.0,11.0,-75.0,-29.0,50.0
2025-03-13,TREND_SHORT,EARLY_HARD_STOP,short,LOSER,-82.0,1,41216.0,-41.0,1.0,-45.0,-41.0,46.0,-42.0,1.0,-50.0,-1.0,26.0,-38.0,1.0,-50.0,4.0,32.0,1.0,13.0,-50.0,39.0,58.0,7.0,45.0,-50.0,6.0,54.0
2025-03-13,CHOP_BUY,PARTIAL_TP,long,WINNER,62.0,3,41221.0,45.0,74.0,-3.0,45.0,77.0,25.0,74.0,-3.0,-20.0,36.0,62.0,78.0,-3.0,37.0,54.0,65.0,78.0,-3.0,3.0,40.0,70.0,78.0,-3.0,5.0,33.0
2025-03-13,TREND_SHORT,PARTIAL_TP,short,WINNER,67.0,15,41131.0,14.0,22.0,-2.0,14.0,24.0,9.0,22.0,-2.0,-5.0,15.0,33.0,38.0,-2.0,24.0,31.0,26.0,43.0,-2.0,-7.0,27.0,20.0,43.0,-2.0,-6.0,16.0
2025-03-13,CHOP_SELL,PARTIAL_TP,short,WINNER,51.0,2,40836.0,25.0,27.0,-2.0,25.0,29.0,51.0,52.0,-2.0,26.0,28.0,54.0,61.0,-2.0,3.0,19.0,52.0,61.0,-2.0,-2.0,18.0,65.0,66.0,-2.0,13.0,18.0
2025-03-14,TREND_LONG,EARLY_HARD_STOP,long,LOSER,-112.0,3,41289.0,-16.0,3.0,-21.0,-16.0,24.0,-27.0,3.0,-34.0,-11.0,23.0,-56.0,3.0,-58.0,-29.0,38.0,-54.0,3.0,-65.0,2.0,16.0,-63.0,3.0,-79.0,-9.0,23.0
2025-03-14,TREND_LONG,EARLY_HARD_STOP,long,LOSER,-80.0,3,41313.0,-20.0,2.0,-23.0,-20.0,25.0,-22.0,2.0,-30.0,-2.0,20.0,-40.0,2.0,-51.0,-18.0,32.0,-13.0,2.0,-52.0,27.0,42.0,-18.0,2.0,-52.0,-5.0,17.0
2025-03-14,TREND_LONG,CHOP_TP,long,WINNER,78.0,13,41320.0,45.0,48.0,-7.0,45.0,55.0,37.0,85.0,-7.0,-8.0,49.0,49.0,85.0,-7.0,12.0,19.0,42.0,85.0,-7.0,-7.0,23.0,29.0,85.0,-7.0,-13.0,26.0
2025-03-14,TREND_LONG,PARTIAL_TP,long,WINNER,52.0,28,41399.0,-4.0,7.0,-4.0,-4.0,11.0,-3.0,14.0,-6.0,1.0,20.0,-5.0,14.0,-16.0,-2.0,23.0,-10.0,14.0,-16.0,-5.0,23.0,-1.0,14.0,-16.0,9.0,18.0
2025-03-14,TREND_LONG,EXIT_FLAT,long,LOSER,-144.0,12,41470.0,-21.0,25.0,-24.0,-21.0,49.0,2.0,25.0,-24.0,23.0,19.0,4.0,25.0,-24.0,2.0,16.0,-8.0,25.0,-24.0,-12.0,21.0,-28.0,25.0,-32.0,-20.0,30.0
2025-03-14,CHOP_SELL,EARLY_HARD_STOP,short,LOSER,-94.0,3,41412.0,-10.0,2.0,-11.0,-10.0,13.0,-19.0,2.0,-19.0,-9.0,12.0,-47.0,2.0,-47.0,-28.0,32.0,-60.0,2.0,-60.0,-13.0,17.0,-57.0,2.0,-68.0,3.0,15.0
2025-03-14,TREND_LONG,EXIT_FLAT,long,LOSER,-138.0,27,41493.0,18.0,22.0,-5.0,18.0,27.0,33.0,33.0,-5.0,15.0,19.0,-9.0,34.0,-32.0,-42.0,66.0,-15.0,34.0,-32.0,-6.0,15.0,-3.0,34.0,-32.0,12.0,25.0
2025-03-14,CHOP_SELL,PARTIAL_TP,short,WINNER,51.0,12,41442.0,11.0,13.0,-9.0,11.0,22.0,12.0,25.0,-9.0,1.0,27.0,-12.0,25.0,-14.0,-24.0,25.0,24.0,29.0,-18.0,36.0,47.0,38.0,40.0,-18.0,14.0,30.0
2025-03-14,TREND_LONG,SESSION_EXIT,long,LOSER,-114.0,6,41538.0,4.0,14.0,-13.0,4.0,27.0,15.0,26.0,-13.0,11.0,25.0,11.0,26.0,-13.0,-4.0,16.0,18.0,26.0,-13.0,7.0,12.0,-34.0,26.0,-38.0,-52.0,60.0
2025-03-17,TREND_LONG,PARTIAL_TP,long,WINNER,56.0,22,41808.0,0.0,8.0,-4.0,0.0,12.0,3.0,8.0,-6.0,3.0,9.0,-3.0,8.0,-8.0,-6.0,14.0,-10.0,8.0,-15.0,-7.0,10.0,-14.0,8.0,-17.0,-4.0,19.0
2025-03-17,TREND_LONG,PARTIAL_TP,long,WINNER,52.0,13,41919.0,-6.0,0.0,-9.0,-6.0,9.0,30.0,43.0,-9.0,36.0,49.0,23.0,43.0,-9.0,-7.0,30.0,27.0,43.0,-9.0,4.0,12.0,5.0,43.0,-9.0,-22.0,31.0
2025-03-17,TREND_LONG,EXIT_FLAT,long,LOSER,-160.0,69,42002.0,10.0,12.0,0.0,10.0,11.0,24.0,28.0,0.0,14.0,22.0,20.0,34.0,0.0,-4.0,15.0,12.0,34.0,0.0,-8.0,16.0,23.0,34.0,0.0,11.0,11.0
2025-03-18,TREND_SHORT,EXIT_FLAT,short,LOSER,-124.0,26,41624.0,-9.0,3.0,-24.0,-9.0,27.0,-16.0,3.0,-26.0,-7.0,19.0,8.0,17.0,-26.0,24.0,18.0,-18.0,17.0,-26.0,-26.0,29.0,-26.0,17.0,-27.0,-8.0,13.0
2025-03-18,CHOP_BUY,EXIT_FLAT,long,LOSER,-166.0,9,41700.0,-3.0,0.0,-15.0,-3.0,15.0,24.0,25.0,-15.0,27.0,28.0,13.0,26.0,-15.0,-11.0,13.0,6.0,26.0,-15.0,-7.0,14.0,14.0,26.0,-15.0,8.0,11.0
2025-03-18,TREND_SHORT,PARTIAL_TP,short,WINNER,68.0,13,41615.0,-2.0,6.0,-2.0,-2.0,8.0,-6.0,6.0,-21.0,-4.0,23.0,-29.0,6.0,-35.0,-23.0,15.0,-22.0,6.0,-35.0,7.0,18.0,-14.0,6.0,-35.0,8.0,6.0
2025-03-18,TREND_SHORT,EXIT_FLAT,short,LOSER,-154.0,67,41518.0,-7.0,0.0,-7.0,-7.0,1.0,3.0,3.0,-12.0,10.0,15.0,-18.0,3.0,-26.0,-21.0,13.0,-39.0,3.0,-39.0,-21.0,15.0,-38.0,3.0,-42.0,1.0,11.0
2025-03-18,CHOP_BUY,EXIT_FLAT,long,LOSER,-146.0,8,41562.0,-28.0,0.0,-28.0,-28.0,19.0,-24.0,0.0,-30.0,4.0,8.0,-12.0,0.0,-30.0,12.0,8.0,-7.0,0.0,-30.0,5.0,12.0,-19.0,0.0,-30.0,-12.0,1.0
2025-03-18,TREND_SHORT,EXIT_FLAT,short,LOSER,-132.0,12,41453.0,6.0,18.0,0.0,6.0,17.0,-6.0,18.0,-7.0,-12.0,9.0,-22.0,18.0,-23.0,-16.0,13.0,-32.0,18.0,-37.0,-10.0,14.0,-27.0,18.0,-37.0,5.0,10.0
2025-03-19,TREND_LONG,CHOP_TP,long,WINNER,24.0,38,41844.0,-6.0,0.0,-7.0,-6.0,4.0,-5.0,0.0,-17.0,1.0,12.0,-18.0,0.0,-25.0,-13.0,18.0,-27.0,0.0,-34.0,-9.0,7.0,-36.0,0.0,-44.0,-9.0,23.0
2025-03-19,TREND_LONG,PARTIAL_TP,long,WINNER,55.0,11,41875.0,-6.0,0.0,-6.0,-6.0,0.0,-6.0,0.0,-6.0,0.0,0.0,11.0,16.0,-6.0,17.0,12.0,11.0,16.0,-6.0,0.0,0.0,0.0,16.0,-6.0,-11.0,5.0
2025-03-19,CHOP_BUY,EXIT_FLAT,long,LOSER,-122.0,14,41867.0,0.0,0.0,0.0,0.0,0.0,8.0,12.0,0.0,8.0,5.0,-5.0,12.0,-5.0,-13.0,7.0,0.0,12.0,-5.0,5.0,0.0,13.0,13.0,-5.0,13.0,8.0
2025-03-19,TREND_LONG,EARLY_HARD_STOP,long,LOSER,-112.0,5,41804.0,-32.0,18.0,-33.0,-32.0,51.0,-16.0,18.0,-40.0,16.0,29.0,-24.0,20.0,-40.0,-8.0,44.0,-4.0,20.0,-47.0,20.0,44.0,-56.0,20.0,-68.0,-52.0,63.0
2025-03-19,CHOP_BUY,PARTIAL_TP,long,WINNER,54.0,2,41782.0,16.0,16.0,-2.0,16.0,18.0,54.0,61.0,-2.0,38.0,50.0,98.0,98.0,-2.0,44.0,43.0,136.0,136.0,-2.0,38.0,40.0,72.0,144.0,-2.0,-64.0,72.0
2025-03-20,TREND_LONG,PARTIAL_TP,long,WINNER,52.0,5,41868.0,1.0,10.0,-13.0,1.0,23.0,14.0,29.0,-13.0,13.0,30.0,33.0,33.0,-13.0,19.0,16.0,26.0,33.0,-13.0,-7.0,10.0,52.0,59.0,-13.0,26.0,27.0
2025-03-20,CHOP_SELL,PARTIAL_TP,short,WINNER,83.0,10,42128.0,0.0,6.0,-1.0,0.0,7.0,15.0,22.0,-1.0,15.0,17.0,19.0,24.0,-1.0,4.0,15.0,23.0,34.0,-1.0,4.0,13.0,21.0,34.0,-1.0,-2.0,9.0
2025-03-20,CHOP_SELL,PARTIAL_TP,short,WINNER,80.0,37,41960.0,-2.0,2.0,-9.0,-2.0,11.0,22.0,22.0,-9.0,24.0,23.0,36.0,38.0,-9.0,14.0,22.0,41.0,47.0,-9.0,5.0,12.0,44.0,48.0,-9.0,3.0,5.0
2025-03-24,TREND_LONG,PARTIAL_TP,long,WINNER,62.0,70,42828.0,-9.0,3.0,-24.0,-9.0,27.0,-9.0,3.0,-24.0,0.0,16.0,-28.0,3.0,-28.0,-19.0,21.0,-25.0,3.0,-38.0,3.0,18.0,-24.0,3.0,-38.0,1.0,17.0
2025-03-24,CHOP_BUY,CHOP_TP,long,WINNER,42.0,41,42878.0,-9.0,0.0,-13.0,-9.0,13.0,-17.0,0.0,-22.0,-8.0,13.0,-16.0,0.0,-24.0,1.0,8.0,-3.0,0.0,-24.0,13.0,19.0,2.0,4.0,-24.0,5.0,11.0
2025-03-24,CHOP_SELL,EXIT_FLAT,short,LOSER,-126.0,21,42882.0,-9.0,2.0,-14.0,-9.0,16.0,-6.0,2.0,-14.0,3.0,9.0,-1.0,7.0,-14.0,5.0,11.0,0.0,7.0,-14.0,1.0,11.0,-15.0,7.0,-18.0,-15.0,22.0
2025-03-24,TREND_LONG,EARLY_HARD_STOP,long,LOSER,-148.0,5,42962.0,-29.0,6.0,-38.0,-29.0,44.0,-24.0,6.0,-43.0,5.0,19.0,-16.0,6.0,-43.0,8.0,12.0,-31.0,6.0,-43.0,-15.0,20.0,-74.0,6.0,-75.0,-43.0,56.0
2025-03-25,TREND_SHORT,EXIT_FLAT,short,LOSER,-132.0,21,42846.0,6.0,29.0,0.0,6.0,26.0,7.0,29.0,-8.0,1.0,33.0,0.0,29.0,-8.0,-7.0,25.0,-6.0,29.0,-20.0,-6.0,21.0,-4.0,29.0,-21.0,2.0,23.0
2025-03-25,CHOP_BUY,EXIT_FLAT,long,LOSER,-120.0,8,42941.0,-9.0,2.0,-13.0,-9.0,15.0,-17.0,2.0,-17.0,-8.0,14.0,-24.0,2.0,-29.0,-7.0,15.0,-27.0,2.0,-33.0,-3.0,9.0,-25.0,2.0,-33.0,2.0,11.0
2025-03-25,CHOP_SELL,PARTIAL_TP,short,WINNER,54.0,10,42908.0,5.0,8.0,-1.0,5.0,9.0,4.0,11.0,-1.0,-1.0,8.0,7.0,11.0,-1.0,3.0,7.0,20.0,25.0,-1.0,13.0,20.0,36.0,38.0,-1.0,16.0,17.0
2025-03-25,TREND_SHORT,CHOP_TP,short,WINNER,24.0,53,42814.0,14.0,23.0,0.0,14.0,21.0,18.0,23.0,0.0,4.0,10.0,-6.0,23.0,-6.0,-24.0,25.0,-10.0,23.0,-15.0,-4.0,13.0,-24.0,23.0,-30.0,-14.0,20.0
2025-03-25,TREND_SHORT,EARLY_HARD_STOP,short,LOSER,-86.0,1,42778.0,-43.0,13.0,-49.0,-43.0,62.0,-83.0,13.0,-88.0,-40.0,51.0,-63.0,13.0,-88.0,20.0,33.0,-47.0,13.0,-88.0,16.0,25.0,-66.0,13.0,-88.0,-19.0,24.0
2025-03-25,CHOP_BUY,PARTIAL_TP,long,WINNER,55.0,8,42855.0,-3.0,8.0,-9.0,-3.0,17.0,5.0,8.0,-9.0,8.0,12.0,4.0,15.0,-9.0,-1.0,18.0,12.0,15.0,-9.0,8.0,16.0,31.0,35.0,-9.0,19.0,24.0
2025-03-26,TREND_SHORT,PARTIAL_TP,short,WINNER,68.0,23,42969.0,-3.0,12.0,-4.0,-3.0,16.0,22.0,24.0,-4.0,25.0,25.0,44.0,54.0,-4.0,22.0,30.0,45.0,59.0,-4.0,1.0,23.0,22.0,59.0,-4.0,-23.0,30.0
2025-03-26,CHOP_BUY,PARTIAL_TP,long,WINNER,56.0,11,42847.0,-4.0,6.0,-10.0,-4.0,16.0,20.0,22.0,-10.0,24.0,29.0,14.0,33.0,-10.0,-6.0,21.0,11.0,33.0,-10.0,-3.0,10.0,10.0,33.0,-10.0,-1.0,8.0
2025-03-26,TREND_SHORT,PARTIAL_TP,short,WINNER,50.0,13,42768.0,17.0,20.0,-3.0,17.0,23.0,12.0,24.0,-3.0,-5.0,20.0,3.0,24.0,-9.0,-9.0,25.0,21.0,33.0,-9.0,18.0,31.0,14.0,33.0,-9.0,-7.0,17.0
2025-03-27,TREND_LONG,PARTIAL_TP,long,WINNER,60.0,18,42690.0,2.0,5.0,-12.0,2.0,17.0,16.0,18.0,-12.0,14.0,22.0,14.0,20.0,-12.0,-2.0,24.0,43.0,53.0,-12.0,29.0,45.0,33.0,53.0,-12.0,-10.0,26.0
2025-03-27,CHOP_SELL,EXIT_FLAT,short,LOSER,-124.0,26,42650.0,29.0,31.0,-3.0,29.0,34.0,23.0,31.0,-3.0,-6.0,15.0,20.0,31.0,-3.0,-3.0,12.0,37.0,44.0,-3.0,17.0,24.0,27.0,44.0,-3.0,-10.0,18.0
2025-03-27,CHOP_SELL,CHOP_TP,short,WINNER,40.0,1,42575.0,20.0,20.0,-1.0,20.0,21.0,-12.0,20.0,-15.0,-32.0,34.0,-18.0,20.0,-27.0,-6.0,15.0,5.0,20.0,-27.0,23.0,32.0,14.0,20.0,-27.0,9.0,23.0
2025-03-27,CHOP_SELL,EXIT_FLAT,short,LOSER,-120.0,27,42640.0,-7.0,17.0,-9.0,-7.0,26.0,3.0,17.0,-12.0,10.0,25.0,0.0,17.0,-13.0,-3.0,17.0,-16.0,17.0,-17.0,-16.0,28.0,6.0,17.0,-17.0,22.0,26.0
2025-03-28,TREND_SHORT,PARTIAL_TP,short,WINNER,60.0,13,42346.0,-10.0,1.0,-22.0,-10.0,23.0,-10.0,1.0,-23.0,0.0,16.0,19.0,22.0,-23.0,29.0,33.0,15.0,38.0,-23.0,-4.0,31.0,26.0,38.0,-23.0,11.0,14.0
2025-03-28,CHOP_BUY,PARTIAL_TP,long,WINNER,53.0,15,42052.0,0.0,20.0,-1.0,0.0,21.0,15.0,20.0,-1.0,15.0,20.0,-3.0,23.0,-7.0,-18.0,30.0,-14.0,23.0,-25.0,-11.0,26.0,7.0,23.0,-25.0,21.0,28.0
2025-03-28,CHOP_SELL,PARTIAL_TP,short,WINNER,56.0,10,41972.0,3.0,11.0,-3.0,3.0,14.0,-3.0,11.0,-16.0,-6.0,21.0,-14.0,11.0,-19.0,-11.0,17.0,-21.0,11.0,-24.0,-7.0,11.0,12.0,14.0,-24.0,33.0,36.0
2025-03-28,CHOP_BUY,PARTIAL_TP,long,WINNER,62.0,21,41826.0,6.0,10.0,-5.0,6.0,15.0,11.0,23.0,-5.0,5.0,25.0,21.0,25.0,-5.0,10.0,18.0,19.0,29.0,-5.0,-2.0,16.0,32.0,34.0,-5.0,13.0,20.0
2025-03-28,CHOP_SELL,PARTIAL_TP,short,WINNER,50.0,7,41887.0,16.0,19.0,-1.0,16.0,20.0,1.0,19.0,-1.0,-15.0,19.0,19.0,19.0,-2.0,18.0,21.0,25.0,30.0,-2.0,6.0,9.0,39.0,42.0,-2.0,14.0,19.0
2025-03-31,TREND_LONG,PARTIAL_TP,long,WINNER,64.0,6,41677.0,18.0,36.0,0.0,18.0,35.0,-4.0,39.0,-5.0,-22.0,44.0,6.0,39.0,-13.0,10.0,36.0,-4.0,39.0,-19.0,-10.0,28.0,44.0,45.0,-19.0,48.0,53.0
2025-03-31,TREND_LONG,PARTIAL_TP,long,WINNER,53.0,20,41898.0,-6.0,6.0,-14.0,-6.0,20.0,-2.0,6.0,-14.0,4.0,19.0,1.0,6.0,-18.0,3.0,22.0,-1.0,18.0,-18.0,-2.0,19.0,27.0,29.0,-18.0,28.0,31.0
2025-03-31,TREND_LONG,PARTIAL_TP,long,WINNER,51.0,7,42225.0,-23.0,3.0,-31.0,-23.0,34.0,-5.0,5.0,-31.0,18.0,29.0,-5.0,5.0,-31.0,0.0,14.0,-3.0,6.0,-31.0,2.0,22.0,16.0,25.0,-31.0,19.0,39.0
2025-04-01,TREND_SHORT,PARTIAL_TP,short,WINNER,53.0,4,41915.0,-11.0,8.0,-47.0,-11.0,55.0,24.0,31.0,-47.0,35.0,58.0,32.0,66.0,-47.0,8.0,47.0,53.0,66.0,-47.0,21.0,36.0,42.0,69.0,-47.0,-11.0,34.0
2025-04-01,TREND_LONG,PARTIAL_TP,long,WINNER,62.0,7,42153.0,-1.0,7.0,-13.0,-1.0,20.0,22.0,27.0,-13.0,23.0,34.0,39.0,47.0,-13.0,17.0,24.0,14.0,49.0,-13.0,-25.0,37.0,23.0,49.0,-13.0,9.0,24.0
2025-04-01,CHOP_BUY,PARTIAL_TP,long,WINNER,50.0,9,42359.0,8.0,10.0,-17.0,8.0,27.0,4.0,13.0,-17.0,-4.0,17.0,9.0,14.0,-17.0,5.0,18.0,13.0,15.0,-17.0,4.0,25.0,29.0,39.0,-17.0,16.0,26.0
2025-04-01,CHOP_SELL,PARTIAL_TP,short,WINNER,64.0,5,42212.0,3.0,24.0,-5.0,3.0,29.0,28.0,29.0,-5.0,25.0,33.0,29.0,46.0,-5.0,1.0,26.0,41.0,46.0,-5.0,12.0,16.0,64.0,68.0,-5.0,23.0,32.0
2025-04-02,TREND_LONG,PARTIAL_TP,long,WINNER,53.0,16,42151.0,10.0,25.0,-1.0,10.0,26.0,-10.0,25.0,-17.0,-20.0,37.0,26.0,30.0,-17.0,36.0,42.0,16.0,39.0,-17.0,-10.0,35.0,4.0,39.0,-17.0,-12.0,30.0
2025-04-02,TREND_LONG,PARTIAL_TP,long,WINNER,77.0,4,42442.0,-7.0,2.0,-21.0,-7.0,23.0,25.0,27.0,-21.0,32.0,39.0,35.0,38.0,-21.0,10.0,16.0,77.0,81.0,-21.0,42.0,48.0,78.0,101.0,-21.0,1.0,27.0
2025-04-03,TREND_SHORT,PARTIAL_TP,short,WINNER,54.0,2,41185.0,29.0,42.0,-1.0,29.0,43.0,54.0,55.0,-7.0,25.0,62.0,84.0,88.0,-7.0,30.0,46.0,98.0,121.0,-7.0,14.0,40.0,71.0,122.0,-7.0,-27.0,56.0
2025-04-03,TREND_SHORT,PARTIAL_TP,short,WINNER,62.0,12,40923.0,-5.0,15.0,-27.0,-5.0,42.0,-13.0,15.0,-39.0,-8.0,37.0,6.0,15.0,-39.0,19.0,34.0,49.0,55.0,-39.0,43.0,54.0,7.0,55.0,-39.0,-42.0,55.0
2025-04-04,TREND_LONG,EARLY_HARD_STOP,long,LOSER,-110.0,1,39808.0,-55.0,7.0,-69.0,-55.0,76.0,-83.0,7.0,-114.0,-28.0,63.0,-86.0,7.0,-114.0,-3.0,74.0,-71.0,7.0,-114.0,15.0,76.0,-77.0,7.0,-114.0,-6.0,43.0
2025-04-04,TREND_SHORT,EARLY_HARD_STOP,short,LOSER,-84.0,2,39491.0,-15.0,46.0,-19.0,-15.0,65.0,-42.0,46.0,-66.0,-27.0,65.0,-19.0,46.0,-66.0,23.0,47.0,-33.0,46.0,-66.0,-14.0,48.0,-38.0,46.0,-69.0,-5.0,57.0
2025-04-04,TREND_SHORT,PARTIAL_TP,short,WINNER,51.0,5,39435.0,32.0,32.0,-7.0,32.0,39.0,-16.0,44.0,-42.0,-48.0,86.0,20.0,44.0,-42.0,36.0,48.0,48.0,53.0,-42.0,28.0,34.0,51.0,63.0,-42.0,3.0,81.0
2025-04-04,CHOP_SELL,PARTIAL_TP,short,WINNER,69.0,1,39395.0,69.0,70.0,-26.0,69.0,96.0,156.0,176.0,-26.0,87.0,108.0,230.0,233.0,-26.0,74.0,71.0,236.0,246.0,-26.0,6.0,63.0,217.0,251.0,-26.0,-19.0,36.0
2025-04-04,CHOP_SELL,EXIT_FLAT,short,LOSER,-154.0,9,39144.0,4.0,16.0,-17.0,4.0,33.0,23.0,26.0,-33.0,19.0,59.0,-13.0,27.0,-33.0,-36.0,58.0,-25.0,27.0,-45.0,-12.0,42.0,-7.0,27.0,-45.0,18.0,51.0
2025-04-04,TREND_SHORT,PARTIAL_TP,short,WINNER,57.0,3,39052.0,10.0,10.0,-17.0,10.0,27.0,11.0,44.0,-17.0,1.0,50.0,57.0,59.0,-17.0,46.0,52.0,101.0,119.0,-17.0,44.0,68.0,150.0,150.0,-17.0,49.0,56.0
2025-04-04,TREND_SHORT,PARTIAL_TP,short,WINNER,74.0,4,38832.0,19.0,33.0,-10.0,19.0,43.0,19.0,33.0,-10.0,0.0,24.0,21.0,35.0,-10.0,2.0,34.0,74.0,77.0,-10.0,53.0,71.0,62.0,90.0,-10.0,-12.0,36.0
2025-04-04,TREND_SHORT,PARTIAL_TP,short,WINNER,84.0,4,38568.0,2.0,34.0,-21.0,2.0,55.0,35.0,67.0,-21.0,33.0,76.0,41.0,67.0,-21.0,6.0,56.0,84.0,96.0,-21.0,43.0,56.0,62.0,96.0,-21.0,-22.0,45.0
2025-04-07,TREND_LONG,PARTIAL_TP,long,WINNER,121.0,2,37465.0,38.0,75.0,-11.0,38.0,86.0,121.0,131.0,-11.0,83.0,116.0,118.0,167.0,-11.0,-3.0,74.0,166.0,215.0,-11.0,48.0,133.0,77.0,215.0,-11.0,-89.0,169.0
2025-04-08,TREND_LONG,PARTIAL_TP,long,WINNER,56.0,3,39526.0,-25.0,14.0,-45.0,-25.0,59.0,32.0,42.0,-45.0,57.0,84.0,56.0,60.0,-45.0,24.0,51.0,16.0,60.0,-45.0,-40.0,52.0,71.0,82.0,-45.0,55.0,95.0
2025-04-08,TREND_SHORT,PARTIAL_TP,short,WINNER,62.0,9,39190.0,-9.0,28.0,-15.0,-9.0,43.0,38.0,40.0,-19.0,47.0,59.0,39.0,57.0,-20.0,1.0,77.0,-5.0,57.0,-20.0,-44.0,59.0,2.0,57.0,-27.0,7.0,51.0
2025-04-09,TREND_LONG,EARLY_HARD_STOP,long,LOSER,-88.0,1,38061.0,-44.0,0.0,-67.0,-44.0,67.0,-41.0,0.0,-127.0,3.0,110.0,-79.0,0.0,-127.0,-38.0,56.0,69.0,141.0,-127.0,148.0,226.0,96.0,141.0,-127.0,27.0,88.0
2025-04-09,TREND_LONG,EARLY_HARD_STOP,long,LOSER,-192.0,5,38130.0,27.0,65.0,-23.0,27.0,88.0,-6.0,65.0,-23.0,-33.0,50.0,-21.0,84.0,-47.0,-15.0,131.0,-5.0,84.0,-70.0,16.0,70.0,-96.0,84.0,-112.0,-91.0,110.0
2025-04-09,TREND_LONG,EARLY_HARD_STOP,long,LOSER,-110.0,1,38216.0,-55.0,14.0,-57.0,-55.0,71.0,-88.0,14.0,-106.0,-33.0,52.0,-68.0,14.0,-106.0,20.0,37.0,-79.0,14.0,-106.0,-11.0,35.0,135.0,210.0,-106.0,214.0,274.0
2025-04-09,TREND_LONG,PARTIAL_TP,long,WINNER,74.0,2,38351.0,-15.0,16.0,-68.0,-15.0,84.0,74.0,77.0,-68.0,89.0,108.0,-7.0,77.0,-68.0,-81.0,99.0,-87.0,77.0,-103.0,-80.0,102.0,-129.0,77.0,-147.0,-42.0,78.0
2025-04-09,TREND_LONG,PARTIAL_TP,long,WINNER,265.0,1,38879.0,265.0,467.0,-298.0,265.0,765.0,445.0,608.0,-298.0,180.0,335.0,598.0,608.0,-298.0,153.0,468.0,781.0,809.0,-298.0,183.0,211.0,837.0,871.0,-298.0,56.0,159.0
2025-04-09,TREND_LONG,PARTIAL_TP,long,WINNER,56.0,1,39660.0,56.0,90.0,-69.0,56.0,159.0,273.0,435.0,-69.0,217.0,388.0,487.0,495.0,-69.0,214.0,224.0,570.0,715.0,-69.0,83.0,237.0,160.0,715.0,-69.0,-410.0,417.0
2025-04-09,TREND_LONG,EARLY_HARD_STOP,long,LOSER,-546.0,1,40448.0,-273.0,37.0,-273.0,-273.0,310.0,-194.0,37.0,-291.0,79.0,249.0,-352.0,37.0,-374.0,-158.0,216.0,-589.0,37.0,-590.0,-237.0,280.0,-583.0,37.0,-763.0,6.0,212.0
2025-04-09,TREND_LONG,PARTIAL_TP,long,WINNER,64.0,3,40431.0,9.0,78.0,-30.0,9.0,108.0,-2.0,78.0,-107.0,-11.0,139.0,64.0,78.0,-150.0,66.0,227.0,24.0,135.0,-150.0,-40.0,144.0,-91.0,135.0,-150.0,-115.0,178.0
2025-04-09,TREND_LONG,EARLY_HARD_STOP,long,LOSER,-90.0,2,40627.0,-8.0,39.0,-54.0,-8.0,93.0,-45.0,39.0,-61.0,-37.0,70.0,4.0,61.0,-74.0,49.0,135.0,-22.0,62.0,-74.0,-26.0,114.0,9.0,62.0,-74.0,31.0,75.0
2025-04-09,CHOP_BUY,PARTIAL_TP,long,WINNER,105.0,1,40429.0,105.0,136.0,-14.0,105.0,150.0,38.0,136.0,-14.0,-67.0,110.0,47.0,136.0,-15.0,9.0,102.0,45.0,136.0,-17.0,-2.0,79.0,26.0,136.0,-17.0,-19.0,89.0
2025-04-09,TREND_LONG,EARLY_HARD_STOP,long,LOSER,-124.0,1,40698.0,-62.0,32.0,-70.0,-62.0,102.0,-27.0,32.0,-112.0,35.0,86.0,-92.0,32.0,-112.0,-65.0,102.0,-65.0,32.0,-112.0,27.0,53.0,-8.0,32.0,-112.0,57.0,65.0
2025-04-09,TREND_LONG,EARLY_HARD_STOP,long,LOSER,-140.0,2,40748.0,18.0,32.0,-24.0,18.0,56.0,-70.0,32.0,-84.0,-88.0,108.0,-38.0,32.0,-132.0,32.0,94.0,-83.0,32.0,-132.0,-45.0,67.0,-184.0,32.0,-190.0,-101.0,114.0
2025-04-09,TREND_LONG,PARTIAL_TP,long,WINNER,51.0,2,40919.0,-22.0,5.0,-58.0,-22.0,63.0,51.0,90.0,-58.0,73.0,111.0,-29.0,90.0,-58.0,-80.0,98.0,-107.0,90.0,-120.0,-78.0,102.0,-108.0,90.0,-123.0,-1.0,67.0
2025-04-10,TREND_SHORT,EARLY_HARD_STOP,short,LOSER,-140.0,1,39867.0,-70.0,34.0,-75.0,-70.0,109.0,-71.0,34.0,-99.0,-1.0,64.0,-55.0,34.0,-99.0,16.0,53.0,-134.0,34.0,-156.0,-79.0,107.0,-42.0,34.0,-156.0,92.0,128.0
2025-04-10,TREND_SHORT,EARLY_HARD_STOP,short,LOSER,-112.0,2,39820.0,20.0,59.0,-9.0,20.0,68.0,-56.0,59.0,-56.0,-76.0,78.0,-31.0,59.0,-58.0,25.0,45.0,-80.0,59.0,-113.0,-49.0,83.0,-105.0,59.0,-126.0,-25.0,74.0
2025-04-10,CHOP_BUY,PARTIAL_TP,long,WINNER,96.0,1,39913.0,96.0,99.0,-5.0,96.0,104.0,68.0,106.0,-5.0,-28.0,51.0,85.0,110.0,-5.0,17.0,44.0,122.0,138.0,-5.0,37.0,55.0,121.0,138.0,-5.0,-1.0,45.0
2025-04-10,TREND_SHORT,EXIT_FLAT,short,LOSER,-194.0,8,39751.0,12.0,26.0,-2.0,12.0,28.0,-4.0,40.0,-21.0,-16.0,61.0,0.0,40.0,-33.0,4.0,43.0,7.0,40.0,-33.0,7.0,28.0,-10.0,40.0,-33.0,-17.0,45.0
2025-04-10,TREND_SHORT,PARTIAL_TP,short,WINNER,50.0,7,39710.0,13.0,36.0,-13.0,13.0,49.0,7.0,36.0,-13.0,-6.0,35.0,13.0,36.0,-13.0,6.0,25.0,12.0,36.0,-14.0,-1.0,37.0,22.0,36.0,-14.0,10.0,35.0
2025-04-11,TREND_SHORT,EARLY_HARD_STOP,short,LOSER,-250.0,3,39561.0,-33.0,48.0,-41.0,-33.0,89.0,4.0,48.0,-82.0,37.0,86.0,-125.0,48.0,-130.0,-129.0,154.0,-123.0,48.0,-152.0,2.0,75.0,-142.0,48.0,-178.0,-19.0,65.0
2025-04-11,TREND_LONG,PARTIAL_TP,long,WINNER,60.0,2,40072.0,27.0,32.0,-11.0,27.0,43.0,60.0,60.0,-11.0,33.0,59.0,34.0,79.0,-11.0,-26.0,56.0,65.0,83.0,-11.0,31.0,49.0,98.0,106.0,-11.0,33.0,48.0
2025-04-11,TREND_LONG,EARLY_HARD_STOP,long,LOSER,-196.0,2,40317.0,-37.0,10.0,-37.0,-37.0,47.0,-98.0,10.0,-101.0,-61.0,74.0,-80.0,10.0,-112.0,18.0,45.0,-78.0,10.0,-117.0,2.0,44.0,-82.0,10.0,-123.0,-4.0,52.0
2025-04-11,TREND_LONG,PARTIAL_TP,long,WINNER,64.0,1,40337.0,64.0,105.0,-7.0,64.0,112.0,41.0,105.0,-7.0,-23.0,70.0,111.0,114.0,-7.0,70.0,82.0,213.0,218.0,-7.0,102.0,108.0,197.0,249.0,-7.0,-16.0,60.0
2025-04-14,TREND_LONG,EARLY_HARD_STOP,long,LOSER,-100.0,3,40982.0,-9.0,5.0,-15.0,-9.0,20.0,-1.0,12.0,-15.0,8.0,27.0,-50.0,12.0,-53.0,-49.0,53.0,-94.0,12.0,-97.0,-44.0,50.0,-106.0,12.0,-107.0,-12.0,32.0
2025-04-14,TREND_SHORT,EARLY_HARD_STOP,short,LOSER,-112.0,4,40654.0,6.0,16.0,-20.0,6.0,36.0,-1.0,39.0,-20.0,-7.0,43.0,-34.0,39.0,-47.0,-33.0,64.0,-56.0,39.0,-72.0,-22.0,40.0,-62.0,39.0,-72.0,-6.0,19.0
2025-04-14,TREND_SHORT,PARTIAL_TP,short,WINNER,54.0,6,40606.0,27.0,28.0,0.0,27.0,28.0,16.0,58.0,0.0,-11.0,54.0,49.0,58.0,0.0,33.0,39.0,27.0,61.0,0.0,-22.0,37.0,-30.0,61.0,-32.0,-57.0,63.0
2025-04-14,CHOP_BUY,EARLY_HARD_STOP,long,LOSER,-88.0,3,40649.0,37.0,37.0,-10.0,37.0,47.0,14.0,40.0,-10.0,-23.0,29.0,-44.0,40.0,-45.0,-58.0,63.0,10.0,40.0,-50.0,54.0,60.0,-28.0,40.0,-50.0,-38.0,53.0
2025-04-14,CHOP_BUY,EARLY_HARD_STOP,long,LOSER,-82.0,3,40754.0,-14.0,4.0,-14.0,-14.0,18.0,-35.0,16.0,-42.0,-21.0,58.0,-41.0,16.0,-54.0,-6.0,22.0,-15.0,16.0,-54.0,26.0,37.0,-13.0,16.0,-54.0,2.0,28.0
2025-04-15,TREND_LONG,EXIT_FLAT,long,LOSER,-120.0,6,40946.0,2.0,27.0,-26.0,2.0,53.0,-7.0,27.0,-26.0,-9.0,26.0,-16.0,27.0,-26.0,-9.0,26.0,1.0,27.0,-34.0,17.0,38.0,-34.0,27.0,-50.0,-35.0,51.0
2025-04-15,TREND_LONG,EARLY_HARD_STOP,long,LOSER,-176.0,3,40982.0,11.0,28.0,-9.0,11.0,37.0,-21.0,28.0,-24.0,-32.0,43.0,-88.0,28.0,-102.0,-67.0,82.0,-54.0,28.0,-102.0,34.0,43.0,-67.0,28.0,-102.0,-13.0,41.0
2025-04-15,TREND_SHORT,EXIT_FLAT,short,LOSER,-120.0,18,40674.0,17.0,38.0,-1.0,17.0,39.0,9.0,38.0,-1.0,-8.0,20.0,42.0,47.0,-3.0,33.0,50.0,4.0,49.0,-3.0,-38.0,45.0,25.0,49.0,-5.0,21.0,32.0
2025-04-15,TREND_SHORT,EARLY_HARD_STOP,short,LOSER,-126.0,5,40614.0,0.0,0.0,-19.0,0.0,19.0,-20.0,7.0,-33.0,-20.0,40.0,-13.0,7.0,-36.0,7.0,23.0,-37.0,7.0,-39.0,-24.0,34.0,-63.0,7.0,-77.0,-26.0,43.0
2025-04-15,TREND_LONG,EXIT_FLAT,long,LOSER,-170.0,8,40656.0,-25.0,1.0,-30.0,-25.0,31.0,-17.0,1.0,-30.0,8.0,17.0,-26.0,1.0,-30.0,-9.0,30.0,-28.0,1.0,-35.0,-2.0,23.0,-27.0,1.0,-44.0,1.0,23.0
2025-04-15,CHOP_BUY,EXIT_FLAT,long,LOSER,-124.0,44,40643.0,-16.0,0.0,-17.0,-16.0,17.0,8.0,14.0,-17.0,24.0,31.0,2.0,14.0,-17.0,-6.0,11.0,7.0,14.0,-17.0,5.0,12.0,-9.0,14.0,-17.0,-16.0,27.0
2025-04-15,TREND_SHORT,EARLY_HARD_STOP,short,LOSER,-84.0,3,40580.0,6.0,15.0,-11.0,6.0,26.0,-20.0,15.0,-20.0,-26.0,25.0,-42.0,15.0,-60.0,-22.0,56.0,-40.0,15.0,-60.0,2.0,28.0,-56.0,15.0,-60.0,-16.0,36.0
2025-04-16,TREND_SHORT,EXIT_FLAT,short,LOSER,-142.0,28,40268.0,14.0,19.0,-3.0,14.0,22.0,-19.0,35.0,-27.0,-33.0,62.0,-38.0,35.0,-47.0,-19.0,33.0,10.0,35.0,-51.0,48.0,61.0,38.0,38.0,-51.0,28.0,29.0
2025-04-16,CHOP_BUY,PARTIAL_TP,long,WINNER,51.0,6,40420.0,15.0,29.0,-5.0,15.0,34.0,17.0,34.0,-5.0,2.0,25.0,44.0,67.0,-5.0,27.0,49.0,36.0,67.0,-5.0,-8.0,36.0,30.0,67.0,-5.0,-6.0,26.0
2025-04-16,CHOP_SELL,CHOP_TP,short,WINNER,34.0,1,40314.0,17.0,25.0,-1.0,17.0,26.0,32.0,36.0,-1.0,15.0,24.0,44.0,44.0,-1.0,12.0,17.0,46.0,53.0,-1.0,2.0,17.0,42.0,53.0,-1.0,-4.0,12.0
2025-04-16,TREND_SHORT,PARTIAL_TP,short,WINNER,113.0,9,40139.0,-33.0,25.0,-59.0,-33.0,84.0,-23.0,25.0,-59.0,10.0,51.0,18.0,25.0,-59.0,41.0,55.0,6.0,25.0,-59.0,-12.0,39.0,12.0,36.0,-59.0,6.0,33.0
2025-04-16,TREND_SHORT,PARTIAL_TP,short,WINNER,75.0,11,39813.0,4.0,4.0,-9.0,4.0,13.0,-30.0,10.0,-38.0,-34.0,48.0,-10.0,10.0,-38.0,20.0,26.0,-6.0,10.0,-38.0,4.0,35.0,11.0,15.0,-38.0,17.0,27.0
2025-04-16,TREND_SHORT,EXIT_FLAT,short,LOSER,-124.0,18,39636.0,-9.0,1.0,-20.0,-9.0,21.0,28.0,41.0,-20.0,37.0,47.0,38.0,52.0,-20.0,10.0,26.0,35.0,52.0,-20.0,-3.0,22.0,28.0,52.0,-20.0,-7.0,39.0
2025-04-17,TREND_LONG,EARLY_HARD_STOP,long,LOSER,-106.0,2,39423.0,-23.0,9.0,-48.0,-23.0,57.0,-53.0,9.0,-55.0,-30.0,47.0,-43.0,9.0,-69.0,10.0,38.0,2.0,9.0,-69.0,45.0,53.0,18.0,32.0,-69.0,16.0,78.0
2025-04-17,TREND_LONG,EXIT_FLAT,long,LOSER,-146.0,7,39441.0,0.0,30.0,-17.0,0.0,47.0,3.0,30.0,-23.0,3.0,32.0,0.0,30.0,-32.0,-3.0,44.0,23.0,30.0,-33.0,23.0,56.0,30.0,33.0,-33.0,7.0,34.0
2025-04-17,TREND_SHORT,PARTIAL_TP,short,WINNER,56.0,11,39285.0,-6.0,13.0,-9.0,-6.0,22.0,34.0,35.0,-9.0,40.0,40.0,27.0,37.0,-9.0,-7.0,22.0,14.0,37.0,-14.0,-13.0,38.0,5.0,37.0,-16.0,-9.0,44.0
2025-04-17,TREND_LONG,EXIT_FLAT,long,LOSER,-144.0,26,39494.0,-27.0,2.0,-43.0,-27.0,45.0,20.0,29.0,-43.0,47.0,61.0,-20.0,29.0,-43.0,-40.0,43.0,-5.0,29.0,-43.0,15.0,21.0,-4.0,29.0,-43.0,1.0,20.0
2025-04-17,TREND_LONG,EXIT_FLAT,long,LOSER,-138.0,19,39557.0,6.0,7.0,-6.0,6.0,13.0,15.0,25.0,-10.0,9.0,35.0,35.0,45.0,-10.0,20.0,27.0,32.0,46.0,-10.0,-3.0,25.0,44.0,46.0,-10.0,12.0,24.0
2025-04-17,TREND_LONG,EXIT_FLAT,long,LOSER,-166.0,44,39595.0,-9.0,9.0,-17.0,-9.0,26.0,-11.0,9.0,-22.0,-2.0,19.0,11.0,13.0,-22.0,22.0,27.0,0.0,13.0,-22.0,-11.0,14.0,1.0,13.0,-22.0,1.0,19.0
2025-04-17,CHOP_SELL,PARTIAL_TP,short,WINNER,56.0,25,39406.0,-2.0,18.0,-14.0,-2.0,32.0,15.0,39.0,-14.0,17.0,37.0,-9.0,39.0,-16.0,-24.0,32.0,-17.0,39.0,-24.0,-8.0,14.0,0.0,39.0,-24.0,17.0,23.0
2025-04-21,TREND_SHORT,PARTIAL_TP,short,WINNER,74.0,3,38744.0,19.0,19.0,-4.0,19.0,23.0,47.0,48.0,-4.0,28.0,25.0,74.0,85.0,-4.0,27.0,40.0,86.0,91.0,-4.0,12.0,29.0,88.0,115.0,-4.0,2.0,33.0
2025-04-21,TREND_SHORT,EARLY_HARD_STOP,short,LOSER,-86.0,5,38532.0,-4.0,6.0,-8.0,-4.0,14.0,6.0,6.0,-24.0,10.0,30.0,-22.0,6.0,-34.0,-28.0,38.0,-36.0,6.0,-43.0,-14.0,33.0,-43.0,6.0,-46.0,-7.0,29.0
2025-04-21,TREND_SHORT,PARTIAL_TP,short,WINNER,51.0,9,38516.0,15.0,25.0,-14.0,15.0,39.0,29.0,34.0,-14.0,14.0,21.0,26.0,56.0,-14.0,-3.0,30.0,48.0,56.0,-14.0,22.0,26.0,45.0,57.0,-14.0,-3.0,15.0
2025-04-22,TREND_LONG,PARTIAL_TP,long,WINNER,52.0,15,38971.0,-8.0,7.0,-18.0,-8.0,25.0,-7.0,7.0,-18.0,1.0,16.0,17.0,26.0,-18.0,24.0,34.0,31.0,36.0,-18.0,14.0,20.0,24.0,37.0,-18.0,-7.0,17.0
2025-04-22,TREND_LONG,PARTIAL_TP,long,WINNER,75.0,1,39182.0,75.0,108.0,0.0,75.0,103.0,184.0,184.0,0.0,109.0,107.0,175.0,223.0,0.0,-9.0,67.0,202.0,223.0,0.0,27.0,39.0,153.0,223.0,0.0,-49.0,74.0
2025-04-22,CHOP_BUY,PARTIAL_TP,long,WINNER,51.0,8,39377.0,20.0,28.0,-2.0,20.0,30.0,25.0,41.0,-2.0,5.0,37.0,24.0,41.0,-2.0,-1.0,21.0,29.0,41.0,-2.0,5.0,20.0,48.0,55.0,-2.0,19.0,28.0
2025-04-22,CHOP_SELL,PARTIAL_TP,short,WINNER,82.0,15,39352.0,0.0,12.0,-15.0,0.0,27.0,3.0,14.0,-15.0,3.0,15.0,18.0,19.0,-15.0,15.0,15.0,20.0,24.0,-15.0,2.0,18.0,-1.0,26.0,-15.0,-21.0,34.0
2025-04-23,TREND_SHORT,EARLY_HARD_STOP,short,LOSER,-94.0,1,40008.0,-47.0,18.0,-49.0,-47.0,67.0,-41.0,18.0,-72.0,6.0,52.0,-11.0,18.0,-72.0,30.0,50.0,44.0,49.0,-72.0,55.0,65.0,8.0,68.0,-72.0,-36.0,60.0
2025-04-23,TREND_SHORT,EARLY_HARD_STOP,short,LOSER,-172.0,2,39964.0,-36.0,24.0,-36.0,-36.0,60.0,-86.0,24.0,-89.0,-50.0,54.0,-63.0,24.0,-101.0,23.0,42.0,-49.0,24.0,-101.0,14.0,64.0,-76.0,24.0,-101.0,-27.0,33.0
2025-04-23,TREND_SHORT,PARTIAL_TP,short,WINNER,57.0,2,39932.0,48.0,56.0,0.0,48.0,56.0,57.0,57.0,0.0,9.0,47.0,16.0,57.0,0.0,-41.0,46.0,40.0,57.0,-3.0,24.0,46.0,57.0,80.0,-3.0,17.0,51.0
2025-04-23,CHOP_BUY,PARTIAL_TP,long,WINNER,78.0,3,39769.0,6.0,7.0,-9.0,6.0,16.0,34.0,41.0,-9.0,28.0,45.0,78.0,81.0,-9.0,44.0,56.0,49.0,88.0,-9.0,-29.0,42.0,70.0,88.0,-9.0,21.0,33.0
2025-04-23,TREND_SHORT,EARLY_HARD_STOP,short,LOSER,-80.0,1,39671.0,-40.0,3.0,-44.0,-40.0,47.0,-43.0,3.0,-56.0,-3.0,43.0,-28.0,3.0,-79.0,15.0,57.0,-30.0,3.0,-79.0,-2.0,28.0,-57.0,3.0,-79.0,-27.0,34.0
2025-04-23,TREND_SHORT,EXIT_FLAT,short,LOSER,-134.0,13,39678.0,0.0,12.0,-26.0,0.0,38.0,6.0,12.0,-26.0,6.0,32.0,-2.0,21.0,-26.0,-8.0,28.0,-19.0,21.0,-26.0,-17.0,36.0,-28.0,21.0,-47.0,-9.0,29.0
2025-04-24,TREND_LONG,PARTIAL_TP,long,WINNER,54.0,7,39739.0,6.0,10.0,-13.0,6.0,23.0,11.0,29.0,-13.0,5.0,21.0,25.0,29.0,-13.0,14.0,24.0,13.0,32.0,-13.0,-12.0,26.0,42.0,46.0,-13.0,29.0,46.0
2025-04-24,TREND_LONG,PARTIAL_TP,long,WINNER,53.0,3,40090.0,21.0,23.0,-9.0,21.0,32.0,33.0,35.0,-9.0,12.0,18.0,53.0,59.0,-9.0,20.0,33.0,48.0,59.0,-9.0,-5.0,17.0,36.0,59.0,-9.0,-12.0,21.0
2025-04-24,TREND_LONG,EXIT_FLAT,long,LOSER,-128.0,21,40255.0,-13.0,0.0,-17.0,-13.0,14.0,-1.0,10.0,-22.0,12.0,32.0,-4.0,10.0,-22.0,-3.0,16.0,-5.0,10.0,-22.0,-1.0,12.0,-17.0,10.0,-22.0,-12.0,15.0
2025-04-24,TREND_LONG,SESSION_EXIT,long,LOSER,-60.0,18,40287.0,-10.0,2.0,-13.0,-10.0,15.0,-8.0,2.0,-13.0,2.0,5.0,-5.0,2.0,-13.0,3.0,14.0,-8.0,2.0,-13.0,-3.0,9.0,-9.0,2.0,-17.0,-1.0,14.0
2025-04-25,TREND_SHORT,PARTIAL_TP,short,WINNER,57.0,6,40077.0,21.0,33.0,0.0,21.0,33.0,41.0,45.0,0.0,20.0,32.0,38.0,46.0,0.0,-3.0,30.0,19.0,46.0,0.0,-19.0,25.0,49.0,50.0,0.0,30.0,39.0
2025-04-25,TREND_LONG,EXIT_FLAT,long,LOSER,-136.0,26,40236.0,-5.0,8.0,-5.0,-5.0,13.0,4.0,8.0,-5.0,9.0,12.0,21.0,26.0,-5.0,17.0,21.0,19.0,26.0,-5.0,-2.0,6.0,13.0,26.0,-5.0,-6.0,10.0
2025-04-25,TREND_LONG,EXIT_FLAT,long,LOSER,-120.0,8,40285.0,-9.0,3.0,-13.0,-9.0,16.0,-15.0,3.0,-16.0,-6.0,7.0,-25.0,3.0,-32.0,-10.0,17.0,-19.0,3.0,-32.0,6.0,9.0,-25.0,3.0,-35.0,-6.0,15.0
2025-04-28,TREND_SHORT,EARLY_HARD_STOP,short,LOSER,-148.0,4,40336.0,7.0,13.0,-12.0,7.0,25.0,-11.0,20.0,-24.0,-18.0,44.0,-35.0,20.0,-47.0,-24.0,33.0,-74.0,20.0,-74.0,-39.0,38.0,-83.0,20.0,-89.0,-9.0,21.0
2025-04-28,CHOP_SELL,PARTIAL_TP,short,WINNER,57.0,15,40413.0,31.0,33.0,-5.0,31.0,38.0,14.0,37.0,-5.0,-17.0,29.0,8.0,37.0,-5.0,-6.0,20.0,3.0,37.0,-5.0,-5.0,28.0,7.0,37.0,-5.0,4.0,26.0
2025-04-28,TREND_SHORT,EARLY_HARD_STOP,short,LOSER,-94.0,3,40092.0,-19.0,8.0,-20.0,-19.0,28.0,-12.0,8.0,-25.0,7.0,17.0,-47.0,8.0,-49.0,-35.0,40.0,-50.0,8.0,-51.0,-3.0,16.0,-44.0,8.0,-53.0,6.0,10.0
2025-04-28,TREND_SHORT,CHOP_TP,short,WINNER,78.0,19,40073.0,5.0,18.0,0.0,5.0,18.0,9.0,18.0,0.0,4.0,15.0,10.0,18.0,-7.0,1.0,24.0,26.0,28.0,-7.0,16.0,19.0,11.0,37.0,-7.0,-15.0,30.0
2025-04-28,CHOP_BUY,PARTIAL_TP,long,WINNER,54.0,16,40189.0,-21.0,3.0,-21.0,-21.0,24.0,-6.0,3.0,-21.0,15.0,18.0,-9.0,3.0,-21.0,-3.0,13.0,0.0,4.0,-21.0,9.0,12.0,-26.0,4.0,-30.0,-26.0,28.0
2025-04-29,TREND_LONG,EXIT_FLAT,long,LOSER,-126.0,9,40557.0,-6.0,10.0,-8.0,-6.0,18.0,-18.0,10.0,-29.0,-12.0,38.0,-21.0,10.0,-29.0,-3.0,25.0,-29.0,10.0,-43.0,-8.0,30.0,-32.0,10.0,-50.0,-3.0,24.0
2025-04-29,TREND_LONG,EARLY_HARD_STOP,long,LOSER,-114.0,4,40601.0,-11.0,4.0,-27.0,-11.0,31.0,-12.0,4.0,-27.0,-1.0,16.0,-39.0,4.0,-40.0,-27.0,32.0,-57.0,4.0,-57.0,-18.0,20.0,-76.0,4.0,-79.0,-19.0,31.0
2025-04-29,TREND_SHORT,EARLY_HARD_STOP,short,LOSER,-98.0,5,40368.0,-7.0,11.0,-13.0,-7.0,24.0,-12.0,11.0,-17.0,-5.0,28.0,-22.0,11.0,-37.0,-10.0,33.0,-32.0,11.0,-37.0,-10.0,20.0,-49.0,11.0,-50.0,-17.0,28.0
2025-04-29,TREND_LONG,EXIT_FLAT,long,LOSER,-144.0,23,40631.0,3.0,13.0,-3.0,3.0,16.0,3.0,13.0,-4.0,0.0,13.0,13.0,18.0,-12.0,10.0,30.0,16.0,20.0,-12.0,3.0,13.0,21.0,33.0,-12.0,5.0,18.0
2025-04-29,CHOP_SELL,PARTIAL_TP,short,WINNER,57.0,7,40603.0,-12.0,0.0,-19.0,-12.0,19.0,-26.0,0.0,-34.0,-14.0,21.0,-18.0,0.0,-35.0,8.0,21.0,22.0,36.0,-35.0,40.0,58.0,28.0,41.0,-35.0,6.0,19.0
2025-04-29,TREND_LONG,PARTIAL_TP,long,WINNER,70.0,8,40665.0,1.0,15.0,-1.0,1.0,16.0,13.0,19.0,-1.0,12.0,18.0,14.0,19.0,-1.0,1.0,7.0,19.0,21.0,-1.0,5.0,12.0,15.0,21.0,-4.0,-4.0,22.0
2025-04-29,CHOP_SELL,PARTIAL_TP,short,WINNER,54.0,56,40706.0,8.0,10.0,-6.0,8.0,16.0,7.0,16.0,-6.0,-1.0,11.0,1.0,16.0,-6.0,-6.0,13.0,-17.0,16.0,-50.0,-18.0,57.0,-7.0,16.0,-50.0,10.0,25.0
2025-04-30,TREND_SHORT,PARTIAL_TP,short,WINNER,57.0,3,39955.0,9.0,20.0,-4.0,9.0,24.0,16.0,22.0,-6.0,7.0,28.0,57.0,61.0,-6.0,41.0,45.0,71.0,85.0,-6.0,14.0,25.0,77.0,87.0,-6.0,6.0,19.0
2025-04-30,TREND_LONG,PARTIAL_TP,long,WINNER,60.0,32,40375.0,12.0,13.0,-10.0,12.0,23.0,-11.0,13.0,-13.0,-23.0,23.0,-11.0,13.0,-29.0,0.0,22.0,-7.0,13.0,-29.0,4.0,17.0,0.0,13.0,-29.0,7.0,17.0
2025-04-30,TREND_LONG,PARTIAL_TP,long,WINNER,54.0,5,40490.0,18.0,24.0,-3.0,18.0,27.0,0.0,24.0,-6.0,-18.0,25.0,37.0,38.0,-6.0,37.0,38.0,41.0,46.0,-6.0,4.0,27.0,54.0,59.0,-6.0,13.0,17.0
2025-04-30,TREND_LONG,PARTIAL_TP,long,WINNER,54.0,1,40743.0,54.0,56.0,0.0,54.0,56.0,88.0,91.0,0.0,34.0,50.0,75.0,129.0,0.0,-13.0,63.0,78.0,129.0,0.0,3.0,40.0,153.0,153.0,0.0,75.0,97.0
2025-05-01,TREND_LONG,EARLY_HARD_STOP,long,LOSER,-90.0,5,41053.0,4.0,11.0,-16.0,4.0,27.0,-9.0,19.0,-16.0,-13.0,28.0,8.0,20.0,-16.0,17.0,27.0,-24.0,20.0,-45.0,-32.0,52.0,-45.0,20.0,-50.0,-21.0,30.0
2025-05-01,TREND_SHORT,PARTIAL_TP,short,WINNER,58.0,4,41042.0,0.0,8.0,-28.0,0.0,36.0,5.0,41.0,-28.0,5.0,39.0,37.0,43.0,-28.0,32.0,30.0,58.0,58.0,-28.0,21.0,30.0,46.0,63.0,-28.0,-12.0,22.0
2025-05-01,TREND_LONG,PARTIAL_TP,long,WINNER,62.0,21,41137.0,6.0,9.0,-2.0,6.0,11.0,5.0,16.0,-3.0,-1.0,19.0,28.0,30.0,-3.0,23.0,28.0,26.0,32.0,-3.0,-2.0,14.0,16.0,32.0,-3.0,-10.0,18.0
2025-05-01,TREND_LONG,EARLY_HARD_STOP,long,LOSER,-110.0,5,41217.0,-11.0,5.0,-12.0,-11.0,17.0,-13.0,5.0,-15.0,-2.0,17.0,-31.0,5.0,-35.0,-18.0,24.0,-36.0,5.0,-45.0,-5.0,26.0,-55.0,5.0,-59.0,-19.0,27.0
2025-05-01,CHOP_BUY,EARLY_HARD_STOP,long,LOSER,-80.0,2,41168.0,-22.0,2.0,-23.0,-22.0,25.0,-40.0,2.0,-45.0,-18.0,26.0,-54.0,2.0,-56.0,-14.0,16.0,-46.0,2.0,-56.0,8.0,21.0,-47.0,2.0,-59.0,-1.0,20.0
2025-05-01,TREND_SHORT,SESSION_EXIT,short,LOSER,-108.0,2,40875.0,8.0,50.0,-6.0,8.0,56.0,-54.0,50.0,-54.0,-62.0,82.0,68.0,68.0,-68.0,122.0,136.0,80.0,95.0,-68.0,12.0,45.0,69.0,95.0,-68.0,-11.0,27.0
2025-05-02,TREND_SHORT,EARLY_HARD_STOP,short,LOSER,-84.0,4,41182.0,11.0,41.0,-8.0,11.0,49.0,-1.0,41.0,-13.0,-12.0,39.0,-19.0,41.0,-30.0,-18.0,30.0,-42.0,41.0,-48.0,-23.0,28.0,1.0,41.0,-49.0,43.0,51.0
2025-05-02,CHOP_BUY,PARTIAL_TP,long,WINNER,66.0,4,41283.0,15.0,17.0,-10.0,15.0,27.0,26.0,30.0,-10.0,11.0,28.0,47.0,53.0,-10.0,21.0,30.0,66.0,72.0,-10.0,19.0,24.0,51.0,72.0,-10.0,-15.0,16.0
2025-05-02,TREND_LONG,PARTIAL_TP,long,WINNER,67.0,10,41417.0,26.0,31.0,-13.0,26.0,44.0,20.0,48.0,-13.0,-6.0,29.0,39.0,48.0,-13.0,19.0,23.0,41.0,55.0,-13.0,2.0,26.0,41.0,55.0,-13.0,0.0,18.0
2025-05-05,TREND_LONG,PARTIAL_TP,long,WINNER,75.0,4,41280.0,-6.0,8.0,-7.0,-6.0,15.0,-5.0,8.0,-12.0,1.0,20.0,36.0,65.0,-12.0,41.0,75.0,75.0,85.0,-12.0,39.0,49.0,67.0,85.0,-12.0,-8.0,33.0
2025-05-05,CHOP_SELL,EARLY_HARD_STOP,short,LOSER,-102.0,4,41379.0,-19.0,0.0,-23.0,-19.0,23.0,-28.0,0.0,-40.0,-9.0,23.0,-31.0,0.0,-40.0,-3.0,17.0,-51.0,0.0,-60.0,-20.0,26.0,-30.0,0.0,-64.0,21.0,35.0
2025-05-05,CHOP_SELL,EARLY_HARD_STOP,short,LOSER,-102.0,4,41416.0,-38.0,3.0,-39.0,-38.0,42.0,-35.0,3.0,-47.0,3.0,16.0,-38.0,3.0,-47.0,-3.0,12.0,-51.0,3.0,-53.0,-13.0,16.0,-42.0,3.0,-53.0,9.0,16.0
2025-05-05,TREND_LONG,EXIT_FLAT,long,LOSER,-132.0,37,41470.0,10.0,15.0,-11.0,10.0,26.0,-3.0,15.0,-11.0,-13.0,15.0,2.0,15.0,-11.0,5.0,16.0,-5.0,15.0,-11.0,-7.0,13.0,-5.0,15.0,-12.0,0.0,11.0
2025-05-05,TREND_LONG,CHOP_TP,long,WINNER,44.0,8,41491.0,-5.0,2.0,-5.0,-5.0,7.0,-12.0,2.0,-17.0,-7.0,15.0,-7.0,2.0,-17.0,5.0,12.0,-22.0,2.0,-26.0,-15.0,18.0,-9.0,2.0,-27.0,13.0,21.0
2025-05-05,TREND_LONG,EXIT_FLAT,long,LOSER,-122.0,69,41535.0,0.0,4.0,-9.0,0.0,13.0,-12.0,4.0,-17.0,-12.0,20.0,-15.0,4.0,-24.0,-3.0,19.0,-6.0,4.0,-24.0,9.0,15.0,-8.0,4.0,-24.0,-2.0,8.0
2025-05-05,TREND_LONG,EXIT_FLAT,long,LOSER,-170.0,70,41538.0,0.0,4.0,-4.0,0.0,8.0,-8.0,4.0,-14.0,-8.0,14.0,-9.0,4.0,-15.0,-1.0,7.0,-11.0,4.0,-15.0,-2.0,6.0,-21.0,4.0,-24.0,-10.0,13.0
2025-05-05,CHOP_BUY,EXIT_FLAT,long,LOSER,-140.0,19,41403.0,1.0,1.0,-5.0,1.0,6.0,5.0,9.0,-5.0,4.0,11.0,23.0,23.0,-5.0,18.0,23.0,38.0,39.0,-5.0,15.0,19.0,37.0,45.0,-5.0,-1.0,18.0
2025-05-06,TREND_LONG,PARTIAL_TP,long,WINNER,56.0,7,41056.0,2.0,7.0,-3.0,2.0,10.0,-7.0,21.0,-9.0,-9.0,30.0,12.0,21.0,-9.0,19.0,28.0,27.0,34.0,-9.0,15.0,19.0,37.0,54.0,-9.0,10.0,34.0
2025-05-07,CHOP_BUY,CHOP_TP,long,WINNER,36.0,12,41141.0,20.0,32.0,0.0,20.0,30.0,25.0,32.0,0.0,5.0,18.0,19.0,33.0,0.0,-6.0,21.0,18.0,33.0,-3.0,-1.0,27.0,14.0,33.0,-3.0,-4.0,13.0
2025-05-07,TREND_SHORT,EXIT_FLAT,short,LOSER,-134.0,14,41043.0,6.0,18.0,-14.0,6.0,32.0,-10.0,18.0,-15.0,-16.0,28.0,-3.0,18.0,-15.0,7.0,11.0,-11.0,18.0,-30.0,-8.0,33.0,-30.0,18.0,-42.0,-19.0,23.0
2025-05-07,TREND_LONG,EXIT_FLAT,long,LOSER,-144.0,7,41176.0,-3.0,4.0,-5.0,-3.0,9.0,1.0,9.0,-6.0,4.0,15.0,-9.0,9.0,-9.0,-10.0,15.0,-2.0,9.0,-11.0,7.0,13.0,-17.0,9.0,-20.0,-15.0,21.0
2025-05-07,TREND_LONG,CHOP_TP,long,WINNER,62.0,50,41194.0,-14.0,1.0,-16.0,-14.0,17.0,-13.0,1.0,-20.0,1.0,15.0,-15.0,1.0,-25.0,-2.0,15.0,-9.0,5.0,-25.0,6.0,20.0,-36.0,5.0,-36.0,-27.0,34.0
2025-05-07,TREND_LONG,PARTIAL_TP,long,WINNER,55.0,4,41246.0,6.0,7.0,-7.0,6.0,14.0,17.0,22.0,-7.0,11.0,16.0,28.0,31.0,-7.0,11.0,13.0,55.0,55.0,-7.0,27.0,29.0,53.0,58.0,-7.0,-2.0,15.0
2025-05-07,TREND_SHORT,PARTIAL_TP,short,WINNER,69.0,2,41012.0,2.0,40.0,-32.0,2.0,72.0,69.0,103.0,-32.0,67.0,103.0,58.0,103.0,-32.0,-11.0,44.0,31.0,103.0,-32.0,-27.0,54.0,66.0,103.0,-32.0,35.0,65.0
2025-05-07,TREND_LONG,EARLY_HARD_STOP,long,LOSER,-122.0,1,41313.0,-61.0,21.0,-79.0,-61.0,100.0,-21.0,21.0,-79.0,40.0,61.0,-81.0,21.0,-102.0,-60.0,83.0,-93.0,21.0,-146.0,-12.0,75.0,-81.0,21.0,-146.0,12.0,61.0
2025-05-08,TREND_SHORT,EXIT_FLAT,short,LOSER,-176.0,10,41289.0,17.0,34.0,-5.0,17.0,39.0,10.0,34.0,-7.0,-7.0,31.0,1.0,34.0,-15.0,-9.0,30.0,-13.0,34.0,-17.0,-14.0,29.0,-32.0,34.0,-34.0,-19.0,28.0
2025-05-08,TREND_LONG,EARLY_HARD_STOP,long,LOSER,-124.0,3,41479.0,-30.0,5.0,-30.0,-30.0,35.0,-37.0,5.0,-37.0,-7.0,21.0,-62.0,5.0,-67.0,-25.0,34.0,-79.0,5.0,-101.0,-17.0,37.0,-79.0,5.0,-101.0,0.0,18.0
2025-05-08,CHOP_SELL,PARTIAL_TP,short,WINNER,80.0,1,41408.0,80.0,88.0,-5.0,80.0,93.0,97.0,139.0,-5.0,17.0,66.0,152.0,168.0,-5.0,55.0,77.0,122.0,168.0,-5.0,-30.0,68.0,85.0,168.0,-5.0,-37.0,51.0
2025-05-08,TREND_LONG,PARTIAL_TP,long,WINNER,52.0,2,41542.0,17.0,27.0,-12.0,17.0,39.0,52.0,56.0,-12.0,35.0,35.0,57.0,77.0,-12.0,5.0,26.0,53.0,77.0,-12.0,-4.0,21.0,81.0,96.0,-12.0,28.0,45.0
2025-05-08,TREND_LONG,CHOP_TP,long,WINNER,22.0,17,41837.0,1.0,8.0,-6.0,1.0,14.0,-3.0,8.0,-15.0,-4.0,15.0,-7.0,8.0,-18.0,-4.0,17.0,-10.0,8.0,-18.0,-3.0,10.0,1.0,8.0,-18.0,11.0,12.0
2025-05-08,CHOP_BUY,EXIT_FLAT,long,LOSER,-120.0,16,41799.0,-23.0,0.0,-25.0,-23.0,25.0,-18.0,0.0,-25.0,5.0,16.0,2.0,2.0,-25.0,20.0,21.0,11.0,17.0,-25.0,9.0,15.0,22.0,24.0,-25.0,11.0,11.0
2025-05-08,CHOP_SELL,PARTIAL_TP,short,WINNER,52.0,35,41729.0,-17.0,4.0,-17.0,-17.0,21.0,-23.0,4.0,-26.0,-6.0,11.0,-19.0,4.0,-27.0,4.0,10.0,-23.0,4.0,-27.0,-4.0,8.0,-27.0,4.0,-31.0,-4.0,7.0
2025-05-09,TREND_SHORT,EARLY_HARD_STOP,short,LOSER,-94.0,2,41470.0,-10.0,9.0,-15.0,-10.0,24.0,-47.0,9.0,-49.0,-37.0,41.0,-57.0,9.0,-66.0,-10.0,21.0,-55.0,9.0,-68.0,2.0,18.0,-43.0,9.0,-68.0,12.0,14.0
2025-05-09,TREND_SHORT,PARTIAL_TP,short,WINNER,57.0,6,41460.0,-17.0,11.0,-17.0,-17.0,28.0,5.0,11.0,-17.0,22.0,26.0,12.0,18.0,-17.0,7.0,15.0,18.0,28.0,-17.0,6.0,21.0,21.0,28.0,-17.0,3.0,22.0
2025-05-09,CHOP_BUY,PARTIAL_TP,long,WINNER,52.0,19,41377.0,21.0,22.0,0.0,21.0,21.0,-2.0,28.0,-8.0,-23.0,36.0,0.0,28.0,-14.0,2.0,14.0,10.0,28.0,-14.0,10.0,24.0,-4.0,28.0,-14.0,-14.0,23.0
2025-05-09,TREND_SHORT,EARLY_HARD_STOP,short,LOSER,-86.0,3,41305.0,-8.0,17.0,-8.0,-8.0,25.0,-29.0,17.0,-29.0,-21.0,30.0,-43.0,17.0,-43.0,-14.0,14.0,-44.0,17.0,-55.0,-1.0,22.0,-12.0,17.0,-55.0,32.0,31.0
2025-05-09,CHOP_BUY,EXIT_FLAT,long,LOSER,-116.0,19,41318.0,-4.0,4.0,-16.0,-4.0,20.0,-10.0,4.0,-16.0,-6.0,13.0,-20.0,4.0,-21.0,-10.0,11.0,-23.0,4.0,-29.0,-3.0,16.0,-11.0,4.0,-34.0,12.0,28.0
2025-05-09,TREND_SHORT,EXIT_FLAT,short,LOSER,-140.0,22,41233.0,-10.0,8.0,-10.0,-10.0,18.0,-2.0,8.0,-16.0,8.0,15.0,-14.0,8.0,-18.0,-12.0,21.0,-10.0,8.0,-21.0,4.0,17.0,-16.0,8.0,-21.0,-6.0,10.0
2025-05-09,CHOP_BUY,PARTIAL_TP,long,WINNER,55.0,64,41365.0,0.0,1.0,-7.0,0.0,8.0,-2.0,12.0,-7.0,-2.0,19.0,8.0,12.0,-7.0,10.0,13.0,-2.0,12.0,-7.0,-10.0,15.0,-12.0,12.0,-15.0,-10.0,12.0
2025-05-12,TREND_SHORT,PARTIAL_TP,short,WINNER,56.0,4,42284.0,-5.0,3.0,-15.0,-5.0,18.0,16.0,38.0,-15.0,21.0,37.0,17.0,38.0,-15.0,1.0,20.0,56.0,66.0,-15.0,39.0,51.0,73.0,94.0,-15.0,17.0,37.0
2025-05-12,CHOP_BUY,EXIT_FLAT,long,LOSER,-120.0,24,42292.0,19.0,19.0,-2.0,19.0,21.0,18.0,28.0,-2.0,-1.0,12.0,8.0,28.0,-2.0,-10.0,14.0,-17.0,28.0,-17.0,-25.0,28.0,-32.0,28.0,-39.0,-15.0,25.0
2025-05-12,TREND_SHORT,EARLY_HARD_STOP,short,LOSER,-90.0,5,42183.0,-25.0,0.0,-32.0,-25.0,31.0,-37.0,0.0,-40.0,-12.0,17.0,-13.0,0.0,-40.0,24.0,37.0,-26.0,0.0,-40.0,-13.0,24.0,-45.0,0.0,-52.0,-19.0,29.0
2025-05-12,TREND_LONG,EXIT_FLAT,long,LOSER,-148.0,15,42448.0,2.0,15.0,-4.0,2.0,19.0,-21.0,15.0,-28.0,-23.0,36.0,-16.0,15.0,-28.0,5.0,14.0,-25.0,15.0,-28.0,-9.0,9.0,-32.0,15.0,-35.0,-7.0,16.0
2025-05-12,CHOP_BUY,PARTIAL_TP,long,WINNER,50.0,14,42380.0,18.0,23.0,0.0,18.0,21.0,22.0,26.0,0.0,4.0,12.0,28.0,31.0,0.0,6.0,12.0,32.0,35.0,0.0,4.0,12.0,19.0,42.0,0.0,-13.0,23.0
2025-05-12,CHOP_BUY,EXIT_FLAT,long,LOSER,-124.0,21,42457.0,-15.0,2.0,-16.0,-15.0,18.0,-16.0,2.0,-17.0,-1.0,12.0,1.0,2.0,-17.0,17.0,12.0,-5.0,4.0,-17.0,-6.0,16.0,-15.0,4.0,-21.0,-10.0,21.0
2025-05-13,TREND_LONG,PARTIAL_TP,long,WINNER,66.0,4,42394.0,36.0,41.0,0.0,36.0,40.0,11.0,41.0,0.0,-25.0,38.0,30.0,41.0,0.0,19.0,20.0,66.0,75.0,0.0,36.0,47.0,46.0,75.0,0.0,-20.0,25.0
2025-05-13,CHOP_SELL,EXIT_FLAT,short,LOSER,-124.0,35,42328.0,3.0,8.0,-4.0,3.0,12.0,-3.0,11.0,-5.0,-6.0,16.0,-10.0,11.0,-12.0,-7.0,20.0,-1.0,11.0,-12.0,9.0,14.0,0.0,12.0,-12.0,1.0,12.0
2025-05-13,TREND_SHORT,EXIT_FLAT,short,LOSER,-126.0,44,42282.0,-16.0,0.0,-22.0,-16.0,20.0,-14.0,0.0,-22.0,2.0,9.0,-16.0,0.0,-22.0,-2.0,8.0,-22.0,0.0,-23.0,-6.0,7.0,-31.0,0.0,-33.0,-9.0,16.0
2025-05-13,CHOP_BUY,PARTIAL_TP,long,WINNER,60.0,73,42319.0,-2.0,5.0,-2.0,-2.0,7.0,-4.0,5.0,-4.0,-2.0,8.0,-1.0,5.0,-7.0,3.0,11.0,-10.0,5.0,-11.0,-9.0,13.0,-15.0,5.0,-18.0,-5.0,14.0
2025-05-13,TREND_SHORT,PARTIAL_TP,short,WINNER,52.0,3,42298.0,46.0,46.0,-4.0,46.0,50.0,48.0,73.0,-4.0,2.0,32.0,52.0,73.0,-4.0,4.0,11.0,36.0,73.0,-4.0,-16.0,25.0,49.0,73.0,-4.0,13.0,16.0
2025-05-14,TREND_SHORT,PARTIAL_TP,short,WINNER,52.0,2,42175.0,21.0,23.0,-4.0,21.0,27.0,52.0,66.0,-4.0,31.0,49.0,62.0,83.0,-4.0,10.0,36.0,71.0,83.0,-4.0,9.0,23.0,60.0,83.0,-4.0,-11.0,24.0
2025-05-14,CHOP_BUY,EXIT_FLAT,long,LOSER,-122.0,35,42231.0,20.0,21.0,0.0,20.0,19.0,17.0,21.0,0.0,-3.0,8.0,27.0,29.0,0.0,10.0,14.0,10.0,29.0,0.0,-17.0,25.0,1.0,29.0,-4.0,-9.0,22.0
2025-05-14,TREND_SHORT,EXIT_FLAT,short,LOSER,-122.0,50,42086.0,-3.0,17.0,-3.0,-3.0,20.0,5.0,17.0,-6.0,8.0,17.0,-10.0,17.0,-12.0,-15.0,19.0,15.0,17.0,-12.0,25.0,24.0,30.0,41.0,-12.0,15.0,26.0
2025-05-15,TREND_LONG,EXIT_FLAT,long,LOSER,-122.0,12,42050.0,-10.0,3.0,-21.0,-10.0,24.0,1.0,5.0,-21.0,11.0,17.0,3.0,8.0,-21.0,2.0,17.0,-5.0,8.0,-21.0,-8.0,17.0,-16.0,8.0,-25.0,-11.0,21.0
2025-05-15,TREND_LONG,PARTIAL_TP,long,WINNER,63.0,8,42063.0,7.0,20.0,-3.0,7.0,23.0,-4.0,20.0,-11.0,-11.0,19.0,3.0,20.0,-11.0,7.0,11.0,27.0,28.0,-11.0,24.0,30.0,43.0,49.0,-11.0,16.0,25.0
2025-05-15,TREND_LONG,PARTIAL_TP,long,WINNER,51.0,78,42280.0,0.0,5.0,-2.0,0.0,7.0,-13.0,5.0,-17.0,-13.0,14.0,-13.0,5.0,-26.0,0.0,18.0,-12.0,5.0,-26.0,1.0,7.0,-31.0,5.0,-31.0,-19.0,22.0
2025-05-15,CHOP_BUY,PARTIAL_TP,long,WINNER,65.0,51,42299.0,14.0,19.0,0.0,14.0,18.0,12.0,19.0,0.0,-2.0,11.0,22.0,22.0,0.0,10.0,14.0,26.0,31.0,0.0,4.0,11.0,16.0,31.0,0.0,-10.0,16.0
2025-05-15,CHOP_BUY,CHOP_TP,long,WINNER,28.0,9,42387.0,0.0,9.0,-4.0,0.0,13.0,17.0,17.0,-4.0,17.0,15.0,5.0,19.0,-4.0,-12.0,16.0,3.0,19.0,-4.0,-2.0,8.0,4.0,19.0,-11.0,1.0,21.0
2025-05-15,CHOP_BUY,CHOP_TP,long,WINNER,34.0,32,42394.0,-14.0,0.0,-24.0,-14.0,22.0,-38.0,0.0,-50.0,-24.0,35.0,-14.0,0.0,-50.0,24.0,26.0,-26.0,0.0,-50.0,-12.0,20.0,-23.0,0.0,-50.0,3.0,13.0
2025-05-16,TREND_LONG,EARLY_HARD_STOP,long,LOSER,-86.0,1,42460.0,-43.0,4.0,-84.0,-43.0,88.0,-33.0,4.0,-84.0,10.0,24.0,-25.0,4.0,-84.0,8.0,26.0,-18.0,4.0,-84.0,7.0,16.0,-1.0,4.0,-84.0,17.0,24.0
2025-05-16,TREND_LONG,EXIT_FLAT,long,LOSER,-124.0,20,42465.0,-18.0,0.0,-24.0,-18.0,23.0,-15.0,0.0,-24.0,3.0,9.0,-3.0,9.0,-24.0,12.0,22.0,1.0,9.0,-24.0,4.0,10.0,17.0,19.0,-24.0,16.0,17.0
2025-05-16,CHOP_SELL,PARTIAL_TP,short,WINNER,50.0,12,42464.0,2.0,7.0,-4.0,2.0,11.0,0.0,7.0,-4.0,-2.0,5.0,21.0,23.0,-4.0,21.0,26.0,21.0,25.0,-4.0,0.0,11.0,26.0,26.0,-4.0,5.0,13.0
2025-05-16,TREND_LONG,PARTIAL_TP,long,WINNER,60.0,24,42526.0,-10.0,0.0,-12.0,-10.0,12.0,-16.0,0.0,-20.0,-6.0,9.0,-28.0,0.0,-29.0,-12.0,15.0,-19.0,0.0,-29.0,9.0,10.0,-21.0,0.0,-29.0,-2.0,5.0
2025-05-16,CHOP_SELL,EXIT_FLAT,short,LOSER,-134.0,24,42602.0,2.0,6.0,-7.0,2.0,13.0,-9.0,6.0,-9.0,-11.0,15.0,-2.0,6.0,-19.0,7.0,17.0,-8.0,6.0,-19.0,-6.0,7.0,0.0,6.0,-19.0,8.0,16.0
2025-05-16,CHOP_SELL,EXIT_FLAT,short,LOSER,-66.0,55,42658.0,-13.0,0.0,-17.0,-13.0,16.0,-6.0,0.0,-17.0,7.0,7.0,-8.0,1.0,-17.0,-2.0,9.0,-5.0,1.0,-17.0,3.0,8.0,-3.0,1.0,-17.0,2.0,8.0
2025-05-16,TREND_LONG,CHOP_TP,long,WINNER,32.0,24,42708.0,-5.0,4.0,-12.0,-5.0,16.0,-15.0,4.0,-15.0,-10.0,13.0,-14.0,4.0,-15.0,1.0,4.0,-2.0,4.0,-15.0,12.0,12.0,-8.0,4.0,-15.0,-6.0,7.0
2025-05-16,TREND_LONG,SESSION_EXIT,long,LOSER,-70.0,55,42748.0,8.0,15.0,-3.0,8.0,18.0,5.0,15.0,-3.0,-3.0,5.0,-3.0,15.0,-5.0,-8.0,11.0,-3.0,15.0,-12.0,0.0,9.0,-6.0,15.0,-12.0,-3.0,5.0
2025-05-19,TREND_LONG,PARTIAL_TP,long,WINNER,92.0,11,42681.0,4.0,13.0,-11.0,4.0,24.0,7.0,17.0,-11.0,3.0,14.0,9.0,17.0,-11.0,2.0,13.0,3.0,17.0,-11.0,-6.0,18.0,-8.0,25.0,-20.0,-11.0,45.0
2025-05-19,CHOP_SELL,PARTIAL_TP,short,WINNER,77.0,3,42713.0,28.0,30.0,-2.0,28.0,32.0,46.0,57.0,-2.0,18.0,29.0,77.0,93.0,-2.0,31.0,50.0,59.0,93.0,-2.0,-18.0,24.0,63.0,93.0,-2.0,4.0,17.0
2025-05-19,CHOP_SELL,EARLY_HARD_STOP,short,LOSER,-88.0,5,42775.0,1.0,3.0,-2.0,1.0,5.0,-11.0,3.0,-23.0,-12.0,25.0,-20.0,3.0,-23.0,-9.0,12.0,-31.0,3.0,-32.0,-11.0,14.0,-44.0,3.0,-47.0,-13.0,15.0
2025-05-19,TREND_LONG,PARTIAL_TP,long,WINNER,57.0,28,42839.0,-10.0,4.0,-11.0,-10.0,15.0,-13.0,4.0,-15.0,-3.0,10.0,4.0,8.0,-15.0,17.0,18.0,4.0,9.0,-15.0,0.0,6.0,-7.0,9.0,-15.0,-11.0,16.0
2025-05-19,CHOP_SELL,PARTIAL_TP,short,WINNER,65.0,9,42857.0,9.0,14.0,0.0,9.0,14.0,10.0,15.0,0.0,1.0,9.0,15.0,27.0,0.0,5.0,17.0,9.0,27.0,0.0,-6.0,10.0,21.0,27.0,0.0,12.0,11.0
2025-05-20,CHOP_BUY,PARTIAL_TP,long,WINNER,50.0,24,42785.0,21.0,22.0,-7.0,21.0,29.0,16.0,35.0,-7.0,-5.0,21.0,32.0,37.0,-7.0,16.0,19.0,17.0,37.0,-7.0,-15.0,18.0,-5.0,37.0,-7.0,-22.0,25.0
2025-05-20,CHOP_SELL,PARTIAL_TP,short,WINNER,55.0,14,42824.0,8.0,10.0,-2.0,8.0,12.0,18.0,20.0,-2.0,10.0,20.0,10.0,25.0,-2.0,-8.0,15.0,15.0,25.0,-2.0,5.0,7.0,13.0,25.0,-2.0,-2.0,8.0
2025-05-20,CHOP_BUY,EXIT_FLAT,long,LOSER,-128.0,35,42781.0,4.0,4.0,-9.0,4.0,13.0,-7.0,5.0,-9.0,-11.0,13.0,2.0,5.0,-9.0,9.0,8.0,-14.0,5.0,-14.0,-16.0,17.0,-21.0,5.0,-27.0,-7.0,17.0
2025-05-20,TREND_SHORT,CHOP_TP,short,WINNER,66.0,33,42664.0,-7.0,6.0,-22.0,-7.0,28.0,-25.0,6.0,-27.0,-18.0,25.0,-31.0,6.0,-31.0,-6.0,18.0,-39.0,6.0,-46.0,-8.0,22.0,-7.0,6.0,-46.0,32.0,35.0
2025-05-20,CHOP_BUY,EXIT_FLAT,long,LOSER,-132.0,8,42644.0,2.0,6.0,-8.0,2.0,14.0,5.0,12.0,-8.0,3.0,11.0,-2.0,12.0,-8.0,-7.0,9.0,-28.0,12.0,-39.0,-26.0,39.0,-29.0,12.0,-44.0,-1.0,15.0
2025-05-20,CHOP_BUY,PARTIAL_TP,long,WINNER,54.0,14,42701.0,-3.0,2.0,-5.0,-3.0,7.0,4.0,18.0,-5.0,7.0,16.0,4.0,18.0,-12.0,0.0,21.0,14.0,18.0,-12.0,10.0,11.0,12.0,20.0,-12.0,-2.0,11.0
2025-05-21,TREND_LONG,EARLY_HARD_STOP,long,LOSER,-92.0,4,42472.0,-16.0,3.0,-17.0,-16.0,20.0,-16.0,3.0,-22.0,0.0,13.0,-30.0,3.0,-33.0,-14.0,20.0,-46.0,3.0,-48.0,-16.0,19.0,-58.0,3.0,-61.0,-12.0,19.0
2025-05-21,CHOP_SELL,PARTIAL_TP,short,WINNER,51.0,16,42471.0,-13.0,2.0,-16.0,-13.0,18.0,-6.0,2.0,-21.0,7.0,16.0,-30.0,2.0,-35.0,-24.0,28.0,-26.0,2.0,-48.0,4.0,27.0,-2.0,2.0,-48.0,24.0,24.0
2025-05-21,CHOP_BUY,EXIT_FLAT,long,LOSER,-120.0,38,42442.0,-1.0,5.0,-3.0,-1.0,8.0,1.0,10.0,-3.0,2.0,12.0,-2.0,10.0,-6.0,-3.0,12.0,9.0,10.0,-6.0,11.0,12.0,10.0,13.0,-6.0,1.0,8.0
2025-05-21,TREND_SHORT,PARTIAL_TP,short,WINNER,79.0,2,42277.0,35.0,55.0,-2.0,35.0,57.0,79.0,80.0,-2.0,44.0,45.0,120.0,128.0,-2.0,41.0,49.0,104.0,143.0,-2.0,-16.0,52.0,185.0,185.0,-2.0,81.0,83.0
2025-05-21,TREND_SHORT,EARLY_HARD_STOP,short,LOSER,-138.0,2,41966.0,25.0,57.0,-2.0,25.0,59.0,-69.0,57.0,-70.0,-94.0,103.0,-67.0,57.0,-76.0,2.0,29.0,-97.0,57.0,-103.0,-30.0,41.0,-80.0,57.0,-111.0,17.0,40.0
2025-05-21,TREND_SHORT,EARLY_HARD_STOP,short,LOSER,-90.0,3,41908.0,12.0,15.0,-9.0,12.0,24.0,-13.0,15.0,-21.0,-25.0,34.0,-45.0,15.0,-57.0,-32.0,44.0,-60.0,15.0,-70.0,-15.0,23.0,-61.0,15.0,-72.0,-1.0,27.0
2025-05-21,TREND_SHORT,EARLY_HARD_STOP,short,LOSER,-84.0,1,41870.0,-42.0,0.0,-49.0,-42.0,48.0,-27.0,0.0,-49.0,15.0,18.0,-30.0,0.0,-49.0,-3.0,19.0,-38.0,0.0,-61.0,-8.0,36.0,-73.0,0.0,-88.0,-35.0,60.0
2025-05-22,TREND_LONG,EXIT_FLAT,long,LOSER,-180.0,31,41964.0,-16.0,5.0,-18.0,-16.0,23.0,-23.0,5.0,-36.0,-7.0,25.0,-26.0,5.0,-44.0,-3.0,27.0,-2.0,5.0,-44.0,24.0,39.0,-7.0,5.0,-44.0,-5.0,13.0
2025-05-22,TREND_SHORT,EARLY_HARD_STOP,short,LOSER,-80.0,5,41837.0,9.0,21.0,-2.0,9.0,23.0,7.0,21.0,-3.0,-2.0,15.0,-11.0,21.0,-12.0,-18.0,30.0,-21.0,21.0,-33.0,-10.0,26.0,-40.0,21.0,-45.0,-19.0,30.0
2025-05-22,TREND_SHORT,EARLY_HARD_STOP,short,LOSER,-82.0,2,41814.0,4.0,18.0,-6.0,4.0,24.0,-41.0,18.0,-45.0,-45.0,43.0,-75.0,18.0,-89.0,-34.0,45.0,-84.0,18.0,-92.0,-9.0,27.0,-97.0,18.0,-98.0,-13.0,16.0
2025-05-22,CHOP_BUY,PARTIAL_TP,long,WINNER,51.0,7,41922.0,-12.0,2.0,-22.0,-12.0,24.0,1.0,2.0,-23.0,13.0,24.0,6.0,11.0,-23.0,5.0,18.0,21.0,23.0,-23.0,15.0,19.0,48.0,55.0,-23.0,27.0,34.0
2025-05-22,TREND_LONG,PARTIAL_TP,long,WINNER,52.0,13,42033.0,11.0,20.0,0.0,11.0,20.0,4.0,20.0,0.0,-7.0,15.0,-24.0,20.0,-27.0,-28.0,32.0,-5.0,20.0,-39.0,19.0,35.0,6.0,20.0,-39.0,11.0,28.0
2025-05-22,TREND_LONG,EXIT_FLAT,long,LOSER,-132.0,45,42124.0,-10.0,9.0,-14.0,-10.0,23.0,-22.0,9.0,-24.0,-12.0,15.0,-26.0,9.0,-34.0,-4.0,12.0,-19.0,9.0,-34.0,7.0,11.0,-19.0,9.0,-34.0,0.0,12.0
2025-05-22,CHOP_SELL,PARTIAL_TP,short,WINNER,78.0,25,42128.0,7.0,9.0,-1.0,7.0,10.0,9.0,10.0,-1.0,2.0,11.0,13.0,21.0,-1.0,4.0,11.0,6.0,21.0,-7.0,-7.0,15.0,-10.0,21.0,-11.0,-16.0,13.0
2025-05-23,TREND_LONG,PARTIAL_TP,long,WINNER,57.0,10,41601.0,1.0,7.0,-21.0,1.0,28.0,38.0,53.0,-21.0,37.0,52.0,46.0,53.0,-21.0,8.0,26.0,43.0,71.0,-21.0,-3.0,37.0,25.0,71.0,-21.0,-18.0,32.0
2025-05-23,CHOP_BUY,PARTIAL_TP,long,WINNER,50.0,2,41568.0,8.0,15.0,0.0,8.0,14.0,50.0,50.0,0.0,42.0,38.0,37.0,53.0,0.0,-13.0,16.0,68.0,72.0,0.0,31.0,36.0,81.0,85.0,0.0,13.0,19.0
2025-05-23,TREND_LONG,PARTIAL_TP,long,WINNER,52.0,15,41737.0,-6.0,0.0,-34.0,-6.0,34.0,-7.0,0.0,-34.0,-1.0,13.0,8.0,11.0,-34.0,15.0,21.0,14.0,22.0,-34.0,6.0,15.0,32.0,40.0,-34.0,18.0,23.0
2025-05-23,TREND_LONG,EXIT_FLAT,long,LOSER,-130.0,31,41814.0,7.0,25.0,0.0,7.0,25.0,-7.0,25.0,-13.0,-14.0,20.0,-7.0,25.0,-21.0,0.0,15.0,-8.0,25.0,-21.0,-1.0,12.0,-33.0,25.0,-36.0,-25.0,23.0
2025-05-26,TREND_SHORT,PARTIAL_TP,short,WINNER,53.0,52,42088.0,3.0,6.0,0.0,3.0,6.0,1.0,6.0,-2.0,-2.0,6.0,-4.0,6.0,-5.0,-5.0,6.0,-4.0,6.0,-10.0,0.0,11.0,-7.0,6.0,-10.0,-3.0,7.0
2025-05-27,TREND_LONG,PARTIAL_TP,long,WINNER,51.0,20,42116.0,28.0,29.0,-3.0,28.0,32.0,38.0,41.0,-3.0,10.0,14.0,45.0,51.0,-3.0,7.0,15.0,38.0,51.0,-3.0,-7.0,13.0,28.0,51.0,-3.0,-10.0,25.0
2025-05-27,CHOP_SELL,EXIT_FLAT,short,LOSER,-106.0,17,42217.0,-8.0,1.0,-8.0,-8.0,9.0,-34.0,1.0,-41.0,-26.0,39.0,-23.0,1.0,-41.0,11.0,16.0,-9.0,1.0,-41.0,14.0,21.0,-13.0,1.0,-41.0,-4.0,15.0
2025-05-27,TREND_LONG,PARTIAL_TP,long,WINNER,64.0,37,42297.0,15.0,21.0,0.0,15.0,21.0,30.0,31.0,0.0,15.0,16.0,18.0,33.0,0.0,-12.0,18.0,14.0,33.0,0.0,-4.0,14.0,12.0,33.0,0.0,-2.0,18.0
2025-05-27,CHOP_SELL,EXIT_FLAT,short,LOSER,-116.0,16,42330.0,0.0,0.0,-6.0,0.0,6.0,-1.0,2.0,-6.0,-1.0,8.0,-3.0,2.0,-7.0,-2.0,4.0,-11.0,2.0,-17.0,-8.0,12.0,-7.0,2.0,-17.0,4.0,14.0
2025-05-27,TREND_LONG,SESSION_EXIT,long,WINNER,24.0,120,42402.0,-4.0,14.0,-5.0,-4.0,19.0,-14.0,14.0,-17.0,-10.0,19.0,-13.0,14.0,-17.0,1.0,9.0,-20.0,14.0,-24.0,-7.0,12.0,-20.0,14.0,-31.0,0.0,13.0
2025-05-28,TREND_SHORT,PARTIAL_TP,short,WINNER,67.0,44,42393.0,-14.0,1.0,-16.0,-14.0,17.0,-23.0,1.0,-30.0,-9.0,16.0,-29.0,1.0,-34.0,-6.0,26.0,-10.0,3.0,-34.0,19.0,36.0,-26.0,3.0,-34.0,-16.0,18.0
2025-05-28,TREND_SHORT,EXIT_FLAT,short,LOSER,-128.0,63,42250.0,10.0,14.0,-2.0,10.0,16.0,9.0,14.0,-2.0,-1.0,8.0,17.0,26.0,-2.0,8.0,19.0,16.0,26.0,-2.0,-1.0,6.0,6.0,26.0,-2.0,-10.0,16.0
2025-05-28,CHOP_BUY,EXIT_FLAT,long,LOSER,-126.0,22,42334.0,1.0,6.0,-1.0,1.0,7.0,3.0,6.0,-1.0,2.0,7.0,3.0,8.0,-1.0,0.0,7.0,-3.0,8.0,-4.0,-6.0,9.0,6.0,8.0,-4.0,9.0,9.0
2025-05-28,CHOP_SELL,PARTIAL_TP,short,WINNER,74.0,13,42291.0,-2.0,2.0,-2.0,-2.0,4.0,-3.0,2.0,-6.0,-1.0,5.0,-3.0,8.0,-6.0,0.0,13.0,0.0,8.0,-6.0,3.0,7.0,7.0,8.0,-6.0,7.0,9.0
2025-05-29,TREND_LONG,EARLY_HARD_STOP,long,LOSER,-158.0,2,42290.0,-7.0,6.0,-11.0,-7.0,17.0,-79.0,6.0,-83.0,-72.0,83.0,-71.0,6.0,-95.0,8.0,29.0,-66.0,6.0,-95.0,5.0,17.0,-49.0,6.0,-95.0,17.0,28.0
2025-05-29,TREND_SHORT,EXIT_FLAT,short,LOSER,-154.0,8,42134.0,5.0,21.0,-7.0,5.0,28.0,8.0,21.0,-7.0,3.0,22.0,-19.0,21.0,-30.0,-27.0,34.0,-13.0,21.0,-30.0,6.0,24.0,-18.0,21.0,-31.0,-5.0,29.0
2025-05-29,TREND_SHORT,CHOP_TP,short,WINNER,68.0,23,42102.0,-3.0,30.0,-3.0,-3.0,33.0,-29.0,30.0,-30.0,-26.0,36.0,-26.0,30.0,-33.0,3.0,11.0,-3.0,30.0,-33.0,23.0,25.0,23.0,30.0,-33.0,26.0,32.0
2025-05-29,TREND_SHORT,PARTIAL_TP,short,WINNER,83.0,3,41974.0,38.0,53.0,-1.0,38.0,54.0,23.0,65.0,-1.0,-15.0,42.0,83.0,100.0,-1.0,60.0,77.0,43.0,100.0,-1.0,-40.0,57.0,49.0,100.0,-1.0,6.0,21.0
2025-05-29,CHOP_BUY,CHOP_TP,long,WINNER,56.0,14,42161.0,9.0,10.0,-11.0,9.0,21.0,15.0,22.0,-11.0,6.0,16.0,47.0,49.0,-11.0,32.0,35.0,25.0,53.0,-11.0,-22.0,33.0,31.0,53.0,-11.0,6.0,11.0
2025-05-29,CHOP_SELL,SESSION_EXIT,short,LOSER,-24.0,19,42251.0,7.0,9.0,0.0,7.0,9.0,12.0,15.0,0.0,5.0,14.0,4.0,15.0,0.0,-8.0,12.0,-17.0,15.0,-17.0,-21.0,24.0,-39.0,15.0,-40.0,-22.0,28.0
2025-05-30,TREND_LONG,PARTIAL_TP,long,WINNER,63.0,11,42266.0,-1.0,11.0,-12.0,-1.0,23.0,-14.0,11.0,-18.0,-13.0,27.0,-6.0,11.0,-21.0,8.0,26.0,5.0,11.0,-21.0,11.0,16.0,9.0,25.0,-21.0,4.0,25.0
2025-05-30,CHOP_BUY,EXIT_FLAT,long,LOSER,-164.0,16,42315.0,16.0,23.0,0.0,16.0,21.0,20.0,23.0,0.0,4.0,12.0,21.0,26.0,0.0,1.0,8.0,2.0,26.0,-4.0,-19.0,27.0,-1.0,26.0,-11.0,-3.0,14.0
2025-05-30,TREND_SHORT,PARTIAL_TP,short,WINNER,56.0,3,42084.0,18.0,40.0,0.0,18.0,38.0,21.0,60.0,0.0,3.0,49.0,56.0,67.0,0.0,35.0,43.0,79.0,96.0,0.0,23.0,44.0,111.0,121.0,0.0,32.0,39.0
2025-05-30,CHOP_BUY,PARTIAL_TP,long,WINNER,63.0,32,42279.0,-15.0,6.0,-15.0,-15.0,21.0,-29.0,6.0,-30.0,-14.0,18.0,-13.0,6.0,-31.0,16.0,21.0,-18.0,6.0,-31.0,-5.0,8.0,1.0,9.0,-31.0,19.0,23.0
2025-06-02,TREND_SHORT,PARTIAL_TP,short,WINNER,67.0,2,42099.0,31.0,40.0,-1.0,31.0,41.0,67.0,77.0,-1.0,36.0,46.0,79.0,90.0,-1.0,12.0,20.0,60.0,90.0,-1.0,-19.0,31.0,51.0,90.0,-1.0,-9.0,38.0
2025-06-02,CHOP_BUY,CHOP_TP,long,WINNER,30.0,31,42149.0,-5.0,0.0,-11.0,-5.0,10.0,-12.0,0.0,-13.0,-7.0,12.0,-3.0,5.0,-13.0,9.0,17.0,-16.0,5.0,-18.0,-13.0,20.0,-12.0,5.0,-18.0,4.0,6.0
2025-06-02,TREND_LONG,PARTIAL_TP,long,WINNER,66.0,7,42225.0,15.0,20.0,-3.0,15.0,23.0,6.0,20.0,-3.0,-9.0,17.0,14.0,20.0,-3.0,8.0,16.0,14.0,41.0,-3.0,0.0,27.0,30.0,41.0,-3.0,16.0,24.0
2025-06-02,CHOP_BUY,CHOP_TP,long,WINNER,60.0,32,42289.0,-6.0,7.0,-6.0,-6.0,13.0,-8.0,7.0,-13.0,-2.0,9.0,-12.0,7.0,-14.0,-4.0,6.0,-8.0,7.0,-14.0,4.0,8.0,-12.0,7.0,-14.0,-4.0,9.0
2025-06-02,CHOP_BUY,CHOP_TP,long,WINNER,22.0,28,42318.0,-2.0,2.0,-6.0,-2.0,8.0,0.0,5.0,-6.0,2.0,7.0,9.0,10.0,-8.0,9.0,18.0,12.0,12.0,-8.0,3.0,12.0,22.0,27.0,-8.0,10.0,17.0
2025-06-02,CHOP_BUY,SESSION_EXIT,long,WINNER,94.0,10,42342.0,11.0,15.0,-7.0,11.0,22.0,-4.0,15.0,-7.0,-15.0,20.0,-13.0,15.0,-20.0,-9.0,23.0,-12.0,15.0,-34.0,1.0,28.0,-7.0,15.0,-34.0,5.0,17.0
2025-06-03,TREND_SHORT,EXIT_FLAT,short,LOSER,-132.0,28,42301.0,14.0,19.0,0.0,14.0,18.0,-6.0,19.0,-38.0,-20.0,56.0,1.0,19.0,-38.0,7.0,21.0,-3.0,19.0,-38.0,-4.0,28.0,-17.0,19.0,-38.0,-14.0,19.0
2025-06-03,CHOP_BUY,PARTIAL_TP,long,WINNER,55.0,26,42415.0,2.0,9.0,-1.0,2.0,10.0,1.0,9.0,-3.0,-1.0,12.0,11.0,14.0,-3.0,10.0,14.0,9.0,17.0,-3.0,-2.0,13.0,25.0,29.0,-3.0,16.0,18.0
2025-06-03,TREND_LONG,CHOP_TP,long,WINNER,38.0,54,42534.0,2.0,4.0,-2.0,2.0,6.0,-10.0,6.0,-11.0,-12.0,17.0,-21.0,6.0,-32.0,-11.0,21.0,-21.0,6.0,-32.0,0.0,11.0,-20.0,6.0,-32.0,1.0,11.0
2025-06-03,TREND_LONG,CHOP_TP,long,WINNER,54.0,38,42585.0,-6.0,3.0,-8.0,-6.0,11.0,9.0,13.0,-8.0,15.0,16.0,1.0,13.0,-8.0,-8.0,11.0,-3.0,13.0,-8.0,-4.0,7.0,7.0,13.0,-8.0,10.0,14.0
2025-06-03,CHOP_SELL,PARTIAL_TP,short,WINNER,52.0,48,42616.0,2.0,8.0,-1.0,2.0,9.0,10.0,10.0,-1.0,8.0,9.0,17.0,17.0,-1.0,7.0,13.0,12.0,17.0,-1.0,-5.0,11.0,1.0,17.0,-3.0,-11.0,18.0
2025-06-04,TREND_SHORT,PARTIAL_TP,short,WINNER,51.0,19,42536.0,-11.0,4.0,-14.0,-11.0,18.0,-10.0,4.0,-16.0,1.0,10.0,-6.0,4.0,-16.0,4.0,11.0,-11.0,4.0,-17.0,-5.0,10.0,-20.0,4.0,-26.0,-9.0,17.0
2025-06-05,TREND_SHORT,EXIT_FLAT,short,LOSER,-150.0,28,42344.0,12.0,20.0,-6.0,12.0,26.0,39.0,49.0,-6.0,27.0,40.0,38.0,49.0,-6.0,-1.0,16.0,28.0,49.0,-6.0,-10.0,31.0,2.0,49.0,-12.0,-26.0,42.0
2025-06-05,CHOP_BUY,PARTIAL_TP,long,WINNER,54.0,7,42558.0,-3.0,7.0,-3.0,-3.0,10.0,10.0,13.0,-6.0,13.0,19.0,1.0,13.0,-6.0,-9.0,14.0,-1.0,15.0,-6.0,-2.0,16.0,11.0,16.0,-6.0,12.0,22.0
2025-06-05,CHOP_BUY,EXIT_FLAT,long,LOSER,-150.0,12,42595.0,-12.0,8.0,-15.0,-12.0,23.0,-11.0,8.0,-15.0,1.0,8.0,2.0,8.0,-15.0,13.0,20.0,-5.0,8.0,-15.0,-7.0,9.0,-20.0,8.0,-25.0,-15.0,20.0
2025-06-05,TREND_LONG,PARTIAL_TP,long,WINNER,56.0,16,42315.0,4.0,14.0,-36.0,4.0,50.0,-26.0,14.0,-44.0,-30.0,44.0,-20.0,14.0,-50.0,6.0,32.0,-24.0,14.0,-50.0,-4.0,20.0,-32.0,14.0,-50.0,-8.0,27.0
2025-06-06,CHOP_BUY,EXIT_FLAT,long,LOSER,-140.0,25,42915.0,-4.0,3.0,-13.0,-4.0,16.0,10.0,19.0,-13.0,14.0,25.0,9.0,19.0,-13.0,-1.0,10.0,-13.0,21.0,-13.0,-22.0,34.0,-38.0,21.0,-49.0,-25.0,36.0
2025-06-06,CHOP_BUY,EXIT_FLAT,long,LOSER,-154.0,23,42846.0,6.0,10.0,0.0,6.0,9.0,-17.0,10.0,-17.0,-23.0,24.0,-31.0,10.0,-39.0,-14.0,26.0,-26.0,10.0,-39.0,5.0,11.0,-36.0,10.0,-39.0,-10.0,11.0
2025-06-06,TREND_SHORT,PARTIAL_TP,short,WINNER,51.0,95,42718.0,20.0,36.0,-1.0,20.0,37.0,41.0,77.0,-1.0,21.0,56.0,32.0,77.0,-1.0,-9.0,30.0,7.0,77.0,-1.0,-25.0,39.0,29.0,77.0,-1.0,22.0,38.0
2025-06-06,CHOP_BUY,CHOP_TP,long,WINNER,38.0,35,42808.0,6.0,6.0,-3.0,6.0,9.0,2.0,11.0,-3.0,-4.0,9.0,12.0,17.0,-3.0,10.0,14.0,18.0,23.0,-3.0,6.0,12.0,10.0,23.0,-3.0,-8.0,14.0
2025-06-06,CHOP_BUY,SESSION_EXIT,long,LOSER,-2.0,22,42803.0,-6.0,2.0,-7.0,-6.0,9.0,5.0,10.0,-7.0,11.0,15.0,6.0,10.0,-7.0,1.0,6.0,-6.0,10.0,-10.0,-12.0,16.0,6.0,10.0,-10.0,12.0,12.0
2025-06-09,TREND_SHORT,PARTIAL_TP,short,WINNER,56.0,43,42662.0,-6.0,5.0,-7.0,-6.0,12.0,-10.0,5.0,-18.0,-4.0,18.0,-13.0,5.0,-19.0,-3.0,13.0,-25.0,5.0,-25.0,-12.0,16.0,-4.0,5.0,-28.0,21.0,26.0
2025-06-09,CHOP_BUY,PARTIAL_TP,long,WINNER,50.0,29,42684.0,13.0,13.0,-8.0,13.0,21.0,19.0,20.0,-8.0,6.0,9.0,24.0,29.0,-8.0,5.0,11.0,13.0,29.0,-8.0,-11.0,11.0,16.0,29.0,-8.0,3.0,9.0
2025-06-09,TREND_LONG,PARTIAL_TP,long,WINNER,61.0,35,42830.0,22.0,27.0,0.0,22.0,26.0,35.0,39.0,0.0,13.0,18.0,27.0,41.0,0.0,-8.0,16.0,26.0,41.0,0.0,-1.0,11.0,12.0,41.0,0.0,-14.0,19.0
2025-06-09,TREND_LONG,EXIT_FLAT,long,LOSER,-130.0,78,42924.0,0.0,2.0,-2.0,0.0,4.0,1.0,8.0,-2.0,1.0,8.0,3.0,12.0,-2.0,2.0,12.0,-3.0,12.0,-6.0,-6.0,9.0,-5.0,12.0,-6.0,-2.0,5.0
2025-06-09,CHOP_BUY,EXIT_FLAT,long,LOSER,-142.0,10,42865.0,-6.0,21.0,-7.0,-6.0,28.0,13.0,21.0,-7.0,19.0,18.0,18.0,21.0,-7.0,5.0,11.0,-4.0,21.0,-7.0,-22.0,22.0,-31.0,21.0,-31.0,-27.0,26.0
2025-06-10,CHOP_BUY,PARTIAL_TP,long,WINNER,58.0,39,42778.0,11.0,14.0,-3.0,11.0,17.0,16.0,17.0,-3.0,5.0,19.0,15.0,22.0,-3.0,-1.0,18.0,33.0,38.0,-3.0,18.0,23.0,23.0,38.0,-3.0,-10.0,16.0
2025-06-10,TREND_SHORT,EXIT_FLAT,short,LOSER,-140.0,50,42790.0,5.0,53.0,0.0,5.0,51.0,-13.0,53.0,-18.0,-18.0,30.0,-13.0,53.0,-31.0,0.0,23.0,0.0,53.0,-31.0,13.0,23.0,-6.0,53.0,-31.0,-6.0,21.0
2025-06-10,TREND_LONG,CHOP_TP,long,WINNER,62.0,23,42867.0,-6.0,4.0,-7.0,-6.0,11.0,-4.0,4.0,-12.0,2.0,13.0,-8.0,4.0,-12.0,-4.0,9.0,-3.0,7.0,-12.0,5.0,12.0,-2.0,7.0,-13.0,1.0,18.0
2025-06-10,TREND_LONG,PARTIAL_TP,long,WINNER,51.0,22,42911.0,-4.0,1.0,-7.0,-4.0,8.0,-3.0,1.0,-7.0,1.0,6.0,2.0,4.0,-7.0,5.0,9.0,4.0,7.0,-7.0,2.0,5.0,-4.0,7.0,-7.0,-8.0,14.0
2025-06-10,CHOP_SELL,EXIT_FLAT,short,LOSER,-126.0,7,42828.0,-9.0,2.0,-10.0,-9.0,12.0,-14.0,2.0,-14.0,-5.0,6.0,-13.0,2.0,-23.0,1.0,13.0,-20.0,2.0,-24.0,-7.0,12.0,-28.0,2.0,-28.0,-8.0,9.0
2025-06-10,CHOP_BUY,SESSION_EXIT,long,LOSER,-6.0,36,42901.0,3.0,4.0,-7.0,3.0,11.0,-1.0,6.0,-7.0,-4.0,11.0,-4.0,6.0,-8.0,-3.0,6.0,-14.0,6.0,-15.0,-10.0,9.0,-15.0,6.0,-20.0,-1.0,7.0
2025-06-11,TREND_LONG,PARTIAL_TP,long,WINNER,52.0,24,42946.0,25.0,29.0,-1.0,25.0,30.0,7.0,29.0,-1.0,-18.0,29.0,22.0,29.0,-3.0,15.0,26.0,35.0,44.0,-3.0,13.0,25.0,21.0,44.0,-3.0,-14.0,22.0
2025-06-11,TREND_LONG,CHOP_TP,long,WINNER,52.0,19,43061.0,-1.0,5.0,-6.0,-1.0,11.0,7.0,8.0,-6.0,8.0,11.0,19.0,20.0,-6.0,12.0,14.0,0.0,21.0,-6.0,-19.0,21.0,2.0,21.0,-6.0,2.0,18.0
2025-06-11,CHOP_SELL,EARLY_HARD_STOP,short,LOSER,-106.0,4,43043.0,-8.0,3.0,-8.0,-8.0,11.0,-30.0,3.0,-33.0,-22.0,23.0,-35.0,3.0,-37.0,-5.0,14.0,-53.0,3.0,-68.0,-18.0,33.0,-37.0,3.0,-68.0,16.0,25.0
2025-06-11,TREND_LONG,EXIT_FLAT,long,LOSER,-136.0,48,43113.0,-14.0,6.0,-14.0,-14.0,20.0,-6.0,6.0,-15.0,8.0,12.0,-9.0,6.0,-15.0,-3.0,14.0,-13.0,6.0,-15.0,-4.0,10.0,-14.0,6.0,-19.0,-1.0,9.0
2025-06-11,TREND_SHORT,EXIT_FLAT,short,LOSER,-122.0,17,42835.0,41.0,41.0,-1.0,41.0,42.0,20.0,69.0,-1.0,-21.0,58.0,19.0,69.0,-16.0,-1.0,43.0,1.0,69.0,-16.0,-18.0,25.0,-15.0,69.0,-21.0,-16.0,26.0
2025-06-12,TREND_LONG,PARTIAL_TP,long,WINNER,82.0,14,42778.0,-6.0,1.0,-12.0,-6.0,13.0,-11.0,1.0,-16.0,-5.0,16.0,-8.0,1.0,-25.0,3.0,19.0,16.0,29.0,-25.0,24.0,35.0,21.0,29.0,-25.0,5.0,14.0
2025-06-12,CHOP_BUY,EXIT_FLAT,long,LOSER,-142.0,30,42911.0,6.0,7.0,-2.0,6.0,9.0,-8.0,11.0,-8.0,-14.0,19.0,-5.0,11.0,-9.0,3.0,8.0,-15.0,11.0,-15.0,-10.0,15.0,-19.0,11.0,-22.0,-4.0,13.0
2025-06-12,TREND_LONG,CHOP_TP,long,WINNER,40.0,46,42942.0,2.0,4.0,-9.0,2.0,13.0,-6.0,4.0,-9.0,-8.0,12.0,-6.0,4.0,-9.0,0.0,4.0,-12.0,4.0,-19.0,-6.0,12.0,-4.0,4.0,-19.0,8.0,13.0
2025-06-12,CHOP_SELL,CHOP_TP,short,WINNER,60.0,134,42970.0,-6.0,7.0,-6.0,-6.0,13.0,4.0,7.0,-6.0,10.0,11.0,-3.0,7.0,-6.0,-7.0,10.0,-1.0,7.0,-6.0,2.0,3.0,9.0,12.0,-6.0,10.0,16.0
2025-06-12,TREND_LONG,SESSION_EXIT,long,LOSER,-36.0,1,42998.0,-18.0,3.0,-24.0,-18.0,27.0,-13.0,3.0,-24.0,5.0,15.0,-14.0,3.0,-24.0,-1.0,7.0,-8.0,3.0,-24.0,6.0,12.0,-21.0,3.0,-24.0,-13.0,12.0
2025-06-13,TREND_SHORT,PARTIAL_TP,short,WINNER,58.0,16,42386.0,-10.0,20.0,-10.0,-10.0,30.0,1.0,20.0,-15.0,11.0,24.0,15.0,20.0,-15.0,14.0,22.0,10.0,28.0,-15.0,-5.0,20.0,25.0,31.0,-15.0,15.0,20.0
2025-06-13,TREND_SHORT,EXIT_FLAT,short,LOSER,-136.0,11,42283.0,8.0,11.0,-5.0,8.0,16.0,11.0,13.0,-9.0,3.0,22.0,9.0,20.0,-9.0,-2.0,15.0,-1.0,20.0,-9.0,-10.0,22.0,-19.0,20.0,-27.0,-18.0,26.0
2025-06-13,TREND_LONG,EXIT_FLAT,long,LOSER,-128.0,40,42608.0,-6.0,6.0,-10.0,-6.0,16.0,-18.0,6.0,-21.0,-12.0,21.0,-4.0,6.0,-21.0,14.0,14.0,14.0,16.0,-21.0,18.0,31.0,7.0,17.0,-21.0,-7.0,19.0
2025-06-13,TREND_SHORT,PARTIAL_TP,short,WINNER,70.0,12,42259.0,10.0,17.0,-2.0,10.0,19.0,6.0,27.0,-11.0,-4.0,38.0,-4.0,27.0,-11.0,-10.0,23.0,-19.0,27.0,-24.0,-15.0,19.0,3.0,27.0,-26.0,22.0,31.0
2025-06-13,CHOP_BUY,EARLY_HARD_STOP,long,LOSER,-104.0,5,42191.0,-16.0,17.0,-16.0,-16.0,33.0,-26.0,17.0,-35.0,-10.0,22.0,-37.0,17.0,-37.0,-11.0,10.0,-37.0,17.0,-41.0,0.0,20.0,-52.0,17.0,-57.0,-15.0,24.0
2025-06-16,TREND_LONG,PARTIAL_TP,long,WINNER,54.0,9,42614.0,9.0,34.0,0.0,9.0,34.0,31.0,39.0,-1.0,22.0,40.0,47.0,52.0,-1.0,16.0,18.0,35.0,52.0,-1.0,-12.0,16.0,22.0,52.0,-1.0,-13.0,25.0
2025-06-16,CHOP_BUY,EXIT_FLAT,long,LOSER,-126.0,14,42718.0,-8.0,0.0,-17.0,-8.0,12.0,2.0,8.0,-17.0,10.0,12.0,-14.0,8.0,-17.0,-16.0,18.0,-18.0,8.0,-21.0,-4.0,11.0,-22.0,8.0,-28.0,-4.0,7.0
2025-06-16,CHOP_BUY,PARTIAL_TP,long,WINNER,50.0,54,42600.0,-3.0,11.0,-7.0,-3.0,18.0,-2.0,11.0,-11.0,1.0,9.0,-11.0,11.0,-11.0,-9.0,7.0,-12.0,11.0,-13.0,-1.0,4.0,-5.0,11.0,-13.0,7.0,8.0
2025-06-16,CHOP_SELL,PARTIAL_TP,short,WINNER,51.0,35,42564.0,3.0,3.0,-4.0,3.0,7.0,-9.0,3.0,-9.0,-12.0,10.0,-12.0,3.0,-12.0,-3.0,4.0,-5.0,3.0,-14.0,7.0,13.0,2.0,3.0,-14.0,7.0,7.0
2025-06-16,CHOP_BUY,PARTIAL_TP,long,WINNER,50.0,26,42482.0,-2.0,4.0,-6.0,-2.0,10.0,31.0,38.0,-9.0,33.0,47.0,33.0,42.0,-9.0,2.0,19.0,39.0,47.0,-9.0,6.0,14.0,14.0,47.0,-9.0,-25.0,26.0
2025-06-17,TREND_LONG,PARTIAL_TP,long,WINNER,52.0,12,42441.0,-18.0,0.0,-19.0,-18.0,19.0,-16.0,0.0,-20.0,2.0,18.0,-9.0,0.0,-20.0,7.0,10.0,-16.0,0.0,-26.0,-7.0,12.0,14.0,14.0,-26.0,30.0,28.0
2025-06-17,CHOP_BUY,PARTIAL_TP,long,WINNER,52.0,12,42445.0,18.0,19.0,0.0,18.0,18.0,18.0,19.0,0.0,0.0,7.0,17.0,19.0,0.0,-1.0,2.0,7.0,19.0,0.0,-10.0,14.0,18.0,19.0,0.0,11.0,13.0
2025-06-17,CHOP_SELL,PARTIAL_TP,short,WINNER,52.0,63,42486.0,-2.0,0.0,-6.0,-2.0,5.0,8.0,8.0,-6.0,10.0,9.0,34.0,36.0,-6.0,26.0,25.0,19.0,36.0,-6.0,-15.0,21.0,19.0,36.0,-6.0,0.0,5.0
2025-06-17,TREND_SHORT,PARTIAL_TP,short,WINNER,50.0,38,42236.0,4.0,27.0,-5.0,4.0,32.0,16.0,27.0,-5.0,12.0,24.0,11.0,29.0,-5.0,-5.0,18.0,-8.0,29.0,-8.0,-19.0,18.0,9.0,29.0,-15.0,17.0,24.0
2025-06-18,TREND_LONG,PARTIAL_TP,long,WINNER,60.0,16,42311.0,29.0,34.0,0.0,29.0,25.0,27.0,44.0,0.0,-2.0,23.0,21.0,44.0,0.0,-6.0,17.0,29.0,44.0,0.0,8.0,19.0,32.0,44.0,0.0,3.0,10.0
2025-06-18,CHOP_SELL,PARTIAL_TP,short,WINNER,57.0,24,42345.0,2.0,2.0,-4.0,2.0,6.0,-3.0,2.0,-4.0,-5.0,4.0,11.0,14.0,-4.0,14.0,6.0,8.0,14.0,-4.0,-3.0,4.0,8.0,14.0,-4.0,0.0,0.0
2025-06-18,TREND_SHORT,EXIT_FLAT,short,LOSER,-114.0,16,42205.0,-1.0,34.0,-24.0,-1.0,58.0,5.0,34.0,-24.0,6.0,30.0,36.0,41.0,-24.0,31.0,37.0,11.0,46.0,-24.0,-25.0,41.0,-2.0,46.0,-24.0,-13.0,40.0
2025-06-18,TREND_SHORT,EARLY_HARD_STOP,short,LOSER,-84.0,3,42149.0,9.0,11.0,-8.0,9.0,19.0,-10.0,23.0,-22.0,-19.0,45.0,-42.0,23.0,-42.0,-32.0,24.0,-47.0,23.0,-54.0,-5.0,25.0,-55.0,23.0,-55.0,-8.0,16.0
2025-06-19,CHOP_SELL,CHOP_TP,short,WINNER,68.0,89,41849.0,-4.0,0.0,-4.0,-4.0,0.0,-4.0,0.0,-4.0,0.0,0.0,-4.0,0.0,-4.0,0.0,0.0,-4.0,0.0,-4.0,0.0,0.0,-4.0,0.0,-4.0,0.0,0.0
2025-06-23,TREND_LONG,PARTIAL_TP,long,WINNER,51.0,9,42634.0,6.0,11.0,-9.0,6.0,20.0,10.0,11.0,-9.0,4.0,14.0,5.0,17.0,-9.0,-5.0,12.0,-14.0,17.0,-20.0,-19.0,25.0,14.0,24.0,-20.0,28.0,41.0
2025-06-23,CHOP_SELL,PARTIAL_TP,short,WINNER,58.0,14,42639.0,2.0,13.0,-3.0,2.0,16.0,3.0,13.0,-5.0,1.0,10.0,-7.0,13.0,-7.0,-10.0,15.0,2.0,13.0,-14.0,9.0,19.0,-6.0,13.0,-14.0,-8.0,10.0
2025-06-23,TREND_SHORT,PARTIAL_TP,short,WINNER,65.0,4,42438.0,23.0,30.0,0.0,23.0,30.0,27.0,38.0,0.0,4.0,16.0,39.0,49.0,0.0,12.0,33.0,65.0,68.0,0.0,26.0,32.0,68.0,107.0,0.0,3.0,44.0
2025-06-23,TREND_LONG,PARTIAL_TP,long,WINNER,52.0,7,42750.0,19.0,30.0,0.0,19.0,28.0,12.0,30.0,0.0,-7.0,17.0,11.0,30.0,0.0,-1.0,20.0,11.0,33.0,-1.0,0.0,34.0,24.0,33.0,-1.0,13.0,25.0
2025-06-23,CHOP_SELL,EXIT_FLAT,short,LOSER,-92.0,35,42834.0,14.0,17.0,0.0,14.0,17.0,15.0,19.0,0.0,1.0,14.0,17.0,20.0,0.0,2.0,10.0,25.0,25.0,0.0,8.0,17.0,20.0,28.0,0.0,-5.0,11.0
2025-06-23,TREND_LONG,SESSION_EXIT,long,LOSER,-56.0,3,42915.0,5.0,17.0,-4.0,5.0,21.0,-12.0,17.0,-21.0,-17.0,32.0,-28.0,17.0,-31.0,-16.0,26.0,-18.0,17.0,-31.0,10.0,12.0,-18.0,17.0,-31.0,0.0,10.0
2025-06-24,TREND_SHORT,CHOP_TP,short,WINNER,44.0,11,43177.0,26.0,34.0,-1.0,26.0,35.0,27.0,34.0,-1.0,1.0,13.0,14.0,35.0,-1.0,-13.0,36.0,-4.0,42.0,-18.0,-18.0,60.0,1.0,42.0,-20.0,5.0,26.0
2025-06-24,TREND_SHORT,EARLY_HARD_STOP,short,LOSER,-96.0,2,43124.0,-29.0,2.0,-30.0,-29.0,32.0,-48.0,2.0,-49.0,-19.0,27.0,-48.0,2.0,-52.0,0.0,20.0,-53.0,2.0,-60.0,-5.0,13.0,-36.0,2.0,-60.0,17.0,28.0
2025-06-24,CHOP_BUY,PARTIAL_TP,long,WINNER,52.0,34,43247.0,17.0,24.0,-2.0,17.0,26.0,14.0,24.0,-2.0,-3.0,9.0,13.0,24.0,-2.0,-1.0,8.0,10.0,24.0,-2.0,-3.0,11.0,19.0,26.0,-2.0,9.0,16.0
2025-06-24,TREND_LONG,CHOP_TP,long,WINNER,36.0,11,43372.0,-3.0,1.0,-11.0,-3.0,12.0,17.0,20.0,-12.0,20.0,32.0,17.0,36.0,-12.0,0.0,21.0,25.0,36.0,-12.0,8.0,10.0,36.0,36.0,-12.0,11.0,11.0
2025-06-24,TREND_LONG,PARTIAL_TP,long,WINNER,55.0,171,43418.0,-12.0,1.0,-16.0,-12.0,17.0,12.0,12.0,-16.0,24.0,27.0,5.0,13.0,-16.0,-7.0,11.0,20.0,23.0,-16.0,15.0,17.0,18.0,25.0,-16.0,-2.0,12.0
2025-06-25,CHOP_SELL,PARTIAL_TP,short,WINNER,58.0,105,43303.0,-6.0,0.0,-10.0,-6.0,10.0,-4.0,2.0,-10.0,2.0,9.0,-4.0,2.0,-12.0,0.0,11.0,-4.0,2.0,-12.0,0.0,10.0,-2.0,2.0,-12.0,2.0,8.0
2025-06-25,CHOP_BUY,PARTIAL_TP,long,WINNER,55.0,61,43223.0,-7.0,2.0,-8.0,-7.0,10.0,-6.0,2.0,-12.0,1.0,6.0,-9.0,2.0,-12.0,-3.0,4.0,-14.0,2.0,-20.0,-5.0,13.0,-6.0,2.0,-20.0,8.0,7.0
2025-06-26,TREND_LONG,PARTIAL_TP,long,WINNER,50.0,33,43575.0,-1.0,6.0,-4.0,-1.0,10.0,-17.0,6.0,-17.0,-16.0,23.0,6.0,6.0,-18.0,23.0,24.0,-1.0,10.0,-18.0,-7.0,23.0,14.0,20.0,-18.0,15.0,20.0
2025-06-26,TREND_LONG,CHOP_TP,long,WINNER,34.0,19,43635.0,-7.0,2.0,-9.0,-7.0,11.0,-4.0,2.0,-9.0,3.0,7.0,-12.0,2.0,-14.0,-8.0,9.0,1.0,2.0,-14.0,13.0,15.0,-7.0,2.0,-14.0,-8.0,9.0
2025-06-26,TREND_LONG,CHOP_TP,long,WINNER,36.0,99,43668.0,-4.0,1.0,-5.0,-4.0,6.0,1.0,1.0,-7.0,5.0,8.0,-3.0,1.0,-10.0,-4.0,11.0,-5.0,1.0,-10.0,-2.0,5.0,-9.0,1.0,-13.0,-4.0,9.0
2025-06-26,TREND_LONG,EXIT_FLAT,long,LOSER,-124.0,26,43720.0,-4.0,3.0,-7.0,-4.0,10.0,-11.0,3.0,-11.0,-7.0,10.0,-25.0,3.0,-27.0,-14.0,15.0,-24.0,3.0,-27.0,1.0,8.0,-31.0,3.0,-32.0,-7.0,8.0
2025-06-26,TREND_LONG,SESSION_EXIT,long,LOSER,-48.0,9,43726.0,3.0,10.0,-12.0,3.0,22.0,9.0,11.0,-12.0,6.0,16.0,-13.0,11.0,-17.0,-22.0,27.0,1.0,11.0,-27.0,14.0,29.0,15.0,16.0,-27.0,14.0,21.0
2025-06-27,TREND_LONG,PARTIAL_TP,long,WINNER,55.0,7,43940.0,12.0,13.0,-3.0,12.0,16.0,24.0,31.0,-3.0,12.0,21.0,25.0,43.0,-3.0,1.0,20.0,21.0,43.0,-3.0,-4.0,15.0,25.0,43.0,-3.0,4.0,14.0
2025-06-27,CHOP_SELL,PARTIAL_TP,short,WINNER,62.0,29,44197.0,2.0,4.0,-3.0,2.0,7.0,2.0,4.0,-4.0,0.0,7.0,11.0,12.0,-4.0,9.0,9.0,-1.0,13.0,-4.0,-12.0,15.0,-2.0,13.0,-4.0,-1.0,6.0
2025-06-27,CHOP_SELL,EXIT_FLAT,short,LOSER,-142.0,21,43938.0,-9.0,0.0,-12.0,-9.0,11.0,-8.0,0.0,-13.0,1.0,9.0,-23.0,0.0,-24.0,-15.0,18.0,-12.0,0.0,-24.0,11.0,20.0,-21.0,0.0,-24.0,-9.0,13.0
2025-06-30,TREND_SHORT,PARTIAL_TP,short,WINNER,57.0,56,44263.0,-8.0,10.0,-13.0,-8.0,23.0,-22.0,10.0,-22.0,-14.0,20.0,-22.0,10.0,-27.0,0.0,26.0,-9.0,10.0,-27.0,13.0,16.0,-12.0,10.0,-27.0,-3.0,18.0
2025-06-30,TREND_LONG,EXIT_FLAT,long,LOSER,-120.0,11,44362.0,2.0,8.0,-1.0,2.0,9.0,0.0,8.0,-3.0,-2.0,9.0,-18.0,8.0,-18.0,-18.0,20.0,-26.0,8.0,-27.0,-8.0,13.0,-18.0,8.0,-27.0,8.0,10.0
2025-06-30,CHOP_SELL,PARTIAL_TP,short,WINNER,53.0,15,44315.0,10.0,13.0,-2.0,10.0,15.0,9.0,13.0,-2.0,-1.0,7.0,0.0,13.0,-4.0,-9.0,13.0,9.0,13.0,-4.0,9.0,10.0,22.0,23.0,-4.0,13.0,14.0
2025-06-30,TREND_SHORT,EARLY_HARD_STOP,short,LOSER,-90.0,5,44226.0,-17.0,2.0,-17.0,-17.0,19.0,-17.0,2.0,-26.0,0.0,13.0,-35.0,2.0,-41.0,-18.0,27.0,-38.0,2.0,-42.0,-3.0,14.0,-45.0,2.0,-48.0,-7.0,13.0
2025-06-30,CHOP_BUY,PARTIAL_TP,long,WINNER,57.0,50,44251.0,-14.0,0.0,-21.0,-14.0,18.0,-13.0,0.0,-23.0,1.0,12.0,-11.0,0.0,-23.0,2.0,9.0,-10.0,0.0,-23.0,1.0,9.0,-4.0,0.0,-23.0,6.0,17.0
2025-06-30,TREND_LONG,PARTIAL_TP,long,WINNER,61.0,23,44360.0,9.0,14.0,0.0,9.0,14.0,-9.0,14.0,-10.0,-18.0,18.0,-31.0,14.0,-31.0,-22.0,23.0,-11.0,14.0,-31.0,20.0,24.0,-24.0,14.0,-31.0,-13.0,16.0
2025-07-01,TREND_LONG,PARTIAL_TP,long,WINNER,60.0,13,44568.0,-18.0,4.0,-20.0,-18.0,24.0,20.0,22.0,-20.0,38.0,41.0,20.0,28.0,-20.0,0.0,17.0,24.0,28.0,-20.0,4.0,13.0,23.0,31.0,-20.0,-1.0,15.0
2025-07-01,TREND_LONG,PARTIAL_TP,long,WINNER,63.0,19,44697.0,0.0,13.0,-3.0,0.0,16.0,13.0,14.0,-9.0,13.0,23.0,26.0,28.0,-9.0,13.0,19.0,15.0,35.0,-9.0,-11.0,24.0,-8.0,35.0,-10.0,-23.0,26.0
2025-07-01,CHOP_BUY,PARTIAL_TP,long,WINNER,53.0,23,44831.0,7.0,7.0,-5.0,7.0,12.0,14.0,17.0,-5.0,7.0,12.0,21.0,23.0,-5.0,7.0,11.0,20.0,24.0,-5.0,-1.0,10.0,11.0,29.0,-5.0,-9.0,19.0
2025-07-02,CHOP_SELL,CHOP_TP,short,WINNER,32.0,28,44692.0,-3.0,9.0,-5.0,-3.0,14.0,-6.0,12.0,-8.0,-3.0,20.0,17.0,22.0,-14.0,23.0,36.0,10.0,22.0,-14.0,-7.0,19.0,-9.0,22.0,-14.0,-19.0,19.0
2025-07-02,TREND_LONG,EXIT_FLAT,long,LOSER,-122.0,54,44809.0,10.0,12.0,-2.0,10.0,14.0,1.0,14.0,-2.0,-9.0,15.0,-4.0,14.0,-13.0,-5.0,20.0,-9.0,14.0,-18.0,-5.0,15.0,-2.0,14.0,-18.0,7.0,19.0
2025-07-02,CHOP_SELL,SESSION_EXIT,short,LOSER,-2.0,73,44772.0,7.0,9.0,0.0,7.0,9.0,13.0,13.0,0.0,6.0,13.0,14.0,15.0,0.0,1.0,7.0,15.0,20.0,0.0,1.0,8.0,9.0,20.0,0.0,-6.0,10.0
2025-07-03,TREND_LONG,CHOP_TP,long,WINNER,68.0,19,45022.0,2.0,5.0,-14.0,2.0,19.0,13.0,15.0,-14.0,11.0,22.0,20.0,26.0,-14.0,7.0,16.0,17.0,29.0,-14.0,-3.0,16.0,8.0,29.0,-14.0,-9.0,17.0
2025-07-03,TREND_LONG,PARTIAL_TP,long,WINNER,57.0,21,45077.0,-11.0,13.0,-14.0,-11.0,27.0,-5.0,13.0,-14.0,6.0,13.0,2.0,13.0,-14.0,7.0,9.0,-14.0,13.0,-17.0,-16.0,23.0,-8.0,13.0,-19.0,6.0,20.0
2025-07-03,CHOP_BUY,CHOP_TP,long,WINNER,50.0,58,45127.0,6.0,7.0,-2.0,6.0,9.0,10.0,16.0,-2.0,4.0,11.0,1.0,16.0,-2.0,-9.0,8.0,5.0,16.0,-2.0,4.0,7.0,8.0,16.0,-2.0,3.0,6.0
2025-07-04,CHOP_SELL,EXIT_FLAT,short,LOSER,-72.0,40,44878.0,3.0,3.0,-1.0,3.0,4.0,-3.0,3.0,-4.0,-6.0,4.0,-5.0,3.0,-11.0,-2.0,6.0,-7.0,3.0,-11.0,-2.0,3.0,-9.0,3.0,-11.0,-2.0,4.0
2025-07-04,CHOP_BUY,EXIT_FLAT,long,LOSER,-104.0,121,44890.0,2.0,4.0,0.0,2.0,3.0,3.0,7.0,0.0,1.0,6.0,11.0,11.0,0.0,8.0,8.0,21.0,23.0,0.0,10.0,12.0,18.0,25.0,0.0,-3.0,7.0
2025-07-07,TREND_SHORT,PARTIAL_TP,short,WINNER,52.0,14,44951.0,-6.0,0.0,-8.0,-6.0,8.0,-5.0,5.0,-13.0,1.0,18.0,-9.0,5.0,-15.0,-4.0,16.0,19.0,29.0,-15.0,28.0,39.0,18.0,29.0,-15.0,-1.0,14.0
2025-07-07,TREND_SHORT,PARTIAL_TP,short,WINNER,52.0,23,44863.0,1.0,5.0,-10.0,1.0,15.0,-16.0,5.0,-16.0,-17.0,20.0,1.0,5.0,-23.0,17.0,24.0,3.0,5.0,-23.0,2.0,12.0,-12.0,5.0,-23.0,-15.0,18.0
2025-07-07,TREND_SHORT,PARTIAL_TP,short,WINNER,62.0,11,44775.0,7.0,12.0,-1.0,7.0,13.0,12.0,17.0,-1.0,5.0,13.0,16.0,17.0,-1.0,4.0,10.0,14.0,21.0,-1.0,-2.0,12.0,18.0,23.0,-1.0,4.0,9.0
2025-07-07,CHOP_SELL,PARTIAL_TP,short,WINNER,53.0,21,44591.0,2.0,2.0,-8.0,2.0,10.0,-2.0,9.0,-8.0,-4.0,12.0,3.0,9.0,-8.0,5.0,7.0,-19.0,9.0,-19.0,-22.0,26.0,-11.0,9.0,-22.0,8.0,11.0
2025-07-07,CHOP_BUY,PARTIAL_TP,long,WINNER,55.0,12,44567.0,2.0,6.0,-2.0,2.0,8.0,16.0,19.0,-2.0,14.0,15.0,4.0,19.0,-2.0,-12.0,16.0,-7.0,19.0,-9.0,-11.0,17.0,9.0,19.0,-9.0,16.0,18.0
2025-07-08,TREND_SHORT,EXIT_FLAT,short,LOSER,-160.0,29,44553.0,21.0,21.0,-4.0,21.0,25.0,23.0,25.0,-4.0,2.0,23.0,22.0,28.0,-4.0,-1.0,17.0,13.0,28.0,-4.0,-9.0,13.0,5.0,28.0,-4.0,-8.0,17.0
2025-07-08,TREND_SHORT,PARTIAL_TP,short,WINNER,51.0,8,44544.0,-12.0,17.0,-21.0,-12.0,38.0,-12.0,17.0,-21.0,0.0,15.0,9.0,17.0,-21.0,21.0,29.0,0.0,17.0,-21.0,-9.0,14.0,-5.0,17.0,-21.0,-5.0,23.0
2025-07-08,CHOP_SELL,EXIT_FLAT,short,LOSER,-120.0,14,44556.0,-10.0,0.0,-11.0,-10.0,11.0,-7.0,0.0,-15.0,3.0,13.0,-15.0,4.0,-19.0,-8.0,23.0,-23.0,4.0,-27.0,-8.0,13.0,-23.0,4.0,-27.0,0.0,9.0
2025-07-08,CHOP_BUY,PARTIAL_TP,long,WINNER,54.0,9,44481.0,16.0,22.0,-4.0,16.0,26.0,26.0,34.0,-4.0,10.0,17.0,17.0,34.0,-4.0,-9.0,16.0,0.0,34.0,-10.0,-17.0,26.0,34.0,41.0,-10.0,34.0,39.0
2025-07-08,CHOP_BUY,SESSION_EXIT,long,LOSER,-58.0,60,44541.0,1.0,3.0,-8.0,1.0,11.0,-13.0,4.0,-13.0,-14.0,17.0,-13.0,4.0,-17.0,0.0,9.0,-8.0,4.0,-17.0,5.0,5.0,-12.0,4.0,-17.0,-4.0,9.0
2025-07-09,TREND_SHORT,PARTIAL_TP,short,WINNER,61.0,3,44673.0,7.0,43.0,-2.0,7.0,45.0,30.0,43.0,-2.0,23.0,26.0,61.0,62.0,-2.0,31.0,35.0,78.0,90.0,-2.0,17.0,28.0,57.0,99.0,-2.0,-21.0,44.0
2025-07-09,CHOP_BUY,PARTIAL_TP,long,WINNER,50.0,36,44550.0,-11.0,3.0,-11.0,-11.0,14.0,-19.0,3.0,-20.0,-8.0,10.0,-13.0,3.0,-26.0,6.0,13.0,-7.0,3.0,-26.0,6.0,13.0,-13.0,3.0,-26.0,-6.0,8.0
2025-07-10,TREND_LONG,PARTIAL_TP,long,WINNER,61.0,15,44730.0,-4.0,10.0,-8.0,-4.0,18.0,11.0,16.0,-8.0,15.0,20.0,2.0,19.0,-8.0,-9.0,20.0,15.0,19.0,-8.0,13.0,15.0,33.0,33.0,-8.0,18.0,23.0
2025-07-10,TREND_LONG,PARTIAL_TP,long,WINNER,53.0,8,44871.0,5.0,6.0,-7.0,5.0,13.0,-1.0,6.0,-7.0,-6.0,12.0,5.0,13.0,-7.0,6.0,17.0,34.0,37.0,-7.0,29.0,40.0,42.0,44.0,-7.0,8.0,11.0
2025-07-10,TREND_LONG,PARTIAL_TP,long,WINNER,50.0,14,44939.0,12.0,12.0,0.0,12.0,12.0,6.0,15.0,0.0,-6.0,14.0,10.0,15.0,0.0,4.0,9.0,18.0,20.0,0.0,8.0,11.0,26.0,30.0,0.0,8.0,15.0
2025-07-10,CHOP_BUY,CHOP_TP,long,WINNER,28.0,110,44982.0,15.0,16.0,-1.0,15.0,17.0,13.0,21.0,-1.0,-2.0,9.0,10.0,21.0,-1.0,-3.0,11.0,10.0,21.0,-1.0,0.0,9.0,7.0,21.0,-1.0,-3.0,6.0
2025-07-10,CHOP_SELL,EXIT_FLAT,short,LOSER,-62.0,25,44992.0,8.0,8.0,-2.0,8.0,10.0,5.0,9.0,-2.0,-3.0,10.0,2.0,9.0,-2.0,-3.0,6.0,-5.0,9.0,-7.0,-7.0,11.0,-3.0,9.0,-7.0,2.0,4.0
2025-07-10,TREND_LONG,EXIT_FLAT,long,LOSER,-130.0,24,45040.0,-9.0,1.0,-9.0,-9.0,10.0,-10.0,1.0,-11.0,-1.0,5.0,-20.0,1.0,-20.0,-10.0,12.0,-17.0,1.0,-20.0,3.0,9.0,-21.0,1.0,-23.0,-4.0,8.0
2025-07-10,CHOP_SELL,PARTIAL_TP,short,WINNER,69.0,17,44982.0,2.0,6.0,-3.0,2.0,9.0,-6.0,6.0,-6.0,-8.0,8.0,1.0,6.0,-6.0,7.0,6.0,5.0,7.0,-6.0,4.0,5.0,-1.0,10.0,-6.0,-6.0,12.0
2025-07-11,TREND_LONG,EXIT_FLAT,long,LOSER,-124.0,44,44670.0,-8.0,1.0,-15.0,-8.0,16.0,-3.0,1.0,-15.0,5.0,10.0,-3.0,4.0,-15.0,0.0,13.0,-7.0,4.0,-15.0,-4.0,16.0,-2.0,4.0,-15.0,5.0,12.0
2025-07-11,CHOP_BUY,PARTIAL_TP,long,WINNER,50.0,53,44549.0,-17.0,4.0,-21.0,-17.0,25.0,-16.0,4.0,-24.0,1.0,16.0,-12.0,4.0,-31.0,4.0,20.0,-29.0,4.0,-39.0,-17.0,24.0,-26.0,4.0,-39.0,3.0,16.0
2025-07-11,CHOP_SELL,PARTIAL_TP,short,WINNER,52.0,11,44646.0,0.0,8.0,0.0,0.0,8.0,8.0,11.0,0.0,8.0,11.0,5.0,11.0,0.0,-3.0,9.0,4.0,11.0,0.0,-1.0,10.0,0.0,11.0,-3.0,-4.0,8.0
2025-07-14,TREND_LONG,EARLY_HARD_STOP,long,LOSER,-84.0,2,44672.0,-25.0,5.0,-25.0,-25.0,30.0,-42.0,5.0,-43.0,-17.0,24.0,-32.0,5.0,-43.0,10.0,17.0,-63.0,5.0,-67.0,-31.0,36.0,-64.0,5.0,-72.0,-1.0,14.0
2025-07-14,CHOP_SELL,EXIT_FLAT,short,LOSER,-78.0,76,44652.0,4.0,7.0,-3.0,4.0,10.0,3.0,7.0,-3.0,-1.0,7.0,-10.0,7.0,-20.0,-13.0,23.0,-6.0,7.0,-20.0,4.0,8.0,2.0,7.0,-20.0,8.0,7.0
2025-07-14,CHOP_SELL,SESSION_EXIT,short,LOSER,-8.0,52,44672.0,-1.0,2.0,-3.0,-1.0,5.0,-4.0,2.0,-10.0,-3.0,11.0,-1.0,3.0,-10.0,3.0,9.0,-1.0,3.0,-10.0,0.0,5.0,-4.0,3.0,-10.0,-3.0,6.0
2025-07-15,TREND_SHORT,PARTIAL_TP,short,WINNER,64.0,27,44517.0,-7.0,12.0,-12.0,-7.0,24.0,-17.0,12.0,-18.0,-10.0,24.0,-5.0,12.0,-24.0,12.0,30.0,5.0,21.0,-24.0,10.0,26.0,-1.0,21.0,-24.0,-6.0,19.0
2025-07-15,TREND_SHORT,PARTIAL_TP,short,WINNER,58.0,140,44344.0,-12.0,1.0,-13.0,-12.0,14.0,-10.0,1.0,-15.0,2.0,7.0,-9.0,1.0,-17.0,1.0,11.0,-18.0,2.0,-18.0,-9.0,20.0,-31.0,2.0,-35.0,-13.0,18.0
2025-07-15,TREND_SHORT,SESSION_EXIT,short,WINNER,20.0,3,44257.0,-2.0,7.0,-8.0,-2.0,15.0,15.0,21.0,-14.0,17.0,35.0,10.0,21.0,-14.0,-5.0,20.0,8.0,21.0,-14.0,-2.0,18.0,13.0,21.0,-14.0,5.0,12.0
2025-07-16,TREND_SHORT,EARLY_HARD_STOP,short,LOSER,-88.0,1,44269.0,-44.0,3.0,-45.0,-44.0,48.0,-56.0,3.0,-56.0,-12.0,22.0,-47.0,3.0,-61.0,9.0,24.0,-43.0,3.0,-61.0,4.0,18.0,-60.0,3.0,-71.0,-17.0,36.0
2025-07-16,TREND_SHORT,EARLY_HARD_STOP,short,LOSER,-80.0,2,44258.0,-30.0,3.0,-33.0,-30.0,36.0,-40.0,3.0,-41.0,-10.0,13.0,-55.0,3.0,-64.0,-15.0,22.0,-60.0,3.0,-64.0,-5.0,12.0,-79.0,3.0,-79.0,-19.0,25.0
2025-07-16,CHOP_SELL,EXIT_FLAT,short,LOSER,-128.0,19,44298.0,-23.0,7.0,-25.0,-23.0,32.0,-14.0,7.0,-25.0,9.0,13.0,28.0,33.0,-25.0,42.0,48.0,22.0,39.0,-25.0,-6.0,26.0,31.0,39.0,-25.0,9.0,17.0
2025-07-16,CHOP_BUY,EARLY_HARD_STOP,long,LOSER,-92.0,3,44289.0,26.0,29.0,-18.0,26.0,47.0,11.0,29.0,-18.0,-15.0,25.0,-46.0,29.0,-52.0,-57.0,64.0,-14.0,29.0,-52.0,32.0,37.0,-12.0,29.0,-52.0,2.0,22.0
2025-07-16,CHOP_BUY,PARTIAL_TP,long,WINNER,58.0,6,44292.0,7.0,16.0,-5.0,7.0,21.0,12.0,16.0,-5.0,5.0,12.0,13.0,22.0,-5.0,1.0,19.0,30.0,34.0,-5.0,17.0,21.0,34.0,43.0,-5.0,4.0,15.0
2025-07-16,TREND_SHORT,EARLY_HARD_STOP,short,LOSER,-86.0,4,44103.0,-13.0,24.0,-33.0,-13.0,57.0,30.0,35.0,-33.0,43.0,46.0,21.0,50.0,-33.0,-9.0,37.0,-43.0,50.0,-44.0,-64.0,65.0,7.0,50.0,-46.0,50.0,53.0
2025-07-16,TREND_SHORT,EXIT_FLAT,short,LOSER,-172.0,7,44034.0,37.0,40.0,-1.0,37.0,41.0,29.0,54.0,-1.0,-8.0,30.0,27.0,61.0,-1.0,-2.0,38.0,9.0,61.0,-2.0,-18.0,32.0,-25.0,61.0,-42.0,-34.0,70.0
2025-07-16,CHOP_BUY,PARTIAL_TP,long,WINNER,57.0,55,44366.0,4.0,7.0,-10.0,4.0,17.0,6.0,10.0,-10.0,2.0,6.0,-7.0,10.0,-10.0,-13.0,14.0,-11.0,10.0,-16.0,-4.0,12.0,-17.0,10.0,-17.0,-6.0,12.0
2025-07-16,CHOP_BUY,SESSION_EXIT,long,WINNER,28.0,38,44435.0,0.0,6.0,-3.0,0.0,9.0,-1.0,6.0,-6.0,-1.0,11.0,3.0,11.0,-6.0,4.0,13.0,7.0,11.0,-6.0,4.0,8.0,6.0,15.0,-6.0,-1.0,10.0
2025-07-17,CHOP_SELL,EXIT_FLAT,short,LOSER,-146.0,31,44537.0,-6.0,3.0,-8.0,-6.0,11.0,1.0,10.0,-8.0,7.0,18.0,11.0,25.0,-8.0,10.0,23.0,9.0,25.0,-8.0,-2.0,12.0,11.0,25.0,-8.0,2.0,12.0
2025-07-17,CHOP_BUY,EXIT_FLAT,long,LOSER,-130.0,17,44670.0,6.0,14.0,0.0,6.0,13.0,1.0,14.0,0.0,-5.0,11.0,6.0,14.0,-8.0,5.0,14.0,6.0,14.0,-8.0,0.0,6.0,15.0,17.0,-8.0,9.0,10.0
2025-07-17,CHOP_BUY,CHOP_TP,long,WINNER,24.0,2,44663.0,6.0,6.0,-3.0,6.0,9.0,12.0,16.0,-3.0,6.0,13.0,7.0,16.0,-3.0,-5.0,7.0,8.0,16.0,-3.0,1.0,5.0,8.0,16.0,-3.0,0.0,4.0
2025-07-17,CHOP_BUY,PARTIAL_TP,long,WINNER,63.0,31,44671.0,0.0,4.0,0.0,0.0,4.0,-14.0,4.0,-14.0,-14.0,16.0,-17.0,4.0,-18.0,-3.0,5.0,-11.0,4.0,-18.0,6.0,7.0,-10.0,4.0,-18.0,1.0,6.0
2025-07-17,CHOP_BUY,SESSION_EXIT,long,LOSER,-48.0,27,44733.0,-11.0,0.0,-18.0,-11.0,17.0,-4.0,0.0,-18.0,7.0,11.0,-5.0,0.0,-18.0,-1.0,7.0,-8.0,0.0,-18.0,-3.0,6.0,-10.0,0.0,-18.0,-2.0,7.0
2025-07-18,TREND_SHORT,PARTIAL_TP,short,WINNER,50.0,15,44605.0,-6.0,20.0,-11.0,-6.0,31.0,19.0,33.0,-11.0,25.0,42.0,3.0,33.0,-11.0,-16.0,29.0,3.0,33.0,-11.0,0.0,18.0,3.0,33.0,-11.0,0.0,11.0
2025-07-18,CHOP_BUY,EXIT_FLAT,long,LOSER,-112.0,24,44533.0,10.0,10.0,-1.0,10.0,11.0,13.0,15.0,-1.0,3.0,9.0,19.0,21.0,-1.0,6.0,14.0,9.0,21.0,-1.0,-10.0,13.0,12.0,21.0,-1.0,3.0,8.0
2025-07-18,TREND_SHORT,EXIT_FLAT,short,LOSER,-122.0,75,44440.0,2.0,8.0,-6.0,2.0,14.0,7.0,9.0,-8.0,5.0,17.0,-6.0,9.0,-13.0,-13.0,19.0,-10.0,9.0,-15.0,-4.0,13.0,-5.0,9.0,-15.0,5.0,14.0
2025-07-18,CHOP_SELL,EXIT_FLAT,short,LOSER,-138.0,106,44482.0,7.0,8.0,-1.0,7.0,9.0,10.0,11.0,-1.0,3.0,5.0,24.0,26.0,-1.0,14.0,13.0,13.0,28.0,-1.0,-11.0,18.0,19.0,28.0,-1.0,6.0,6.0
2025-07-21,TREND_LONG,PARTIAL_TP,long,WINNER,61.0,73,44687.0,-14.0,7.0,-17.0,-14.0,24.0,0.0,7.0,-17.0,14.0,16.0,9.0,12.0,-17.0,9.0,22.0,17.0,29.0,-17.0,8.0,18.0,15.0,29.0,-17.0,-2.0,13.0
2025-07-21,TREND_LONG,EXIT_FLAT,long,LOSER,-128.0,89,44811.0,-9.0,0.0,-12.0,-9.0,12.0,-14.0,0.0,-14.0,-5.0,10.0,-14.0,0.0,-18.0,0.0,6.0,-17.0,0.0,-23.0,-3.0,10.0,-16.0,0.0,-23.0,1.0,7.0
2025-07-21,CHOP_BUY,EXIT_FLAT,long,LOSER,-120.0,20,44741.0,-8.0,1.0,-10.0,-8.0,11.0,-7.0,1.0,-11.0,1.0,8.0,-6.0,1.0,-13.0,1.0,9.0,-7.0,1.0,-13.0,-1.0,5.0,-16.0,1.0,-19.0,-9.0,14.0
2025-07-21,TREND_SHORT,SESSION_EXIT,short,LOSER,-6.0,16,44565.0,10.0,13.0,-7.0,10.0,20.0,20.0,25.0,-7.0,10.0,17.0,21.0,29.0,-7.0,1.0,13.0,15.0,29.0,-7.0,-6.0,25.0,2.0,29.0,-7.0,-13.0,17.0
2025-07-22,CHOP_SELL,EXIT_FLAT,short,LOSER,-124.0,73,44553.0,19.0,23.0,0.0,19.0,22.0,39.0,45.0,0.0,20.0,28.0,33.0,48.0,0.0,-6.0,17.0,23.0,48.0,0.0,-10.0,18.0,26.0,48.0,0.0,3.0,12.0
2025-07-22,TREND_LONG,EXIT_FLAT,long,LOSER,-124.0,29,44679.0,-7.0,4.0,-10.0,-7.0,14.0,-3.0,4.0,-10.0,4.0,12.0,-20.0,4.0,-22.0,-17.0,22.0,-17.0,4.0,-22.0,3.0,9.0,-12.0,4.0,-22.0,5.0,12.0
2025-07-22,TREND_LONG,PARTIAL_TP,long,WINNER,58.0,66,44685.0,-1.0,14.0,-1.0,-1.0,15.0,-6.0,14.0,-9.0,-5.0,17.0,-7.0,14.0,-9.0,-1.0,5.0,0.0,14.0,-11.0,7.0,11.0,-3.0,14.0,-11.0,-3.0,10.0
2025-07-22,TREND_LONG,EARLY_HARD_STOP,long,LOSER,-92.0,2,44747.0,-8.0,0.0,-10.0,-8.0,9.0,-46.0,0.0,-50.0,-38.0,44.0,-47.0,0.0,-58.0,-1.0,16.0,-33.0,0.0,-58.0,14.0,18.0,-38.0,0.0,-58.0,-5.0,7.0
2025-07-23,TREND_LONG,PARTIAL_TP,long,WINNER,77.0,2,45004.0,32.0,33.0,-10.0,32.0,43.0,77.0,101.0,-10.0,45.0,67.0,69.0,101.0,-10.0,-8.0,31.0,58.0,101.0,-10.0,-11.0,25.0,61.0,101.0,-10.0,3.0,27.0
2025-07-23,TREND_LONG,CHOP_TP,long,WINNER,32.0,39,45146.0,-6.0,0.0,-9.0,-6.0,8.0,-8.0,0.0,-9.0,-2.0,6.0,-9.0,1.0,-11.0,-1.0,12.0,-4.0,1.0,-14.0,5.0,10.0,15.0,16.0,-14.0,19.0,19.0
2025-07-23,CHOP_SELL,EXIT_FLAT,short,LOSER,-78.0,88,45162.0,-2.0,4.0,-2.0,-2.0,6.0,-13.0,4.0,-17.0,-11.0,17.0,-5.0,4.0,-17.0,8.0,11.0,-3.0,5.0,-17.0,2.0,16.0,-4.0,5.0,-17.0,-1.0,9.0
2025-07-23,TREND_LONG,SESSION_EXIT,long,LOSER,-68.0,1,45231.0,-34.0,3.0,-34.0,-34.0,37.0,-33.0,3.0,-50.0,1.0,35.0,-12.0,3.0,-50.0,21.0,32.0,-22.0,3.0,-50.0,-10.0,33.0,-24.0,3.0,-50.0,-2.0,17.0
2025-07-24,TREND_LONG,EARLY_HARD_STOP,long,LOSER,-102.0,3,44981.0,-34.0,7.0,-38.0,-34.0,45.0,-17.0,7.0,-38.0,17.0,21.0,-51.0,7.0,-66.0,-34.0,48.0,-23.0,7.0,-66.0,28.0,30.0,7.0,7.0,-66.0,30.0,34.0
2025-07-24,TREND_LONG,PARTIAL_TP,long,WINNER,53.0,5,44988.0,0.0,3.0,-6.0,0.0,9.0,8.0,12.0,-6.0,8.0,18.0,33.0,34.0,-6.0,25.0,27.0,45.0,52.0,-6.0,12.0,17.0,53.0,63.0,-6.0,8.0,18.0
2025-07-24,CHOP_SELL,PARTIAL_TP,short,WINNER,56.0,12,45101.0,4.0,8.0,-2.0,4.0,10.0,5.0,10.0,-2.0,1.0,10.0,12.0,13.0,-2.0,7.0,10.0,3.0,13.0,-2.0,-9.0,12.0,6.0,13.0,-2.0,3.0,11.0
2025-07-24,CHOP_SELL,PARTIAL_TP,short,WINNER,50.0,85,45031.0,10.0,12.0,0.0,10.0,12.0,22.0,24.0,0.0,12.0,15.0,19.0,25.0,0.0,-3.0,8.0,11.0,25.0,0.0,-8.0,10.0,1.0,25.0,0.0,-10.0,11.0
2025-07-24,CHOP_BUY,SESSION_EXIT,long,LOSER,-52.0,9,44921.0,4.0,6.0,-1.0,4.0,7.0,15.0,20.0,-1.0,11.0,18.0,11.0,21.0,-1.0,-4.0,11.0,12.0,21.0,-4.0,1.0,18.0,5.0,21.0,-4.0,-7.0,14.0
2025-07-25,TREND_SHORT,PARTIAL_TP,short,WINNER,51.0,3,44872.0,19.0,25.0,-3.0,19.0,28.0,27.0,30.0,-3.0,8.0,19.0,51.0,54.0,-3.0,24.0,32.0,24.0,54.0,-3.0,-27.0,30.0,13.0,54.0,-3.0,-11.0,12.0
2025-07-25,TREND_LONG,EXIT_FLAT,long,LOSER,-122.0,38,44987.0,-3.0,0.0,-7.0,-3.0,7.0,1.0,1.0,-11.0,4.0,12.0,4.0,15.0,-11.0,3.0,15.0,8.0,15.0,-11.0,4.0,15.0,6.0,15.0,-11.0,-2.0,6.0
2025-07-25,CHOP_SELL,EXIT_FLAT,short,LOSER,-96.0,36,44974.0,-1.0,3.0,-3.0,-1.0,6.0,-4.0,3.0,-8.0,-3.0,8.0,-6.0,3.0,-13.0,-2.0,9.0,-7.0,3.0,-13.0,-1.0,3.0,4.0,5.0,-13.0,11.0,14.0
2025-07-25,TREND_LONG,CHOP_TP,long,WINNER,82.0,33,45029.0,2.0,6.0,-3.0,2.0,9.0,8.0,9.0,-3.0,6.0,8.0,3.0,9.0,-3.0,-5.0,9.0,-12.0,9.0,-15.0,-15.0,18.0,-11.0,9.0,-15.0,1.0,6.0
2025-07-25,TREND_LONG,CHOP_TP,long,WINNER,46.0,50,45076.0,-2.0,3.0,-5.0,-2.0,8.0,-3.0,3.0,-5.0,-1.0,7.0,-5.0,3.0,-6.0,-2.0,6.0,-2.0,3.0,-8.0,3.0,7.0,-2.0,3.0,-9.0,0.0,8.0
2025-07-25,CHOP_SELL,SESSION_EXIT,short,WINNER,56.0,71,45100.0,18.0,18.0,0.0,18.0,18.0,13.0,19.0,0.0,-5.0,8.0,11.0,19.0,0.0,-2.0,4.0,3.0,19.0,0.0,-8.0,9.0,6.0,19.0,0.0,3.0,5.0
2025-07-28,TREND_SHORT,EXIT_FLAT,short,LOSER,-164.0,13,44989.0,-17.0,3.0,-20.0,-17.0,23.0,-9.0,3.0,-20.0,8.0,16.0,12.0,16.0,-20.0,21.0,24.0,19.0,31.0,-20.0,7.0,19.0,9.0,31.0,-20.0,-10.0,17.0
2025-07-28,TREND_LONG,EXIT_FLAT,long,LOSER,-126.0,65,45099.0,0.0,5.0,-9.0,0.0,14.0,6.0,7.0,-9.0,6.0,12.0,3.0,9.0,-9.0,-3.0,7.0,11.0,15.0,-9.0,8.0,18.0,4.0,15.0,-9.0,-7.0,12.0
2025-07-28,CHOP_BUY,EXIT_FLAT,long,LOSER,-120.0,34,45110.0,-2.0,0.0,-6.0,-2.0,6.0,-4.0,0.0,-8.0,-2.0,5.0,-9.0,0.0,-12.0,-5.0,8.0,-9.0,0.0,-12.0,0.0,7.0,0.0,0.0,-12.0,9.0,9.0
2025-07-28,TREND_SHORT,CHOP_TP,short,WINNER,46.0,78,44957.0,1.0,5.0,-3.0,1.0,8.0,-3.0,5.0,-12.0,-4.0,14.0,9.0,11.0,-12.0,12.0,14.0,4.0,12.0,-12.0,-5.0,16.0,14.0,20.0,-12.0,10.0,21.0
2025-07-28,CHOP_SELL,SESSION_EXIT,short,LOSER,-148.0,24,44960.0,-5.0,1.0,-5.0,-5.0,6.0,-13.0,1.0,-13.0,-8.0,7.0,-7.0,1.0,-16.0,6.0,11.0,-15.0,1.0,-16.0,-8.0,16.0,-12.0,1.0,-19.0,3.0,11.0
2025-07-29,TREND_SHORT,PARTIAL_TP,short,WINNER,55.0,16,44914.0,8.0,12.0,-1.0,8.0,13.0,-10.0,12.0,-19.0,-18.0,28.0,-11.0,12.0,-19.0,-1.0,8.0,-2.0,12.0,-19.0,9.0,14.0,3.0,12.0,-19.0,5.0,12.0
2025-07-29,CHOP_BUY,EXIT_FLAT,long,LOSER,-72.0,10,44866.0,-17.0,0.0,-19.0,-17.0,17.0,-10.0,0.0,-19.0,7.0,12.0,-2.0,0.0,-19.0,8.0,15.0,-4.0,6.0,-19.0,-2.0,15.0,-3.0,7.0,-19.0,1.0,13.0
2025-07-29,TREND_SHORT,EXIT_FLAT,short,LOSER,-130.0,86,44798.0,-20.0,4.0,-24.0,-20.0,28.0,15.0,17.0,-24.0,35.0,34.0,-6.0,17.0,-24.0,-21.0,23.0,1.0,17.0,-24.0,7.0,17.0,8.0,17.0,-24.0,7.0,11.0
2025-07-29,CHOP_SELL,PARTIAL_TP,short,WINNER,50.0,19,44885.0,-3.0,1.0,-6.0,-3.0,7.0,4.0,9.0,-6.0,7.0,9.0,3.0,9.0,-6.0,-1.0,7.0,1.0,9.0,-6.0,-2.0,5.0,10.0,12.0,-6.0,9.0,13.0
2025-07-29,TREND_SHORT,EXIT_FLAT,short,LOSER,-124.0,15,44743.0,-19.0,4.0,-19.0,-19.0,23.0,-15.0,4.0,-22.0,4.0,10.0,8.0,8.0,-22.0,23.0,27.0,4.0,8.0,-22.0,-4.0,9.0,-11.0,8.0,-22.0,-15.0,15.0
2025-07-30,TREND_SHORT,EARLY_HARD_STOP,short,LOSER,-136.0,5,44743.0,-10.0,16.0,-15.0,-10.0,31.0,-27.0,16.0,-35.0,-17.0,29.0,-24.0,16.0,-35.0,3.0,13.0,-36.0,16.0,-37.0,-12.0,16.0,-68.0,16.0,-75.0,-32.0,41.0
2025-07-30,TREND_LONG,CHOP_TP,long,WINNER,32.0,14,44871.0,1.0,7.0,-6.0,1.0,13.0,3.0,9.0,-6.0,2.0,11.0,5.0,13.0,-6.0,2.0,17.0,23.0,26.0,-6.0,18.0,28.0,26.0,31.0,-6.0,3.0,9.0
2025-07-30,CHOP_BUY,EXIT_FLAT,long,LOSER,-126.0,25,44874.0,1.0,9.0,0.0,1.0,9.0,-1.0,9.0,-4.0,-2.0,6.0,5.0,9.0,-6.0,6.0,13.0,4.0,9.0,-7.0,-1.0,11.0,-15.0,9.0,-16.0,-19.0,19.0
2025-07-30,CHOP_BUY,PARTIAL_TP,long,WINNER,51.0,29,44741.0,-6.0,0.0,-13.0,-6.0,12.0,6.0,6.0,-13.0,12.0,17.0,-17.0,7.0,-17.0,-23.0,24.0,-3.0,7.0,-20.0,14.0,17.0,0.0,7.0,-20.0,3.0,10.0
2025-07-30,CHOP_BUY,PARTIAL_TP,long,WINNER,55.0,102,44823.0,2.0,5.0,-4.0,2.0,9.0,9.0,9.0,-4.0,7.0,6.0,12.0,12.0,-4.0,3.0,6.0,3.0,14.0,-4.0,-9.0,14.0,-1.0,14.0,-4.0,-4.0,5.0
2025-07-30,CHOP_BUY,EARLY_HARD_STOP,long,LOSER,-112.0,1,44781.0,-56.0,2.0,-56.0,-56.0,58.0,-60.0,2.0,-75.0,-4.0,38.0,-125.0,2.0,-136.0,-65.0,73.0,-85.0,2.0,-136.0,40.0,63.0,-97.0,2.0,-136.0,-12.0,23.0
2025-07-30,TREND_SHORT,PARTIAL_TP,short,WINNER,65.0,1,44721.0,65.0,76.0,0.0,65.0,73.0,25.0,76.0,0.0,-40.0,63.0,37.0,76.0,0.0,12.0,23.0,37.0,76.0,0.0,0.0,36.0,62.0,76.0,0.0,25.0,44.0
2025-07-31,TREND_LONG,EXIT_FLAT,long,LOSER,-124.0,18,44741.0,7.0,11.0,-6.0,7.0,17.0,8.0,14.0,-6.0,1.0,13.0,7.0,21.0,-6.0,-1.0,14.0,9.0,21.0,-6.0,2.0,17.0,19.0,22.0,-6.0,10.0,15.0
2025-07-31,TREND_SHORT,PARTIAL_TP,short,WINNER,60.0,11,44582.0,-22.0,2.0,-30.0,-22.0,32.0,-28.0,2.0,-32.0,-6.0,18.0,-11.0,2.0,-33.0,17.0,24.0,-25.0,2.0,-39.0,-14.0,30.0,-27.0,2.0,-39.0,-2.0,13.0
2025-07-31,CHOP_BUY,EXIT_FLAT,long,LOSER,-126.0,19,44625.0,-8.0,5.0,-10.0,-8.0,15.0,-5.0,9.0,-10.0,3.0,15.0,6.0,9.0,-10.0,11.0,19.0,17.0,19.0,-10.0,11.0,14.0,0.0,26.0,-10.0,-17.0,26.0
2025-07-31,TREND_SHORT,EXIT_FLAT,short,LOSER,-126.0,8,44436.0,-30.0,5.0,-35.0,-30.0,40.0,-2.0,5.0,-39.0,28.0,40.0,-13.0,5.0,-39.0,-11.0,23.0,25.0,25.0,-39.0,38.0,33.0,-4.0,29.0,-39.0,-29.0,34.0
2025-07-31,TREND_SHORT,PARTIAL_TP,short,WINNER,64.0,9,44389.0,-29.0,4.0,-29.0,-29.0,33.0,-2.0,4.0,-32.0,27.0,34.0,10.0,12.0,-32.0,12.0,29.0,-4.0,12.0,-32.0,-14.0,27.0,-20.0,12.0,-32.0,-16.0,24.0
2025-07-31,TREND_SHORT,PARTIAL_TP,short,WINNER,65.0,1,44306.0,65.0,65.0,0.0,65.0,65.0,60.0,72.0,0.0,-5.0,27.0,63.0,85.0,0.0,3.0,38.0,74.0,86.0,0.0,11.0,33.0,61.0,98.0,0.0,-13.0,39.0
2025-08-01,TREND_SHORT,EARLY_HARD_STOP,short,LOSER,-88.0,3,43598.0,-20.0,15.0,-25.0,-20.0,40.0,-13.0,15.0,-40.0,7.0,35.0,-44.0,15.0,-52.0,-31.0,40.0,-3.0,15.0,-52.0,41.0,48.0,8.0,15.0,-52.0,11.0,30.0
2025-08-01,TREND_SHORT,EARLY_HARD_STOP,short,LOSER,-80.0,4,43520.0,36.0,41.0,-6.0,36.0,47.0,25.0,56.0,-6.0,-11.0,33.0,1.0,56.0,-6.0,-24.0,50.0,-40.0,56.0,-65.0,-41.0,76.0,-4.0,56.0,-67.0,36.0,71.0
2025-08-01,CHOP_BUY,EARLY_HARD_STOP,long,LOSER,-90.0,5,43845.0,10.0,13.0,-3.0,10.0,16.0,-22.0,13.0,-22.0,-32.0,31.0,-27.0,13.0,-32.0,-5.0,15.0,-32.0,13.0,-35.0,-5.0,9.0,-45.0,13.0,-45.0,-13.0,21.0
2025-08-01,CHOP_SELL,PARTIAL_TP,short,WINNER,50.0,9,43645.0,-24.0,5.0,-25.0,-24.0,30.0,-16.0,5.0,-25.0,8.0,15.0,-12.0,5.0,-27.0,4.0,17.0,-3.0,5.0,-27.0,9.0,19.0,7.0,16.0,-27.0,10.0,25.0
2025-08-04,TREND_LONG,CHOP_TP,long,WINNER,24.0,27,44119.0,5.0,13.0,-6.0,5.0,19.0,9.0,13.0,-6.0,4.0,13.0,25.0,30.0,-6.0,16.0,26.0,35.0,37.0,-6.0,10.0,17.0,35.0,39.0,-6.0,0.0,14.0
2025-08-04,TREND_LONG,CHOP_TP,long,WINNER,40.0,30,44159.0,-1.0,5.0,-8.0,-1.0,13.0,-15.0,5.0,-15.0,-14.0,20.0,-7.0,5.0,-15.0,8.0,13.0,-18.0,5.0,-22.0,-11.0,23.0,-22.0,5.0,-23.0,-4.0,10.0
2025-08-04,TREND_LONG,EXIT_FLAT,long,LOSER,-130.0,18,44224.0,-17.0,2.0,-22.0,-17.0,24.0,-9.0,2.0,-29.0,8.0,20.0,-15.0,2.0,-29.0,-6.0,12.0,-11.0,2.0,-29.0,4.0,19.0,-12.0,2.0,-29.0,-1.0,14.0
2025-08-04,TREND_LONG,PARTIAL_TP,long,WINNER,50.0,26,44247.0,-1.0,5.0,-4.0,-1.0,9.0,1.0,5.0,-5.0,2.0,8.0,8.0,9.0,-5.0,7.0,12.0,0.0,9.0,-5.0,-8.0,11.0,12.0,13.0,-5.0,12.0,13.0
2025-08-04,CHOP_SELL,EXIT_FLAT,short,LOSER,-134.0,24,44222.0,2.0,2.0,-5.0,2.0,7.0,0.0,2.0,-5.0,-2.0,4.0,-3.0,5.0,-5.0,-3.0,8.0,3.0,5.0,-6.0,6.0,10.0,2.0,8.0,-6.0,-1.0,7.0
2025-08-04,TREND_LONG,SESSION_EXIT,long,WINNER,2.0,40,44304.0,-1.0,8.0,-4.0,-1.0,12.0,-10.0,8.0,-11.0,-9.0,12.0,2.0,8.0,-13.0,12.0,16.0,4.0,8.0,-13.0,2.0,9.0,1.0,8.0,-13.0,-3.0,5.0
2025-08-05,TREND_SHORT,PARTIAL_TP,short,WINNER,57.0,8,44271.0,-4.0,7.0,-4.0,-4.0,11.0,-16.0,7.0,-22.0,-12.0,21.0,-27.0,7.0,-28.0,-11.0,17.0,26.0,81.0,-28.0,53.0,94.0,45.0,81.0,-28.0,19.0,39.0
2025-08-06,TREND_SHORT,EXIT_FLAT,short,LOSER,-130.0,12,44143.0,-5.0,3.0,-16.0,-5.0,19.0,8.0,11.0,-16.0,13.0,23.0,2.0,11.0,-16.0,-6.0,24.0,10.0,18.0,-16.0,8.0,24.0,4.0,18.0,-16.0,-6.0,21.0
2025-08-06,TREND_LONG,EXIT_FLAT,long,LOSER,-124.0,16,44338.0,6.0,16.0,-2.0,6.0,18.0,12.0,17.0,-2.0,6.0,14.0,0.0,17.0,-2.0,-12.0,14.0,-3.0,17.0,-7.0,-3.0,14.0,-3.0,17.0,-10.0,0.0,14.0
2025-08-06,TREND_LONG,EXIT_FLAT,long,LOSER,-132.0,10,44372.0,-15.0,0.0,-19.0,-15.0,18.0,0.0,7.0,-19.0,15.0,22.0,9.0,13.0,-19.0,9.0,15.0,10.0,15.0,-19.0,1.0,13.0,-9.0,15.0,-19.0,-19.0,24.0
2025-08-06,TREND_LONG,EXIT_FLAT,long,LOSER,-128.0,8,44388.0,-18.0,1.0,-19.0,-18.0,20.0,-22.0,1.0,-24.0,-4.0,8.0,-17.0,1.0,-24.0,5.0,13.0,-20.0,1.0,-24.0,-3.0,10.0,-25.0,1.0,-28.0,-5.0,10.0
2025-08-06,CHOP_BUY,CHOP_TP,long,WINNER,24.0,48,44326.0,-4.0,0.0,-9.0,-4.0,8.0,4.0,4.0,-9.0,8.0,11.0,11.0,19.0,-9.0,7.0,16.0,-9.0,19.0,-13.0,-20.0,24.0,-8.0,19.0,-15.0,1.0,7.0
2025-08-06,TREND_LONG,EXIT_FLAT,long,LOSER,-146.0,51,44392.0,6.0,21.0,0.0,6.0,21.0,-6.0,21.0,-6.0,-12.0,14.0,-25.0,21.0,-29.0,-19.0,24.0,-24.0,21.0,-29.0,1.0,10.0,-28.0,21.0,-32.0,-4.0,11.0
2025-08-06,CHOP_SELL,SESSION_EXIT,short,WINNER,78.0,56,44347.0,9.0,17.0,-2.0,9.0,19.0,8.0,17.0,-2.0,-1.0,5.0,15.0,17.0,-2.0,7.0,6.0,15.0,19.0,-2.0,0.0,8.0,16.0,19.0,-2.0,1.0,5.0
2025-08-07,CHOP_BUY,EARLY_HARD_STOP,long,LOSER,-108.0,3,44472.0,16.0,25.0,-1.0,16.0,26.0,-31.0,25.0,-34.0,-47.0,44.0,-54.0,25.0,-63.0,-23.0,35.0,-77.0,25.0,-77.0,-23.0,33.0,-87.0,25.0,-87.0,-10.0,16.0
2025-08-07,TREND_SHORT,PARTIAL_TP,short,WINNER,69.0,6,44395.0,10.0,10.0,-6.0,10.0,16.0,15.0,20.0,-7.0,5.0,27.0,-2.0,20.0,-8.0,-17.0,26.0,32.0,36.0,-8.0,34.0,38.0,34.0,52.0,-8.0,2.0,28.0
2025-08-07,CHOP_BUY,PARTIAL_TP,long,WINNER,64.0,8,44018.0,-1.0,12.0,-3.0,-1.0,15.0,-7.0,12.0,-20.0,-6.0,20.0,3.0,12.0,-20.0,10.0,14.0,0.0,25.0,-20.0,-3.0,25.0,2.0,25.0,-20.0,2.0,14.0
2025-08-08,TREND_LONG,PARTIAL_TP,long,WINNER,55.0,8,44261.0,-8.0,8.0,-12.0,-8.0,20.0,-12.0,8.0,-16.0,-4.0,10.0,-11.0,8.0,-29.0,1.0,22.0,9.0,17.0,-29.0,20.0,26.0,36.0,41.0,-29.0,27.0,33.0
2025-08-08,TREND_SHORT,EXIT_FLAT,short,LOSER,-142.0,15,44138.0,12.0,16.0,-2.0,12.0,18.0,4.0,16.0,-10.0,-8.0,20.0,1.0,16.0,-10.0,-3.0,11.0,3.0,16.0,-10.0,2.0,19.0,11.0,16.0,-10.0,8.0,14.0
2025-08-08,CHOP_BUY,CHOP_TP,long,WINNER,24.0,27,44316.0,1.0,5.0,0.0,1.0,5.0,-4.0,5.0,-4.0,-5.0,6.0,1.0,5.0,-5.0,5.0,6.0,-9.0,5.0,-12.0,-10.0,12.0,5.0,9.0,-12.0,14.0,16.0
2025-08-08,CHOP_BUY,EXIT_FLAT,long,LOSER,-144.0,53,44329.0,-15.0,0.0,-15.0,-15.0,14.0,-15.0,0.0,-20.0,0.0,8.0,-8.0,0.0,-20.0,7.0,12.0,-4.0,0.0,-20.0,4.0,6.0,-11.0,0.0,-20.0,-7.0,11.0
2025-08-11,TREND_SHORT,PARTIAL_TP,short,WINNER,63.0,22,44177.0,16.0,18.0,-10.0,16.0,28.0,-2.0,18.0,-10.0,-18.0,25.0,-10.0,18.0,-13.0,-8.0,15.0,-8.0,18.0,-13.0,2.0,8.0,10.0,18.0,-13.0,18.0,17.0
2025-08-11,TREND_SHORT,PARTIAL_TP,short,WINNER,65.0,158,44072.0,-11.0,16.0,-11.0,-11.0,27.0,-23.0,16.0,-23.0,-12.0,16.0,-23.0,16.0,-24.0,0.0,10.0,-16.0,16.0,-24.0,7.0,13.0,-18.0,16.0,-24.0,-2.0,9.0
2025-08-12,TREND_LONG,PARTIAL_TP,long,WINNER,52.0,3,44395.0,10.0,26.0,-7.0,10.0,33.0,42.0,50.0,-7.0,32.0,42.0,52.0,57.0,-7.0,10.0,27.0,61.0,68.0,-7.0,9.0,23.0,90.0,93.0,-7.0,29.0,34.0
2025-08-12,TREND_LONG,PARTIAL_TP,long,WINNER,51.0,212,44549.0,-7.0,1.0,-11.0,-7.0,12.0,-13.0,1.0,-18.0,-6.0,17.0,11.0,17.0,-18.0,24.0,32.0,24.0,34.0,-18.0,13.0,25.0,10.0,34.0,-18.0,-14.0,22.0
2025-08-13,TREND_LONG,EXIT_FLAT,long,LOSER,-120.0,33,44944.0,0.0,2.0,-6.0,0.0,8.0,2.0,4.0,-13.0,2.0,17.0,-21.0,11.0,-22.0,-23.0,33.0,-14.0,11.0,-25.0,7.0,15.0,6.0,17.0,-25.0,20.0,33.0
2025-08-13,CHOP_SELL,EXIT_FLAT,short,LOSER,-80.0,27,44964.0,4.0,8.0,-3.0,4.0,11.0,-5.0,8.0,-5.0,-9.0,11.0,-6.0,8.0,-10.0,-1.0,12.0,6.0,8.0,-10.0,12.0,14.0,7.0,9.0,-10.0,1.0,5.0
2025-08-13,CHOP_SELL,SESSION_EXIT,short,LOSER,-102.0,32,45002.0,7.0,10.0,-1.0,7.0,11.0,11.0,16.0,-1.0,4.0,14.0,9.0,16.0,-1.0,-2.0,8.0,10.0,16.0,-1.0,1.0,10.0,12.0,16.0,-1.0,2.0,8.0
2025-08-14,TREND_LONG,EXIT_FLAT,long,LOSER,-126.0,20,44928.0,4.0,9.0,-11.0,4.0,20.0,1.0,12.0,-11.0,-3.0,16.0,-3.0,12.0,-13.0,-4.0,20.0,0.0,13.0,-13.0,3.0,17.0,10.0,13.0,-13.0,10.0,13.0
2025-08-14,TREND_LONG,EXIT_FLAT,long,LOSER,-136.0,22,44964.0,7.0,7.0,-12.0,7.0,19.0,-1.0,9.0,-12.0,-8.0,12.0,1.0,9.0,-12.0,2.0,13.0,-8.0,9.0,-12.0,-9.0,12.0,-31.0,9.0,-34.0,-23.0,28.0
2025-08-14,CHOP_BUY,EXIT_FLAT,long,LOSER,-120.0,49,44879.0,-1.0,2.0,-14.0,-1.0,16.0,-1.0,12.0,-14.0,0.0,15.0,17.0,21.0,-14.0,18.0,21.0,13.0,21.0,-14.0,-4.0,11.0,12.0,21.0,-14.0,-1.0,14.0
2025-08-14,TREND_SHORT,EXIT_FLAT,short,LOSER,-126.0,49,44790.0,6.0,15.0,-8.0,6.0,23.0,4.0,16.0,-8.0,-2.0,17.0,12.0,20.0,-8.0,8.0,21.0,10.0,20.0,-8.0,-2.0,20.0,-7.0,20.0,-9.0,-17.0,20.0
2025-08-14,CHOP_BUY,CHOP_TP,long,WINNER,66.0,26,44914.0,-7.0,0.0,-8.0,-7.0,8.0,6.0,6.0,-8.0,13.0,14.0,6.0,9.0,-8.0,0.0,5.0,17.0,20.0,-8.0,11.0,17.0,14.0,20.0,-8.0,-3.0,5.0
2025-08-14,TREND_LONG,PARTIAL_TP,long,WINNER,55.0,9,44976.0,3.0,7.0,-1.0,3.0,8.0,0.0,7.0,-1.0,-3.0,6.0,7.0,10.0,-1.0,7.0,9.0,16.0,18.0,-1.0,9.0,11.0,16.0,19.0,-1.0,0.0,6.0
2025-08-15,TREND_SHORT,PARTIAL_TP,short,WINNER,50.0,16,45113.0,-10.0,5.0,-21.0,-10.0,26.0,-13.0,5.0,-21.0,-3.0,16.0,-21.0,5.0,-22.0,-8.0,21.0,24.0,44.0,-22.0,45.0,59.0,-6.0,44.0,-22.0,-30.0,36.0
2025-08-15,CHOP_BUY,PARTIAL_TP,long,WINNER,65.0,11,45056.0,23.0,26.0,0.0,23.0,26.0,-13.0,26.0,-13.0,-36.0,35.0,0.0,26.0,-15.0,13.0,18.0,-15.0,26.0,-24.0,-15.0,26.0,2.0,26.0,-24.0,17.0,20.0
2025-08-15,CHOP_BUY,CHOP_TP,long,WINNER,66.0,51,45097.0,-4.0,0.0,-11.0,-4.0,10.0,3.0,3.0,-11.0,7.0,9.0,9.0,9.0,-11.0,6.0,12.0,6.0,16.0,-11.0,-3.0,10.0,0.0,16.0,-11.0,-6.0,11.0
2025-08-15,CHOP_BUY,EXIT_FLAT,long,LOSER,-124.0,50,45114.0,-5.0,1.0,-7.0,-5.0,8.0,-16.0,1.0,-22.0,-11.0,17.0,-20.0,1.0,-22.0,-4.0,6.0,-14.0,1.0,-22.0,6.0,9.0,-9.0,1.0,-22.0,5.0,7.0
2025-08-15,CHOP_BUY,SESSION_EXIT,long,LOSER,-82.0,30,45070.0,-11.0,0.0,-18.0,-11.0,18.0,-11.0,0.0,-18.0,0.0,9.0,-11.0,0.0,-18.0,0.0,5.0,-5.0,0.0,-18.0,6.0,9.0,-5.0,0.0,-18.0,0.0,5.0
2025-08-18,TREND_SHORT,EXIT_FLAT,short,LOSER,-122.0,15,44959.0,3.0,15.0,-3.0,3.0,18.0,3.0,15.0,-10.0,0.0,20.0,-1.0,15.0,-10.0,-4.0,19.0,8.0,15.0,-10.0,9.0,15.0,4.0,17.0,-10.0,-4.0,17.0
2025-08-18,TREND_SHORT,EXIT_FLAT,short,LOSER,-126.0,87,44945.0,-9.0,1.0,-12.0,-9.0,13.0,-7.0,1.0,-12.0,2.0,5.0,-4.0,1.0,-12.0,3.0,10.0,-17.0,1.0,-22.0,-13.0,16.0,-18.0,1.0,-22.0,-1.0,6.0
2025-08-18,CHOP_SELL,SESSION_EXIT,short,WINNER,38.0,3,45009.0,12.0,14.0,0.0,12.0,11.0,24.0,36.0,0.0,12.0,25.0,19.0,36.0,0.0,-5.0,15.0,11.0,36.0,0.0,-8.0,10.0,13.0,36.0,0.0,2.0,6.0
2025-08-19,CHOP_SELL,EARLY_HARD_STOP,short,LOSER,-114.0,5,45128.0,-6.0,6.0,-10.0,-6.0,16.0,9.0,17.0,-10.0,15.0,22.0,-5.0,17.0,-16.0,-14.0,28.0,-23.0,17.0,-29.0,-18.0,26.0,-57.0,17.0,-64.0,-34.0,45.0
2025-08-19,TREND_LONG,EXIT_FLAT,long,LOSER,-152.0,22,45240.0,11.0,26.0,0.0,11.0,25.0,6.0,26.0,-11.0,-5.0,23.0,14.0,26.0,-11.0,8.0,13.0,14.0,33.0,-11.0,0.0,21.0,21.0,33.0,-11.0,7.0,14.0
2025-08-19,CHOP_SELL,PARTIAL_TP,short,WINNER,52.0,22,45090.0,10.0,13.0,-1.0,10.0,14.0,8.0,18.0,-1.0,-2.0,12.0,18.0,29.0,-1.0,10.0,20.0,28.0,29.0,-1.0,10.0,13.0,38.0,39.0,-1.0,10.0,20.0
2025-08-19,TREND_SHORT,CHOP_TP,short,WINNER,56.0,90,44958.0,-11.0,0.0,-15.0,-11.0,14.0,-6.0,0.0,-15.0,5.0,14.0,-8.0,0.0,-15.0,-2.0,9.0,9.0,12.0,-15.0,17.0,22.0,-12.0,12.0,-15.0,-21.0,22.0
2025-08-19,TREND_SHORT,EXIT_FLAT,short,LOSER,-128.0,50,44898.0,-7.0,0.0,-14.0,-7.0,12.0,2.0,2.0,-14.0,9.0,12.0,-6.0,2.0,-14.0,-8.0,8.0,-9.0,2.0,-15.0,-3.0,9.0,-6.0,2.0,-15.0,3.0,5.0
2025-08-20,TREND_SHORT,PARTIAL_TP,short,WINNER,51.0,3,45007.0,-2.0,2.0,-22.0,-2.0,24.0,26.0,33.0,-22.0,28.0,41.0,51.0,55.0,-22.0,25.0,31.0,39.0,57.0,-22.0,-12.0,27.0,77.0,86.0,-22.0,38.0,44.0
2025-08-20,TREND_SHORT,CHOP_TP,short,WINNER,44.0,25,44872.0,14.0,20.0,0.0,14.0,20.0,36.0,36.0,0.0,22.0,35.0,16.0,42.0,0.0,-20.0,38.0,17.0,42.0,0.0,1.0,16.0,-7.0,42.0,-11.0,-24.0,31.0
2025-08-20,CHOP_SELL,EXIT_FLAT,short,LOSER,-122.0,9,44886.0,-8.0,11.0,-14.0,-8.0,25.0,0.0,14.0,-14.0,8.0,22.0,-1.0,14.0,-14.0,-1.0,12.0,-18.0,14.0,-23.0,-17.0,20.0,-10.0,14.0,-23.0,8.0,12.0
2025-08-20,CHOP_BUY,PARTIAL_TP,long,WINNER,53.0,15,44929.0,6.0,12.0,-7.0,6.0,19.0,-6.0,13.0,-9.0,-12.0,22.0,-18.0,13.0,-22.0,-12.0,23.0,-20.0,13.0,-25.0,-2.0,10.0,-14.0,13.0,-30.0,6.0,20.0
2025-08-20,CHOP_SELL,EXIT_FLAT,short,LOSER,-120.0,20,44917.0,12.0,15.0,-3.0,12.0,18.0,10.0,15.0,-3.0,-2.0,9.0,3.0,15.0,-3.0,-7.0,11.0,8.0,15.0,-18.0,5.0,28.0,1.0,15.0,-18.0,-7.0,14.0
2025-08-20,CHOP_BUY,PARTIAL_TP,long,WINNER,53.0,13,44972.0,5.0,14.0,0.0,5.0,13.0,-8.0,14.0,-9.0,-13.0,18.0,1.0,14.0,-12.0,9.0,14.0,-6.0,14.0,-12.0,-7.0,14.0,8.0,14.0,-12.0,14.0,17.0
2025-08-21,TREND_LONG,PARTIAL_TP,long,WINNER,69.0,5,44843.0,36.0,37.0,0.0,36.0,36.0,36.0,42.0,0.0,0.0,18.0,49.0,59.0,0.0,13.0,22.0,46.0,63.0,0.0,-3.0,18.0,69.0,81.0,0.0,23.0,40.0
2025-08-21,CHOP_BUY,EXIT_FLAT,long,LOSER,-140.0,22,44874.0,-8.0,1.0,-9.0,-8.0,10.0,11.0,16.0,-9.0,19.0,25.0,-4.0,16.0,-9.0,-15.0,18.0,30.0,31.0,-9.0,34.0,33.0,32.0,36.0,-9.0,2.0,20.0
2025-08-21,CHOP_BUY,PARTIAL_TP,long,WINNER,52.0,9,44910.0,37.0,37.0,-4.0,37.0,41.0,32.0,40.0,-4.0,-5.0,17.0,41.0,47.0,-4.0,9.0,17.0,39.0,48.0,-4.0,-2.0,12.0,28.0,48.0,-4.0,-11.0,17.0
2025-08-22,TREND_LONG,PARTIAL_TP,long,WINNER,53.0,1,45476.0,53.0,107.0,-9.0,53.0,116.0,51.0,107.0,-9.0,-2.0,64.0,68.0,107.0,-9.0,17.0,64.0,20.0,107.0,-9.0,-48.0,63.0,49.0,107.0,-9.0,29.0,42.0
2025-08-22,TREND_LONG,EXIT_FLAT,long,LOSER,-126.0,23,45829.0,-6.0,0.0,-8.0,-6.0,8.0,-8.0,0.0,-11.0,-2.0,7.0,-4.0,0.0,-15.0,4.0,14.0,-12.0,2.0,-15.0,-8.0,15.0,-8.0,2.0,-19.0,4.0,15.0
2025-08-22,CHOP_BUY,CHOP_TP,long,WINNER,28.0,24,45769.0,-13.0,3.0,-15.0,-13.0,18.0,-15.0,3.0,-25.0,-2.0,13.0,-11.0,3.0,-25.0,4.0,23.0,-32.0,3.0,-35.0,-21.0,24.0,-32.0,3.0,-35.0,0.0,18.0
2025-08-22,CHOP_SELL,SESSION_EXIT,short,LOSER,-16.0,44,45716.0,-6.0,3.0,-6.0,-6.0,9.0,-8.0,3.0,-14.0,-2.0,6.0,-2.0,3.0,-14.0,6.0,8.0,-4.0,9.0,-14.0,-2.0,13.0,3.0,9.0,-14.0,7.0,6.0
2025-08-25,TREND_SHORT,PARTIAL_TP,short,WINNER,53.0,11,45561.0,5.0,9.0,-1.0,5.0,10.0,19.0,26.0,-1.0,14.0,24.0,24.0,30.0,-1.0,5.0,16.0,16.0,30.0,-1.0,-8.0,17.0,23.0,33.0,-1.0,7.0,24.0
2025-08-25,CHOP_BUY,EXIT_FLAT,long,LOSER,-76.0,43,45495.0,-15.0,3.0,-16.0,-15.0,19.0,-10.0,3.0,-22.0,5.0,13.0,-25.0,3.0,-25.0,-15.0,13.0,-26.0,3.0,-32.0,-1.0,10.0,-12.0,3.0,-32.0,14.0,16.0
2025-08-25,TREND_SHORT,CHOP_TP,short,WINNER,36.0,141,45448.0,4.0,7.0,-2.0,4.0,9.0,-3.0,8.0,-3.0,-7.0,11.0,-10.0,8.0,-12.0,-7.0,12.0,-12.0,8.0,-21.0,-2.0,13.0,-11.0,8.0,-21.0,1.0,4.0
2025-08-25,CHOP_BUY,EXIT_FLAT,long,LOSER,-60.0,56,45426.0,13.0,13.0,0.0,13.0,11.0,15.0,17.0,0.0,2.0,7.0,16.0,17.0,0.0,1.0,5.0,10.0,18.0,0.0,-6.0,8.0,9.0,18.0,0.0,-1.0,8.0
2025-08-25,CHOP_BUY,EARLY_HARD_STOP,long,LOSER,-86.0,5,45410.0,1.0,4.0,-1.0,1.0,5.0,-4.0,6.0,-4.0,-5.0,10.0,-27.0,6.0,-29.0,-23.0,25.0,-35.0,6.0,-36.0,-8.0,11.0,-43.0,6.0,-44.0,-8.0,12.0
2025-08-25,CHOP_BUY,EXIT_FLAT,long,LOSER,-76.0,35,45385.0,4.0,6.0,0.0,4.0,6.0,6.0,6.0,-1.0,2.0,7.0,5.0,7.0,-1.0,-1.0,7.0,0.0,7.0,-1.0,-5.0,4.0,1.0,7.0,-2.0,1.0,8.0
2025-08-26,TREND_LONG,EARLY_HARD_STOP,long,LOSER,-92.0,3,45383.0,-10.0,2.0,-16.0,-10.0,18.0,-24.0,2.0,-29.0,-14.0,19.0,-46.0,2.0,-47.0,-22.0,25.0,-45.0,2.0,-47.0,1.0,16.0,-49.0,2.0,-54.0,-4.0,10.0
2025-08-26,CHOP_BUY,CHOP_TP,long,WINNER,22.0,176,45344.0,-4.0,9.0,-9.0,-4.0,18.0,10.0,11.0,-9.0,14.0,18.0,18.0,22.0,-9.0,8.0,16.0,23.0,27.0,-9.0,5.0,13.0,23.0,31.0,-9.0,0.0,14.0
2025-08-26,CHOP_SELL,EXIT_FLAT,short,LOSER,-64.0,42,45363.0,2.0,3.0,-3.0,2.0,6.0,-3.0,4.0,-4.0,-5.0,8.0,6.0,9.0,-4.0,9.0,11.0,9.0,9.0,-4.0,3.0,9.0,9.0,13.0,-4.0,0.0,5.0
2025-08-26,CHOP_SELL,EXIT_FLAT,short,LOSER,-102.0,42,45394.0,3.0,5.0,-4.0,3.0,9.0,0.0,5.0,-8.0,-3.0,11.0,5.0,6.0,-8.0,5.0,6.0,10.0,12.0,-8.0,5.0,8.0,3.0,12.0,-8.0,-7.0,7.0
2025-08-26,TREND_LONG,EXIT_FLAT,long,LOSER,-134.0,14,45471.0,-5.0,0.0,-8.0,-5.0,7.0,-6.0,0.0,-9.0,-1.0,4.0,-10.0,0.0,-13.0,-4.0,7.0,6.0,9.0,-13.0,16.0,18.0,6.0,13.0,-13.0,0.0,8.0
2025-08-26,TREND_LONG,SESSION_EXIT,long,LOSER,-2.0,5,45485.0,8.0,9.0,-6.0,8.0,15.0,21.0,24.0,-6.0,13.0,17.0,7.0,24.0,-6.0,-14.0,19.0,-5.0,24.0,-6.0,-12.0,25.0,-1.0,24.0,-14.0,4.0,27.0
2025-08-27,CHOP_BUY,CHOP_TP,long,WINNER,22.0,41,45599.0,5.0,5.0,-3.0,5.0,8.0,-6.0,5.0,-13.0,-11.0,17.0,-8.0,5.0,-13.0,-2.0,9.0,-28.0,5.0,-29.0,-20.0,22.0,-34.0,5.0,-34.0,-6.0,10.0
2025-08-27,CHOP_SELL,PARTIAL_TP,short,WINNER,51.0,66,45612.0,0.0,5.0,-4.0,0.0,9.0,2.0,5.0,-4.0,2.0,6.0,-12.0,5.0,-13.0,-14.0,16.0,-14.0,5.0,-15.0,-2.0,6.0,-8.0,5.0,-15.0,6.0,9.0
2025-08-27,TREND_LONG,SESSION_EXIT,long,LOSER,-74.0,96,45669.0,-3.0,0.0,-7.0,-3.0,7.0,2.0,3.0,-7.0,5.0,6.0,10.0,11.0,-7.0,8.0,11.0,-1.0,11.0,-7.0,-11.0,10.0,-1.0,11.0,-7.0,0.0,5.0
2025-08-28,CHOP_SELL,EXIT_FLAT,short,LOSER,-122.0,103,45543.0,-8.0,8.0,-16.0,-8.0,24.0,-19.0,8.0,-21.0,-11.0,16.0,-4.0,8.0,-26.0,15.0,22.0,-24.0,8.0,-26.0,-20.0,25.0,-6.0,8.0,-26.0,18.0,20.0
2025-08-28,CHOP_SELL,EXIT_FLAT,short,LOSER,-88.0,46,45630.0,0.0,1.0,-5.0,0.0,6.0,-10.0,1.0,-12.0,-10.0,12.0,-11.0,1.0,-12.0,-1.0,8.0,-12.0,1.0,-15.0,-1.0,6.0,-9.0,1.0,-16.0,3.0,7.0
2025-08-28,CHOP_BUY,CHOP_TP,long,WINNER,22.0,17,45629.0,7.0,9.0,-3.0,7.0,12.0,16.0,18.0,-3.0,9.0,13.0,-6.0,18.0,-6.0,-22.0,22.0,5.0,18.0,-6.0,11.0,7.0,10.0,18.0,-6.0,5.0,7.0
2025-08-28,CHOP_BUY,CHOP_TP,long,WINNER,42.0,82,45643.0,-6.0,0.0,-6.0,-6.0,5.0,-5.0,0.0,-6.0,1.0,6.0,-11.0,0.0,-11.0,-6.0,9.0,-11.0,0.0,-13.0,0.0,6.0,2.0,2.0,-13.0,13.0,13.0
2025-08-28,TREND_LONG,SESSION_EXIT,long,LOSER,-18.0,58,45692.0,-3.0,1.0,-6.0,-3.0,7.0,0.0,17.0,-6.0,3.0,20.0,-10.0,17.0,-12.0,-10.0,18.0,-7.0,17.0,-12.0,3.0,5.0,6.0,17.0,-12.0,13.0,13.0
2025-08-29,TREND_SHORT,PARTIAL_TP,short,WINNER,59.0,13,45593.0,7.0,16.0,-5.0,7.0,21.0,24.0,30.0,-5.0,17.0,27.0,9.0,32.0,-5.0,-15.0,24.0,13.0,32.0,-6.0,4.0,24.0,-6.0,32.0,-10.0,-19.0,24.0
2025-08-29,CHOP_SELL,CHOP_TP,short,WINNER,24.0,1,45558.0,12.0,15.0,0.0,12.0,13.0,18.0,26.0,0.0,6.0,17.0,36.0,36.0,0.0,18.0,20.0,32.0,38.0,0.0,-4.0,8.0,33.0,38.0,0.0,1.0,10.0
2025-08-29,CHOP_BUY,CHOP_TP,long,WINNER,24.0,21,45551.0,7.0,13.0,-1.0,7.0,14.0,7.0,13.0,-1.0,0.0,10.0,10.0,13.0,-1.0,3.0,9.0,-15.0,13.0,-15.0,-25.0,27.0,-10.0,13.0,-17.0,5.0,16.0
2025-08-29,CHOP_BUY,SESSION_EXIT,long,WINNER,42.0,104,45588.0,-9.0,2.0,-11.0,-9.0,13.0,-11.0,2.0,-11.0,-2.0,3.0,-6.0,2.0,-11.0,5.0,3.0,-17.0,2.0,-20.0,-11.0,16.0,-26.0,2.0,-28.0,-9.0,20.0
2025-09-01,TREND_LONG,CHOP_TP,long,WINNER,24.0,60,45607.0,-1.0,3.0,-3.0,-1.0,6.0,-2.0,3.0,-4.0,-1.0,6.0,-3.0,3.0,-8.0,-1.0,7.0,0.0,3.0,-8.0,3.0,4.0,4.0,5.0,-8.0,4.0,6.0
2025-09-01,CHOP_BUY,CHOP_TP,long,WINNER,46.0,37,45618.0,7.0,9.0,0.0,7.0,8.0,6.0,9.0,0.0,-1.0,3.0,4.0,9.0,0.0,-2.0,7.0,-1.0,9.0,-5.0,-5.0,7.0,-1.0,9.0,-5.0,0.0,4.0
2025-09-02,TREND_LONG,PARTIAL_TP,long,WINNER,50.0,5,45219.0,8.0,16.0,-10.0,8.0,26.0,6.0,16.0,-11.0,-2.0,25.0,29.0,33.0,-11.0,23.0,37.0,36.0,49.0,-11.0,7.0,21.0,50.0,56.0,-11.0,14.0,20.0
2025-09-02,CHOP_SELL,EXIT_FLAT,short,LOSER,-124.0,41,45065.0,16.0,18.0,-3.0,16.0,21.0,18.0,20.0,-3.0,2.0,9.0,13.0,20.0,-3.0,-5.0,13.0,14.0,25.0,-3.0,1.0,12.0,-4.0,25.0,-5.0,-18.0,28.0
2025-09-02,CHOP_SELL,SESSION_EXIT,short,LOSER,-54.0,10,45326.0,-6.0,6.0,-13.0,-6.0,19.0,-7.0,6.0,-15.0,-1.0,13.0,7.0,8.0,-15.0,14.0,16.0,-7.0,8.0,-15.0,-14.0,17.0,-18.0,8.0,-19.0,-11.0,19.0
2025-09-03,TREND_SHORT,EXIT_FLAT,short,LOSER,-140.0,23,45174.0,13.0,14.0,-6.0,13.0,20.0,4.0,16.0,-6.0,-9.0,18.0,-8.0,32.0,-30.0,-12.0,62.0,-26.0,32.0,-30.0,-18.0,33.0,-15.0,32.0,-38.0,11.0,25.0
2025-09-03,CHOP_BUY,EXIT_FLAT,long,LOSER,-140.0,32,45278.0,-2.0,14.0,-6.0,-2.0,20.0,2.0,14.0,-13.0,4.0,18.0,1.0,14.0,-13.0,-1.0,10.0,6.0,14.0,-13.0,5.0,15.0,2.0,16.0,-13.0,-4.0,17.0
2025-09-03,TREND_SHORT,PARTIAL_TP,short,WINNER,50.0,58,45134.0,-13.0,0.0,-15.0,-13.0,12.0,-13.0,0.0,-18.0,0.0,8.0,1.0,2.0,-18.0,14.0,20.0,8.0,13.0,-18.0,7.0,13.0,15.0,15.0,-18.0,7.0,19.0
2025-09-03,CHOP_BUY,PARTIAL_TP,long,WINNER,56.0,14,45090.0,10.0,13.0,0.0,10.0,12.0,15.0,20.0,0.0,5.0,13.0,11.0,20.0,0.0,-4.0,10.0,25.0,28.0,0.0,14.0,18.0,36.0,37.0,0.0,11.0,14.0
2025-09-03,CHOP_BUY,PARTIAL_TP,long,WINNER,53.0,27,45104.0,-1.0,1.0,-6.0,-1.0,7.0,4.0,9.0,-6.0,5.0,8.0,-2.0,9.0,-6.0,-6.0,9.0,-3.0,9.0,-12.0,-1.0,14.0,6.0,9.0,-12.0,9.0,10.0
2025-09-04,TREND_LONG,EXIT_FLAT,long,LOSER,-120.0,8,45401.0,-7.0,0.0,-18.0,-7.0,18.0,-9.0,0.0,-18.0,-2.0,14.0,8.0,12.0,-32.0,17.0,44.0,10.0,24.0,-32.0,2.0,21.0,-21.0,24.0,-32.0,-31.0,35.0
2025-09-04,TREND_LONG,PARTIAL_TP,long,WINNER,67.0,46,45435.0,-6.0,1.0,-10.0,-6.0,11.0,-25.0,1.0,-33.0,-19.0,26.0,-19.0,1.0,-33.0,6.0,11.0,-21.0,1.0,-33.0,-2.0,16.0,-5.0,1.0,-33.0,16.0,23.0
2025-09-04,TREND_LONG,PARTIAL_TP,long,WINNER,55.0,105,45549.0,-2.0,1.0,-7.0,-2.0,8.0,-10.0,1.0,-11.0,-8.0,12.0,-10.0,1.0,-11.0,0.0,6.0,7.0,8.0,-11.0,17.0,18.0,-1.0,10.0,-11.0,-8.0,17.0
2025-09-04,TREND_LONG,PARTIAL_TP,long,WINNER,56.0,14,45613.0,0.0,1.0,-6.0,0.0,7.0,-3.0,1.0,-6.0,-3.0,5.0,6.0,9.0,-6.0,9.0,12.0,17.0,21.0,-6.0,11.0,14.0,24.0,27.0,-6.0,7.0,10.0
2025-09-04,TREND_LONG,CHOP_TP,long,WINNER,26.0,100,45676.0,3.0,9.0,0.0,3.0,8.0,3.0,12.0,0.0,0.0,12.0,4.0,12.0,0.0,1.0,5.0,0.0,12.0,-2.0,-4.0,6.0,-2.0,12.0,-4.0,-2.0,4.0
2025-09-05,TREND_SHORT,PARTIAL_TP,short,WINNER,67.0,5,45676.0,13.0,25.0,-6.0,13.0,31.0,29.0,41.0,-6.0,16.0,34.0,42.0,49.0,-6.0,13.0,22.0,43.0,50.0,-6.0,1.0,15.0,67.0,68.0,-6.0,24.0,26.0
2025-09-05,CHOP_BUY,PARTIAL_TP,long,WINNER,60.0,18,45443.0,8.0,11.0,-3.0,8.0,14.0,0.0,11.0,-7.0,-8.0,15.0,-10.0,11.0,-18.0,-10.0,23.0,-22.0,11.0,-27.0,-12.0,18.0,-11.0,11.0,-27.0,11.0,12.0
2025-09-08,TREND_LONG,CHOP_TP,long,WINNER,22.0,39,45506.0,6.0,6.0,-4.0,6.0,10.0,11.0,16.0,-4.0,5.0,11.0,6.0,16.0,-4.0,-5.0,10.0,5.0,16.0,-4.0,-1.0,13.0,13.0,17.0,-4.0,8.0,13.0
2025-09-08,CHOP_BUY,EXIT_FLAT,long,LOSER,-130.0,93,45455.0,1.0,1.0,-16.0,1.0,17.0,-9.0,1.0,-16.0,-10.0,10.0,-12.0,1.0,-16.0,-3.0,10.0,-11.0,1.0,-19.0,1.0,13.0,-15.0,1.0,-19.0,-4.0,7.0
2025-09-08,CHOP_BUY,PARTIAL_TP,long,WINNER,52.0,13,45369.0,-1.0,3.0,-7.0,-1.0,10.0,16.0,17.0,-7.0,17.0,19.0,9.0,17.0,-7.0,-7.0,13.0,20.0,21.0,-7.0,11.0,19.0,31.0,31.0,-7.0,11.0,12.0
2025-09-08,CHOP_SELL,PARTIAL_TP,short,WINNER,66.0,17,45515.0,1.0,7.0,0.0,1.0,7.0,-2.0,7.0,-5.0,-3.0,6.0,4.0,9.0,-5.0,6.0,11.0,5.0,9.0,-5.0,1.0,6.0,17.0,18.0,-5.0,12.0,15.0
2025-09-09,TREND_LONG,EXIT_FLAT,long,LOSER,-124.0,9,45619.0,-5.0,9.0,-9.0,-5.0,18.0,-19.0,9.0,-24.0,-14.0,26.0,-8.0,9.0,-24.0,11.0,18.0,-16.0,9.0,-24.0,-8.0,23.0,-36.0,9.0,-36.0,-20.0,23.0
2025-09-09,TREND_SHORT,EARLY_HARD_STOP,short,LOSER,-98.0,5,45494.0,4.0,5.0,-13.0,4.0,18.0,19.0,21.0,-13.0,15.0,18.0,4.0,23.0,-38.0,-15.0,61.0,-5.0,23.0,-38.0,-9.0,32.0,-49.0,23.0,-65.0,-44.0,59.0
2025-09-09,TREND_LONG,PARTIAL_TP,long,WINNER,58.0,12,45628.0,1.0,5.0,0.0,1.0,5.0,-2.0,8.0,-9.0,-3.0,17.0,-11.0,8.0,-14.0,-9.0,12.0,-4.0,8.0,-14.0,7.0,16.0,7.0,9.0,-14.0,11.0,14.0
2025-09-09,CHOP_SELL,EXIT_FLAT,short,LOSER,-122.0,27,45679.0,3.0,6.0,-3.0,3.0,9.0,4.0,9.0,-3.0,1.0,8.0,15.0,22.0,-3.0,11.0,19.0,5.0,22.0,-3.0,-10.0,11.0,-3.0,22.0,-7.0,-8.0,12.0
2025-09-09,TREND_LONG,CHOP_TP,long,WINNER,52.0,53,45767.0,-6.0,4.0,-7.0,-6.0,11.0,-5.0,4.0,-12.0,1.0,7.0,-9.0,4.0,-12.0,-4.0,5.0,-12.0,4.0,-15.0,-3.0,7.0,-5.0,4.0,-15.0,7.0,11.0
2025-09-09,CHOP_BUY,PARTIAL_TP,long,WINNER,52.0,47,45749.0,-2.0,2.0,-4.0,-2.0,6.0,-17.0,2.0,-17.0,-15.0,14.0,-26.0,2.0,-27.0,-9.0,12.0,-29.0,2.0,-37.0,-3.0,11.0,-35.0,2.0,-37.0,-6.0,13.0
2025-09-10,TREND_SHORT,CHOP_TP,short,WINNER,50.0,11,45607.0,10.0,13.0,0.0,10.0,13.0,-5.0,13.0,-8.0,-15.0,20.0,26.0,26.0,-8.0,31.0,30.0,28.0,40.0,-8.0,2.0,18.0,30.0,40.0,-8.0,2.0,20.0
2025-09-10,TREND_SHORT,PARTIAL_TP,short,WINNER,54.0,14,45554.0,-11.0,4.0,-19.0,-11.0,23.0,-12.0,4.0,-22.0,-1.0,19.0,-5.0,4.0,-22.0,7.0,15.0,14.0,17.0,-22.0,19.0,22.0,8.0,17.0,-22.0,-6.0,15.0
2025-09-10,CHOP_SELL,PARTIAL_TP,short,WINNER,53.0,43,45518.0,3.0,5.0,-4.0,3.0,9.0,-11.0,5.0,-13.0,-14.0,18.0,-14.0,5.0,-15.0,-3.0,10.0,-1.0,5.0,-15.0,13.0,14.0,1.0,5.0,-15.0,2.0,8.0
2025-09-11,TREND_LONG,PARTIAL_TP,long,WINNER,54.0,13,45978.0,26.0,26.0,-2.0,26.0,28.0,31.0,34.0,-2.0,5.0,17.0,18.0,34.0,-2.0,-13.0,25.0,2.0,34.0,-2.0,-16.0,21.0,7.0,34.0,-5.0,5.0,14.0
2025-09-11,CHOP_BUY,CHOP_TP,long,WINNER,80.0,57,46105.0,15.0,15.0,-4.0,15.0,19.0,18.0,18.0,-4.0,3.0,9.0,7.0,18.0,-4.0,-11.0,12.0,5.0,18.0,-4.0,-2.0,12.0,0.0,18.0,-4.0,-5.0,10.0
2025-09-11,TREND_LONG,SESSION_EXIT,long,LOSER,-70.0,120,46162.0,6.0,7.0,-3.0,6.0,10.0,2.0,7.0,-4.0,-4.0,8.0,10.0,10.0,-4.0,8.0,12.0,-7.0,11.0,-8.0,-17.0,19.0,-12.0,11.0,-14.0,-5.0,10.0
2025-09-12,CHOP_BUY,EXIT_FLAT,long,LOSER,-138.0,34,46053.0,-12.0,4.0,-17.0,-12.0,21.0,-5.0,6.0,-17.0,7.0,16.0,4.0,14.0,-17.0,9.0,21.0,12.0,14.0,-17.0,8.0,21.0,17.0,26.0,-17.0,5.0,17.0
2025-09-12,TREND_SHORT,CHOP_TP,short,WINNER,70.0,61,45962.0,4.0,7.0,0.0,4.0,7.0,0.0,7.0,-4.0,-4.0,11.0,7.0,10.0,-5.0,7.0,15.0,3.0,10.0,-5.0,-4.0,10.0,11.0,11.0,-5.0,8.0,12.0
2025-09-12,CHOP_SELL,CHOP_TP,short,WINNER,36.0,23,45942.0,3.0,5.0,-1.0,3.0,6.0,1.0,5.0,-7.0,-2.0,11.0,14.0,17.0,-7.0,13.0,16.0,27.0,27.0,-7.0,13.0,13.0,32.0,35.0,-7.0,5.0,9.0
2025-09-12,CHOP_BUY,CHOP_TP,long,WINNER,72.0,94,45926.0,1.0,4.0,0.0,1.0,4.0,-1.0,4.0,-7.0,-2.0,10.0,16.0,17.0,-7.0,17.0,17.0,14.0,18.0,-7.0,-2.0,5.0,16.0,18.0,-7.0,2.0,4.0
2025-09-12,CHOP_BUY,EXIT_FLAT,long,LOSER,-102.0,32,45963.0,-8.0,0.0,-8.0,-8.0,7.0,-22.0,0.0,-26.0,-14.0,18.0,-24.0,0.0,-28.0,-2.0,11.0,-28.0,0.0,-29.0,-4.0,7.0,-25.0,0.0,-29.0,3.0,8.0
2025-09-12,TREND_SHORT,SESSION_EXIT,short,WINNER,54.0,28,45884.0,6.0,11.0,-1.0,6.0,12.0,-2.0,11.0,-9.0,-8.0,15.0,-3.0,11.0,-12.0,-1.0,11.0,11.0,12.0,-12.0,14.0,13.0,18.0,20.0,-12.0,7.0,9.0
2025-09-15,TREND_LONG,EXIT_FLAT,long,LOSER,-132.0,8,45970.0,-15.0,2.0,-21.0,-15.0,23.0,-6.0,2.0,-26.0,9.0,25.0,-8.0,2.0,-26.0,-2.0,14.0,-16.0,2.0,-26.0,-8.0,14.0,-33.0,2.0,-44.0,-17.0,36.0
2025-09-15,TREND_LONG,EARLY_HARD_STOP,long,LOSER,-88.0,4,45980.0,2.0,6.0,-6.0,2.0,12.0,-10.0,6.0,-10.0,-12.0,14.0,-31.0,6.0,-36.0,-21.0,28.0,-44.0,6.0,-47.0,-13.0,24.0,-49.0,6.0,-55.0,-5.0,15.0
2025-09-15,TREND_LONG,EXIT_FLAT,long,LOSER,-126.0,17,46004.0,-11.0,4.0,-15.0,-11.0,19.0,-1.0,4.0,-15.0,10.0,8.0,-3.0,4.0,-15.0,-2.0,16.0,-2.0,4.0,-15.0,1.0,9.0,-6.0,4.0,-15.0,-4.0,7.0
2025-09-15,TREND_SHORT,EARLY_HARD_STOP,short,LOSER,-86.0,3,45827.0,-5.0,3.0,-7.0,-5.0,10.0,-24.0,3.0,-27.0,-19.0,24.0,-43.0,3.0,-48.0,-19.0,27.0,-40.0,3.0,-49.0,3.0,13.0,-28.0,3.0,-49.0,12.0,21.0
2025-09-15,CHOP_BUY,PARTIAL_TP,long,WINNER,50.0,75,45855.0,1.0,10.0,-4.0,1.0,14.0,4.0,10.0,-4.0,3.0,11.0,0.0,10.0,-4.0,-4.0,4.0,11.0,11.0,-5.0,11.0,16.0,1.0,17.0,-5.0,-10.0,17.0
2025-09-15,CHOP_BUY,PARTIAL_TP,long,WINNER,50.0,8,45852.0,-15.0,2.0,-15.0,-15.0,17.0,-25.0,2.0,-25.0,-10.0,18.0,-9.0,2.0,-26.0,16.0,17.0,7.0,10.0,-26.0,16.0,22.0,7.0,10.0,-26.0,0.0,5.0
2025-09-16,CHOP_BUY,EXIT_FLAT,long,LOSER,-120.0,10,45801.0,-14.0,11.0,-15.0,-14.0,26.0,-38.0,11.0,-39.0,-24.0,27.0,-26.0,11.0,-41.0,12.0,21.0,-11.0,11.0,-41.0,15.0,16.0,-31.0,11.0,-41.0,-20.0,22.0
2025-09-16,CHOP_SELL,PARTIAL_TP,short,WINNER,57.0,35,45763.0,5.0,7.0,-4.0,5.0,11.0,-13.0,7.0,-13.0,-18.0,14.0,-18.0,7.0,-21.0,-5.0,6.0,-10.0,7.0,-21.0,8.0,13.0,15.0,15.0,-21.0,25.0,25.0
2025-09-17,TREND_LONG,EXIT_FLAT,long,LOSER,-138.0,84,46108.0,-19.0,5.0,-19.0,-19.0,24.0,-23.0,5.0,-31.0,-4.0,18.0,-29.0,5.0,-33.0,-6.0,8.0,-32.0,5.0,-33.0,-3.0,6.0,-23.0,5.0,-33.0,9.0,8.0
2025-09-17,TREND_LONG,PARTIAL_TP,long,WINNER,56.0,2,46136.0,-17.0,7.0,-62.0,-17.0,69.0,56.0,56.0,-62.0,73.0,61.0,75.0,108.0,-62.0,19.0,62.0,124.0,124.0,-62.0,49.0,54.0,149.0,157.0,-62.0,25.0,37.0
2025-09-17,TREND_SHORT,PARTIAL_TP,short,WINNER,61.0,3,45887.0,-32.0,41.0,-32.0,-32.0,73.0,-6.0,41.0,-37.0,26.0,59.0,61.0,61.0,-37.0,67.0,59.0,63.0,91.0,-37.0,2.0,43.0,7.0,91.0,-37.0,-56.0,17.0
2025-09-17,TREND_SHORT,EARLY_HARD_STOP,short,LOSER,-132.0,3,45760.0,32.0,43.0,0.0,32.0,41.0,32.0,59.0,0.0,0.0,32.0,-66.0,59.0,-85.0,-98.0,89.0,-90.0,59.0,-105.0,-24.0,55.0,-116.0,59.0,-141.0,-26.0,57.0
2025-09-18,TREND_LONG,EARLY_HARD_STOP,long,LOSER,-146.0,4,46110.0,-5.0,3.0,-15.0,-5.0,18.0,-17.0,3.0,-33.0,-12.0,16.0,-36.0,3.0,-43.0,-19.0,16.0,-73.0,3.0,-73.0,-37.0,38.0,-86.0,3.0,-94.0,-13.0,17.0
2025-09-18,TREND_LONG,PARTIAL_TP,long,WINNER,50.0,6,46137.0,11.0,13.0,-4.0,11.0,17.0,3.0,15.0,-11.0,-8.0,26.0,13.0,15.0,-11.0,10.0,9.0,12.0,22.0,-11.0,-1.0,11.0,34.0,34.0,-11.0,22.0,5.0
2025-09-18,CHOP_BUY,EXIT_FLAT,long,LOSER,-132.0,32,46269.0,-7.0,1.0,-7.0,-7.0,8.0,-16.0,1.0,-19.0,-9.0,3.0,-16.0,1.0,-19.0,0.0,0.0,21.0,21.0,-19.0,37.0,8.0,21.0,21.0,-19.0,0.0,0.0
2025-09-22,TREND_LONG,PARTIAL_TP,long,WINNER,62.0,14,46499.0,20.0,23.0,-5.0,20.0,28.0,26.0,36.0,-5.0,6.0,23.0,39.0,43.0,-5.0,13.0,23.0,39.0,49.0,-5.0,0.0,10.0,43.0,49.0,-5.0,4.0,8.0
2025-09-22,CHOP_BUY,CHOP_TP,long,WINNER,24.0,2,46656.0,1.0,12.0,-3.0,1.0,15.0,12.0,20.0,-3.0,11.0,19.0,6.0,21.0,-3.0,-6.0,16.0,0.0,21.0,-3.0,-6.0,7.0,18.0,21.0,-3.0,18.0,16.0
2025-09-22,CHOP_BUY,CHOP_TP,long,WINNER,26.0,20,46677.0,12.0,14.0,-1.0,12.0,15.0,8.0,18.0,-1.0,-4.0,12.0,19.0,19.0,-1.0,11.0,18.0,19.0,20.0,-1.0,0.0,7.0,7.0,21.0,-1.0,-12.0,18.0
2025-09-22,CHOP_BUY,CHOP_TP,long,WINNER,38.0,4,46704.0,-2.0,6.0,-10.0,-2.0,16.0,2.0,6.0,-11.0,4.0,14.0,4.0,7.0,-11.0,2.0,11.0,19.0,20.0,-11.0,15.0,15.0,20.0,22.0,-11.0,1.0,7.0
2025-09-22,CHOP_BUY,PARTIAL_TP,long,WINNER,51.0,24,46708.0,8.0,8.0,-4.0,8.0,12.0,4.0,14.0,-4.0,-4.0,10.0,8.0,14.0,-4.0,4.0,6.0,-5.0,14.0,-5.0,-13.0,12.0,-11.0,14.0,-16.0,-6.0,12.0
2025-09-22,CHOP_SELL,EXIT_FLAT,short,LOSER,-136.0,68,46716.0,5.0,7.0,-2.0,5.0,9.0,10.0,14.0,-2.0,5.0,12.0,7.0,17.0,-2.0,-3.0,10.0,-13.0,17.0,-13.0,-20.0,16.0,-19.0,17.0,-20.0,-6.0,7.0
2025-09-22,CHOP_BUY,SESSION_EXIT,long,LOSER,-102.0,14,46758.0,3.0,9.0,-2.0,3.0,11.0,7.0,11.0,-2.0,4.0,9.0,13.0,15.0,-2.0,6.0,8.0,5.0,22.0,-12.0,-8.0,34.0,19.0,24.0,-12.0,14.0,17.0
2025-09-23,CHOP_SELL,EARLY_HARD_STOP,short,LOSER,-90.0,2,46976.0,-18.0,0.0,-21.0,-18.0,20.0,-45.0,0.0,-53.0,-27.0,39.0,-36.0,0.0,-62.0,9.0,28.0,-34.0,0.0,-62.0,2.0,12.0,-49.0,0.0,-62.0,-15.0,19.0
2025-09-23,TREND_LONG,EXIT_FLAT,long,LOSER,-152.0,8,47051.0,-5.0,3.0,-16.0,-5.0,19.0,-11.0,4.0,-16.0,-6.0,18.0,-28.0,4.0,-30.0,-17.0,22.0,-21.0,4.0,-30.0,7.0,12.0,-35.0,4.0,-36.0,-14.0,17.0
2025-09-23,CHOP_SELL,PARTIAL_TP,short,WINNER,54.0,44,46920.0,-3.0,3.0,-8.0,-3.0,11.0,-19.0,3.0,-19.0,-16.0,18.0,-20.0,3.0,-23.0,-1.0,9.0,-8.0,3.0,-24.0,12.0,16.0,-17.0,3.0,-24.0,-9.0,15.0
2025-09-23,TREND_SHORT,PARTIAL_TP,short,WINNER,55.0,25,46696.0,-7.0,0.0,-16.0,-7.0,16.0,-12.0,0.0,-23.0,-5.0,19.0,-6.0,0.0,-23.0,6.0,11.0,-16.0,0.0,-23.0,-10.0,9.0,-29.0,0.0,-34.0,-13.0,18.0
2025-09-24,TREND_SHORT,EARLY_HARD_STOP,short,LOSER,-80.0,4,46645.0,-18.0,3.0,-21.0,-18.0,24.0,-2.0,7.0,-29.0,16.0,36.0,-24.0,7.0,-29.0,-22.0,24.0,-40.0,7.0,-60.0,-16.0,35.0,-29.0,7.0,-60.0,11.0,18.0
2025-09-24,CHOP_BUY,EXIT_FLAT,long,LOSER,-144.0,41,46652.0,3.0,5.0,-3.0,3.0,8.0,19.0,26.0,-3.0,16.0,23.0,16.0,26.0,-3.0,-3.0,8.0,22.0,26.0,-3.0,6.0,17.0,20.0,26.0,-3.0,-2.0,9.0
2025-09-24,CHOP_BUY,EXIT_FLAT,long,LOSER,-72.0,11,46594.0,14.0,15.0,-1.0,14.0,16.0,9.0,17.0,-1.0,-5.0,10.0,-14.0,17.0,-14.0,-23.0,26.0,-15.0,17.0,-26.0,-1.0,14.0,-31.0,17.0,-31.0,-16.0,13.0
2025-09-24,TREND_SHORT,PARTIAL_TP,short,WINNER,52.0,5,46537.0,5.0,10.0,-4.0,5.0,14.0,20.0,21.0,-4.0,15.0,20.0,27.0,31.0,-4.0,7.0,21.0,38.0,43.0,-4.0,11.0,16.0,52.0,52.0,-4.0,14.0,17.0
2025-09-24,TREND_SHORT,EARLY_HARD_STOP,short,LOSER,-102.0,5,46421.0,-10.0,6.0,-18.0,-10.0,24.0,-24.0,6.0,-24.0,-14.0,21.0,-33.0,6.0,-36.0,-9.0,16.0,-36.0,6.0,-40.0,-3.0,9.0,-51.0,6.0,-54.0,-15.0,19.0
2025-09-24,CHOP_BUY,SESSION_EXIT,long,WINNER,30.0,24,46444.0,1.0,7.0,-2.0,1.0,9.0,6.0,9.0,-2.0,5.0,10.0,19.0,19.0,-2.0,13.0,19.0,13.0,25.0,-2.0,-6.0,13.0,12.0,25.0,-2.0,-1.0,8.0
2025-09-25,TREND_LONG,EXIT_FLAT,long,LOSER,-130.0,57,46400.0,0.0,21.0,-4.0,0.0,25.0,-20.0,21.0,-21.0,-20.0,21.0,-16.0,21.0,-23.0,4.0,20.0,-29.0,21.0,-35.0,-13.0,26.0,-10.0,21.0,-35.0,19.0,24.0
2025-09-25,CHOP_SELL,CHOP_TP,short,WINNER,62.0,22,46381.0,15.0,16.0,-3.0,15.0,19.0,1.0,17.0,-5.0,-14.0,22.0,-4.0,17.0,-9.0,-5.0,14.0,10.0,17.0,-9.0,14.0,19.0,21.0,24.0,-9.0,11.0,15.0
2025-09-25,CHOP_SELL,PARTIAL_TP,short,WINNER,51.0,6,46372.0,16.0,16.0,-3.0,16.0,19.0,31.0,32.0,-3.0,15.0,21.0,32.0,35.0,-3.0,1.0,8.0,21.0,36.0,-3.0,-11.0,19.0,32.0,36.0,-3.0,11.0,13.0
2025-09-25,CHOP_BUY,CHOP_TP,long,WINNER,34.0,8,46310.0,6.0,6.0,-11.0,6.0,17.0,-15.0,11.0,-16.0,-21.0,27.0,-22.0,11.0,-23.0,-7.0,14.0,-24.0,11.0,-32.0,-2.0,12.0,-13.0,11.0,-32.0,11.0,22.0
2025-09-25,TREND_SHORT,PARTIAL_TP,short,WINNER,50.0,6,46178.0,16.0,18.0,-6.0,16.0,24.0,20.0,20.0,-6.0,4.0,16.0,42.0,45.0,-6.0,22.0,29.0,46.0,50.0,-6.0,4.0,28.0,45.0,58.0,-6.0,-1.0,19.0
2025-09-25,CHOP_BUY,PARTIAL_TP,long,WINNER,66.0,7,46221.0,3.0,9.0,-1.0,3.0,10.0,-1.0,9.0,-7.0,-4.0,16.0,-1.0,9.0,-13.0,0.0,14.0,17.0,20.0,-13.0,18.0,24.0,16.0,22.0,-13.0,-1.0,12.0
2025-09-26,TREND_LONG,EARLY_HARD_STOP,long,LOSER,-116.0,2,46651.0,-37.0,0.0,-40.0,-37.0,40.0,-58.0,0.0,-62.0,-21.0,31.0,-95.0,0.0,-95.0,-37.0,41.0,-79.0,0.0,-97.0,16.0,27.0,-86.0,0.0,-97.0,-7.0,24.0
2025-09-26,TREND_SHORT,PARTIAL_TP,short,WINNER,59.0,25,46416.0,30.0,38.0,-5.0,30.0,43.0,29.0,38.0,-5.0,-1.0,21.0,26.0,42.0,-5.0,-3.0,19.0,15.0,42.0,-5.0,-11.0,18.0,4.0,42.0,-7.0,-11.0,29.0
2025-09-26,CHOP_BUY,PARTIAL_TP,long,WINNER,53.0,30,46428.0,25.0,29.0,0.0,25.0,26.0,10.0,29.0,0.0,-15.0,18.0,0.0,29.0,-5.0,-10.0,11.0,3.0,29.0,-15.0,3.0,26.0,4.0,29.0,-15.0,1.0,17.0
2025-09-29,TREND_SHORT,EARLY_HARD_STOP,short,LOSER,-128.0,5,46474.0,-7.0,2.0,-18.0,-7.0,20.0,-38.0,2.0,-39.0,-31.0,30.0,-30.0,2.0,-49.0,8.0,34.0,-39.0,2.0,-49.0,-9.0,18.0,-64.0,2.0,-73.0,-25.0,36.0
2025-09-29,TREND_SHORT,EXIT_FLAT,short,LOSER,-120.0,171,46472.0,-7.0,6.0,-16.0,-7.0,22.0,14.0,22.0,-16.0,21.0,31.0,1.0,22.0,-16.0,-13.0,20.0,-1.0,22.0,-16.0,-2.0,11.0,9.0,22.0,-16.0,10.0,11.0
2025-09-29,CHOP_BUY,EXIT_FLAT,long,LOSER,-204.0,22,46598.0,-3.0,1.0,-5.0,-3.0,6.0,-7.0,1.0,-8.0,-4.0,6.0,-5.0,1.0,-8.0,2.0,5.0,6.0,6.0,-8.0,11.0,12.0,2.0,8.0,-8.0,-4.0,9.0
2025-09-30,TREND_LONG,EARLY_HARD_STOP,long,LOSER,-98.0,5,46652.0,6.0,21.0,-1.0,6.0,22.0,-21.0,21.0,-27.0,-27.0,33.0,-27.0,21.0,-28.0,-6.0,14.0,-38.0,21.0,-49.0,-11.0,32.0,-49.0,21.0,-50.0,-11.0,17.0
2025-09-30,TREND_SHORT,EXIT_FLAT,short,LOSER,-140.0,7,46557.0,4.0,18.0,-12.0,4.0,30.0,4.0,18.0,-12.0,0.0,17.0,-6.0,18.0,-12.0,-10.0,15.0,-16.0,18.0,-28.0,-10.0,23.0,-32.0,18.0,-38.0,-16.0,21.0
2025-09-30,TREND_SHORT,PARTIAL_TP,short,WINNER,50.0,4,46506.0,7.0,22.0,-4.0,7.0,26.0,13.0,23.0,-7.0,6.0,30.0,40.0,46.0,-7.0,27.0,44.0,50.0,61.0,-7.0,10.0,21.0,66.0,79.0,-7.0,16.0,29.0
2025-09-30,CHOP_BUY,EXIT_FLAT,long,LOSER,-138.0,10,46574.0,19.0,19.0,0.0,19.0,17.0,4.0,19.0,0.0,-15.0,13.0,-11.0,19.0,-15.0,-15.0,21.0,-25.0,19.0,-26.0,-14.0,18.0,-39.0,19.0,-41.0,-14.0,17.0
2025-09-30,CHOP_BUY,PARTIAL_TP,long,WINNER,52.0,18,46592.0,-5.0,1.0,-9.0,-5.0,10.0,-2.0,1.0,-9.0,3.0,8.0,17.0,17.0,-9.0,19.0,20.0,23.0,26.0,-9.0,6.0,11.0,20.0,26.0,-9.0,-3.0,5.0
2025-09-30,CHOP_BUY,PARTIAL_TP,long,WINNER,66.0,18,46636.0,-4.0,3.0,-6.0,-4.0,9.0,-7.0,3.0,-15.0,-3.0,11.0,7.0,14.0,-15.0,14.0,16.0,8.0,14.0,-15.0,1.0,9.0,-2.0,14.0,-15.0,-10.0,13.0
2025-10-01,CHOP_SELL,EARLY_HARD_STOP,short,LOSER,-138.0,4,46573.0,-14.0,8.0,-26.0,-14.0,34.0,-39.0,8.0,-43.0,-25.0,31.0,-37.0,8.0,-53.0,2.0,30.0,-69.0,8.0,-71.0,-32.0,40.0,-57.0,8.0,-74.0,12.0,21.0
2025-10-01,TREND_LONG,PARTIAL_TP,long,WINNER,50.0,13,46736.0,4.0,6.0,-3.0,4.0,9.0,10.0,12.0,-3.0,6.0,11.0,7.0,17.0,-3.0,-3.0,13.0,15.0,17.0,-3.0,8.0,13.0,31.0,32.0,-3.0,16.0,19.0
2025-10-01,CHOP_BUY,PARTIAL_TP,long,WINNER,54.0,38,46654.0,-3.0,7.0,-6.0,-3.0,13.0,-5.0,7.0,-8.0,-2.0,8.0,-11.0,7.0,-13.0,-6.0,8.0,-22.0,7.0,-24.0,-11.0,13.0,-30.0,7.0,-37.0,-8.0,17.0
2025-10-01,CHOP_SELL,EXIT_FLAT,short,LOSER,-136.0,38,46690.0,-11.0,0.0,-15.0,-11.0,14.0,-4.0,1.0,-15.0,7.0,16.0,-8.0,1.0,-15.0,-4.0,8.0,-15.0,1.0,-15.0,-7.0,7.0,-11.0,1.0,-16.0,4.0,6.0
2025-10-01,CHOP_SELL,PARTIAL_TP,short,WINNER,50.0,56,46789.0,-5.0,4.0,-5.0,-5.0,9.0,-3.0,4.0,-7.0,2.0,6.0,1.0,6.0,-7.0,4.0,9.0,-6.0,6.0,-7.0,-7.0,7.0,-3.0,6.0,-10.0,3.0,7.0
2025-10-02,TREND_LONG,EXIT_FLAT,long,LOSER,-120.0,9,46842.0,5.0,10.0,-19.0,5.0,29.0,-2.0,15.0,-19.0,-7.0,23.0,-20.0,15.0,-24.0,-18.0,27.0,-32.0,15.0,-45.0,-12.0,28.0,-32.0,15.0,-50.0,0.0,21.0
2025-10-02,TREND_SHORT,PARTIAL_TP,short,WINNER,55.0,6,46691.0,31.0,33.0,-4.0,31.0,37.0,29.0,43.0,-4.0,-2.0,19.0,41.0,46.0,-4.0,12.0,18.0,39.0,50.0,-4.0,-2.0,20.0,47.0,52.0,-4.0,8.0,18.0
2025-10-02,TREND_SHORT,PARTIAL_TP,short,WINNER,55.0,18,46602.0,-17.0,0.0,-20.0,-17.0,20.0,-1.0,3.0,-20.0,16.0,20.0,-3.0,3.0,-20.0,-2.0,13.0,-20.0,3.0,-20.0,-17.0,23.0,-34.0,3.0,-41.0,-14.0,23.0
2025-10-02,CHOP_BUY,PARTIAL_TP,long,WINNER,52.0,37,46647.0,5.0,6.0,-4.0,5.0,10.0,2.0,14.0,-4.0,-3.0,16.0,10.0,16.0,-4.0,8.0,14.0,16.0,16.0,-4.0,6.0,6.0,24.0,24.0,-4.0,8.0,9.0
2025-10-02,CHOP_BUY,PARTIAL_TP,long,WINNER,50.0,14,46698.0,6.0,6.0,-2.0,6.0,8.0,4.0,12.0,-2.0,-2.0,8.0,-7.0,12.0,-10.0,-11.0,12.0,-15.0,12.0,-16.0,-8.0,14.0,-8.0,12.0,-16.0,7.0,8.0
2025-10-02,CHOP_BUY,SESSION_EXIT,long,WINNER,32.0,8,46796.0,-4.0,7.0,-5.0,-4.0,12.0,-6.0,7.0,-17.0,-2.0,16.0,-4.0,7.0,-17.0,2.0,17.0,0.0,7.0,-17.0,4.0,12.0,1.0,10.0,-17.0,1.0,11.0
2025-10-03,TREND_LONG,PARTIAL_TP,long,WINNER,55.0,4,47008.0,15.0,16.0,-1.0,15.0,17.0,25.0,27.0,-1.0,10.0,21.0,36.0,37.0,-1.0,11.0,15.0,55.0,58.0,-1.0,19.0,23.0,55.0,78.0,-1.0,0.0,30.0
2025-10-03,TREND_LONG,EXIT_FLAT,long,LOSER,-130.0,26,47318.0,-1.0,5.0,-1.0,-1.0,6.0,-8.0,5.0,-9.0,-7.0,9.0,-11.0,5.0,-14.0,-3.0,9.0,1.0,5.0,-14.0,12.0,16.0,-6.0,5.0,-14.0,-7.0,8.0
2025-10-03,CHOP_SELL,PARTIAL_TP,short,WINNER,56.0,65,47096.0,6.0,12.0,-6.0,6.0,18.0,1.0,12.0,-10.0,-5.0,16.0,-5.0,12.0,-10.0,-6.0,11.0,7.0,13.0,-10.0,12.0,16.0,0.0,13.0,-10.0,-7.0,11.0
2025-10-06,TREND_SHORT,PARTIAL_TP,short,WINNER,59.0,5,46938.0,12.0,23.0,0.0,12.0,20.0,10.0,23.0,-1.0,-2.0,23.0,25.0,29.0,-1.0,15.0,20.0,32.0,44.0,-1.0,7.0,24.0,59.0,64.0,-1.0,27.0,31.0
2025-10-06,CHOP_BUY,PARTIAL_TP,long,WINNER,50.0,12,46924.0,9.0,10.0,-9.0,9.0,19.0,12.0,13.0,-9.0,3.0,9.0,23.0,27.0,-9.0,11.0,15.0,24.0,27.0,-9.0,1.0,10.0,32.0,36.0,-9.0,8.0,16.0
2025-10-06,CHOP_BUY,SESSION_EXIT,long,LOSER,-68.0,86,46977.0,0.0,2.0,-4.0,0.0,6.0,2.0,4.0,-4.0,2.0,6.0,5.0,10.0,-4.0,3.0,8.0,4.0,10.0,-4.0,-1.0,5.0,2.0,10.0,-4.0,-2.0,7.0
2025-10-07,TREND_SHORT,PARTIAL_TP,short,WINNER,58.0,25,46940.0,0.0,11.0,-3.0,0.0,14.0,-5.0,11.0,-14.0,-5.0,20.0,5.0,11.0,-14.0,10.0,19.0,10.0,12.0,-14.0,5.0,22.0,-1.0,20.0,-14.0,-11.0,21.0
2025-10-07,TREND_SHORT,EARLY_HARD_STOP,short,LOSER,-86.0,5,46826.0,-31.0,0.0,-31.0,-31.0,30.0,-32.0,0.0,-46.0,-1.0,23.0,-26.0,0.0,-46.0,6.0,15.0,-35.0,0.0,-46.0,-9.0,13.0,-43.0,0.0,-55.0,-8.0,30.0
2025-10-07,CHOP_BUY,EXIT_FLAT,long,LOSER,-134.0,21,46851.0,-4.0,2.0,-23.0,-4.0,25.0,5.0,13.0,-23.0,9.0,18.0,9.0,19.0,-23.0,4.0,18.0,9.0,21.0,-23.0,0.0,28.0,0.0,21.0,-23.0,-9.0,18.0
2025-10-07,TREND_SHORT,PARTIAL_TP,short,WINNER,50.0,12,46768.0,-2.0,3.0,-11.0,-2.0,14.0,-28.0,3.0,-30.0,-26.0,28.0,-27.0,3.0,-31.0,1.0,16.0,-2.0,3.0,-31.0,25.0,29.0,-9.0,3.0,-31.0,-7.0,16.0
2025-10-08,TREND_LONG,PARTIAL_TP,long,WINNER,61.0,33,46993.0,-5.0,2.0,-11.0,-5.0,13.0,-8.0,2.0,-13.0,-3.0,10.0,-3.0,2.0,-13.0,5.0,9.0,-3.0,3.0,-13.0,0.0,14.0,-14.0,3.0,-17.0,-11.0,15.0
2025-10-08,CHOP_BUY,EXIT_FLAT,long,LOSER,-126.0,26,47057.0,-4.0,0.0,-7.0,-4.0,7.0,-2.0,0.0,-9.0,2.0,8.0,-7.0,0.0,-11.0,-5.0,11.0,-15.0,0.0,-15.0,-8.0,9.0,-22.0,0.0,-25.0,-7.0,12.0
2025-10-08,CHOP_BUY,EXIT_FLAT,long,LOSER,-120.0,26,47001.0,0.0,7.0,0.0,0.0,7.0,17.0,18.0,0.0,17.0,18.0,20.0,22.0,0.0,3.0,12.0,8.0,22.0,0.0,-12.0,17.0,10.0,22.0,0.0,2.0,8.0
2025-10-08,CHOP_BUY,EXIT_FLAT,long,LOSER,-120.0,49,46940.0,-16.0,0.0,-17.0,-16.0,17.0,-13.0,0.0,-23.0,3.0,12.0,-14.0,0.0,-23.0,-1.0,8.0,-16.0,0.0,-23.0,-2.0,7.0,-25.0,7.0,-27.0,-9.0,34.0
2025-10-08,CHOP_SELL,SESSION_EXIT,short,WINNER,44.0,33,46882.0,-3.0,6.0,-4.0,-3.0,10.0,-2.0,6.0,-5.0,1.0,6.0,-3.0,10.0,-5.0,-1.0,13.0,4.0,10.0,-5.0,7.0,8.0,2.0,10.0,-5.0,-2.0,7.0
2025-10-09,TREND_SHORT,PARTIAL_TP,short,WINNER,66.0,3,46768.0,37.0,39.0,-14.0,37.0,53.0,48.0,71.0,-14.0,11.0,35.0,66.0,71.0,-14.0,18.0,25.0,57.0,71.0,-14.0,-9.0,16.0,51.0,71.0,-14.0,-6.0,23.0
2025-10-09,TREND_SHORT,EXIT_FLAT,short,LOSER,-120.0,15,46632.0,-17.0,4.0,-17.0,-17.0,21.0,-22.0,4.0,-31.0,-5.0,18.0,-17.0,4.0,-31.0,5.0,18.0,-2.0,4.0,-31.0,15.0,18.0,14.0,15.0,-31.0,16.0,16.0
2025-10-09,CHOP_BUY,EXIT_FLAT,long,LOSER,-128.0,42,46693.0,17.0,17.0,0.0,17.0,16.0,25.0,30.0,0.0,8.0,14.0,21.0,30.0,0.0,-4.0,6.0,23.0,31.0,0.0,2.0,10.0,21.0,31.0,0.0,-2.0,7.0
2025-10-09,TREND_SHORT,PARTIAL_TP,short,WINNER,52.0,8,46599.0,19.0,20.0,-4.0,19.0,24.0,14.0,22.0,-4.0,-5.0,16.0,8.0,23.0,-4.0,-6.0,22.0,11.0,24.0,-4.0,3.0,16.0,30.0,36.0,-4.0,19.0,33.0
2025-10-09,TREND_SHORT,EXIT_FLAT,short,LOSER,-122.0,19,46523.0,-2.0,9.0,-6.0,-2.0,15.0,-4.0,9.0,-7.0,-2.0,12.0,-20.0,9.0,-22.0,-16.0,19.0,-18.0,9.0,-32.0,2.0,17.0,-29.0,9.0,-32.0,-11.0,16.0
2025-10-09,TREND_SHORT,EXIT_FLAT,short,LOSER,-134.0,46,46510.0,1.0,3.0,-6.0,1.0,9.0,-6.0,3.0,-7.0,-7.0,7.0,-11.0,3.0,-13.0,-5.0,13.0,-16.0,3.0,-19.0,-5.0,17.0,-30.0,3.0,-31.0,-14.0,20.0
2025-10-10,CHOP_BUY,EARLY_HARD_STOP,long,LOSER,-96.0,4,46762.0,-12.0,1.0,-17.0,-12.0,18.0,-12.0,1.0,-17.0,0.0,13.0,-35.0,1.0,-35.0,-23.0,34.0,-48.0,1.0,-53.0,-13.0,20.0,-53.0,1.0,-58.0,-5.0,13.0
2025-10-10,TREND_SHORT,PARTIAL_TP,short,WINNER,77.0,1,46609.0,77.0,154.0,-28.0,77.0,182.0,143.0,224.0,-28.0,66.0,141.0,263.0,326.0,-28.0,120.0,186.0,282.0,340.0,-28.0,19.0,86.0,352.0,375.0,-28.0,70.0,101.0
2025-10-10,TREND_SHORT,PARTIAL_TP,short,WINNER,52.0,4,46210.0,38.0,40.0,-24.0,38.0,64.0,16.0,61.0,-24.0,-22.0,67.0,-12.0,61.0,-53.0,-28.0,90.0,52.0,61.0,-53.0,64.0,79.0,43.0,86.0,-53.0,-9.0,56.0
2025-10-10,CHOP_BUY,EARLY_HARD_STOP,long,LOSER,-100.0,4,45992.0,-34.0,7.0,-36.0,-34.0,43.0,-36.0,7.0,-51.0,-2.0,30.0,-29.0,7.0,-51.0,7.0,28.0,-50.0,7.0,-51.0,-21.0,34.0,-31.0,7.0,-65.0,19.0,41.0
2025-10-10,CHOP_BUY,PARTIAL_TP,long,WINNER,51.0,12,45989.0,13.0,17.0,-9.0,13.0,26.0,-2.0,23.0,-9.0,-15.0,28.0,3.0,36.0,-9.0,5.0,38.0,28.0,36.0,-11.0,25.0,39.0,3.0,36.0,-11.0,-25.0,25.0
2025-10-10,TREND_SHORT,CHOP_TP,short,WINNER,72.0,19,45905.0,8.0,22.0,-2.0,8.0,24.0,12.0,22.0,-2.0,4.0,14.0,-14.0,22.0,-21.0,-26.0,40.0,-15.0,22.0,-36.0,-1.0,27.0,2.0,22.0,-36.0,17.0,34.0
2025-10-10,TREND_SHORT,PARTIAL_TP,short,WINNER,73.0,12,45847.0,9.0,12.0,-10.0,9.0,22.0,4.0,12.0,-16.0,-5.0,26.0,11.0,17.0,-16.0,7.0,22.0,18.0,30.0,-16.0,7.0,23.0,44.0,46.0,-16.0,26.0,35.0
2025-10-10,TREND_SHORT,SESSION_EXIT,short,WINNER,60.0,5,45718.0,19.0,26.0,-11.0,19.0,37.0,2.0,26.0,-19.0,-17.0,41.0,3.0,26.0,-19.0,1.0,29.0,9.0,26.0,-19.0,6.0,30.0,30.0,30.0,-19.0,21.0,40.0
2025-10-13,TREND_LONG,EARLY_HARD_STOP,long,LOSER,-158.0,3,46220.0,23.0,32.0,-7.0,23.0,39.0,-29.0,32.0,-40.0,-52.0,69.0,-79.0,32.0,-84.0,-50.0,56.0,-18.0,32.0,-84.0,61.0,65.0,3.0,32.0,-84.0,21.0,25.0
2025-10-13,CHOP_SELL,EARLY_HARD_STOP,short,LOSER,-92.0,3,46155.0,-19.0,7.0,-20.0,-19.0,27.0,-33.0,7.0,-55.0,-14.0,40.0,-46.0,7.0,-55.0,-13.0,20.0,-47.0,7.0,-55.0,-1.0,14.0,-47.0,7.0,-55.0,0.0,11.0
2025-10-13,TREND_LONG,PARTIAL_TP,long,WINNER,52.0,6,46243.0,-1.0,6.0,-7.0,-1.0,13.0,18.0,18.0,-7.0,19.0,22.0,28.0,37.0,-7.0,10.0,21.0,49.0,52.0,-7.0,21.0,35.0,48.0,54.0,-7.0,-1.0,12.0
2025-10-13,CHOP_BUY,PARTIAL_TP,long,WINNER,54.0,48,46300.0,-4.0,9.0,-8.0,-4.0,17.0,-4.0,9.0,-8.0,0.0,14.0,-4.0,9.0,-16.0,0.0,17.0,-15.0,9.0,-16.0,-11.0,13.0,7.0,9.0,-16.0,22.0,16.0
2025-10-13,CHOP_SELL,PARTIAL_TP,short,WINNER,74.0,26,46291.0,8.0,15.0,0.0,8.0,15.0,23.0,28.0,0.0,15.0,23.0,5.0,28.0,0.0,-18.0,20.0,16.0,28.0,0.0,11.0,16.0,25.0,28.0,0.0,9.0,10.0
2025-10-14,TREND_LONG,PARTIAL_TP,long,WINNER,50.0,9,45970.0,-10.0,24.0,-10.0,-10.0,34.0,-10.0,24.0,-15.0,0.0,27.0,-8.0,24.0,-15.0,2.0,23.0,-3.0,24.0,-19.0,5.0,19.0,-23.0,24.0,-37.0,-20.0,42.0
2025-10-15,TREND_LONG,PARTIAL_TP,long,WINNER,53.0,9,46824.0,6.0,9.0,-15.0,6.0,24.0,18.0,34.0,-15.0,12.0,32.0,23.0,34.0,-15.0,5.0,22.0,-5.0,34.0,-15.0,-28.0,37.0,25.0,34.0,-15.0,30.0,35.0
2025-10-15,TREND_SHORT,PARTIAL_TP,short,WINNER,50.0,10,46620.0,-17.0,3.0,-22.0,-17.0,25.0,-19.0,3.0,-27.0,-2.0,18.0,11.0,13.0,-27.0,30.0,29.0,7.0,19.0,-27.0,-4.0,16.0,13.0,26.0,-27.0,6.0,22.0
2025-10-15,CHOP_BUY,EXIT_FLAT,long,LOSER,-218.0,18,46555.0,12.0,19.0,-4.0,12.0,23.0,10.0,20.0,-4.0,-2.0,19.0,-24.0,20.0,-30.0,-34.0,41.0,-32.0,20.0,-40.0,-8.0,16.0,-25.0,20.0,-40.0,7.0,13.0
2025-10-15,TREND_SHORT,PARTIAL_TP,short,WINNER,83.0,3,46418.0,0.0,19.0,-4.0,0.0,23.0,24.0,34.0,-6.0,24.0,40.0,83.0,87.0,-6.0,59.0,64.0,59.0,90.0,-6.0,-24.0,42.0,99.0,105.0,-6.0,40.0,53.0
2025-10-15,CHOP_BUY,EXIT_FLAT,long,LOSER,-170.0,65,46503.0,-5.0,5.0,-15.0,-5.0,20.0,-13.0,5.0,-20.0,-8.0,16.0,2.0,5.0,-20.0,15.0,18.0,20.0,20.0,-20.0,18.0,21.0,23.0,30.0,-20.0,3.0,14.0
2025-10-16,TREND_SHORT,PARTIAL_TP,short,WINNER,59.0,7,46525.0,-6.0,17.0,-10.0,-6.0,27.0,-21.0,17.0,-33.0,-15.0,47.0,36.0,39.0,-33.0,57.0,59.0,5.0,47.0,-33.0,-31.0,44.0,27.0,47.0,-33.0,22.0,27.0
2025-10-16,TREND_LONG,EARLY_HARD_STOP,long,LOSER,-112.0,3,46627.0,-13.0,5.0,-16.0,-13.0,21.0,-28.0,5.0,-30.0,-15.0,22.0,-56.0,5.0,-69.0,-28.0,54.0,-75.0,5.0,-78.0,-19.0,27.0,-52.0,5.0,-90.0,23.0,43.0
2025-10-16,TREND_SHORT,EARLY_HARD_STOP,short,LOSER,-122.0,2,46443.0,-11.0,13.0,-27.0,-11.0,40.0,-61.0,13.0,-61.0,-50.0,55.0,-52.0,13.0,-61.0,9.0,25.0,-91.0,13.0,-106.0,-39.0,58.0,-74.0,13.0,-106.0,17.0,30.0
2025-10-16,TREND_SHORT,PARTIAL_TP,short,WINNER,60.0,32,46427.0,-19.0,0.0,-30.0,-19.0,28.0,-33.0,2.0,-36.0,-14.0,38.0,-9.0,10.0,-36.0,24.0,45.0,-34.0,10.0,-57.0,-25.0,45.0,-38.0,10.0,-59.0,-4.0,48.0
2025-10-16,TREND_SHORT,EXIT_FLAT,short,LOSER,-132.0,11,46044.0,-23.0,7.0,-23.0,-23.0,30.0,-16.0,7.0,-32.0,7.0,29.0,15.0,25.0,-32.0,31.0,40.0,-12.0,44.0,-32.0,-27.0,59.0,-30.0,44.0,-37.0,-18.0,46.0
2025-10-16,CHOP_BUY,EXIT_FLAT,long,LOSER,-136.0,22,46181.0,14.0,14.0,-3.0,14.0,17.0,-8.0,29.0,-13.0,-22.0,42.0,-10.0,29.0,-23.0,-2.0,25.0,-14.0,29.0,-23.0,-4.0,19.0,-22.0,29.0,-23.0,-8.0,18.0
2025-10-16,CHOP_BUY,PARTIAL_TP,long,WINNER,65.0,17,46049.0,-16.0,8.0,-19.0,-16.0,27.0,-4.0,8.0,-21.0,12.0,27.0,-22.0,8.0,-26.0,-18.0,26.0,-7.0,8.0,-36.0,15.0,41.0,-3.0,8.0,-36.0,4.0,24.0
2025-10-17,TREND_LONG,EXIT_FLAT,long,LOSER,-198.0,6,46349.0,1.0,25.0,-12.0,1.0,37.0,17.0,40.0,-12.0,16.0,44.0,38.0,41.0,-12.0,21.0,42.0,-1.0,43.0,-12.0,-39.0,49.0,-36.0,43.0,-38.0,-35.0,38.0
2025-10-17,TREND_LONG,EARLY_HARD_STOP,long,LOSER,-124.0,1,46412.0,-62.0,1.0,-69.0,-62.0,70.0,-94.0,1.0,-94.0,-32.0,34.0,-103.0,1.0,-117.0,-9.0,30.0,-126.0,1.0,-129.0,-23.0,27.0,-89.0,1.0,-143.0,37.0,59.0
2025-10-17,TREND_SHORT,EARLY_HARD_STOP,short,LOSER,-88.0,3,46108.0,-9.0,10.0,-24.0,-9.0,34.0,-20.0,10.0,-29.0,-11.0,22.0,-44.0,10.0,-55.0,-24.0,39.0,-36.0,10.0,-60.0,8.0,43.0,-16.0,10.0,-60.0,20.0,31.0
2025-10-17,CHOP_BUY,EARLY_HARD_STOP,long,LOSER,-132.0,3,46408.0,-14.0,2.0,-15.0,-14.0,17.0,-31.0,2.0,-31.0,-17.0,16.0,-66.0,2.0,-73.0,-35.0,47.0,-54.0,2.0,-75.0,12.0,22.0,-51.0,2.0,-75.0,3.0,18.0
2025-10-17,CHOP_BUY,PARTIAL_TP,long,WINNER,50.0,28,46256.0,0.0,3.0,-19.0,0.0,22.0,0.0,12.0,-19.0,0.0,18.0,-19.0,12.0,-26.0,-19.0,31.0,-6.0,12.0,-26.0,13.0,22.0,2.0,24.0,-26.0,8.0,31.0
2025-10-17,CHOP_BUY,CHOP_TP,long,WINNER,80.0,11,46454.0,26.0,27.0,-2.0,26.0,29.0,11.0,28.0,-2.0,-15.0,27.0,-3.0,28.0,-4.0,-14.0,19.0,14.0,28.0,-4.0,17.0,19.0,28.0,28.0,-4.0,14.0,16.0
2025-10-17,CHOP_BUY,EXIT_FLAT,long,LOSER,-124.0,26,46482.0,4.0,8.0,-1.0,4.0,9.0,34.0,36.0,-1.0,30.0,30.0,34.0,36.0,-1.0,0.0,10.0,11.0,36.0,-1.0,-23.0,24.0,24.0,36.0,-1.0,13.0,14.0
2025-10-20,TREND_LONG,EARLY_HARD_STOP,long,LOSER,-80.0,2,46688.0,-34.0,2.0,-46.0,-34.0,48.0,-40.0,2.0,-59.0,-6.0,24.0,-32.0,2.0,-59.0,8.0,16.0,-23.0,2.0,-59.0,9.0,24.0,-34.0,2.0,-59.0,-11.0,19.0
2025-10-20,TREND_LONG,PARTIAL_TP,long,WINNER,53.0,12,46692.0,14.0,15.0,-5.0,14.0,20.0,16.0,24.0,-5.0,2.0,13.0,18.0,24.0,-5.0,2.0,9.0,8.0,24.0,-5.0,-10.0,16.0,7.0,24.0,-5.0,-1.0,17.0
2025-10-20,CHOP_SELL,EXIT_FLAT,short,LOSER,-96.0,15,46827.0,4.0,4.0,-9.0,4.0,13.0,6.0,9.0,-9.0,2.0,5.0,1.0,9.0,-9.0,-5.0,8.0,8.0,9.0,-9.0,7.0,7.0,6.0,10.0,-9.0,-2.0,6.0
2025-10-20,TREND_LONG,PARTIAL_TP,long,WINNER,53.0,30,46878.0,0.0,6.0,-4.0,0.0,10.0,-1.0,6.0,-4.0,-1.0,6.0,2.0,6.0,-9.0,3.0,11.0,3.0,7.0,-9.0,1.0,8.0,3.0,9.0,-9.0,0.0,9.0
2025-10-20,CHOP_SELL,EXIT_FLAT,short,LOSER,-78.0,13,46917.0,-14.0,2.0,-20.0,-14.0,22.0,-23.0,2.0,-24.0,-9.0,12.0,-23.0,2.0,-27.0,0.0,8.0,-27.0,2.0,-29.0,-4.0,11.0,-27.0,2.0,-29.0,0.0,5.0
2025-10-20,CHOP_BUY,CHOP_TP,long,WINNER,36.0,67,46915.0,4.0,8.0,0.0,4.0,7.0,9.0,11.0,0.0,5.0,7.0,7.0,11.0,0.0,-2.0,4.0,8.0,12.0,0.0,1.0,6.0,7.0,12.0,0.0,-1.0,5.0
2025-10-21,TREND_LONG,PARTIAL_TP,long,WINNER,55.0,12,46996.0,11.0,20.0,-1.0,11.0,21.0,0.0,20.0,-12.0,-11.0,22.0,-3.0,20.0,-18.0,-3.0,27.0,25.0,29.0,-18.0,28.0,33.0,7.0,30.0,-18.0,-18.0,24.0
2025-10-21,TREND_LONG,PARTIAL_TP,long,WINNER,53.0,7,47172.0,17.0,18.0,0.0,17.0,16.0,24.0,25.0,0.0,7.0,12.0,30.0,38.0,0.0,6.0,16.0,40.0,42.0,0.0,10.0,22.0,34.0,44.0,0.0,-6.0,22.0
2025-10-21,CHOP_BUY,CHOP_TP,long,WINNER,70.0,82,47208.0,-5.0,4.0,-21.0,-5.0,25.0,-14.0,5.0,-21.0,-9.0,23.0,-13.0,5.0,-24.0,1.0,21.0,-14.0,5.0,-24.0,-1.0,20.0,-13.0,5.0,-24.0,1.0,21.0
2025-10-21,CHOP_BUY,SESSION_EXIT,long,LOSER,-82.0,16,47184.0,6.0,14.0,0.0,6.0,14.0,7.0,14.0,0.0,1.0,6.0,1.0,14.0,-1.0,-6.0,9.0,3.0,14.0,-2.0,2.0,5.0,-5.0,14.0,-5.0,-8.0,7.0
2025-10-22,TREND_SHORT,EXIT_FLAT,short,LOSER,-120.0,20,46999.0,10.0,12.0,-17.0,10.0,29.0,-7.0,12.0,-17.0,-17.0,26.0,-14.0,12.0,-17.0,-7.0,19.0,13.0,15.0,-17.0,27.0,32.0,-3.0,15.0,-17.0,-16.0,28.0
2025-10-22,CHOP_BUY,EXIT_FLAT,long,LOSER,-114.0,24,47023.0,0.0,10.0,-11.0,0.0,21.0,-4.0,10.0,-12.0,-4.0,14.0,8.0,15.0,-12.0,12.0,23.0,-16.0,15.0,-16.0,-24.0,27.0,-25.0,15.0,-42.0,-9.0,32.0
2025-10-22,TREND_SHORT,EARLY_HARD_STOP,short,LOSER,-84.0,5,46940.0,-29.0,17.0,-30.0,-29.0,47.0,-7.0,17.0,-30.0,22.0,28.0,-35.0,17.0,-42.0,-28.0,36.0,-29.0,17.0,-42.0,6.0,13.0,-42.0,17.0,-48.0,-13.0,19.0
2025-10-22,CHOP_BUY,PARTIAL_TP,long,WINNER,53.0,21,46968.0,-8.0,2.0,-23.0,-8.0,25.0,11.0,14.0,-23.0,19.0,23.0,13.0,21.0,-23.0,2.0,17.0,3.0,23.0,-23.0,-10.0,26.0,8.0,23.0,-23.0,5.0,19.0
2025-10-22,TREND_SHORT,PARTIAL_TP,short,WINNER,165.0,6,46907.0,-33.0,1.0,-33.0,-33.0,34.0,-21.0,1.0,-33.0,12.0,14.0,-15.0,1.0,-33.0,6.0,17.0,-24.0,1.0,-33.0,-9.0,13.0,-15.0,1.0,-33.0,9.0,16.0
2025-10-22,TREND_SHORT,EXIT_FLAT,short,LOSER,-172.0,40,46685.0,3.0,9.0,-4.0,3.0,13.0,11.0,11.0,-12.0,8.0,23.0,17.0,26.0,-12.0,6.0,22.0,-10.0,26.0,-17.0,-27.0,35.0,-4.0,26.0,-32.0,6.0,39.0
2025-10-22,CHOP_BUY,PARTIAL_TP,long,WINNER,54.0,9,46713.0,10.0,12.0,-9.0,10.0,21.0,-7.0,20.0,-9.0,-17.0,29.0,-2.0,20.0,-9.0,5.0,11.0,21.0,21.0,-9.0,23.0,19.0,33.0,39.0,-9.0,12.0,28.0
2025-10-23,TREND_LONG,EARLY_HARD_STOP,long,LOSER,-142.0,2,46908.0,-26.0,1.0,-40.0,-26.0,41.0,-71.0,1.0,-73.0,-45.0,52.0,-54.0,1.0,-76.0,17.0,26.0,-70.0,1.0,-77.0,-16.0,26.0,-90.0,1.0,-101.0,-20.0,42.0
2025-10-23,TREND_SHORT,EXIT_FLAT,short,LOSER,-126.0,7,46700.0,-4.0,21.0,-8.0,-4.0,29.0,5.0,21.0,-10.0,9.0,18.0,13.0,24.0,-10.0,8.0,21.0,-8.0,24.0,-21.0,-21.0,34.0,-23.0,24.0,-29.0,-15.0,43.0
2025-10-23,CHOP_BUY,PARTIAL_TP,long,WINNER,59.0,26,46785.0,9.0,13.0,-3.0,9.0,16.0,21.0,25.0,-3.0,12.0,20.0,21.0,29.0,-3.0,0.0,19.0,29.0,31.0,-3.0,8.0,23.0,35.0,40.0,-3.0,6.0,13.0
2025-10-23,CHOP_SELL,EXIT_FLAT,short,LOSER,-146.0,11,46895.0,-4.0,7.0,-4.0,-4.0,11.0,0.0,7.0,-7.0,4.0,7.0,-8.0,7.0,-34.0,-8.0,35.0,-12.0,7.0,-34.0,-4.0,18.0,-20.0,7.0,-34.0,-8.0,22.0
2025-10-23,TREND_LONG,EXIT_FLAT,long,LOSER,-148.0,103,46975.0,-5.0,0.0,-7.0,-5.0,6.0,-8.0,0.0,-11.0,-3.0,7.0,-12.0,0.0,-16.0,-4.0,9.0,-16.0,0.0,-19.0,-4.0,9.0,-19.0,0.0,-19.0,-3.0,7.0
2025-10-24,TREND_LONG,EXIT_FLAT,long,LOSER,-156.0,30,47333.0,-15.0,6.0,-24.0,-15.0,30.0,-35.0,6.0,-41.0,-20.0,44.0,-19.0,6.0,-41.0,16.0,19.0,-31.0,6.0,-49.0,-12.0,39.0,-20.0,6.0,-49.0,11.0,27.0
2025-10-24,CHOP_SELL,EXIT_FLAT,short,LOSER,-88.0,20,47313.0,11.0,15.0,-4.0,11.0,19.0,24.0,30.0,-4.0,13.0,19.0,37.0,49.0,-4.0,13.0,36.0,28.0,49.0,-4.0,-9.0,20.0,23.0,49.0,-4.0,-5.0,20.0
2025-10-24,TREND_LONG,PARTIAL_TP,long,WINNER,53.0,26,47418.0,-2.0,6.0,-5.0,-2.0,11.0,1.0,6.0,-7.0,3.0,11.0,16.0,21.0,-7.0,15.0,19.0,5.0,21.0,-7.0,-11.0,14.0,15.0,21.0,-7.0,10.0,11.0
2025-10-24,CHOP_SELL,EXIT_FLAT,short,LOSER,-132.0,19,47427.0,4.0,7.0,0.0,4.0,7.0,5.0,11.0,0.0,1.0,6.0,6.0,11.0,0.0,1.0,4.0,-11.0,11.0,-11.0,-17.0,17.0,-14.0,11.0,-16.0,-3.0,9.0
2025-10-24,CHOP_BUY,PARTIAL_TP,long,WINNER,51.0,19,47440.0,1.0,4.0,-7.0,1.0,11.0,1.0,6.0,-7.0,0.0,11.0,11.0,11.0,-7.0,10.0,11.0,10.0,14.0,-7.0,-1.0,8.0,16.0,20.0,-7.0,6.0,11.0
2025-10-27,TREND_LONG,EXIT_FLAT,long,LOSER,-138.0,10,47701.0,-7.0,2.0,-18.0,-7.0,20.0,-15.0,2.0,-21.0,-8.0,18.0,-13.0,2.0,-27.0,2.0,15.0,-15.0,2.0,-28.0,-2.0,17.0,-38.0,2.0,-38.0,-23.0,23.0
2025-10-27,CHOP_BUY,PARTIAL_TP,long,WINNER,53.0,30,47578.0,4.0,9.0,-3.0,4.0,12.0,15.0,17.0,-3.0,11.0,19.0,12.0,17.0,-3.0,-3.0,10.0,9.0,17.0,-3.0,-3.0,5.0,1.0,17.0,-3.0,-8.0,10.0
2025-10-27,CHOP_SELL,PARTIAL_TP,short,WINNER,62.0,20,47636.0,3.0,7.0,-1.0,3.0,8.0,5.0,7.0,-1.0,2.0,5.0,2.0,7.0,-1.0,-3.0,4.0,7.0,7.0,-1.0,5.0,6.0,11.0,11.0,-1.0,4.0,4.0
2025-10-27,CHOP_SELL,CHOP_TP,short,WINNER,22.0,7,47629.0,-1.0,1.0,-4.0,-1.0,5.0,-3.0,1.0,-6.0,-2.0,6.0,-1.0,1.0,-6.0,2.0,3.0,-3.0,1.0,-6.0,-2.0,4.0,7.0,10.0,-8.0,10.0,18.0
2025-10-27,TREND_LONG,SESSION_EXIT,long,LOSER,-2.0,14,47713.0,-7.0,3.0,-10.0,-7.0,13.0,4.0,4.0,-10.0,11.0,12.0,-7.0,4.0,-10.0,-11.0,11.0,-11.0,4.0,-25.0,-4.0,28.0,-5.0,4.0,-25.0,6.0,13.0
2025-10-28,TREND_LONG,EXIT_FLAT,long,LOSER,-120.0,31,48103.0,-12.0,13.0,-14.0,-12.0,27.0,-3.0,13.0,-14.0,9.0,15.0,1.0,13.0,-14.0,4.0,11.0,-11.0,13.0,-20.0,-12.0,22.0,-7.0,13.0,-20.0,4.0,6.0
2025-10-28,TREND_LONG,EXIT_FLAT,long,LOSER,-138.0,14,48117.0,-3.0,0.0,-7.0,-3.0,7.0,-5.0,1.0,-9.0,-2.0,10.0,-17.0,1.0,-22.0,-12.0,13.0,-20.0,1.0,-22.0,-3.0,5.0,-21.0,1.0,-22.0,-1.0,8.0
2025-10-29,TREND_LONG,EXIT_FLAT,long,LOSER,-144.0,11,48193.0,-3.0,11.0,-27.0,-3.0,38.0,6.0,16.0,-27.0,9.0,29.0,11.0,21.0,-27.0,5.0,15.0,-18.0,21.0,-29.0,-29.0,40.0,-25.0,21.0,-30.0,-7.0,16.0
2025-10-29,CHOP_BUY,CHOP_TP,long,WINNER,96.0,4,47986.0,21.0,21.0,-3.0,21.0,24.0,18.0,31.0,-3.0,-3.0,16.0,37.0,58.0,-3.0,19.0,46.0,48.0,58.0,-3.0,11.0,21.0,50.0,58.0,-3.0,2.0,19.0
2025-10-29,TREND_SHORT,PARTIAL_TP,short,WINNER,59.0,3,47836.0,13.0,77.0,-17.0,13.0,94.0,46.0,78.0,-17.0,33.0,68.0,59.0,97.0,-17.0,13.0,51.0,151.0,151.0,-17.0,92.0,84.0,120.0,167.0,-17.0,-31.0,90.0
2025-10-30,TREND_LONG,PARTIAL_TP,long,WINNER,50.0,15,47978.0,-17.0,12.0,-22.0,-17.0,34.0,-4.0,33.0,-23.0,13.0,56.0,4.0,33.0,-27.0,8.0,40.0,6.0,33.0,-27.0,2.0,26.0,15.0,33.0,-27.0,9.0,26.0
2025-10-30,CHOP_BUY,PARTIAL_TP,long,WINNER,58.0,16,48025.0,-17.0,15.0,-17.0,-17.0,32.0,-2.0,15.0,-43.0,15.0,51.0,20.0,35.0,-43.0,22.0,39.0,41.0,45.0,-43.0,21.0,31.0,0.0,45.0,-43.0,-41.0,44.0
2025-10-30,CHOP_SELL,PARTIAL_TP,short,WINNER,66.0,16,47935.0,-21.0,0.0,-22.0,-21.0,22.0,-19.0,0.0,-24.0,2.0,8.0,-15.0,0.0,-27.0,4.0,17.0,2.0,2.0,-27.0,17.0,18.0,4.0,4.0,-27.0,2.0,9.0
2025-10-30,CHOP_SELL,PARTIAL_TP,short,WINNER,62.0,10,47775.0,-16.0,0.0,-19.0,-16.0,19.0,-8.0,0.0,-21.0,8.0,17.0,2.0,4.0,-21.0,10.0,8.0,2.0,4.0,-21.0,0.0,15.0,3.0,20.0,-21.0,1.0,20.0
2025-10-31,TREND_LONG,EARLY_HARD_STOP,long,LOSER,-86.0,5,47765.0,-13.0,16.0,-20.0,-13.0,36.0,6.0,16.0,-21.0,19.0,27.0,-12.0,17.0,-24.0,-18.0,41.0,-31.0,17.0,-40.0,-19.0,37.0,-43.0,17.0,-45.0,-12.0,29.0
2025-10-31,CHOP_SELL,EXIT_FLAT,short,LOSER,-150.0,15,47700.0,1.0,4.0,-8.0,1.0,12.0,8.0,14.0,-8.0,7.0,22.0,10.0,20.0,-8.0,2.0,21.0,5.0,20.0,-8.0,-5.0,16.0,8.0,20.0,-8.0,3.0,15.0
2025-10-31,TREND_LONG,EARLY_HARD_STOP,long,LOSER,-90.0,4,47814.0,-21.0,1.0,-21.0,-21.0,22.0,-14.0,1.0,-22.0,7.0,17.0,-29.0,1.0,-34.0,-15.0,18.0,-45.0,1.0,-45.0,-16.0,18.0,-53.0,1.0,-56.0,-8.0,24.0
2025-10-31,CHOP_BUY,EARLY_HARD_STOP,long,LOSER,-106.0,4,47703.0,-14.0,1.0,-16.0,-14.0,17.0,-24.0,1.0,-28.0,-10.0,13.0,-37.0,1.0,-38.0,-13.0,16.0,-53.0,1.0,-54.0,-16.0,18.0,-56.0,1.0,-70.0,-3.0,20.0
2025-10-31,CHOP_BUY,PARTIAL_TP,long,WINNER,64.0,19,47633.0,6.0,11.0,-10.0,6.0,21.0,-5.0,11.0,-13.0,-11.0,22.0,-1.0,11.0,-13.0,4.0,20.0,-27.0,11.0,-29.0,-26.0,30.0,-22.0,11.0,-29.0,5.0,12.0
2025-10-31,TREND_SHORT,PARTIAL_TP,short,WINNER,63.0,22,47553.0,-9.0,7.0,-13.0,-9.0,20.0,-21.0,7.0,-26.0,-12.0,24.0,-35.0,7.0,-42.0,-14.0,20.0,-31.0,7.0,-54.0,4.0,23.0,-27.0,7.0,-54.0,4.0,16.0
2025-10-31,CHOP_BUY,PARTIAL_TP,long,WINNER,55.0,46,47705.0,-2.0,2.0,-11.0,-2.0,13.0,3.0,8.0,-11.0,5.0,8.0,5.0,8.0,-11.0,2.0,13.0,7.0,13.0,-11.0,2.0,19.0,3.0,13.0,-11.0,-4.0,11.0
2025-11-03,TREND_SHORT,PARTIAL_TP,short,WINNER,52.0,3,47569.0,-4.0,15.0,-9.0,-4.0,24.0,28.0,35.0,-9.0,32.0,39.0,52.0,54.0,-9.0,24.0,37.0,57.0,64.0,-9.0,5.0,24.0,59.0,74.0,-9.0,2.0,26.0
2025-11-03,CHOP_BUY,EXIT_FLAT,long,LOSER,-122.0,22,47535.0,-7.0,0.0,-11.0,-7.0,11.0,-16.0,0.0,-18.0,-9.0,11.0,-14.0,0.0,-18.0,2.0,10.0,-25.0,0.0,-29.0,-11.0,14.0,-37.0,0.0,-39.0,-12.0,13.0
2025-11-04,TREND_LONG,PARTIAL_TP,long,WINNER,52.0,12,47253.0,-11.0,1.0,-25.0,-11.0,26.0,-17.0,2.0,-25.0,-6.0,25.0,-7.0,2.0,-33.0,10.0,30.0,-7.0,8.0,-33.0,0.0,21.0,-1.0,15.0,-33.0,6.0,19.0
2025-11-04,CHOP_SELL,PARTIAL_TP,short,WINNER,51.0,52,47166.0,-19.0,0.0,-23.0,-19.0,23.0,-1.0,3.0,-23.0,18.0,25.0,-17.0,3.0,-23.0,-16.0,17.0,-10.0,3.0,-23.0,7.0,16.0,11.0,12.0,-23.0,21.0,26.0
2025-11-05,TREND_LONG,EARLY_HARD_STOP,long,LOSER,-92.0,5,47391.0,-26.0,2.0,-34.0,-26.0,36.0,-27.0,2.0,-54.0,-1.0,33.0,-26.0,2.0,-59.0,1.0,34.0,-35.0,2.0,-59.0,-9.0,24.0,-46.0,2.0,-60.0,-11.0,29.0
2025-11-05,TREND_LONG,PARTIAL_TP,long,WINNER,52.0,17,47404.0,1.0,11.0,-8.0,1.0,19.0,-6.0,11.0,-10.0,-7.0,16.0,-1.0,12.0,-10.0,5.0,17.0,9.0,15.0,-10.0,10.0,16.0,16.0,17.0,-10.0,7.0,19.0
2025-11-05,CHOP_BUY,PARTIAL_TP,long,WINNER,50.0,14,47472.0,-5.0,3.0,-8.0,-5.0,11.0,9.0,11.0,-8.0,14.0,18.0,5.0,11.0,-8.0,-4.0,11.0,8.0,19.0,-8.0,3.0,14.0,4.0,19.0,-8.0,-4.0,18.0
2025-11-05,CHOP_BUY,CHOP_TP,long,WINNER,36.0,23,47500.0,8.0,11.0,0.0,8.0,11.0,13.0,16.0,0.0,5.0,8.0,14.0,17.0,0.0,1.0,5.0,19.0,20.0,0.0,5.0,9.0,12.0,20.0,0.0,-7.0,9.0
2025-11-06,TREND_SHORT,PARTIAL_TP,short,WINNER,63.0,5,47219.0,-7.0,5.0,-7.0,-7.0,12.0,7.0,9.0,-9.0,14.0,18.0,17.0,22.0,-9.0,10.0,20.0,19.0,25.0,-9.0,2.0,22.0,63.0,68.0,-9.0,44.0,52.0
2025-11-06,TREND_SHORT,EARLY_HARD_STOP,short,LOSER,-98.0,4,47020.0,-29.0,13.0,-29.0,-29.0,42.0,-32.0,13.0,-39.0,-3.0,29.0,-30.0,13.0,-42.0,2.0,21.0,-49.0,13.0,-60.0,-19.0,46.0,-42.0,13.0,-60.0,7.0,21.0
2025-11-06,CHOP_BUY,EXIT_FLAT,long,LOSER,-100.0,21,47066.0,13.0,18.0,-17.0,13.0,35.0,16.0,28.0,-17.0,3.0,22.0,40.0,45.0,-17.0,24.0,32.0,24.0,45.0,-17.0,-16.0,21.0,13.0,45.0,-17.0,-11.0,45.0
2025-11-06,TREND_SHORT,PARTIAL_TP,short,WINNER,63.0,18,46997.0,8.0,18.0,-8.0,8.0,26.0,-19.0,18.0,-22.0,-27.0,34.0,-28.0,18.0,-31.0,-9.0,25.0,-18.0,18.0,-37.0,10.0,37.0,23.0,30.0,-37.0,41.0,51.0
2025-11-06,CHOP_BUY,PARTIAL_TP,long,WINNER,52.0,15,47107.0,3.0,10.0,-4.0,3.0,14.0,11.0,12.0,-4.0,8.0,13.0,-2.0,17.0,-11.0,-13.0,28.0,14.0,17.0,-11.0,16.0,21.0,2.0,19.0,-11.0,-12.0,19.0
2025-11-07,TREND_LONG,EARLY_HARD_STOP,long,LOSER,-118.0,5,46917.0,-7.0,1.0,-29.0,-7.0,30.0,4.0,18.0,-29.0,11.0,34.0,-6.0,18.0,-29.0,-10.0,29.0,-38.0,18.0,-51.0,-32.0,66.0,-59.0,18.0,-65.0,-21.0,26.0
2025-11-07,TREND_LONG,CHOP_TP,long,WINNER,26.0,18,46912.0,26.0,36.0,-2.0,26.0,38.0,35.0,39.0,-2.0,9.0,20.0,38.0,57.0,-2.0,3.0,35.0,34.0,64.0,-2.0,-4.0,38.0,18.0,64.0,-2.0,-16.0,31.0
2025-11-07,CHOP_BUY,EXIT_FLAT,long,LOSER,-126.0,8,46882.0,-15.0,6.0,-21.0,-15.0,27.0,4.0,9.0,-21.0,19.0,30.0,-13.0,9.0,-24.0,-17.0,28.0,-29.0,9.0,-33.0,-16.0,21.0,-27.0,9.0,-34.0,2.0,15.0
2025-11-07,TREND_SHORT,PARTIAL_TP,short,WINNER,50.0,5,46738.0,10.0,13.0,-10.0,10.0,23.0,3.0,14.0,-17.0,-7.0,31.0,17.0,18.0,-17.0,14.0,20.0,34.0,42.0,-17.0,17.0,31.0,50.0,53.0,-17.0,16.0,20.0
2025-11-07,TREND_SHORT,EARLY_HARD_STOP,short,LOSER,-86.0,2,46679.0,-18.0,0.0,-21.0,-18.0,20.0,-43.0,0.0,-49.0,-25.0,37.0,-46.0,0.0,-56.0,-3.0,22.0,-47.0,0.0,-61.0,-1.0,22.0,-7.0,0.0,-61.0,40.0,46.0
2025-11-07,TREND_SHORT,PARTIAL_TP,short,WINNER,61.0,12,46654.0,9.0,11.0,-8.0,9.0,19.0,39.0,43.0,-8.0,30.0,35.0,31.0,43.0,-8.0,-8.0,17.0,8.0,43.0,-8.0,-23.0,33.0,18.0,43.0,-8.0,10.0,22.0
2025-11-07,CHOP_BUY,CHOP_TP,long,WINNER,36.0,1,46855.0,18.0,19.0,-10.0,18.0,29.0,11.0,19.0,-10.0,-7.0,14.0,15.0,27.0,-10.0,4.0,17.0,19.0,27.0,-10.0,4.0,11.0,49.0,52.0,-10.0,30.0,31.0
2025-11-07,TREND_LONG,PARTIAL_TP,long,WINNER,50.0,2,46993.0,39.0,40.0,0.0,39.0,40.0,50.0,66.0,0.0,11.0,29.0,42.0,69.0,0.0,-8.0,36.0,39.0,69.0,0.0,-3.0,18.0,44.0,69.0,0.0,5.0,23.0
2025-11-07,CHOP_BUY,CHOP_TP,long,WINNER,48.0,4,47024.0,-2.0,2.0,-20.0,-2.0,22.0,14.0,14.0,-20.0,16.0,17.0,11.0,24.0,-20.0,-3.0,16.0,24.0,28.0,-20.0,13.0,24.0,41.0,43.0,-20.0,17.0,44.0
2025-11-07,TREND_LONG,SESSION_EXIT,long,WINNER,90.0,3,47066.0,13.0,15.0,-7.0,13.0,22.0,14.0,28.0,-7.0,1.0,27.0,45.0,53.0,-7.0,31.0,40.0,65.0,69.0,-7.0,20.0,25.0,72.0,84.0,-7.0,7.0,19.0
2025-11-10,TREND_SHORT,EARLY_HARD_STOP,short,LOSER,-80.0,2,47248.0,-6.0,2.0,-12.0,-6.0,14.0,-40.0,2.0,-42.0,-34.0,40.0,-12.0,2.0,-42.0,28.0,37.0,-19.0,2.0,-42.0,-7.0,17.0,-15.0,2.0,-42.0,4.0,19.0
2025-11-10,TREND_SHORT,EXIT_FLAT,short,LOSER,-120.0,14,47222.0,3.0,9.0,-18.0,3.0,27.0,-18.0,14.0,-24.0,-21.0,38.0,-4.0,14.0,-24.0,14.0,23.0,-2.0,14.0,-24.0,2.0,18.0,-3.0,14.0,-24.0,-1.0,25.0
2025-11-10,TREND_SHORT,EARLY_HARD_STOP,short,LOSER,-86.0,4,47200.0,-1.0,8.0,-6.0,-1.0,14.0,-19.0,8.0,-20.0,-18.0,20.0,-24.0,8.0,-27.0,-5.0,10.0,-43.0,8.0,-46.0,-19.0,24.0,-55.0,8.0,-56.0,-12.0,21.0
2025-11-10,TREND_SHORT,PARTIAL_TP,short,WINNER,50.0,12,47181.0,19.0,22.0,-4.0,19.0,26.0,26.0,29.0,-4.0,7.0,12.0,21.0,35.0,-4.0,-5.0,19.0,15.0,35.0,-4.0,-6.0,17.0,18.0,35.0,-4.0,3.0,20.0
2025-11-10,CHOP_BUY,PARTIAL_TP,long,WINNER,51.0,31,47333.0,-9.0,1.0,-12.0,-9.0,13.0,-2.0,1.0,-12.0,7.0,10.0,-5.0,2.0,-12.0,-3.0,7.0,-5.0,2.0,-14.0,0.0,9.0,-9.0,2.0,-14.0,-4.0,8.0
2025-11-10,TREND_LONG,PARTIAL_TP,long,WINNER,57.0,46,47431.0,-10.0,5.0,-11.0,-10.0,16.0,-10.0,5.0,-11.0,0.0,6.0,-16.0,5.0,-16.0,-6.0,10.0,-22.0,5.0,-23.0,-6.0,15.0,-19.0,5.0,-23.0,3.0,7.0
2025-11-10,TREND_LONG,EARLY_HARD_STOP,long,LOSER,-86.0,4,47507.0,0.0,3.0,-1.0,0.0,4.0,-24.0,3.0,-27.0,-24.0,27.0,-37.0,3.0,-38.0,-13.0,15.0,-43.0,3.0,-48.0,-6.0,11.0,-40.0,3.0,-48.0,3.0,7.0
2025-11-10,CHOP_BUY,SESSION_EXIT,long,WINNER,26.0,28,47448.0,-4.0,3.0,-6.0,-4.0,9.0,0.0,8.0,-6.0,4.0,12.0,5.0,8.0,-6.0,5.0,7.0,33.0,35.0,-6.0,28.0,28.0,36.0,40.0,-6.0,3.0,11.0
2025-11-11,TREND_LONG,EXIT_FLAT,long,LOSER,-154.0,7,47585.0,-25.0,0.0,-34.0,-25.0,32.0,-9.0,0.0,-34.0,16.0,25.0,-3.0,0.0,-34.0,6.0,11.0,-28.0,8.0,-38.0,-25.0,46.0,-32.0,8.0,-45.0,-4.0,24.0
2025-11-11,CHOP_SELL,EXIT_FLAT,short,LOSER,-168.0,11,47531.0,17.0,22.0,-2.0,17.0,24.0,16.0,27.0,-2.0,-1.0,19.0,6.0,27.0,-2.0,-10.0,15.0,8.0,27.0,-15.0,2.0,23.0,-1.0,27.0,-15.0,-9.0,15.0
2025-11-11,TREND_LONG,EARLY_HARD_STOP,long,LOSER,-92.0,2,47654.0,-35.0,0.0,-38.0,-35.0,37.0,-46.0,0.0,-51.0,-11.0,25.0,-27.0,0.0,-51.0,19.0,18.0,-20.0,0.0,-51.0,7.0,15.0,-33.0,0.0,-51.0,-13.0,28.0
2025-11-11,CHOP_SELL,EARLY_HARD_STOP,short,LOSER,-80.0,2,47621.0,-19.0,0.0,-21.0,-19.0,15.0,-40.0,0.0,-45.0,-21.0,30.0,-36.0,0.0,-46.0,4.0,13.0,-18.0,0.0,-46.0,18.0,22.0,-14.0,0.0,-46.0,4.0,13.0
2025-11-11,CHOP_BUY,PARTIAL_TP,long,WINNER,51.0,15,47649.0,3.0,13.0,-8.0,3.0,21.0,-5.0,13.0,-13.0,-8.0,20.0,8.0,15.0,-13.0,13.0,19.0,-4.0,15.0,-13.0,-12.0,17.0,0.0,15.0,-13.0,4.0,12.0
2025-11-11,TREND_LONG,PARTIAL_TP,long,WINNER,57.0,33,47826.0,4.0,11.0,-3.0,4.0,14.0,2.0,12.0,-3.0,-2.0,11.0,-13.0,12.0,-14.0,-15.0,16.0,4.0,12.0,-14.0,17.0,18.0,4.0,12.0,-14.0,0.0,16.0
2025-11-11,TREND_LONG,CHOP_TP,long,WINNER,90.0,92,47991.0,-1.0,1.0,-10.0,-1.0,11.0,14.0,17.0,-10.0,15.0,19.0,23.0,25.0,-10.0,9.0,13.0,26.0,31.0,-10.0,3.0,9.0,20.0,35.0,-10.0,-6.0,19.0
2025-11-11,TREND_LONG,SESSION_EXIT,long,WINNER,10.0,59,48052.0,-9.0,0.0,-11.0,-9.0,10.0,-5.0,5.0,-11.0,4.0,14.0,4.0,10.0,-11.0,9.0,16.0,10.0,17.0,-11.0,6.0,18.0,12.0,18.0,-11.0,2.0,10.0
2025-11-12,TREND_LONG,PARTIAL_TP,long,WINNER,52.0,4,48466.0,22.0,25.0,0.0,22.0,25.0,23.0,33.0,0.0,1.0,12.0,46.0,50.0,0.0,23.0,32.0,52.0,62.0,0.0,6.0,19.0,12.0,62.0,0.0,-40.0,48.0
2025-11-12,CHOP_SELL,EXIT_FLAT,short,LOSER,-136.0,20,48368.0,-9.0,9.0,-12.0,-9.0,21.0,-5.0,9.0,-17.0,4.0,24.0,13.0,24.0,-17.0,18.0,29.0,16.0,24.0,-17.0,3.0,7.0,4.0,24.0,-17.0,-12.0,26.0
2025-11-12,CHOP_BUY,CHOP_TP,long,WINNER,42.0,9,48355.0,7.0,9.0,-1.0,7.0,10.0,-2.0,10.0,-2.0,-9.0,12.0,-8.0,10.0,-18.0,-6.0,16.0,-9.0,10.0,-18.0,-1.0,10.0,-16.0,10.0,-18.0,-7.0,11.0
2025-11-12,CHOP_SELL,PARTIAL_TP,short,WINNER,63.0,29,48424.0,8.0,8.0,-2.0,8.0,10.0,22.0,26.0,-2.0,14.0,18.0,7.0,26.0,-2.0,-15.0,20.0,-19.0,26.0,-20.0,-26.0,25.0,-18.0,26.0,-25.0,1.0,9.0
2025-11-13,TREND_SHORT,EARLY_HARD_STOP,short,LOSER,-86.0,5,48203.0,-4.0,12.0,-16.0,-4.0,28.0,-23.0,12.0,-28.0,-19.0,29.0,-28.0,12.0,-44.0,-5.0,34.0,-34.0,12.0,-61.0,-6.0,37.0,-43.0,12.0,-61.0,-9.0,22.0
2025-11-13,TREND_SHORT,PARTIAL_TP,short,WINNER,50.0,10,48165.0,8.0,12.0,-15.0,8.0,27.0,-17.0,12.0,-27.0,-25.0,35.0,14.0,22.0,-27.0,31.0,40.0,32.0,45.0,-27.0,18.0,37.0,20.0,45.0,-27.0,-12.0,28.0
2025-11-13,CHOP_SELL,EARLY_HARD_STOP,short,LOSER,-110.0,4,47957.0,-8.0,2.0,-11.0,-8.0,13.0,-24.0,2.0,-32.0,-16.0,27.0,-37.0,2.0,-44.0,-13.0,31.0,-55.0,2.0,-63.0,-18.0,28.0,-19.0,2.0,-66.0,36.0,50.0
2025-11-13,TREND_SHORT,PARTIAL_TP,short,WINNER,50.0,4,47912.0,14.0,26.0,-10.0,14.0,36.0,36.0,42.0,-10.0,22.0,34.0,37.0,44.0,-10.0,1.0,17.0,50.0,57.0,-10.0,13.0,23.0,41.0,59.0,-10.0,-9.0,20.0
2025-11-13,TREND_SHORT,PARTIAL_TP,short,WINNER,58.0,13,47809.0,-9.0,0.0,-14.0,-9.0,14.0,-5.0,0.0,-14.0,4.0,10.0,-9.0,0.0,-14.0,-4.0,11.0,1.0,4.0,-14.0,10.0,16.0,-18.0,4.0,-22.0,-19.0,20.0
2025-11-13,TREND_SHORT,EXIT_FLAT,short,LOSER,-154.0,15,47520.0,-5.0,20.0,-6.0,-5.0,26.0,-11.0,20.0,-18.0,-6.0,19.0,-2.0,20.0,-18.0,9.0,22.0,-17.0,20.0,-23.0,-15.0,23.0,10.0,20.0,-23.0,27.0,38.0
2025-11-13,CHOP_BUY,EARLY_HARD_STOP,long,LOSER,-86.0,4,47584.0,-2.0,5.0,-12.0,-2.0,17.0,7.0,12.0,-12.0,9.0,17.0,-2.0,14.0,-12.0,-9.0,20.0,-43.0,14.0,-43.0,-41.0,44.0,-21.0,14.0,-54.0,22.0,37.0
2025-11-14,TREND_SHORT,EARLY_HARD_STOP,short,LOSER,-114.0,4,46978.0,-36.0,14.0,-37.0,-36.0,51.0,-5.0,14.0,-37.0,31.0,45.0,-3.0,14.0,-37.0,2.0,25.0,-57.0,14.0,-64.0,-54.0,67.0,-44.0,14.0,-64.0,13.0,28.0
2025-11-14,TREND_LONG,PARTIAL_TP,long,WINNER,50.0,6,47181.0,-16.0,16.0,-17.0,-16.0,33.0,-2.0,16.0,-19.0,14.0,24.0,0.0,16.0,-19.0,2.0,23.0,-7.0,16.0,-19.0,-7.0,20.0,45.0,48.0,-19.0,52.0,67.0
2025-11-14,TREND_LONG,PARTIAL_TP,long,WINNER,55.0,11,47264.0,-17.0,4.0,-23.0,-17.0,27.0,-12.0,4.0,-23.0,5.0,11.0,-21.0,4.0,-35.0,-9.0,27.0,-11.0,4.0,-35.0,10.0,18.0,-6.0,4.0,-35.0,5.0,16.0
2025-11-14,CHOP_SELL,CHOP_TP,short,WINNER,66.0,9,47239.0,23.0,24.0,-13.0,23.0,37.0,48.0,48.0,-13.0,25.0,27.0,1.0,48.0,-13.0,-47.0,53.0,-20.0,48.0,-24.0,-21.0,39.0,9.0,48.0,-24.0,29.0,30.0
2025-11-17,CHOP_BUY,PARTIAL_TP,long,WINNER,62.0,9,47190.0,-12.0,2.0,-22.0,-12.0,24.0,-29.0,2.0,-50.0,-17.0,37.0,-13.0,2.0,-50.0,16.0,27.0,15.0,26.0,-50.0,28.0,43.0,21.0,31.0,-50.0,6.0,22.0
2025-11-17,CHOP_SELL,PARTIAL_TP,short,WINNER,69.0,7,47133.0,1.0,6.0,-13.0,1.0,19.0,23.0,33.0,-13.0,22.0,34.0,35.0,39.0,-13.0,12.0,15.0,28.0,45.0,-13.0,-7.0,19.0,20.0,45.0,-13.0,-8.0,16.0
2025-11-17,TREND_SHORT,EARLY_HARD_STOP,short,LOSER,-102.0,4,46943.0,-20.0,0.0,-23.0,-20.0,22.0,-4.0,0.0,-23.0,16.0,20.0,-31.0,0.0,-32.0,-27.0,23.0,-51.0,0.0,-51.0,-20.0,24.0,-74.0,0.0,-80.0,-23.0,39.0
2025-11-17,TREND_SHORT,PARTIAL_TP,short,WINNER,54.0,3,46912.0,7.0,21.0,0.0,7.0,21.0,21.0,23.0,-8.0,14.0,31.0,54.0,62.0,-8.0,33.0,44.0,69.0,69.0,-8.0,15.0,19.0,66.0,79.0,-8.0,-3.0,21.0
2025-11-18,TREND_SHORT,PARTIAL_TP,short,WINNER,61.0,2,46130.0,36.0,50.0,-6.0,36.0,56.0,61.0,70.0,-6.0,25.0,50.0,58.0,86.0,-6.0,-3.0,32.0,28.0,86.0,-6.0,-30.0,36.0,6.0,86.0,-28.0,-22.0,64.0
2025-11-18,TREND_SHORT,EXIT_FLAT,short,LOSER,-152.0,6,46000.0,-8.0,10.0,-29.0,-8.0,39.0,-19.0,12.0,-29.0,-11.0,36.0,-23.0,12.0,-36.0,-4.0,23.0,-19.0,12.0,-42.0,4.0,47.0,-31.0,12.0,-42.0,-12.0,21.0
2025-11-18,TREND_LONG,EXIT_FLAT,long,LOSER,-120.0,9,46393.0,-10.0,3.0,-21.0,-10.0,24.0,-33.0,3.0,-38.0,-23.0,34.0,-37.0,3.0,-47.0,-4.0,22.0,-36.0,3.0,-66.0,1.0,32.0,-24.0,3.0,-66.0,12.0,20.0
2025-11-18,CHOP_SELL,PARTIAL_TP,short,WINNER,54.0,25,46393.0,-6.0,7.0,-13.0,-6.0,20.0,-3.0,7.0,-15.0,3.0,22.0,10.0,13.0,-16.0,13.0,29.0,36.0,45.0,-16.0,26.0,40.0,43.0,65.0,-16.0,7.0,30.0
2025-11-19,TREND_LONG,PARTIAL_TP,long,WINNER,51.0,4,46221.0,10.0,16.0,-6.0,10.0,22.0,29.0,38.0,-6.0,19.0,33.0,49.0,58.0,-6.0,20.0,32.0,51.0,58.0,-6.0,2.0,27.0,49.0,61.0,-6.0,-2.0,17.0
2025-11-19,TREND_SHORT,PARTIAL_TP,short,WINNER,50.0,10,46089.0,7.0,14.0,-1.0,7.0,15.0,23.0,27.0,-1.0,16.0,18.0,19.0,32.0,-1.0,-4.0,20.0,1.0,32.0,-6.0,-18.0,37.0,-14.0,32.0,-18.0,-15.0,32.0
2025-11-19,TREND_SHORT,EARLY_HARD_STOP,short,LOSER,-134.0,4,46000.0,-17.0,0.0,-19.0,-17.0,18.0,-4.0,3.0,-19.0,13.0,16.0,-12.0,17.0,-19.0,-8.0,34.0,-67.0,17.0,-71.0,-55.0,68.0,-118.0,17.0,-128.0,-51.0,59.0
2025-11-19,CHOP_BUY,PARTIAL_TP,long,WINNER,54.0,9,46133.0,8.0,21.0,-3.0,8.0,24.0,1.0,21.0,-8.0,-7.0,20.0,-19.0,21.0,-28.0,-20.0,27.0,-11.0,21.0,-28.0,8.0,17.0,-25.0,21.0,-28.0,-14.0,23.0
2025-11-19,TREND_SHORT,EARLY_HARD_STOP,short,LOSER,-106.0,4,45979.0,-11.0,1.0,-16.0,-11.0,17.0,-26.0,1.0,-26.0,-15.0,20.0,-39.0,1.0,-44.0,-13.0,19.0,-53.0,1.0,-59.0,-14.0,22.0,-56.0,1.0,-63.0,-3.0,28.0
2025-11-20,TREND_LONG,EXIT_FLAT,long,LOSER,-148.0,31,46894.0,2.0,12.0,-10.0,2.0,22.0,3.0,12.0,-12.0,1.0,17.0,4.0,14.0,-12.0,1.0,24.0,-6.0,14.0,-33.0,-10.0,37.0,10.0,15.0,-33.0,16.0,32.0
2025-11-20,TREND_SHORT,PARTIAL_TP,short,WINNER,62.0,3,46660.0,5.0,12.0,-11.0,5.0,23.0,34.0,38.0,-11.0,29.0,38.0,62.0,67.0,-11.0,28.0,34.0,83.0,100.0,-11.0,21.0,37.0,87.0,109.0,-11.0,4.0,28.0
2025-11-20,TREND_SHORT,EARLY_HARD_STOP,short,LOSER,-150.0,3,45866.0,-5.0,40.0,-15.0,-5.0,55.0,-18.0,40.0,-39.0,-13.0,44.0,-75.0,40.0,-79.0,-57.0,77.0,-96.0,40.0,-113.0,-21.0,42.0,-82.0,40.0,-113.0,14.0,57.0
2025-11-20,TREND_SHORT,EXIT_FLAT,short,LOSER,-140.0,13,45848.0,10.0,35.0,0.0,10.0,35.0,18.0,35.0,-27.0,8.0,61.0,26.0,43.0,-27.0,8.0,57.0,21.0,44.0,-27.0,-5.0,42.0,-31.0,44.0,-31.0,-52.0,59.0
2025-11-20,CHOP_BUY,EARLY_HARD_STOP,long,LOSER,-88.0,5,46040.0,-16.0,14.0,-25.0,-16.0,39.0,23.0,28.0,-32.0,39.0,60.0,6.0,29.0,-32.0,-17.0,35.0,-38.0,29.0,-38.0,-44.0,44.0,-44.0,29.0,-48.0,-6.0,30.0
2025-11-21,CHOP_SELL,EARLY_HARD_STOP,short,LOSER,-82.0,2,45933.0,-13.0,22.0,-13.0,-13.0,35.0,-41.0,22.0,-60.0,-28.0,51.0,-60.0,22.0,-62.0,-19.0,43.0,14.0,24.0,-62.0,74.0,80.0,-15.0,24.0,-62.0,-29.0,39.0
2025-11-21,TREND_LONG,EARLY_HARD_STOP,long,LOSER,-96.0,3,46108.0,19.0,49.0,-2.0,19.0,51.0,-22.0,49.0,-58.0,-41.0,81.0,-48.0,49.0,-58.0,-26.0,61.0,-75.0,49.0,-94.0,-27.0,54.0,-71.0,49.0,-94.0,4.0,24.0
2025-11-21,TREND_LONG,PARTIAL_TP,long,WINNER,70.0,7,46163.0,19.0,28.0,-6.0,19.0,34.0,-2.0,28.0,-7.0,-21.0,32.0,10.0,28.0,-25.0,12.0,43.0,31.0,36.0,-25.0,21.0,31.0,3.0,36.0,-25.0,-28.0,31.0
2025-11-24,TREND_LONG,PARTIAL_TP,long,WINNER,58.0,28,46480.0,-8.0,0.0,-24.0,-8.0,23.0,0.0,3.0,-24.0,8.0,19.0,4.0,9.0,-24.0,4.0,31.0,-18.0,18.0,-27.0,-22.0,45.0,3.0,18.0,-30.0,21.0,34.0
2025-11-24,CHOP_BUY,EXIT_FLAT,long,LOSER,-124.0,20,46632.0,-16.0,0.0,-20.0,-16.0,20.0,-24.0,0.0,-39.0,-8.0,18.0,-15.0,0.0,-39.0,9.0,12.0,-10.0,0.0,-39.0,5.0,14.0,-14.0,0.0,-39.0,-4.0,12.0
2025-11-24,CHOP_SELL,PARTIAL_TP,short,WINNER,61.0,7,46587.0,17.0,29.0,-3.0,17.0,32.0,25.0,30.0,-3.0,8.0,17.0,3.0,30.0,-3.0,-22.0,26.0,12.0,30.0,-3.0,9.0,12.0,48.0,48.0,-3.0,36.0,36.0
2025-11-25,TREND_LONG,PARTIAL_TP,long,WINNER,50.0,2,46869.0,35.0,36.0,-3.0,35.0,39.0,50.0,59.0,-3.0,15.0,25.0,6.0,59.0,-3.0,-44.0,49.0,-2.0,59.0,-10.0,-8.0,35.0,-28.0,59.0,-44.0,-26.0,45.0
2025-11-25,TREND_LONG,PARTIAL_TP,long,WINNER,57.0,13,46930.0,-4.0,2.0,-8.0,-4.0,10.0,-5.0,5.0,-8.0,-1.0,12.0,-3.0,5.0,-8.0,2.0,10.0,2.0,5.0,-8.0,5.0,9.0,7.0,11.0,-9.0,5.0,20.0
2025-11-25,CHOP_BUY,CHOP_TP,long,WINNER,38.0,8,47050.0,3.0,5.0,-2.0,3.0,7.0,19.0,29.0,-2.0,16.0,21.0,2.0,29.0,-2.0,-17.0,18.0,12.0,29.0,-2.0,10.0,12.0,21.0,29.0,-2.0,9.0,15.0
2025-11-25,TREND_LONG,PARTIAL_TP,long,WINNER,51.0,21,47093.0,-14.0,0.0,-18.0,-14.0,15.0,-21.0,0.0,-26.0,-7.0,11.0,-28.0,0.0,-28.0,-7.0,14.0,-14.0,0.0,-31.0,14.0,18.0,-25.0,0.0,-31.0,-11.0,9.0
2025-11-25,TREND_LONG,CHOP_TP,long,WINNER,60.0,12,47200.0,-8.0,1.0,-13.0,-8.0,14.0,-7.0,1.0,-13.0,1.0,10.0,12.0,13.0,-13.0,19.0,20.0,7.0,13.0,-13.0,-5.0,9.0,17.0,17.0,-13.0,10.0,13.0
2025-11-25,TREND_LONG,EXIT_FLAT,long,LOSER,-124.0,8,47237.0,3.0,13.0,-2.0,3.0,15.0,12.0,13.0,-2.0,9.0,14.0,-12.0,13.0,-15.0,-24.0,27.0,-20.0,13.0,-26.0,-8.0,20.0,-18.0,13.0,-32.0,2.0,19.0
2025-11-26,TREND_LONG,CHOP_TP,long,WINNER,84.0,14,47468.0,13.0,16.0,0.0,13.0,16.0,19.0,27.0,0.0,6.0,15.0,10.0,27.0,0.0,-9.0,11.0,28.0,33.0,0.0,18.0,27.0,17.0,33.0,0.0,-11.0,14.0
2025-11-26,TREND_LONG,PARTIAL_TP,long,WINNER,52.0,24,47533.0,2.0,7.0,-2.0,2.0,9.0,3.0,7.0,-3.0,1.0,7.0,15.0,17.0,-3.0,12.0,15.0,-3.0,17.0,-6.0,-18.0,21.0,-6.0,17.0,-12.0,-3.0,12.0
2025-11-26,CHOP_SELL,PARTIAL_TP,short,WINNER,59.0,61,47567.0,6.0,9.0,0.0,6.0,9.0,-2.0,9.0,-3.0,-8.0,8.0,-5.0,9.0,-8.0,-3.0,7.0,-5.0,9.0,-11.0,0.0,8.0,4.0,12.0,-11.0,9.0,15.0
2025-11-27,CHOP_SELL,CHOP_TP,short,WINNER,78.0,82,47504.0,3.0,4.0,0.0,3.0,3.0,7.0,7.0,0.0,4.0,3.0,2.0,9.0,0.0,-5.0,7.0,3.0,9.0,-1.0,1.0,4.0,1.0,9.0,-1.0,-2.0,2.0
2025-11-27,CHOP_SELL,CHOP_TP,short,WINNER,40.0,37,47484.0,-5.0,0.0,-5.0,-5.0,4.0,-6.0,0.0,-6.0,-1.0,2.0,-7.0,0.0,-7.0,-1.0,1.0,-9.0,0.0,-9.0,-2.0,2.0,-11.0,0.0,-11.0,-2.0,4.0
2025-11-28,TREND_LONG,PARTIAL_TP,long,WINNER,50.0,13,47626.0,-13.0,1.0,-19.0,-13.0,20.0,-9.0,1.0,-19.0,4.0,11.0,7.0,8.0,-19.0,16.0,19.0,9.0,16.0,-19.0,2.0,20.0,8.0,21.0,-19.0,-1.0,16.0
2025-11-28,CHOP_SELL,PARTIAL_TP,short,WINNER,52.0,20,47775.0,14.0,14.0,-5.0,14.0,19.0,3.0,21.0,-5.0,-11.0,21.0,-1.0,21.0,-9.0,-4.0,12.0,-2.0,21.0,-9.0,-1.0,5.0,-14.0,21.0,-15.0,-12.0,12.0
2025-12-01,TREND_LONG,PARTIAL_TP,long,WINNER,58.0,5,47614.0,24.0,24.0,-5.0,24.0,29.0,41.0,42.0,-5.0,17.0,33.0,39.0,44.0,-5.0,-2.0,19.0,45.0,48.0,-5.0,6.0,15.0,58.0,63.0,-5.0,13.0,23.0
2025-12-01,TREND_SHORT,PARTIAL_TP,short,WINNER,56.0,7,47443.0,-7.0,0.0,-18.0,-7.0,18.0,9.0,17.0,-18.0,16.0,26.0,34.0,39.0,-18.0,25.0,29.0,10.0,42.0,-18.0,-24.0,41.0,23.0,42.0,-18.0,13.0,15.0
2025-12-01,CHOP_BUY,EARLY_HARD_STOP,long,LOSER,-112.0,4,47551.0,11.0,17.0,0.0,11.0,16.0,-13.0,20.0,-13.0,-24.0,33.0,-34.0,20.0,-38.0,-21.0,28.0,-56.0,20.0,-69.0,-22.0,31.0,-71.0,20.0,-81.0,-15.0,29.0
2025-12-01,CHOP_BUY,PARTIAL_TP,long,WINNER,51.0,72,47537.0,-4.0,8.0,-7.0,-4.0,15.0,11.0,11.0,-7.0,15.0,18.0,16.0,23.0,-7.0,5.0,14.0,23.0,25.0,-7.0,7.0,14.0,23.0,35.0,-7.0,0.0,15.0
2025-12-01,TREND_SHORT,PARTIAL_TP,short,WINNER,53.0,4,47380.0,-2.0,2.0,-12.0,-2.0,14.0,9.0,15.0,-13.0,11.0,28.0,34.0,49.0,-13.0,25.0,40.0,53.0,55.0,-13.0,19.0,21.0,53.0,60.0,-13.0,0.0,15.0
2025-12-02,TREND_LONG,EXIT_FLAT,long,LOSER,-128.0,22,47529.0,-22.0,10.0,-24.0,-22.0,34.0,-28.0,10.0,-41.0,-6.0,19.0,-4.0,10.0,-41.0,24.0,29.0,-6.0,10.0,-41.0,-2.0,15.0,-23.0,10.0,-41.0,-17.0,30.0
2025-12-02,CHOP_SELL,EARLY_HARD_STOP,short,LOSER,-110.0,4,47453.0,2.0,14.0,-3.0,2.0,17.0,1.0,18.0,-3.0,-1.0,17.0,-30.0,18.0,-35.0,-31.0,46.0,-55.0,18.0,-57.0,-25.0,28.0,-73.0,18.0,-82.0,-18.0,27.0
2025-12-02,TREND_LONG,PARTIAL_TP,long,WINNER,53.0,7,47587.0,9.0,13.0,-1.0,9.0,14.0,14.0,25.0,-1.0,5.0,20.0,34.0,37.0,-1.0,20.0,22.0,30.0,38.0,-1.0,-4.0,8.0,40.0,42.0,-1.0,10.0,32.0
2025-12-02,CHOP_SELL,EXIT_FLAT,short,LOSER,-122.0,10,47466.0,-4.0,1.0,-11.0,-4.0,12.0,-23.0,7.0,-23.0,-19.0,30.0,-37.0,7.0,-55.0,-14.0,32.0,-37.0,7.0,-55.0,0.0,18.0,-22.0,7.0,-55.0,15.0,22.0
2025-12-02,CHOP_SELL,PARTIAL_TP,short,WINNER,50.0,7,47534.0,23.0,25.0,-5.0,23.0,30.0,12.0,25.0,-5.0,-11.0,19.0,10.0,25.0,-5.0,-2.0,10.0,29.0,29.0,-5.0,19.0,22.0,38.0,41.0,-5.0,9.0,16.0
2025-12-03,TREND_LONG,PARTIAL_TP,long,WINNER,59.0,28,47662.0,-6.0,6.0,-11.0,-6.0,17.0,9.0,11.0,-19.0,15.0,30.0,0.0,13.0,-19.0,-9.0,23.0,1.0,16.0,-19.0,1.0,27.0,-13.0,16.0,-21.0,-14.0,29.0
2025-12-03,CHOP_SELL,EXIT_FLAT,short,LOSER,-126.0,29,47709.0,2.0,7.0,-7.0,2.0,14.0,16.0,17.0,-7.0,14.0,22.0,9.0,22.0,-7.0,-7.0,21.0,-12.0,22.0,-15.0,-21.0,29.0,-11.0,22.0,-18.0,1.0,15.0
2025-12-03,TREND_LONG,EXIT_FLAT,long,LOSER,-154.0,39,47791.0,11.0,17.0,0.0,11.0,16.0,-2.0,17.0,-8.0,-13.0,22.0,-10.0,17.0,-18.0,-8.0,26.0,-20.0,17.0,-33.0,-10.0,32.0,-20.0,17.0,-33.0,0.0,8.0
2025-12-03,CHOP_SELL,EARLY_HARD_STOP,short,LOSER,-94.0,4,47788.0,-15.0,1.0,-18.0,-15.0,19.0,-21.0,1.0,-27.0,-6.0,19.0,-33.0,1.0,-34.0,-12.0,12.0,-47.0,1.0,-47.0,-14.0,14.0,-47.0,1.0,-50.0,0.0,12.0
2025-12-03,TREND_LONG,PARTIAL_TP,long,WINNER,56.0,50,47865.0,-2.0,7.0,-6.0,-2.0,13.0,-12.0,8.0,-12.0,-10.0,20.0,-11.0,8.0,-16.0,1.0,11.0,-6.0,8.0,-20.0,5.0,17.0,-17.0,8.0,-20.0,-11.0,14.0
2025-12-03,CHOP_BUY,CHOP_TP,long,WINNER,66.0,46,47968.0,4.0,4.0,-3.0,4.0,7.0,17.0,19.0,-3.0,13.0,16.0,20.0,20.0,-3.0,3.0,7.0,18.0,22.0,-3.0,-2.0,7.0,12.0,22.0,-3.0,-6.0,13.0
2025-12-03,TREND_LONG,EXIT_FLAT,long,LOSER,-126.0,48,48028.0,-5.0,0.0,-8.0,-5.0,8.0,-16.0,0.0,-20.0,-11.0,20.0,-14.0,0.0,-22.0,2.0,9.0,-25.0,0.0,-25.0,-11.0,10.0,-17.0,0.0,-26.0,8.0,9.0
2025-12-04,TREND_SHORT,EXIT_FLAT,short,LOSER,-130.0,31,47900.0,38.0,45.0,0.0,38.0,44.0,15.0,45.0,0.0,-23.0,32.0,10.0,45.0,0.0,-5.0,19.0,-3.0,45.0,-5.0,-13.0,24.0,-26.0,45.0,-39.0,-23.0,43.0
2025-12-04,CHOP_BUY,EARLY_HARD_STOP,long,LOSER,-92.0,4,47950.0,-20.0,10.0,-21.0,-20.0,31.0,-32.0,10.0,-38.0,-12.0,16.0,-35.0,10.0,-42.0,-3.0,13.0,-46.0,10.0,-51.0,-11.0,16.0,-24.0,10.0,-51.0,22.0,29.0
2025-12-04,TREND_SHORT,EXIT_FLAT,short,LOSER,-126.0,18,47856.0,2.0,2.0,-13.0,2.0,15.0,9.0,9.0,-13.0,7.0,13.0,-7.0,16.0,-14.0,-16.0,30.0,-12.0,16.0,-14.0,-5.0,14.0,-28.0,16.0,-29.0,-16.0,18.0
2025-12-04,CHOP_BUY,PARTIAL_TP,long,WINNER,51.0,25,47951.0,-13.0,0.0,-13.0,-13.0,12.0,-1.0,0.0,-20.0,12.0,19.0,-32.0,2.0,-32.0,-31.0,34.0,-21.0,2.0,-33.0,11.0,15.0,-29.0,2.0,-39.0,-8.0,16.0
2025-12-04,TREND_SHORT,EXIT_FLAT,short,LOSER,-152.0,16,47825.0,24.0,39.0,-7.0,24.0,46.0,27.0,63.0,-7.0,3.0,44.0,47.0,63.0,-7.0,20.0,32.0,48.0,69.0,-7.0,1.0,33.0,35.0,69.0,-7.0,-13.0,28.0
2025-12-04,CHOP_BUY,EXIT_FLAT,long,LOSER,-134.0,23,47888.0,-2.0,5.0,-3.0,-2.0,8.0,2.0,16.0,-4.0,4.0,20.0,-2.0,16.0,-11.0,-4.0,11.0,8.0,16.0,-11.0,10.0,11.0,13.0,23.0,-11.0,5.0,15.0
2025-12-05,TREND_LONG,PARTIAL_TP,long,WINNER,52.0,9,48091.0,-16.0,6.0,-24.0,-16.0,30.0,-21.0,6.0,-26.0,-5.0,13.0,-15.0,6.0,-28.0,6.0,20.0,-21.0,6.0,-28.0,-6.0,19.0,-18.0,6.0,-28.0,3.0,12.0
2025-12-05,TREND_SHORT,EXIT_FLAT,short,LOSER,-120.0,16,47940.0,9.0,14.0,0.0,9.0,14.0,-3.0,20.0,-8.0,-12.0,28.0,2.0,20.0,-15.0,5.0,20.0,9.0,20.0,-15.0,7.0,14.0,-18.0,20.0,-23.0,-27.0,32.0
2025-12-05,CHOP_BUY,PARTIAL_TP,long,WINNER,63.0,26,47966.0,10.0,16.0,-3.0,10.0,19.0,4.0,16.0,-3.0,-6.0,16.0,-2.0,16.0,-3.0,-6.0,6.0,-3.0,16.0,-8.0,-1.0,18.0,-6.0,16.0,-16.0,-3.0,16.0
2025-12-05,CHOP_BUY,EXIT_FLAT,long,LOSER,-126.0,101,48050.0,2.0,4.0,-9.0,2.0,13.0,5.0,8.0,-9.0,3.0,15.0,10.0,20.0,-9.0,5.0,16.0,8.0,20.0,-9.0,-2.0,7.0,4.0,20.0,-9.0,-4.0,11.0
2025-12-05,CHOP_BUY,SESSION_EXIT,long,WINNER,84.0,4,47951.0,6.0,8.0,-7.0,6.0,15.0,35.0,35.0,-7.0,29.0,33.0,38.0,65.0,-7.0,3.0,31.0,42.0,65.0,-7.0,4.0,16.0,41.0,65.0,-7.0,-1.0,12.0
2025-12-08,TREND_SHORT,PARTIAL_TP,short,WINNER,61.0,2,47826.0,33.0,38.0,0.0,33.0,37.0,61.0,72.0,0.0,28.0,41.0,56.0,72.0,0.0,-5.0,22.0,55.0,72.0,0.0,-1.0,16.0,37.0,72.0,0.0,-18.0,27.0
2025-12-08,TREND_SHORT,EXIT_FLAT,short,LOSER,-128.0,28,47762.0,-8.0,4.0,-13.0,-8.0,17.0,-7.0,4.0,-17.0,1.0,13.0,-18.0,4.0,-21.0,-11.0,15.0,-21.0,4.0,-23.0,-3.0,10.0,-33.0,4.0,-35.0,-12.0,17.0
2025-12-08,TREND_SHORT,PARTIAL_TP,short,WINNER,52.0,8,47738.0,17.0,21.0,-3.0,17.0,24.0,28.0,32.0,-3.0,11.0,22.0,28.0,41.0,-3.0,0.0,18.0,32.0,41.0,-3.0,4.0,13.0,26.0,41.0,-3.0,-6.0,19.0
2025-12-08,CHOP_BUY,SESSION_EXIT,long,WINNER,88.0,10,47749.0,-2.0,4.0,-6.0,-2.0,10.0,6.0,9.0,-11.0,8.0,20.0,10.0,16.0,-11.0,4.0,16.0,-6.0,16.0,-14.0,-16.0,28.0,-11.0,16.0,-19.0,-5.0,21.0
2025-12-09,TREND_LONG,EXIT_FLAT,long,LOSER,-122.0,15,47957.0,12.0,12.0,-8.0,12.0,20.0,22.0,33.0,-8.0,10.0,27.0,44.0,45.0,-8.0,22.0,27.0,30.0,45.0,-8.0,-14.0,24.0,23.0,47.0,-8.0,-7.0,30.0
2025-12-09,CHOP_BUY,EXIT_FLAT,long,LOSER,-130.0,35,47914.0,7.0,8.0,-5.0,7.0,13.0,4.0,14.0,-5.0,-3.0,12.0,11.0,15.0,-5.0,7.0,14.0,3.0,15.0,-5.0,-8.0,14.0,12.0,15.0,-5.0,9.0,12.0
2025-12-09,TREND_SHORT,PARTIAL_TP,short,WINNER,59.0,10,47749.0,17.0,21.0,-4.0,17.0,25.0,33.0,36.0,-4.0,16.0,22.0,31.0,48.0,-4.0,-2.0,29.0,29.0,48.0,-4.0,-2.0,24.0,37.0,48.0,-4.0,8.0,17.0
2025-12-09,CHOP_BUY,EXIT_FLAT,long,LOSER,-110.0,12,47697.0,-4.0,4.0,-6.0,-4.0,10.0,-18.0,4.0,-25.0,-14.0,20.0,-9.0,4.0,-25.0,9.0,17.0,-7.0,4.0,-25.0,2.0,8.0,-14.0,4.0,-25.0,-7.0,11.0
2025-12-09,TREND_SHORT,EARLY_HARD_STOP,short,LOSER,-88.0,3,47601.0,-5.0,0.0,-13.0,-5.0,12.0,-34.0,0.0,-37.0,-29.0,36.0,-44.0,0.0,-50.0,-10.0,15.0,-56.0,0.0,-58.0,-12.0,14.0,-51.0,0.0,-59.0,5.0,11.0
2025-12-09,CHOP_BUY,EXIT_FLAT,long,LOSER,-134.0,112,47681.0,7.0,8.0,-7.0,7.0,15.0,17.0,22.0,-7.0,10.0,19.0,25.0,28.0,-7.0,8.0,14.0,4.0,28.0,-7.0,-21.0,21.0,-4.0,28.0,-7.0,-8.0,11.0
2025-12-09,TREND_SHORT,SESSION_EXIT,short,LOSER,-38.0,2,47595.0,-24.0,3.0,-24.0,-24.0,27.0,-19.0,3.0,-27.0,5.0,11.0,-14.0,3.0,-27.0,5.0,8.0,-24.0,3.0,-27.0,-10.0,19.0,-26.0,3.0,-28.0,-2.0,4.0
2025-12-10,TREND_LONG,PARTIAL_TP,long,WINNER,51.0,2,47670.0,40.0,43.0,-7.0,40.0,50.0,51.0,57.0,-7.0,11.0,29.0,17.0,57.0,-7.0,-34.0,39.0,35.0,57.0,-7.0,18.0,35.0,30.0,57.0,-7.0,-5.0,16.0
2025-12-10,CHOP_BUY,EXIT_FLAT,long,LOSER,-132.0,58,47840.0,-4.0,7.0,-5.0,-4.0,12.0,0.0,7.0,-7.0,4.0,11.0,-8.0,7.0,-18.0,-8.0,19.0,-19.0,7.0,-25.0,-11.0,18.0,-3.0,7.0,-25.0,16.0,21.0
2025-12-10,CHOP_SELL,PARTIAL_TP,short,WINNER,51.0,37,47821.0,-20.0,0.0,-21.0,-20.0,20.0,-22.0,0.0,-29.0,-2.0,11.0,-30.0,0.0,-33.0,-8.0,12.0,-24.0,0.0,-38.0,6.0,18.0,-22.0,0.0,-38.0,2.0,6.0
2025-12-10,TREND_LONG,PARTIAL_TP,long,WINNER,80.0,2,47975.0,49.0,69.0,0.0,49.0,67.0,80.0,109.0,0.0,31.0,85.0,-3.0,109.0,-13.0,-83.0,105.0,19.0,109.0,-31.0,22.0,53.0,46.0,109.0,-31.0,27.0,69.0
2025-12-10,TREND_LONG,PARTIAL_TP,long,WINNER,54.0,4,48093.0,28.0,38.0,-3.0,28.0,41.0,47.0,49.0,-3.0,19.0,25.0,35.0,64.0,-3.0,-12.0,35.0,54.0,67.0,-3.0,19.0,32.0,56.0,67.0,-3.0,2.0,33.0
2025-12-11,TREND_LONG,PARTIAL_TP,long,WINNER,51.0,3,48480.0,4.0,13.0,-6.0,4.0,19.0,30.0,35.0,-6.0,26.0,34.0,51.0,58.0,-6.0,21.0,28.0,56.0,70.0,-6.0,5.0,15.0,38.0,70.0,-6.0,-18.0,26.0
2025-12-11,CHOP_SELL,EXIT_FLAT,short,LOSER,-80.0,60,48719.0,-6.0,2.0,-7.0,-6.0,9.0,12.0,14.0,-7.0,18.0,16.0,17.0,18.0,-7.0,5.0,10.0,11.0,18.0,-7.0,-6.0,16.0,10.0,18.0,-7.0,-1.0,17.0
2025-12-11,CHOP_SELL,SESSION_EXIT,short,LOSER,-22.0,66,48756.0,-7.0,2.0,-11.0,-7.0,13.0,-18.0,2.0,-18.0,-11.0,17.0,-30.0,2.0,-30.0,-12.0,16.0,-26.0,2.0,-30.0,4.0,8.0,-19.0,2.0,-30.0,7.0,13.0
2025-12-12,CHOP_BUY,EARLY_HARD_STOP,long,LOSER,-118.0,3,48893.0,-31.0,4.0,-32.0,-31.0,36.0,-31.0,4.0,-38.0,0.0,19.0,-59.0,4.0,-60.0,-28.0,30.0,-68.0,4.0,-70.0,-9.0,30.0,-63.0,4.0,-85.0,5.0,24.0
2025-12-12,TREND_SHORT,PARTIAL_TP,short,WINNER,78.0,15,48778.0,4.0,6.0,-11.0,4.0,17.0,24.0,25.0,-11.0,20.0,25.0,10.0,53.0,-11.0,-14.0,48.0,8.0,53.0,-11.0,-2.0,33.0,-4.0,53.0,-18.0,-12.0,29.0
2025-12-12,TREND_SHORT,PARTIAL_TP,short,WINNER,92.0,2,48635.0,-8.0,0.0,-25.0,-8.0,25.0,92.0,97.0,-25.0,100.0,106.0,83.0,104.0,-25.0,-9.0,40.0,42.0,104.0,-25.0,-41.0,72.0,59.0,104.0,-25.0,17.0,30.0
2025-12-12,TREND_SHORT,EARLY_HARD_STOP,short,LOSER,-130.0,4,48421.0,-4.0,3.0,-34.0,-4.0,37.0,-2.0,5.0,-34.0,2.0,32.0,-33.0,10.0,-34.0,-31.0,43.0,-65.0,10.0,-67.0,-32.0,52.0,-60.0,10.0,-88.0,5.0,36.0
2025-12-12,TREND_SHORT,EXIT_FLAT,short,LOSER,-158.0,7,48388.0,24.0,32.0,0.0,24.0,31.0,10.0,32.0,0.0,-14.0,25.0,9.0,33.0,0.0,-1.0,29.0,-31.0,33.0,-33.0,-40.0,42.0,-8.0,33.0,-37.0,23.0,29.0
2025-12-12,CHOP_BUY,PARTIAL_TP,long,WINNER,60.0,10,48556.0,7.0,10.0,-10.0,7.0,20.0,6.0,11.0,-10.0,-1.0,21.0,2.0,11.0,-10.0,-4.0,16.0,15.0,16.0,-10.0,13.0,13.0,11.0,24.0,-10.0,-4.0,17.0
2025-12-15,TREND_SHORT,PARTIAL_TP,short,WINNER,51.0,15,48503.0,5.0,21.0,-4.0,5.0,25.0,3.0,23.0,-4.0,-2.0,21.0,14.0,26.0,-4.0,11.0,23.0,38.0,46.0,-4.0,24.0,34.0,35.0,61.0,-4.0,-3.0,26.0
2025-12-15,TREND_SHORT,EARLY_HARD_STOP,short,LOSER,-84.0,4,48347.0,7.0,12.0,-7.0,7.0,19.0,2.0,13.0,-16.0,-5.0,29.0,-6.0,13.0,-22.0,-8.0,20.0,-42.0,13.0,-42.0,-36.0,40.0,-35.0,13.0,-50.0,7.0,19.0
2025-12-15,TREND_SHORT,EXIT_FLAT,short,LOSER,-162.0,13,48324.0,10.0,14.0,-7.0,10.0,21.0,11.0,21.0,-7.0,1.0,18.0,-15.0,21.0,-16.0,-26.0,27.0,-17.0,21.0,-34.0,-2.0,17.0,-29.0,21.0,-34.0,-12.0,18.0
2025-12-15,CHOP_BUY,EXIT_FLAT,long,LOSER,-148.0,9,48407.0,0.0,12.0,-5.0,0.0,17.0,-23.0,12.0,-23.0,-23.0,17.0,-19.0,12.0,-30.0,4.0,13.0,-22.0,12.0,-30.0,-3.0,12.0,-11.0,12.0,-30.0,11.0,18.0
2025-12-15,CHOP_BUY,PARTIAL_TP,long,WINNER,52.0,18,48415.0,14.0,16.0,-8.0,14.0,24.0,-3.0,16.0,-8.0,-17.0,17.0,-3.0,16.0,-14.0,0.0,11.0,-9.0,16.0,-14.0,-6.0,7.0,-8.0,16.0,-14.0,1.0,5.0
2025-12-16,TREND_SHORT,EARLY_HARD_STOP,short,LOSER,-96.0,2,48291.0,-34.0,8.0,-51.0,-34.0,59.0,-48.0,8.0,-52.0,-14.0,39.0,-66.0,8.0,-66.0,-18.0,50.0,-114.0,8.0,-115.0,-48.0,48.0,-127.0,8.0,-135.0,-13.0,32.0
2025-12-16,TREND_SHORT,PARTIAL_TP,short,WINNER,66.0,6,48279.0,4.0,24.0,-7.0,4.0,31.0,21.0,33.0,-7.0,17.0,30.0,31.0,46.0,-7.0,10.0,24.0,20.0,46.0,-7.0,-11.0,20.0,39.0,51.0,-7.0,19.0,34.0
2025-12-16,TREND_SHORT,PARTIAL_TP,short,WINNER,60.0,16,48140.0,-9.0,5.0,-9.0,-9.0,14.0,-17.0,5.0,-17.0,-8.0,8.0,-37.0,5.0,-47.0,-20.0,13.0,-20.0,5.0,-47.0,17.0,13.0,-23.0,5.0,-47.0,-3.0,19.0
2025-12-16,CHOP_BUY,CHOP_TP,long,WINNER,60.0,3,47999.0,-2.0,0.0,-5.0,-2.0,3.0,6.0,6.0,-5.0,8.0,7.0,30.0,31.0,-5.0,24.0,16.0,39.0,42.0,-5.0,9.0,7.0,4.0,45.0,-5.0,-35.0,41.0
2025-12-17,TREND_LONG,EARLY_HARD_STOP,long,LOSER,-82.0,3,48350.0,-20.0,5.0,-27.0,-20.0,32.0,-32.0,5.0,-62.0,-12.0,42.0,-41.0,5.0,-62.0,-9.0,21.0,-40.0,5.0,-62.0,1.0,17.0,-49.0,5.0,-63.0,-9.0,22.0
2025-12-17,TREND_LONG,EARLY_HARD_STOP,long,LOSER,-106.0,4,48379.0,-9.0,9.0,-9.0,-9.0,18.0,-10.0,9.0,-20.0,-1.0,28.0,-38.0,9.0,-40.0,-28.0,42.0,-53.0,9.0,-58.0,-15.0,20.0,-25.0,9.0,-58.0,28.0,29.0
2025-12-17,TREND_SHORT,PARTIAL_TP,short,WINNER,56.0,4,48182.0,7.0,12.0,0.0,7.0,12.0,42.0,46.0,0.0,35.0,38.0,26.0,61.0,0.0,-16.0,35.0,56.0,71.0,0.0,30.0,53.0,68.0,72.0,0.0,12.0,17.0
2025-12-17,TREND_SHORT,EARLY_HARD_STOP,short,LOSER,-94.0,2,47977.0,-9.0,4.0,-23.0,-9.0,27.0,-47.0,4.0,-47.0,-38.0,39.0,-32.0,4.0,-54.0,15.0,31.0,-13.0,4.0,-54.0,19.0,19.0,-20.0,4.0,-54.0,-7.0,13.0
2025-12-17,CHOP_BUY,EARLY_HARD_STOP,long,LOSER,-86.0,5,48029.0,34.0,34.0,0.0,34.0,30.0,37.0,37.0,0.0,3.0,22.0,-1.0,37.0,-1.0,-38.0,30.0,-23.0,37.0,-26.0,-22.0,32.0,-43.0,37.0,-43.0,-20.0,15.0
2025-12-17,CHOP_BUY,PARTIAL_TP,long,WINNER,73.0,7,47984.0,-10.0,2.0,-11.0,-10.0,13.0,23.0,24.0,-11.0,33.0,28.0,15.0,28.0,-11.0,-8.0,18.0,36.0,37.0,-11.0,21.0,30.0,16.0,37.0,-11.0,-20.0,19.0
2025-12-17,CHOP_BUY,EARLY_HARD_STOP,long,LOSER,-84.0,3,47983.0,-16.0,3.0,-16.0,-16.0,19.0,-20.0,3.0,-21.0,-4.0,1.0,-42.0,3.0,-42.0,-22.0,24.0,-53.0,3.0,-60.0,-11.0,19.0,-43.0,3.0,-78.0,10.0,36.0
2025-12-17,TREND_SHORT,EXIT_FLAT,short,LOSER,-122.0,69,47930.0,-10.0,25.0,-11.0,-10.0,36.0,-5.0,25.0,-11.0,5.0,7.0,-7.0,25.0,-25.0,-2.0,18.0,-16.0,25.0,-25.0,-9.0,19.0,-16.0,25.0,-27.0,0.0,21.0
2025-12-17,TREND_SHORT,SESSION_EXIT,short,LOSER,-40.0,7,47903.0,1.0,4.0,-19.0,1.0,23.0,17.0,25.0,-19.0,16.0,36.0,13.0,25.0,-19.0,-4.0,9.0,16.0,25.0,-19.0,3.0,22.0,10.0,27.0,-19.0,-6.0,25.0
2025-12-18,TREND_LONG,PARTIAL_TP,long,WINNER,51.0,7,48329.0,1.0,13.0,-6.0,1.0,19.0,-10.0,15.0,-11.0,-11.0,26.0,2.0,15.0,-17.0,12.0,21.0,16.0,16.0,-17.0,14.0,19.0,22.0,29.0,-17.0,6.0,9.0
2025-12-18,TREND_SHORT,PARTIAL_TP,short,WINNER,67.0,6,48025.0,7.0,12.0,-12.0,7.0,24.0,27.0,46.0,-12.0,20.0,38.0,10.0,46.0,-12.0,-17.0,47.0,46.0,59.0,-12.0,36.0,31.0,45.0,69.0,-12.0,-1.0,24.0
2025-12-18,CHOP_BUY,PARTIAL_TP,long,WINNER,61.0,11,48112.0,11.0,11.0,0.0,11.0,2.0,-3.0,11.0,-5.0,-14.0,9.0,-19.0,11.0,-19.0,-16.0,11.0,11.0,11.0,-19.0,30.0,18.0,10.0,12.0,-19.0,-1.0,5.0
2025-12-22,TREND_LONG,CHOP_TP,long,WINNER,26.0,89,48713.0,-12.0,4.0,-19.0,-12.0,23.0,-5.0,4.0,-19.0,7.0,12.0,7.0,10.0,-19.0,12.0,16.0,26.0,31.0,-19.0,19.0,24.0,44.0,47.0,-19.0,18.0,29.0
2025-12-22,TREND_LONG,EXIT_FLAT,long,LOSER,-122.0,28,48780.0,-3.0,7.0,-6.0,-3.0,13.0,-5.0,7.0,-6.0,-2.0,9.0,-5.0,7.0,-8.0,0.0,5.0,0.0,7.0,-8.0,5.0,9.0,-7.0,7.0,-8.0,-7.0,6.0
2025-12-22,CHOP_SELL,SESSION_EXIT,short,WINNER,30.0,81,48706.0,-3.0,0.0,-6.0,-3.0,5.0,-3.0,0.0,-8.0,0.0,5.0,-3.0,0.0,-8.0,0.0,4.0,-9.0,0.0,-9.0,-6.0,5.0,-3.0,0.0,-10.0,6.0,7.0
2025-12-23,TREND_LONG,PARTIAL_TP,long,WINNER,66.0,45,48700.0,-22.0,3.0,-34.0,-22.0,37.0,-36.0,3.0,-39.0,-14.0,26.0,-12.0,3.0,-43.0,24.0,35.0,-29.0,3.0,-43.0,-17.0,22.0,-34.0,3.0,-46.0,-5.0,21.0
2025-12-23,CHOP_BUY,CHOP_TP,long,WINNER,36.0,133,48768.0,-3.0,4.0,-6.0,-3.0,10.0,-11.0,4.0,-14.0,-8.0,12.0,-29.0,4.0,-29.0,-18.0,19.0,-16.0,4.0,-29.0,13.0,23.0,-13.0,4.0,-29.0,3.0,8.0
2025-12-23,TREND_LONG,SESSION_EXIT,long,LOSER,-120.0,173,48801.0,6.0,6.0,-1.0,6.0,7.0,3.0,8.0,-1.0,-3.0,7.0,0.0,8.0,-1.0,-3.0,7.0,-6.0,8.0,-10.0,-6.0,12.0,-7.0,8.0,-10.0,-1.0,4.0
2025-12-24,TREND_LONG,CHOP_TP,long,WINNER,48.0,20,48899.0,-4.0,2.0,-9.0,-4.0,11.0,-13.0,2.0,-13.0,-9.0,10.0,-14.0,2.0,-21.0,-1.0,11.0,-13.0,2.0,-21.0,1.0,6.0,-16.0,2.0,-21.0,-3.0,13.0
2025-12-24,CHOP_BUY,CHOP_TP,long,WINNER,64.0,18,48930.0,2.0,8.0,0.0,2.0,6.0,1.0,8.0,-1.0,-1.0,4.0,5.0,11.0,-1.0,4.0,7.0,10.0,12.0,-1.0,5.0,5.0,8.0,13.0,-1.0,-2.0,8.0
2025-12-24,TREND_LONG,PARTIAL_TP,long,WINNER,54.0,24,48978.0,-7.0,0.0,-8.0,-7.0,8.0,-11.0,0.0,-14.0,-4.0,9.0,-18.0,0.0,-20.0,-7.0,9.0,-5.0,0.0,-20.0,13.0,17.0,7.0,7.0,-20.0,12.0,12.0
2025-12-26,CHOP_SELL,PARTIAL_TP,short,WINNER,58.0,17,49009.0,-8.0,4.0,-12.0,-8.0,16.0,6.0,7.0,-13.0,14.0,20.0,27.0,40.0,-13.0,21.0,35.0,36.0,44.0,-13.0,9.0,18.0,40.0,44.0,-13.0,4.0,24.0
2025-12-26,TREND_SHORT,EXIT_FLAT,short,LOSER,-120.0,205,48912.0,-11.0,0.0,-14.0,-11.0,13.0,-7.0,0.0,-14.0,4.0,8.0,-8.0,2.0,-14.0,-1.0,10.0,-10.0,2.0,-16.0,-2.0,10.0,-15.0,2.0,-16.0,-5.0,8.0
2025-12-26,CHOP_SELL,SESSION_EXIT,short,LOSER,-34.0,11,48983.0,-4.0,6.0,-10.0,-4.0,16.0,3.0,9.0,-10.0,7.0,12.0,-3.0,9.0,-10.0,-6.0,10.0,-2.0,9.0,-10.0,1.0,7.0,2.0,9.0,-10.0,4.0,11.0
2025-12-29,TREND_SHORT,PARTIAL_TP,short,WINNER,58.0,46,48803.0,2.0,7.0,-14.0,2.0,21.0,4.0,12.0,-14.0,2.0,16.0,4.0,19.0,-14.0,0.0,17.0,-10.0,19.0,-14.0,-14.0,18.0,-8.0,19.0,-16.0,2.0,15.0
2025-12-29,TREND_SHORT,EXIT_FLAT,short,LOSER,-120.0,115,48711.0,-6.0,1.0,-8.0,-6.0,9.0,3.0,8.0,-8.0,9.0,13.0,7.0,12.0,-8.0,4.0,12.0,3.0,12.0,-8.0,-4.0,15.0,8.0,12.0,-8.0,5.0,12.0
2025-12-29,CHOP_BUY,PARTIAL_TP,long,WINNER,58.0,17,48727.0,-1.0,3.0,-4.0,-1.0,7.0,8.0,13.0,-4.0,9.0,14.0,11.0,13.0,-4.0,3.0,5.0,4.0,13.0,-4.0,-7.0,9.0,11.0,13.0,-4.0,7.0,8.0
2025-12-31,CHOP_BUY,EXIT_FLAT,long,LOSER,-130.0,21,48556.0,9.0,19.0,-4.0,9.0,23.0,13.0,20.0,-4.0,4.0,16.0,21.0,21.0,-4.0,8.0,15.0,13.0,25.0,-4.0,-8.0,21.0,4.0,25.0,-4.0,-9.0,20.0
2025-12-31,CHOP_BUY,EXIT_FLAT,long,LOSER,-66.0,17,48503.0,15.0,19.0,0.0,15.0,18.0,5.0,19.0,0.0,-10.0,11.0,3.0,19.0,-1.0,-2.0,10.0,18.0,25.0,-1.0,15.0,22.0,-2.0,25.0,-5.0,-20.0,24.0
2025-12-31,TREND_SHORT,EXIT_FLAT,short,LOSER,-132.0,55,48451.0,2.0,6.0,-3.0,2.0,9.0,0.0,6.0,-3.0,-2.0,5.0,-2.0,6.0,-6.0,-2.0,8.0,4.0,11.0,-6.0,6.0,16.0,-15.0,11.0,-16.0,-19.0,24.0
2025-12-31,CHOP_SELL,EXIT_FLAT,short,LOSER,-124.0,75,48472.0,-6.0,7.0,-6.0,-6.0,13.0,-9.0,7.0,-12.0,-3.0,8.0,-20.0,7.0,-22.0,-11.0,8.0,-20.0,7.0,-24.0,0.0,10.0,-26.0,7.0,-29.0,-6.0,8.0
2025-12-31,TREND_SHORT,PARTIAL_TP,short,WINNER,50.0,8,48436.0,-3.0,3.0,-4.0,-3.0,7.0,1.0,3.0,-9.0,4.0,11.0,0.0,3.0,-9.0,-1.0,9.0,0.0,3.0,-9.0,0.0,9.0,-2.0,3.0,-9.0,-2.0,5.0
2025-12-31,TREND_SHORT,SESSION_EXIT,short,LOSER,-48.0,2,48347.0,8.0,32.0,-2.0,8.0,34.0,-24.0,32.0,-24.0,-32.0,33.0,-14.0,32.0,-25.0,10.0,15.0,-1.0,32.0,-25.0,13.0,17.0,-5.0,32.0,-25.0,-4.0,10.0
2026-01-02,TREND_LONG,EXIT_FLAT,long,LOSER,-142.0,29,48467.0,1.0,12.0,-13.0,1.0,25.0,25.0,35.0,-13.0,24.0,36.0,-26.0,35.0,-28.0,-51.0,56.0,-6.0,35.0,-33.0,20.0,31.0,-29.0,35.0,-33.0,-23.0,44.0
2026-01-02,TREND_LONG,EARLY_HARD_STOP,long,LOSER,-82.0,5,48509.0,-5.0,3.0,-13.0,-5.0,16.0,-7.0,3.0,-13.0,-2.0,12.0,-19.0,3.0,-22.0,-12.0,24.0,-37.0,3.0,-43.0,-18.0,25.0,-41.0,3.0,-49.0,-4.0,18.0
2026-01-02,TREND_LONG,PARTIAL_TP,long,WINNER,51.0,16,48526.0,7.0,17.0,-3.0,7.0,20.0,1.0,23.0,-3.0,-6.0,25.0,5.0,23.0,-11.0,4.0,26.0,5.0,23.0,-11.0,0.0,10.0,-8.0,23.0,-11.0,-13.0,23.0
2026-01-02,CHOP_BUY,CHOP_TP,long,WINNER,32.0,11,48596.0,1.0,3.0,-12.0,1.0,15.0,6.0,10.0,-12.0,5.0,13.0,9.0,12.0,-12.0,3.0,7.0,1.0,12.0,-12.0,-8.0,8.0,-2.0,17.0,-12.0,-3.0,21.0
2026-01-05,TREND_LONG,PARTIAL_TP,long,WINNER,58.0,24,49208.0,-18.0,7.0,-23.0,-18.0,30.0,10.0,29.0,-23.0,28.0,47.0,11.0,29.0,-23.0,1.0,20.0,12.0,43.0,-23.0,1.0,36.0,-28.0,43.0,-28.0,-40.0,42.0
2026-01-05,TREND_LONG,EXIT_FLAT,long,LOSER,-140.0,13,49338.0,5.0,15.0,0.0,5.0,14.0,2.0,15.0,0.0,-3.0,9.0,-15.0,15.0,-18.0,-17.0,23.0,-37.0,15.0,-37.0,-22.0,26.0,-37.0,15.0,-39.0,0.0,13.0
2026-01-05,CHOP_SELL,EXIT_FLAT,short,LOSER,-70.0,12,49327.0,-9.0,5.0,-9.0,-9.0,14.0,-3.0,5.0,-16.0,6.0,17.0,-13.0,5.0,-16.0,-10.0,13.0,-7.0,5.0,-22.0,6.0,23.0,-21.0,5.0,-23.0,-14.0,15.0
2026-01-05,TREND_LONG,CHOP_TP,long,WINNER,44.0,46,49370.0,-3.0,5.0,-5.0,-3.0,10.0,8.0,14.0,-5.0,11.0,15.0,8.0,14.0,-5.0,0.0,9.0,3.0,14.0,-5.0,-5.0,11.0,13.0,18.0,-5.0,10.0,15.0
2026-01-05,TREND_LONG,CHOP_TP,long,WINNER,62.0,75,49422.0,-7.0,1.0,-12.0,-7.0,13.0,-4.0,1.0,-13.0,3.0,10.0,-17.0,1.0,-19.0,-13.0,17.0,-36.0,1.0,-37.0,-19.0,23.0,-23.0,1.0,-37.0,13.0,15.0
2026-01-05,CHOP_BUY,EXIT_FLAT,long,LOSER,-124.0,30,49450.0,-15.0,0.0,-21.0,-15.0,20.0,-23.0,0.0,-26.0,-8.0,11.0,-27.0,0.0,-27.0,-4.0,9.0,-26.0,0.0,-29.0,1.0,3.0,-26.0,0.0,-29.0,0.0,7.0
2026-01-05,CHOP_SELL,PARTIAL_TP,short,WINNER,50.0,26,49333.0,21.0,24.0,-6.0,21.0,30.0,31.0,32.0,-6.0,10.0,13.0,39.0,42.0,-6.0,8.0,11.0,39.0,42.0,-6.0,0.0,13.0,35.0,42.0,-6.0,-4.0,11.0
2026-01-06,TREND_LONG,PARTIAL_TP,long,WINNER,52.0,10,49357.0,12.0,16.0,-1.0,12.0,17.0,8.0,24.0,-1.0,-4.0,21.0,24.0,24.0,-1.0,16.0,24.0,37.0,41.0,-1.0,13.0,27.0,18.0,45.0,-1.0,-19.0,31.0
2026-01-06,TREND_LONG,PARTIAL_TP,long,WINNER,51.0,37,49457.0,-25.0,1.0,-29.0,-25.0,30.0,-19.0,1.0,-29.0,6.0,12.0,-9.0,1.0,-29.0,10.0,17.0,-16.0,1.0,-29.0,-7.0,19.0,7.0,14.0,-29.0,23.0,33.0
2026-01-06,TREND_LONG,PARTIAL_TP,long,WINNER,50.0,54,49638.0,-9.0,6.0,-9.0,-9.0,15.0,-6.0,6.0,-14.0,3.0,9.0,-1.0,6.0,-14.0,5.0,14.0,10.0,10.0,-14.0,11.0,13.0,17.0,17.0,-14.0,7.0,9.0
2026-01-06,TREND_LONG,CHOP_TP,long,WINNER,58.0,18,49707.0,9.0,16.0,0.0,9.0,16.0,19.0,23.0,0.0,10.0,14.0,18.0,23.0,0.0,-1.0,6.0,13.0,23.0,0.0,-5.0,9.0,10.0,23.0,0.0,-3.0,7.0
2026-01-06,CHOP_BUY,CHOP_TP,long,WINNER,64.0,24,49715.0,-7.0,0.0,-9.0,-7.0,9.0,-3.0,0.0,-9.0,4.0,7.0,-2.0,0.0,-9.0,1.0,6.0,3.0,4.0,-9.0,5.0,8.0,-1.0,4.0,-9.0,-4.0,8.0
2026-01-06,CHOP_BUY,SESSION_EXIT,long,LOSER,-66.0,35,49747.0,3.0,6.0,-1.0,3.0,7.0,5.0,7.0,-1.0,2.0,4.0,2.0,7.0,-1.0,-3.0,7.0,3.0,7.0,-2.0,1.0,7.0,-1.0,7.0,-3.0,-4.0,8.0
2026-01-07,TREND_SHORT,PARTIAL_TP,short,WINNER,85.0,10,49659.0,16.0,24.0,-6.0,16.0,30.0,14.0,24.0,-6.0,-2.0,19.0,11.0,33.0,-6.0,-3.0,24.0,30.0,33.0,-6.0,19.0,21.0,34.0,45.0,-6.0,4.0,18.0
2026-01-07,CHOP_BUY,CHOP_TP,long,WINNER,60.0,16,49528.0,8.0,9.0,-4.0,8.0,13.0,14.0,16.0,-4.0,6.0,10.0,6.0,16.0,-4.0,-8.0,19.0,-4.0,16.0,-4.0,-10.0,12.0,2.0,16.0,-6.0,6.0,16.0
2026-01-07,TREND_SHORT,PARTIAL_TP,short,WINNER,50.0,62,49437.0,-8.0,1.0,-13.0,-8.0,14.0,-13.0,1.0,-17.0,-5.0,17.0,-19.0,1.0,-22.0,-6.0,10.0,-6.0,1.0,-22.0,13.0,18.0,-5.0,1.0,-22.0,1.0,7.0
2026-01-07,TREND_LONG,EXIT_FLAT,long,LOSER,-124.0,18,49376.0,-6.0,0.0,-7.0,-6.0,6.0,-17.0,0.0,-17.0,-11.0,12.0,-12.0,0.0,-22.0,5.0,10.0,-5.0,0.0,-22.0,7.0,19.0,-19.0,0.0,-22.0,-14.0,13.0
2026-01-07,TREND_SHORT,PARTIAL_TP,short,WINNER,50.0,5,49264.0,18.0,22.0,-4.0,18.0,26.0,22.0,28.0,-4.0,4.0,12.0,19.0,28.0,-4.0,-3.0,14.0,44.0,48.0,-4.0,25.0,32.0,50.0,54.0,-4.0,6.0,13.0
2026-01-08,TREND_LONG,PARTIAL_TP,long,WINNER,54.0,4,49333.0,-1.0,18.0,-16.0,-1.0,34.0,20.0,25.0,-16.0,21.0,35.0,47.0,56.0,-16.0,27.0,42.0,54.0,57.0,-16.0,7.0,20.0,43.0,57.0,-16.0,-11.0,14.0
2026-01-08,CHOP_SELL,PARTIAL_TP,short,WINNER,50.0,33,49506.0,-7.0,2.0,-7.0,-7.0,9.0,3.0,8.0,-7.0,10.0,13.0,-20.0,8.0,-21.0,-23.0,26.0,-33.0,8.0,-33.0,-13.0,16.0,-24.0,8.0,-33.0,9.0,11.0
2026-01-09,TREND_SHORT,EXIT_FLAT,short,LOSER,-134.0,7,49428.0,-5.0,12.0,-24.0,-5.0,36.0,4.0,14.0,-24.0,9.0,22.0,-7.0,20.0,-24.0,-11.0,30.0,-17.0,20.0,-41.0,-10.0,50.0,-14.0,20.0,-41.0,3.0,38.0
2026-01-09,TREND_LONG,EXIT_FLAT,long,LOSER,-130.0,14,49668.0,17.0,21.0,-1.0,17.0,22.0,13.0,25.0,-1.0,-4.0,13.0,-4.0,25.0,-10.0,-17.0,27.0,-22.0,25.0,-51.0,-18.0,54.0,-2.0,25.0,-51.0,20.0,34.0
2026-01-09,CHOP_SELL,EXIT_FLAT,short,LOSER,-136.0,14,49581.0,-7.0,6.0,-14.0,-7.0,20.0,-9.0,6.0,-14.0,-2.0,14.0,-2.0,6.0,-19.0,7.0,23.0,-7.0,6.0,-19.0,-5.0,14.0,-37.0,6.0,-43.0,-30.0,34.0
2026-01-09,TREND_LONG,EXIT_FLAT,long,LOSER,-130.0,19,49699.0,3.0,16.0,-4.0,3.0,20.0,4.0,16.0,-4.0,1.0,12.0,14.0,16.0,-4.0,10.0,17.0,7.0,16.0,-4.0,-7.0,12.0,18.0,18.0,-4.0,11.0,14.0
2026-01-09,TREND_LONG,CHOP_TP,long,WINNER,62.0,48,49742.0,-1.0,3.0,-4.0,-1.0,7.0,21.0,21.0,-4.0,22.0,22.0,26.0,26.0,-4.0,5.0,7.0,28.0,33.0,-4.0,2.0,11.0,32.0,35.0,-4.0,4.0,8.0
2026-01-09,CHOP_SELL,SESSION_EXIT,short,LOSER,-16.0,164,49715.0,-4.0,0.0,-7.0,-4.0,7.0,9.0,14.0,-7.0,13.0,15.0,27.0,27.0,-7.0,18.0,16.0,28.0,34.0,-7.0,1.0,11.0,23.0,34.0,-7.0,-5.0,8.0
2026-01-12,TREND_LONG,EXIT_FLAT,long,LOSER,-140.0,16,49535.0,-11.0,4.0,-17.0,-11.0,21.0,4.0,12.0,-19.0,15.0,31.0,7.0,12.0,-19.0,3.0,20.0,21.0,22.0,-19.0,14.0,26.0,25.0,31.0,-19.0,4.0,13.0
2026-01-12,CHOP_SELL,EXIT_FLAT,short,LOSER,-130.0,9,49446.0,-21.0,0.0,-28.0,-21.0,24.0,-6.0,8.0,-28.0,15.0,33.0,-8.0,8.0,-28.0,-2.0,10.0,-17.0,8.0,-28.0,-9.0,8.0,-24.0,8.0,-35.0,-7.0,21.0
2026-01-12,TREND_LONG,PARTIAL_TP,long,WINNER,64.0,11,49568.0,-2.0,4.0,-15.0,-2.0,19.0,1.0,7.0,-15.0,3.0,21.0,18.0,18.0,-15.0,17.0,19.0,6.0,21.0,-15.0,-12.0,18.0,15.0,21.0,-15.0,9.0,14.0
2026-01-12,TREND_LONG,EXIT_FLAT,long,LOSER,-124.0,27,49685.0,8.0,13.0,-3.0,8.0,16.0,12.0,25.0,-3.0,4.0,19.0,7.0,25.0,-3.0,-5.0,12.0,23.0,28.0,-3.0,16.0,24.0,13.0,28.0,-3.0,-10.0,17.0
2026-01-12,CHOP_SELL,EXIT_FLAT,short,LOSER,-120.0,20,49631.0,-3.0,3.0,-3.0,-3.0,6.0,-9.0,3.0,-9.0,-6.0,7.0,-10.0,3.0,-18.0,-1.0,10.0,-22.0,3.0,-25.0,-12.0,15.0,-25.0,3.0,-29.0,-3.0,7.0
2026-01-12,TREND_LONG,CHOP_TP,long,WINNER,54.0,35,49716.0,6.0,9.0,0.0,6.0,9.0,2.0,9.0,0.0,-4.0,8.0,7.0,9.0,-4.0,5.0,12.0,26.0,27.0,-4.0,19.0,19.0,22.0,27.0,-4.0,-4.0,7.0
2026-01-12,TREND_LONG,CHOP_TP,long,WINNER,82.0,79,49757.0,-1.0,5.0,-2.0,-1.0,7.0,-1.0,5.0,-3.0,0.0,7.0,-7.0,5.0,-7.0,-6.0,6.0,-3.0,5.0,-11.0,4.0,9.0,-7.0,5.0,-11.0,-4.0,5.0
2026-01-12,CHOP_SELL,EXIT_FLAT,short,LOSER,-80.0,32,49772.0,-6.0,2.0,-7.0,-6.0,9.0,-3.0,2.0,-13.0,3.0,12.0,4.0,7.0,-13.0,7.0,11.0,11.0,12.0,-13.0,7.0,8.0,19.0,19.0,-13.0,8.0,10.0
2026-01-12,TREND_LONG,SESSION_EXIT,long,LOSER,-52.0,10,49821.0,18.0,20.0,-1.0,18.0,21.0,24.0,26.0,-1.0,6.0,12.0,29.0,34.0,-1.0,5.0,13.0,17.0,34.0,-1.0,-12.0,19.0,2.0,34.0,-5.0,-15.0,21.0
2026-01-13,TREND_SHORT,EXIT_FLAT,short,LOSER,-134.0,23,49454.0,-3.0,16.0,-3.0,-3.0,19.0,11.0,16.0,-3.0,14.0,17.0,4.0,16.0,-7.0,-7.0,22.0,5.0,22.0,-7.0,1.0,24.0,-12.0,22.0,-18.0,-17.0,25.0
2026-01-13,TREND_SHORT,EARLY_HARD_STOP,short,LOSER,-88.0,1,49459.0,-44.0,2.0,-46.0,-44.0,48.0,-40.0,2.0,-46.0,4.0,15.0,-35.0,2.0,-46.0,5.0,18.0,-29.0,2.0,-46.0,6.0,21.0,-42.0,2.0,-52.0,-13.0,24.0
2026-01-13,CHOP_BUY,EXIT_FLAT,long,LOSER,-126.0,74,49524.0,8.0,14.0,-1.0,8.0,15.0,-1.0,14.0,-9.0,-9.0,23.0,-10.0,14.0,-22.0,-9.0,21.0,-23.0,14.0,-31.0,-13.0,21.0,-36.0,14.0,-36.0,-13.0,19.0
2026-01-13,TREND_SHORT,EXIT_FLAT,short,LOSER,-128.0,23,49407.0,9.0,14.0,-3.0,9.0,17.0,-2.0,14.0,-7.0,-11.0,17.0,-18.0,14.0,-18.0,-16.0,20.0,-21.0,14.0,-28.0,-3.0,12.0,-34.0,14.0,-37.0,-13.0,18.0
2026-01-13,CHOP_SELL,PARTIAL_TP,short,WINNER,69.0,16,49492.0,-10.0,0.0,-10.0,-10.0,10.0,15.0,23.0,-10.0,25.0,32.0,44.0,48.0,-10.0,29.0,30.0,42.0,50.0,-10.0,-2.0,12.0,28.0,50.0,-10.0,-14.0,19.0
2026-01-13,TREND_SHORT,PARTIAL_TP,short,WINNER,66.0,40,49393.0,5.0,9.0,-2.0,5.0,11.0,-8.0,10.0,-8.0,-13.0,18.0,-9.0,10.0,-17.0,-1.0,12.0,-13.0,10.0,-18.0,-4.0,15.0,-3.0,10.0,-18.0,10.0,15.0
2026-01-14,TREND_SHORT,EXIT_FLAT,short,LOSER,-128.0,6,49178.0,-10.0,4.0,-37.0,-10.0,41.0,-5.0,9.0,-37.0,5.0,30.0,-35.0,9.0,-40.0,-30.0,39.0,-19.0,9.0,-40.0,16.0,29.0,-35.0,9.0,-44.0,-16.0,44.0
2026-01-14,TREND_SHORT,EXIT_FLAT,short,LOSER,-134.0,12,49145.0,-9.0,7.0,-15.0,-9.0,22.0,15.0,21.0,-18.0,24.0,39.0,5.0,23.0,-18.0,-10.0,36.0,26.0,28.0,-18.0,21.0,30.0,46.0,49.0,-18.0,20.0,22.0
2026-01-14,TREND_SHORT,EXIT_FLAT,short,LOSER,-122.0,11,49072.0,-2.0,6.0,-9.0,-2.0,15.0,-25.0,6.0,-30.0,-23.0,27.0,-23.0,6.0,-40.0,2.0,25.0,8.0,15.0,-40.0,31.0,37.0,6.0,15.0,-40.0,-2.0,18.0
2026-01-14,CHOP_BUY,PARTIAL_TP,long,WINNER,65.0,34,49219.0,-4.0,10.0,-4.0,-4.0,14.0,-2.0,10.0,-10.0,2.0,12.0,-4.0,10.0,-13.0,-2.0,9.0,-16.0,10.0,-24.0,-12.0,22.0,-24.0,10.0,-28.0,-8.0,17.0
2026-01-15,TREND_LONG,PARTIAL_TP,long,WINNER,51.0,10,49613.0,-33.0,10.0,-36.0,-33.0,46.0,-16.0,10.0,-38.0,17.0,29.0,-8.0,10.0,-38.0,8.0,19.0,-15.0,10.0,-38.0,-7.0,30.0,-8.0,10.0,-38.0,7.0,16.0
2026-01-15,CHOP_SELL,PARTIAL_TP,short,WINNER,71.0,4,49650.0,-9.0,8.0,-13.0,-9.0,21.0,22.0,24.0,-18.0,31.0,42.0,40.0,47.0,-18.0,18.0,35.0,71.0,78.0,-18.0,31.0,40.0,43.0,78.0,-18.0,-28.0,34.0
2026-01-15,TREND_LONG,EXIT_FLAT,long,LOSER,-124.0,106,49749.0,-13.0,3.0,-18.0,-13.0,21.0,-24.0,3.0,-29.0,-11.0,18.0,-21.0,3.0,-32.0,3.0,12.0,-16.0,3.0,-32.0,5.0,8.0,-19.0,3.0,-32.0,-3.0,15.0
2026-01-15,TREND_LONG,EXIT_FLAT,long,LOSER,-128.0,53,49788.0,-2.0,4.0,-6.0,-2.0,10.0,-3.0,4.0,-9.0,-1.0,9.0,-18.0,4.0,-22.0,-15.0,21.0,-18.0,4.0,-24.0,0.0,7.0,-26.0,4.0,-28.0,-8.0,13.0
2026-01-15,CHOP_BUY,EXIT_FLAT,long,LOSER,-134.0,14,49678.0,6.0,7.0,-2.0,6.0,9.0,0.0,10.0,-2.0,-6.0,10.0,-12.0,10.0,-15.0,-12.0,13.0,5.0,10.0,-17.0,17.0,24.0,8.0,10.0,-17.0,3.0,9.0
2026-01-16,TREND_SHORT,PARTIAL_TP,short,WINNER,55.0,8,49565.0,35.0,36.0,-5.0,35.0,41.0,21.0,42.0,-5.0,-14.0,22.0,31.0,42.0,-5.0,10.0,24.0,11.0,42.0,-5.0,-20.0,30.0,9.0,42.0,-5.0,-2.0,18.0
2026-01-16,CHOP_BUY,PARTIAL_TP,long,WINNER,52.0,4,49585.0,12.0,12.0,0.0,12.0,11.0,27.0,31.0,0.0,15.0,20.0,30.0,37.0,0.0,3.0,19.0,52.0,53.0,0.0,22.0,26.0,55.0,60.0,0.0,3.0,7.0
2026-01-16,CHOP_BUY,PARTIAL_TP,long,WINNER,65.0,57,49605.0,-14.0,1.0,-18.0,-14.0,19.0,3.0,3.0,-18.0,17.0,20.0,3.0,5.0,-18.0,0.0,7.0,-9.0,5.0,-18.0,-12.0,11.0,-18.0,5.0,-28.0,-9.0,17.0
2026-01-16,CHOP_BUY,EXIT_FLAT,long,LOSER,-126.0,66,49641.0,-2.0,2.0,-8.0,-2.0,10.0,-6.0,7.0,-8.0,-4.0,13.0,5.0,7.0,-8.0,11.0,14.0,-4.0,9.0,-9.0,-9.0,18.0,-11.0,9.0,-13.0,-7.0,17.0
2026-01-16,CHOP_BUY,SESSION_EXIT,long,LOSER,-28.0,2,49558.0,-13.0,12.0,-19.0,-13.0,31.0,-14.0,12.0,-19.0,-1.0,18.0,-20.0,12.0,-20.0,-6.0,9.0,-17.0,12.0,-26.0,3.0,9.0,-11.0,12.0,-26.0,6.0,11.0
2026-01-19,TREND_LONG,PARTIAL_TP,long,WINNER,53.0,84,49150.0,-16.0,1.0,-26.0,-16.0,27.0,-28.0,1.0,-29.0,-12.0,16.0,-26.0,1.0,-29.0,2.0,6.0,-16.0,1.0,-29.0,10.0,11.0,-20.0,1.0,-29.0,-4.0,15.0
2026-01-20,TREND_SHORT,EARLY_HARD_STOP,short,LOSER,-100.0,3,48776.0,13.0,13.0,-12.0,13.0,25.0,-14.0,14.0,-25.0,-27.0,39.0,-50.0,14.0,-55.0,-36.0,41.0,-74.0,14.0,-75.0,-24.0,36.0,-69.0,14.0,-82.0,5.0,23.0
2026-01-20,TREND_LONG,PARTIAL_TP,long,WINNER,76.0,3,48969.0,33.0,36.0,-17.0,33.0,53.0,39.0,58.0,-17.0,6.0,30.0,76.0,81.0,-17.0,37.0,40.0,59.0,81.0,-17.0,-17.0,29.0,71.0,86.0,-17.0,12.0,36.0
2026-01-20,TREND_SHORT,PARTIAL_TP,short,WINNER,55.0,7,48756.0,9.0,11.0,-5.0,9.0,16.0,10.0,21.0,-5.0,1.0,23.0,22.0,26.0,-5.0,12.0,20.0,33.0,39.0,-5.0,11.0,17.0,36.0,39.0,-5.0,3.0,14.0
2026-01-20,TREND_SHORT,EXIT_FLAT,short,LOSER,-132.0,25,48615.0,-9.0,3.0,-21.0,-9.0,24.0,-18.0,3.0,-23.0,-9.0,13.0,-25.0,3.0,-31.0,-7.0,17.0,-24.0,3.0,-31.0,1.0,13.0,-37.0,3.0,-39.0,-13.0,21.0
2026-01-21,TREND_LONG,PARTIAL_TP,long,WINNER,53.0,15,49004.0,2.0,9.0,-18.0,2.0,27.0,-5.0,9.0,-30.0,-7.0,29.0,7.0,14.0,-30.0,12.0,26.0,1.0,14.0,-30.0,-6.0,13.0,11.0,14.0,-30.0,10.0,21.0
2026-01-21,TREND_LONG,PARTIAL_TP,long,WINNER,85.0,2,49201.0,35.0,76.0,0.0,35.0,71.0,85.0,90.0,0.0,50.0,69.0,74.0,95.0,0.0,-11.0,32.0,101.0,121.0,0.0,27.0,48.0,60.0,121.0,0.0,-41.0,55.0
2026-01-22,CHOP_SELL,PARTIAL_TP,short,WINNER,69.0,3,49523.0,22.0,44.0,-12.0,22.0,56.0,48.0,52.0,-12.0,26.0,45.0,69.0,70.0,-12.0,21.0,26.0,58.0,83.0,-12.0,-11.0,29.0,57.0,83.0,-12.0,-1.0,22.0
2026-01-22,CHOP_BUY,CHOP_TP,long,WINNER,36.0,14,49608.0,-13.0,2.0,-13.0,-13.0,15.0,11.0,12.0,-13.0,24.0,24.0,11.0,16.0,-13.0,0.0,13.0,18.0,20.0,-13.0,7.0,15.0,31.0,32.0,-13.0,13.0,13.0
2026-01-22,CHOP_BUY,PARTIAL_TP,long,WINNER,58.0,13,49623.0,-12.0,6.0,-17.0,-12.0,23.0,11.0,27.0,-17.0,23.0,44.0,3.0,27.0,-17.0,-8.0,17.0,14.0,27.0,-17.0,11.0,21.0,19.0,27.0,-17.0,5.0,12.0
2026-01-22,CHOP_BUY,PARTIAL_TP,long,WINNER,64.0,15,49719.0,1.0,14.0,0.0,1.0,14.0,6.0,14.0,0.0,5.0,8.0,-2.0,14.0,-6.0,-8.0,14.0,-4.0,14.0,-13.0,-2.0,16.0,-21.0,14.0,-31.0,-17.0,26.0
2026-01-23,CHOP_BUY,PARTIAL_TP,long,WINNER,65.0,16,49284.0,10.0,12.0,-3.0,10.0,15.0,12.0,19.0,-3.0,2.0,11.0,-4.0,19.0,-7.0,-16.0,20.0,-7.0,19.0,-7.0,-3.0,20.0,-17.0,19.0,-20.0,-10.0,12.0
2026-01-23,TREND_SHORT,EXIT_FLAT,short,LOSER,-144.0,67,49160.0,20.0,22.0,-3.0,20.0,25.0,18.0,29.0,-3.0,-2.0,14.0,13.0,29.0,-3.0,-5.0,19.0,7.0,29.0,-9.0,-6.0,27.0,13.0,29.0,-9.0,6.0,23.0
2026-01-23,CHOP_BUY,SESSION_EXIT,long,LOSER,0.0,69,49239.0,7.0,9.0,-1.0,7.0,10.0,-7.0,11.0,-8.0,-14.0,19.0,-10.0,11.0,-12.0,-3.0,10.0,1.0,11.0,-12.0,11.0,9.0,2.0,11.0,-12.0,1.0,11.0
2026-01-26,TREND_LONG,EXIT_FLAT,long,LOSER,-144.0,30,49491.0,0.0,5.0,-10.0,0.0,15.0,1.0,5.0,-12.0,1.0,14.0,17.0,19.0,-12.0,16.0,22.0,4.0,20.0,-12.0,-13.0,21.0,-5.0,20.0,-12.0,-9.0,18.0
2026-01-26,TREND_LONG,PARTIAL_TP,long,WINNER,53.0,10,49537.0,-1.0,4.0,-4.0,-1.0,8.0,12.0,13.0,-4.0,13.0,17.0,15.0,18.0,-4.0,3.0,10.0,14.0,18.0,-4.0,-1.0,8.0,13.0,18.0,-4.0,-1.0,10.0
2026-01-26,CHOP_SELL,EXIT_FLAT,short,LOSER,-120.0,57,49550.0,1.0,4.0,-6.0,1.0,10.0,-10.0,4.0,-10.0,-11.0,12.0,-17.0,4.0,-17.0,-7.0,10.0,-7.0,4.0,-17.0,10.0,11.0,-11.0,4.0,-17.0,-4.0,6.0
2026-01-26,TREND_LONG,EXIT_FLAT,long,LOSER,-126.0,39,49624.0,12.0,14.0,0.0,12.0,12.0,18.0,20.0,0.0,6.0,14.0,17.0,20.0,0.0,-1.0,8.0,10.0,20.0,0.0,-7.0,8.0,7.0,20.0,0.0,-3.0,7.0
2026-01-27,TREND_SHORT,EARLY_HARD_STOP,short,LOSER,-82.0,4,49073.0,-16.0,0.0,-27.0,-16.0,24.0,-15.0,0.0,-27.0,1.0,14.0,-19.0,0.0,-32.0,-4.0,22.0,-41.0,0.0,-46.0,-22.0,30.0,-32.0,0.0,-54.0,9.0,25.0
2026-01-27,TREND_SHORT,EXIT_FLAT,short,LOSER,-126.0,29,49058.0,-14.0,8.0,-21.0,-14.0,29.0,-28.0,8.0,-35.0,-14.0,22.0,-27.0,8.0,-35.0,1.0,19.0,-22.0,8.0,-35.0,5.0,18.0,-14.0,8.0,-35.0,8.0,21.0
2026-01-27,CHOP_BUY,PARTIAL_TP,long,WINNER,55.0,21,49154.0,-9.0,3.0,-11.0,-9.0,14.0,5.0,5.0,-11.0,14.0,13.0,12.0,12.0,-11.0,7.0,12.0,22.0,26.0,-11.0,10.0,16.0,41.0,48.0,-11.0,19.0,28.0
2026-01-27,TREND_SHORT,EXIT_FLAT,short,LOSER,-130.0,28,49031.0,1.0,4.0,-15.0,1.0,19.0,0.0,4.0,-15.0,-1.0,11.0,7.0,16.0,-15.0,7.0,14.0,9.0,18.0,-15.0,2.0,12.0,15.0,18.0,-15.0,6.0,10.0
2026-01-27,CHOP_BUY,PARTIAL_TP,long,WINNER,55.0,48,49084.0,5.0,7.0,0.0,5.0,5.0,11.0,15.0,0.0,6.0,11.0,0.0,15.0,-1.0,-11.0,10.0,-1.0,15.0,-6.0,-1.0,8.0,1.0,15.0,-6.0,2.0,7.0
2026-01-27,CHOP_BUY,SESSION_EXIT,long,LOSER,-56.0,73,49156.0,-12.0,2.0,-13.0,-12.0,15.0,-12.0,2.0,-15.0,0.0,4.0,-21.0,2.0,-25.0,-9.0,15.0,-24.0,2.0,-35.0,-3.0,12.0,-23.0,2.0,-35.0,1.0,11.0
2026-01-28,TREND_SHORT,PARTIAL_TP,short,WINNER,65.0,19,49127.0,-23.0,0.0,-24.0,-23.0,24.0,-7.0,0.0,-31.0,16.0,27.0,-26.0,8.0,-31.0,-19.0,38.0,-20.0,8.0,-31.0,6.0,24.0,-27.0,8.0,-33.0,-7.0,18.0
2026-01-28,CHOP_BUY,EXIT_FLAT,long,LOSER,-128.0,155,49180.0,-20.0,0.0,-22.0,-20.0,22.0,-7.0,0.0,-24.0,13.0,17.0,-20.0,0.0,-24.0,-13.0,16.0,-15.0,0.0,-27.0,5.0,16.0,-15.0,0.0,-27.0,0.0,16.0
2026-01-28,TREND_LONG,EARLY_HARD_STOP,long,LOSER,-170.0,3,49228.0,13.0,49.0,-7.0,13.0,56.0,-3.0,49.0,-16.0,-16.0,38.0,-85.0,49.0,-111.0,-82.0,107.0,-83.0,49.0,-158.0,2.0,101.0,-91.0,49.0,-158.0,-8.0,33.0
2026-01-29,TREND_SHORT,EARLY_HARD_STOP,short,LOSER,-82.0,2,49032.0,-10.0,15.0,-20.0,-10.0,35.0,-41.0,15.0,-55.0,-31.0,51.0,-17.0,15.0,-55.0,24.0,56.0,-56.0,15.0,-57.0,-39.0,47.0,-81.0,15.0,-108.0,-25.0,64.0
2026-01-29,TREND_SHORT,PARTIAL_TP,short,WINNER,78.0,4,49001.0,11.0,30.0,-1.0,11.0,31.0,43.0,50.0,-1.0,32.0,43.0,45.0,70.0,-1.0,2.0,52.0,78.0,87.0,-1.0,33.0,53.0,99.0,100.0,-1.0,21.0,27.0
2026-01-29,CHOP_BUY,CHOP_TP,long,WINNER,38.0,12,49087.0,-1.0,5.0,-7.0,-1.0,12.0,11.0,11.0,-7.0,12.0,11.0,13.0,24.0,-7.0,2.0,14.0,21.0,36.0,-7.0,8.0,23.0,21.0,36.0,-7.0,0.0,31.0
2026-01-29,CHOP_SELL,EXIT_FLAT,short,LOSER,-120.0,9,49130.0,-8.0,1.0,-46.0,-8.0,47.0,1.0,1.0,-46.0,9.0,17.0,4.0,15.0,-46.0,3.0,16.0,14.0,16.0,-46.0,10.0,15.0,8.0,21.0,-46.0,-6.0,15.0
2026-01-30,TREND_SHORT,EXIT_FLAT,short,LOSER,-146.0,12,48983.0,-20.0,8.0,-36.0,-20.0,44.0,-27.0,8.0,-40.0,-7.0,37.0,-26.0,8.0,-40.0,1.0,26.0,8.0,16.0,-40.0,34.0,45.0,-4.0,35.0,-40.0,-12.0,39.0
2026-01-30,TREND_SHORT,EARLY_HARD_STOP,short,LOSER,-130.0,5,48951.0,-8.0,6.0,-33.0,-8.0,39.0,-18.0,6.0,-36.0,-10.0,32.0,0.0,6.0,-41.0,18.0,44.0,-10.0,6.0,-41.0,-10.0,30.0,-65.0,6.0,-74.0,-55.0,62.0
2026-01-30,TREND_LONG,EARLY_HARD_STOP,long,LOSER,-100.0,3,48950.0,-22.0,15.0,-23.0,-22.0,38.0,-27.0,15.0,-30.0,-5.0,20.0,-50.0,15.0,-50.0,-23.0,31.0,-51.0,15.0,-69.0,-1.0,23.0,-47.0,15.0,-69.0,4.0,20.0
2026-01-30,TREND_SHORT,EARLY_HARD_STOP,short,LOSER,-92.0,1,48874.0,-46.0,0.0,-51.0,-46.0,50.0,-6.0,0.0,-51.0,40.0,45.0,2.0,6.0,-51.0,8.0,23.0,26.0,34.0,-51.0,24.0,42.0,52.0,61.0,-51.0,26.0,49.0
2026-01-30,TREND_SHORT,PARTIAL_TP,short,WINNER,50.0,8,48848.0,26.0,35.0,-14.0,26.0,49.0,22.0,35.0,-14.0,-4.0,17.0,-6.0,35.0,-14.0,-28.0,36.0,11.0,35.0,-14.0,17.0,29.0,12.0,35.0,-14.0,1.0,20.0
2026-01-30,TREND_SHORT,PARTIAL_TP,short,WINNER,57.0,2,48709.0,37.0,40.0,0.0,37.0,38.0,57.0,62.0,0.0,20.0,22.0,53.0,80.0,0.0,-4.0,37.0,55.0,80.0,0.0,2.0,36.0,37.0,80.0,0.0,-18.0,35.0
2026-01-30,TREND_SHORT,EARLY_HARD_STOP,short,LOSER,-110.0,5,48611.0,15.0,28.0,-3.0,15.0,31.0,36.0,40.0,-3.0,21.0,29.0,2.0,40.0,-21.0,-34.0,60.0,-32.0,40.0,-40.0,-34.0,43.0,-55.0,40.0,-70.0,-23.0,41.0
2026-01-30,CHOP_BUY,PARTIAL_TP,long,WINNER,55.0,8,48959.0,14.0,26.0,0.0,14.0,22.0,28.0,39.0,0.0,14.0,27.0,34.0,39.0,0.0,6.0,12.0,10.0,39.0,0.0,-24.0,24.0,24.0,39.0,0.0,14.0,24.0
2026-01-30,CHOP_BUY,PARTIAL_TP,long,WINNER,54.0,8,48931.0,9.0,28.0,-3.0,9.0,31.0,23.0,28.0,-3.0,14.0,23.0,-1.0,28.0,-3.0,-24.0,29.0,5.0,28.0,-4.0,6.0,17.0,10.0,28.0,-4.0,5.0,18.0
2026-02-02,TREND_LONG,EARLY_HARD_STOP,long,LOSER,-84.0,3,49308.0,-9.0,5.0,-17.0,-9.0,22.0,-22.0,5.0,-32.0,-13.0,28.0,-42.0,5.0,-44.0,-20.0,36.0,-52.0,5.0,-56.0,-10.0,28.0,-100.0,5.0,-101.0,-48.0,51.0
2026-02-02,TREND_LONG,PARTIAL_TP,long,WINNER,56.0,18,49310.0,15.0,15.0,-16.0,15.0,31.0,5.0,15.0,-23.0,-10.0,36.0,4.0,15.0,-23.0,-1.0,19.0,-11.0,15.0,-23.0,-15.0,24.0,23.0,35.0,-23.0,34.0,54.0
2026-02-02,TREND_LONG,PARTIAL_TP,long,WINNER,55.0,23,49432.0,13.0,21.0,-1.0,13.0,22.0,14.0,21.0,-1.0,1.0,19.0,23.0,23.0,-1.0,9.0,15.0,15.0,23.0,-1.0,-8.0,17.0,1.0,23.0,-8.0,-14.0,23.0
2026-02-02,TREND_LONG,EXIT_FLAT,long,LOSER,-140.0,25,49531.0,-11.0,3.0,-11.0,-11.0,14.0,-7.0,3.0,-12.0,4.0,9.0,-13.0,3.0,-14.0,-6.0,6.0,-22.0,3.0,-28.0,-9.0,13.0,-16.0,3.0,-28.0,6.0,13.0
2026-02-02,CHOP_BUY,PARTIAL_TP,long,WINNER,51.0,16,49457.0,3.0,7.0,-5.0,3.0,12.0,-4.0,7.0,-5.0,-7.0,8.0,-5.0,7.0,-6.0,-1.0,9.0,6.0,7.0,-6.0,11.0,10.0,-2.0,7.0,-6.0,-8.0,11.0
2026-02-02,CHOP_SELL,PARTIAL_TP,short,WINNER,58.0,4,49579.0,20.0,22.0,0.0,20.0,20.0,36.0,42.0,0.0,16.0,28.0,49.0,51.0,0.0,13.0,17.0,58.0,61.0,0.0,9.0,15.0,72.0,72.0,0.0,14.0,18.0
2026-02-03,TREND_SHORT,PARTIAL_TP,short,WINNER,122.0,31,49399.0,-10.0,2.0,-18.0,-10.0,20.0,-14.0,2.0,-27.0,-4.0,18.0,-27.0,2.0,-36.0,-13.0,25.0,-17.0,2.0,-41.0,10.0,28.0,7.0,19.0,-41.0,24.0,42.0
2026-02-03,CHOP_BUY,EXIT_FLAT,long,LOSER,-134.0,30,49055.0,26.0,28.0,-5.0,26.0,33.0,14.0,29.0,-5.0,-12.0,22.0,13.0,37.0,-5.0,-1.0,27.0,13.0,37.0,-11.0,0.0,26.0,11.0,37.0,-11.0,-2.0,22.0
2026-02-03,TREND_SHORT,EARLY_HARD_STOP,short,LOSER,-92.0,4,48947.0,4.0,13.0,-5.0,4.0,18.0,0.0,13.0,-5.0,-4.0,11.0,-23.0,13.0,-26.0,-23.0,34.0,-46.0,13.0,-48.0,-23.0,28.0,-79.0,13.0,-82.0,-33.0,39.0
2026-02-03,CHOP_BUY,PARTIAL_TP,long,WINNER,52.0,4,49084.0,16.0,17.0,-15.0,16.0,32.0,27.0,32.0,-15.0,11.0,20.0,33.0,35.0,-15.0,6.0,16.0,52.0,57.0,-15.0,19.0,34.0,59.0,62.0,-15.0,7.0,18.0
2026-02-04,TREND_SHORT,PARTIAL_TP,short,WINNER,66.0,3,49481.0,46.0,50.0,-6.0,46.0,56.0,25.0,55.0,-6.0,-21.0,44.0,66.0,73.0,-6.0,41.0,46.0,106.0,116.0,-6.0,40.0,51.0,96.0,121.0,-6.0,-10.0,39.0
2026-02-04,TREND_LONG,EXIT_FLAT,long,LOSER,-196.0,11,49712.0,-11.0,12.0,-15.0,-11.0,27.0,14.0,25.0,-36.0,25.0,61.0,-14.0,35.0,-36.0,-28.0,58.0,-5.0,35.0,-36.0,9.0,39.0,-17.0,35.0,-36.0,-12.0,23.0
2026-02-04,CHOP_SELL,PARTIAL_TP,short,WINNER,59.0,11,49688.0,-3.0,10.0,-8.0,-3.0,18.0,20.0,21.0,-30.0,23.0,51.0,-1.0,29.0,-30.0,-21.0,36.0,-20.0,29.0,-37.0,-19.0,38.0,4.0,29.0,-37.0,24.0,33.0
2026-02-04,TREND_SHORT,EXIT_FLAT,short,LOSER,-170.0,10,49261.0,29.0,30.0,0.0,29.0,28.0,21.0,30.0,0.0,-8.0,19.0,42.0,42.0,0.0,21.0,35.0,29.0,44.0,0.0,-13.0,19.0,31.0,45.0,0.0,2.0,26.0
2026-02-04,CHOP_BUY,EXIT_FLAT,long,LOSER,-184.0,30,49675.0,-1.0,3.0,-11.0,-1.0,14.0,5.0,15.0,-11.0,6.0,19.0,-5.0,15.0,-11.0,-10.0,17.0,-23.0,15.0,-26.0,-18.0,25.0,-21.0,15.0,-26.0,2.0,16.0
2026-02-05,TREND_SHORT,PARTIAL_TP,short,WINNER,62.0,5,49172.0,-18.0,4.0,-33.0,-18.0,37.0,6.0,7.0,-33.0,24.0,32.0,-11.0,13.0,-33.0,-17.0,46.0,24.0,35.0,-33.0,35.0,65.0,62.0,68.0,-33.0,38.0,46.0
2026-02-06,TREND_LONG,EARLY_HARD_STOP,long,LOSER,-88.0,2,49729.0,-30.0,14.0,-31.0,-30.0,45.0,-44.0,14.0,-48.0,-14.0,31.0,-52.0,14.0,-70.0,-8.0,37.0,-55.0,14.0,-75.0,-3.0,44.0,-8.0,14.0,-75.0,47.0,55.0
2026-02-06,TREND_LONG,EARLY_HARD_STOP,long,LOSER,-104.0,3,49763.0,-16.0,19.0,-21.0,-16.0,40.0,-8.0,19.0,-59.0,8.0,65.0,-52.0,19.0,-59.0,-44.0,51.0,-20.0,19.0,-60.0,32.0,40.0,-3.0,36.0,-60.0,17.0,58.0
2026-02-06,TREND_LONG,EARLY_HARD_STOP,long,LOSER,-92.0,2,49850.0,-1.0,17.0,-16.0,-1.0,33.0,-46.0,17.0,-49.0,-45.0,60.0,-41.0,17.0,-63.0,5.0,50.0,-66.0,17.0,-74.0,-25.0,43.0,-84.0,17.0,-90.0,-18.0,33.0
2026-02-06,CHOP_SELL,EARLY_HARD_STOP,short,LOSER,-98.0,2,49801.0,-27.0,9.0,-30.0,-27.0,39.0,-49.0,9.0,-51.0,-22.0,32.0,-10.0,9.0,-51.0,39.0,42.0,-32.0,9.0,-51.0,-22.0,33.0,-30.0,9.0,-51.0,2.0,20.0
2026-02-06,TREND_LONG,EXIT_FLAT,long,LOSER,-196.0,9,49863.0,27.0,36.0,-8.0,27.0,44.0,18.0,36.0,-8.0,-9.0,25.0,6.0,36.0,-8.0,-12.0,27.0,15.0,36.0,-8.0,9.0,20.0,36.0,37.0,-8.0,21.0,28.0
2026-02-06,CHOP_SELL,EXIT_FLAT,short,LOSER,-72.0,14,49892.0,17.0,22.0,-9.0,17.0,31.0,13.0,22.0,-9.0,-4.0,15.0,19.0,24.0,-9.0,6.0,15.0,24.0,36.0,-9.0,5.0,19.0,29.0,36.0,-9.0,5.0,22.0
2026-02-06,TREND_LONG,CHOP_TP,long,WINNER,56.0,15,49934.0,10.0,14.0,-6.0,10.0,20.0,12.0,16.0,-6.0,2.0,14.0,17.0,19.0,-6.0,5.0,16.0,17.0,26.0,-6.0,0.0,12.0,18.0,26.0,-6.0,1.0,24.0
2026-02-06,TREND_LONG,EARLY_HARD_STOP,long,LOSER,-84.0,5,49992.0,-10.0,5.0,-13.0,-10.0,18.0,-13.0,5.0,-18.0,-3.0,10.0,0.0,5.0,-18.0,13.0,12.0,-6.0,5.0,-18.0,-6.0,10.0,-42.0,5.0,-42.0,-36.0,40.0
2026-02-06,TREND_LONG,PARTIAL_TP,long,WINNER,60.0,6,49999.0,1.0,8.0,-4.0,1.0,12.0,9.0,12.0,-4.0,8.0,11.0,25.0,25.0,-4.0,16.0,15.0,23.0,30.0,-4.0,-2.0,16.0,35.0,39.0,-4.0,12.0,16.0
2026-02-06,TREND_LONG,CHOP_TP,long,WINNER,24.0,53,50070.0,-1.0,3.0,-6.0,-1.0,9.0,-7.0,3.0,-7.0,-6.0,8.0,0.0,3.0,-10.0,7.0,12.0,4.0,4.0,-10.0,4.0,5.0,6.0,10.0,-10.0,2.0,9.0
2026-02-06,TREND_LONG,CHOP_TP,long,WINNER,36.0,44,50112.0,-6.0,2.0,-8.0,-6.0,10.0,3.0,6.0,-19.0,9.0,25.0,-2.0,6.0,-19.0,-5.0,6.0,-4.0,6.0,-19.0,-2.0,9.0,-11.0,6.0,-19.0,-7.0,15.0
2026-02-06,TREND_LONG,PARTIAL_TP,long,WINNER,89.0,12,50142.0,-5.0,1.0,-7.0,-5.0,8.0,7.0,11.0,-7.0,12.0,18.0,17.0,25.0,-7.0,10.0,18.0,34.0,41.0,-7.0,17.0,23.0,25.0,41.0,-7.0,-9.0,9.0
2026-02-09,TREND_SHORT,EARLY_HARD_STOP,short,LOSER,-134.0,4,49929.0,-6.0,21.0,-13.0,-6.0,34.0,-8.0,21.0,-17.0,-2.0,22.0,-24.0,21.0,-38.0,-16.0,41.0,-67.0,21.0,-69.0,-43.0,65.0,-60.0,21.0,-95.0,7.0,37.0
2026-02-09,TREND_LONG,PARTIAL_TP,long,WINNER,60.0,9,50162.0,18.0,24.0,-10.0,18.0,34.0,24.0,29.0,-10.0,6.0,12.0,10.0,29.0,-10.0,-14.0,20.0,5.0,29.0,-10.0,-5.0,22.0,-2.0,29.0,-10.0,-7.0,19.0
2026-02-10,TREND_LONG,PARTIAL_TP,long,WINNER,63.0,7,50544.0,11.0,17.0,-26.0,11.0,43.0,9.0,22.0,-26.0,-2.0,27.0,13.0,22.0,-26.0,4.0,37.0,24.0,30.0,-26.0,11.0,33.0,21.0,30.0,-26.0,-3.0,22.0
2026-02-10,TREND_SHORT,PARTIAL_TP,short,WINNER,50.0,19,50293.0,-3.0,5.0,-7.0,-3.0,12.0,9.0,16.0,-19.0,12.0,35.0,13.0,17.0,-19.0,4.0,15.0,20.0,20.0,-19.0,7.0,17.0,16.0,26.0,-19.0,-4.0,14.0
2026-02-10,CHOP_SELL,EXIT_FLAT,short,LOSER,-130.0,39,50293.0,-15.0,5.0,-18.0,-15.0,23.0,-2.0,5.0,-18.0,13.0,13.0,-14.0,5.0,-18.0,-12.0,13.0,-8.0,5.0,-18.0,6.0,9.0,-13.0,5.0,-19.0,-5.0,16.0
2026-02-10,CHOP_BUY,EXIT_FLAT,long,LOSER,-122.0,46,50350.0,6.0,6.0,-3.0,6.0,9.0,4.0,7.0,-7.0,-2.0,14.0,9.0,9.0,-7.0,5.0,12.0,5.0,10.0,-7.0,-4.0,17.0,3.0,12.0,-7.0,-2.0,17.0
2026-02-11,TREND_SHORT,PARTIAL_TP,short,WINNER,64.0,3,50321.0,12.0,22.0,-8.0,12.0,30.0,25.0,31.0,-8.0,13.0,28.0,64.0,64.0,-8.0,39.0,36.0,85.0,101.0,-8.0,21.0,41.0,107.0,113.0,-8.0,22.0,35.0
2026-02-11,CHOP_BUY,SESSION_EXIT,long,LOSER,-6.0,1,50201.0,-3.0,18.0,-7.0,-3.0,25.0,46.0,47.0,-7.0,49.0,50.0,32.0,48.0,-7.0,-14.0,19.0,29.0,48.0,-7.0,-3.0,12.0,32.0,48.0,-7.0,3.0,16.0
2026-02-12,TREND_SHORT,EARLY_HARD_STOP,short,LOSER,-128.0,1,50338.0,-64.0,1.0,-84.0,-64.0,85.0,-41.0,1.0,-84.0,23.0,27.0,-41.0,1.0,-84.0,0.0,15.0,-30.0,1.0,-84.0,11.0,24.0,-8.0,1.0,-84.0,22.0,27.0
2026-02-12,TREND_SHORT,PARTIAL_TP,short,WINNER,61.0,5,50325.0,33.0,39.0,-1.0,33.0,40.0,31.0,39.0,-1.0,-2.0,16.0,21.0,46.0,-1.0,-10.0,32.0,45.0,50.0,-1.0,24.0,36.0,61.0,74.0,-1.0,16.0,33.0
2026-02-12,TREND_SHORT,EARLY_HARD_STOP,short,LOSER,-104.0,3,49500.0,-17.0,4.0,-32.0,-17.0,36.0,-33.0,4.0,-35.0,-16.0,22.0,-52.0,4.0,-67.0,-19.0,37.0,-54.0,4.0,-75.0,-2.0,30.0,-28.0,4.0,-75.0,26.0,36.0
2026-02-13,TREND_LONG,EARLY_HARD_STOP,long,LOSER,-178.0,5,49568.0,22.0,25.0,-28.0,22.0,53.0,30.0,38.0,-28.0,8.0,24.0,-32.0,38.0,-39.0,-62.0,68.0,-19.0,38.0,-39.0,13.0,40.0,-89.0,38.0,-89.0,-70.0,80.0
2026-02-13,TREND_LONG,PARTIAL_TP,long,WINNER,56.0,6,49625.0,-24.0,4.0,-31.0,-24.0,35.0,19.0,20.0,-31.0,43.0,46.0,30.0,41.0,-31.0,11.0,22.0,13.0,41.0,-31.0,-17.0,25.0,44.0,47.0,-31.0,31.0,52.0
2026-02-13,TREND_LONG,EARLY_HARD_STOP,long,LOSER,-100.0,2,49679.0,-13.0,4.0,-20.0,-13.0,24.0,-50.0,4.0,-51.0,-37.0,35.0,-77.0,4.0,-77.0,-27.0,50.0,-68.0,4.0,-89.0,9.0,21.0,-86.0,4.0,-89.0,-18.0,19.0
2026-02-13,TREND_LONG,PARTIAL_TP,long,WINNER,50.0,25,49708.0,2.0,4.0,-15.0,2.0,19.0,-17.0,4.0,-22.0,-19.0,20.0,-13.0,4.0,-36.0,4.0,34.0,-27.0,4.0,-36.0,-14.0,16.0,-22.0,4.0,-40.0,5.0,24.0
2026-02-13,TREND_LONG,EXIT_FLAT,long,LOSER,-130.0,22,49789.0,-25.0,3.0,-46.0,-25.0,49.0,-7.0,3.0,-46.0,18.0,20.0,3.0,6.0,-46.0,10.0,20.0,15.0,17.0,-46.0,12.0,31.0,27.0,28.0,-46.0,12.0,14.0
2026-02-13,CHOP_SELL,PARTIAL_TP,short,WINNER,65.0,15,49702.0,-12.0,0.0,-17.0,-12.0,14.0,-11.0,0.0,-17.0,1.0,14.0,22.0,22.0,-17.0,33.0,30.0,32.0,39.0,-17.0,10.0,28.0,29.0,39.0,-17.0,-3.0,12.0
2026-02-16,TREND_LONG,EXIT_FLAT,long,LOSER,-124.0,26,49724.0,-15.0,1.0,-15.0,-15.0,16.0,-15.0,1.0,-15.0,0.0,8.0,-18.0,1.0,-25.0,-3.0,8.0,2.0,4.0,-25.0,20.0,26.0,-5.0,6.0,-25.0,-7.0,16.0
2026-02-16,TREND_SHORT,PARTIAL_TP,short,WINNER,56.0,30,49619.0,-4.0,0.0,-13.0,-4.0,12.0,17.0,18.0,-13.0,21.0,25.0,9.0,19.0,-13.0,-8.0,13.0,10.0,19.0,-13.0,1.0,22.0,16.0,20.0,-13.0,6.0,7.0
2026-02-17,TREND_SHORT,PARTIAL_TP,short,WINNER,59.0,7,49500.0,-23.0,16.0,-41.0,-23.0,57.0,-5.0,16.0,-45.0,18.0,45.0,21.0,29.0,-45.0,26.0,49.0,16.0,30.0,-45.0,-5.0,21.0,28.0,41.0,-45.0,12.0,50.0
2026-02-18,TREND_LONG,EARLY_HARD_STOP,long,LOSER,-102.0,2,49884.0,-34.0,8.0,-38.0,-34.0,46.0,-51.0,8.0,-53.0,-17.0,22.0,-16.0,8.0,-53.0,35.0,34.0,19.0,21.0,-53.0,35.0,41.0,18.0,34.0,-53.0,-1.0,17.0
2026-02-18,TREND_LONG,PARTIAL_TP,long,WINNER,51.0,11,49903.0,-1.0,15.0,-2.0,-1.0,17.0,-19.0,15.0,-25.0,-18.0,40.0,-23.0,15.0,-31.0,-4.0,14.0,-27.0,15.0,-31.0,-4.0,13.0,-16.0,15.0,-31.0,11.0,26.0
2026-02-18,CHOP_BUY,EXIT_FLAT,long,LOSER,-122.0,57,49915.0,-14.0,1.0,-15.0,-14.0,16.0,8.0,8.0,-15.0,22.0,21.0,6.0,13.0,-15.0,-2.0,21.0,-18.0,13.0,-24.0,-24.0,31.0,-16.0,13.0,-24.0,2.0,13.0
2026-02-18,CHOP_BUY,EXIT_FLAT,long,LOSER,-142.0,12,49674.0,8.0,16.0,0.0,8.0,15.0,22.0,27.0,0.0,14.0,22.0,3.0,27.0,0.0,-19.0,23.0,0.0,27.0,-3.0,-3.0,11.0,6.0,27.0,-5.0,6.0,15.0
2026-02-19,TREND_LONG,EARLY_HARD_STOP,long,LOSER,-110.0,2,49622.0,-27.0,1.0,-30.0,-27.0,31.0,-55.0,1.0,-63.0,-28.0,50.0,-64.0,1.0,-69.0,-9.0,31.0,-82.0,1.0,-92.0,-18.0,30.0,-92.0,1.0,-99.0,-10.0,29.0
2026-02-19,TREND_LONG,EXIT_FLAT,long,LOSER,-132.0,18,49632.0,17.0,19.0,-9.0,17.0,28.0,34.0,34.0,-9.0,17.0,30.0,36.0,36.0,-9.0,2.0,16.0,24.0,40.0,-9.0,-12.0,24.0,32.0,40.0,-9.0,8.0,20.0
2026-02-19,TREND_SHORT,EARLY_HARD_STOP,short,LOSER,-106.0,5,49412.0,2.0,35.0,-4.0,2.0,39.0,17.0,35.0,-4.0,15.0,30.0,24.0,35.0,-4.0,7.0,19.0,-7.0,35.0,-20.0,-31.0,47.0,-53.0,35.0,-55.0,-46.0,50.0
2026-02-19,TREND_SHORT,EXIT_FLAT,short,LOSER,-128.0,11,49369.0,-9.0,16.0,-15.0,-9.0,31.0,-28.0,16.0,-33.0,-19.0,25.0,-10.0,16.0,-34.0,18.0,30.0,-7.0,16.0,-34.0,3.0,28.0,-25.0,16.0,-34.0,-18.0,24.0
2026-02-19,TREND_SHORT,EARLY_HARD_STOP,short,LOSER,-106.0,2,49344.0,-22.0,7.0,-28.0,-22.0,35.0,-53.0,7.0,-54.0,-31.0,33.0,-41.0,7.0,-61.0,12.0,22.0,-12.0,7.0,-61.0,29.0,32.0,6.0,14.0,-61.0,18.0,32.0
2026-02-19,TREND_SHORT,CHOP_TP,short,WINNER,48.0,24,49318.0,-9.0,8.0,-17.0,-9.0,25.0,12.0,14.0,-17.0,21.0,22.0,12.0,18.0,-17.0,0.0,16.0,7.0,18.0,-17.0,-5.0,16.0,-12.0,18.0,-17.0,-19.0,30.0
2026-02-19,CHOP_SELL,SESSION_EXIT,short,LOSER,-34.0,5,49433.0,7.0,11.0,-7.0,7.0,18.0,11.0,17.0,-7.0,4.0,14.0,-9.0,17.0,-9.0,-20.0,23.0,-29.0,17.0,-32.0,-20.0,25.0,-17.0,17.0,-35.0,12.0,27.0
2026-02-20,TREND_LONG,PARTIAL_TP,long,WINNER,77.0,2,49360.0,46.0,52.0,-16.0,46.0,68.0,77.0,84.0,-16.0,31.0,56.0,359.0,375.0,-16.0,282.0,311.0,296.0,415.0,-16.0,-63.0,157.0,227.0,415.0,-16.0,-69.0,99.0
2026-02-20,CHOP_BUY,EARLY_HARD_STOP,long,LOSER,-110.0,2,49443.0,3.0,18.0,-15.0,3.0,33.0,-55.0,18.0,-75.0,-58.0,79.0,105.0,105.0,-75.0,160.0,159.0,150.0,151.0,-75.0,45.0,80.0,114.0,151.0,-75.0,-36.0,52.0
2026-02-23,TREND_SHORT,PARTIAL_TP,short,WINNER,55.0,4,49338.0,-3.0,22.0,-9.0,-3.0,31.0,19.0,22.0,-18.0,22.0,39.0,40.0,48.0,-18.0,21.0,47.0,55.0,59.0,-18.0,15.0,52.0,64.0,77.0,-18.0,9.0,29.0
2026-02-23,TREND_SHORT,EARLY_HARD_STOP,short,LOSER,-90.0,5,48825.0,-7.0,9.0,-10.0,-7.0,19.0,5.0,9.0,-15.0,12.0,20.0,-24.0,12.0,-24.0,-29.0,36.0,-30.0,12.0,-47.0,-6.0,25.0,-45.0,12.0,-47.0,-15.0,20.0
2026-02-23,TREND_SHORT,EARLY_HARD_STOP,short,LOSER,-126.0,5,48807.0,-18.0,6.0,-21.0,-18.0,27.0,-27.0,6.0,-28.0,-9.0,17.0,-37.0,6.0,-51.0,-10.0,28.0,-37.0,6.0,-51.0,0.0,10.0,-63.0,6.0,-63.0,-26.0,32.0
2026-02-23,TREND_SHORT,EXIT_FLAT,short,LOSER,-142.0,6,48792.0,8.0,17.0,-2.0,8.0,19.0,-7.0,17.0,-21.0,-15.0,36.0,1.0,17.0,-21.0,8.0,21.0,6.0,17.0,-21.0,5.0,18.0,-24.0,17.0,-26.0,-30.0,33.0
2026-02-24,TREND_LONG,EXIT_FLAT,long,LOSER,-120.0,76,49315.0,-5.0,2.0,-5.0,-5.0,7.0,-13.0,2.0,-14.0,-8.0,8.0,-27.0,2.0,-30.0,-14.0,18.0,-31.0,2.0,-31.0,-4.0,12.0,-33.0,2.0,-37.0,-2.0,8.0
2026-02-25,TREND_SHORT,PARTIAL_TP,short,WINNER,52.0,8,49331.0,0.0,15.0,-11.0,0.0,26.0,-4.0,15.0,-12.0,-4.0,24.0,-5.0,15.0,-30.0,-1.0,33.0,21.0,27.0,-30.0,26.0,44.0,3.0,32.0,-30.0,-18.0,34.0
2026-02-25,CHOP_SELL,PARTIAL_TP,short,WINNER,65.0,3,49322.0,7.0,9.0,-11.0,7.0,20.0,23.0,27.0,-11.0,16.0,29.0,65.0,67.0,-11.0,42.0,44.0,70.0,82.0,-11.0,5.0,28.0,59.0,82.0,-11.0,-11.0,18.0
2026-02-25,TREND_LONG,PARTIAL_TP,long,WINNER,51.0,54,49476.0,0.0,2.0,-8.0,0.0,10.0,5.0,12.0,-8.0,5.0,17.0,9.0,12.0,-8.0,4.0,11.0,7.0,14.0,-8.0,-2.0,8.0,4.0,14.0,-8.0,-3.0,8.0
2026-02-25,CHOP_BUY,CHOP_TP,long,WINNER,40.0,69,49510.0,0.0,3.0,-2.0,0.0,5.0,1.0,6.0,-2.0,1.0,7.0,-4.0,6.0,-6.0,-5.0,6.0,-16.0,6.0,-16.0,-12.0,11.0,-17.0,6.0,-17.0,-1.0,11.0
2026-02-25,CHOP_SELL,SESSION_EXIT,short,LOSER,-24.0,39,49518.0,0.0,3.0,-5.0,0.0,8.0,1.0,4.0,-5.0,1.0,7.0,-6.0,4.0,-6.0,-7.0,4.0,-5.0,4.0,-10.0,1.0,5.0,3.0,6.0,-10.0,8.0,11.0
2026-02-26,TREND_SHORT,PARTIAL_TP,short,WINNER,58.0,12,49649.0,-22.0,3.0,-26.0,-22.0,29.0,-11.0,3.0,-29.0,11.0,26.0,-5.0,3.0,-39.0,6.0,35.0,17.0,28.0,-39.0,22.0,45.0,21.0,36.0,-39.0,4.0,32.0
2026-02-26,TREND_SHORT,EXIT_FLAT,short,LOSER,-120.0,27,49279.0,-22.0,5.0,-26.0,-22.0,31.0,-36.0,5.0,-38.0,-14.0,18.0,-28.0,5.0,-44.0,8.0,21.0,-33.0,5.0,-44.0,-5.0,17.0,-5.0,5.0,-44.0,28.0,26.0
2026-02-26,CHOP_BUY,CHOP_TP,long,WINNER,42.0,19,49558.0,3.0,6.0,-4.0,3.0,10.0,21.0,22.0,-4.0,18.0,24.0,17.0,22.0,-4.0,-4.0,11.0,23.0,24.0,-4.0,6.0,9.0,14.0,24.0,-4.0,-9.0,12.0
2026-02-26,CHOP_BUY,SESSION_EXIT,long,LOSER,-42.0,18,49567.0,-4.0,2.0,-7.0,-4.0,9.0,1.0,4.0,-7.0,5.0,11.0,-2.0,5.0,-8.0,-3.0,13.0,-13.0,5.0,-20.0,-11.0,19.0,-9.0,5.0,-20.0,4.0,10.0
2026-03-02,TREND_LONG,PARTIAL_TP,long,WINNER,58.0,2,48806.0,47.0,66.0,-3.0,47.0,69.0,58.0,66.0,-3.0,11.0,29.0,84.0,85.0,-3.0,26.0,36.0,86.0,95.0,-3.0,2.0,36.0,109.0,115.0,-3.0,23.0,34.0
2026-03-02,TREND_LONG,PARTIAL_TP,long,WINNER,52.0,32,48972.0,12.0,25.0,-4.0,12.0,29.0,19.0,26.0,-4.0,7.0,21.0,45.0,50.0,-4.0,26.0,40.0,16.0,50.0,-4.0,-29.0,44.0,24.0,50.0,-4.0,8.0,18.0
2026-03-02,TREND_LONG,PARTIAL_TP,long,WINNER,63.0,10,49048.0,17.0,28.0,-3.0,17.0,31.0,20.0,28.0,-3.0,3.0,18.0,19.0,28.0,-3.0,-1.0,13.0,-10.0,28.0,-11.0,-29.0,29.0,-20.0,28.0,-24.0,-10.0,16.0
2026-03-03,TREND_SHORT,EARLY_HARD_STOP,short,LOSER,-144.0,4,47786.0,-12.0,4.0,-41.0,-12.0,45.0,2.0,37.0,-41.0,14.0,58.0,-37.0,37.0,-60.0,-39.0,66.0,-72.0,37.0,-118.0,-35.0,85.0,-61.0,37.0,-118.0,11.0,29.0
2026-03-03,TREND_SHORT,EXIT_FLAT,short,LOSER,-120.0,11,47734.0,1.0,16.0,-15.0,1.0,31.0,31.0,35.0,-15.0,30.0,43.0,-24.0,40.0,-34.0,-55.0,74.0,-3.0,40.0,-34.0,21.0,32.0,23.0,40.0,-34.0,26.0,54.0
2026-03-03,TREND_LONG,PARTIAL_TP,long,WINNER,110.0,3,48199.0,-2.0,11.0,-33.0,-2.0,44.0,46.0,55.0,-33.0,48.0,60.0,110.0,116.0,-33.0,64.0,74.0,82.0,116.0,-33.0,-28.0,36.0,66.0,116.0,-33.0,-16.0,51.0
2026-03-04,TREND_LONG,PARTIAL_TP,long,WINNER,56.0,6,48816.0,15.0,21.0,-9.0,15.0,30.0,32.0,34.0,-9.0,17.0,25.0,29.0,40.0,-9.0,-3.0,21.0,46.0,51.0,-9.0,17.0,44.0,10.0,51.0,-9.0,-36.0,43.0
2026-03-04,TREND_LONG,EXIT_FLAT,long,LOSER,-134.0,9,48884.0,18.0,26.0,-2.0,18.0,28.0,6.0,26.0,-2.0,-12.0,22.0,-6.0,26.0,-23.0,-12.0,35.0,1.0,26.0,-23.0,7.0,21.0,-8.0,26.0,-29.0,-9.0,29.0
2026-03-04,CHOP_BUY,PARTIAL_TP,long,WINNER,54.0,26,48852.0,-7.0,11.0,-10.0,-7.0,21.0,23.0,24.0,-10.0,30.0,33.0,32.0,44.0,-10.0,9.0,19.0,30.0,44.0,-10.0,-2.0,15.0,37.0,44.0,-10.0,7.0,11.0
2026-03-04,CHOP_SELL,PARTIAL_TP,short,WINNER,74.0,135,48856.0,-7.0,0.0,-13.0,-7.0,12.0,10.0,14.0,-13.0,17.0,22.0,3.0,14.0,-13.0,-7.0,11.0,9.0,21.0,-13.0,6.0,19.0,-3.0,21.0,-13.0,-12.0,23.0
2026-03-05,TREND_SHORT,EARLY_HARD_STOP,short,LOSER,-106.0,2,48268.0,-35.0,8.0,-42.0,-35.0,50.0,-53.0,8.0,-81.0,-18.0,45.0,-17.0,8.0,-81.0,36.0,50.0,-43.0,8.0,-81.0,-26.0,52.0,-61.0,8.0,-81.0,-18.0,42.0
2026-03-05,TREND_SHORT,PARTIAL_TP,short,WINNER,87.0,5,48259.0,18.0,28.0,-3.0,18.0,31.0,29.0,33.0,-3.0,11.0,27.0,45.0,79.0,-3.0,16.0,54.0,46.0,79.0,-3.0,1.0,29.0,87.0,88.0,-3.0,41.0,42.0
2026-03-05,CHOP_BUY,PARTIAL_TP,long,WINNER,51.0,2,47956.0,39.0,43.0,-2.0,39.0,45.0,51.0,55.0,-2.0,12.0,23.0,41.0,58.0,-2.0,-10.0,18.0,15.0,58.0,-10.0,-26.0,56.0,16.0,58.0,-10.0,1.0,31.0
2026-03-05,TREND_SHORT,PARTIAL_TP,short,WINNER,50.0,10,47918.0,1.0,12.0,-8.0,1.0,20.0,7.0,12.0,-8.0,6.0,16.0,17.0,30.0,-8.0,10.0,25.0,11.0,30.0,-9.0,-6.0,28.0,29.0,32.0,-9.0,18.0,22.0
2026-03-05,TREND_SHORT,PARTIAL_TP,short,WINNER,64.0,8,47783.0,40.0,49.0,0.0,40.0,49.0,34.0,49.0,0.0,-6.0,23.0,34.0,49.0,0.0,0.0,22.0,-2.0,49.0,-15.0,-36.0,47.0,10.0,49.0,-15.0,12.0,26.0
2026-03-05,TREND_SHORT,EARLY_HARD_STOP,short,LOSER,-84.0,4,47704.0,-4.0,13.0,-13.0,-4.0,26.0,-13.0,13.0,-30.0,-9.0,32.0,-32.0,13.0,-40.0,-19.0,30.0,-42.0,13.0,-65.0,-10.0,31.0,-40.0,13.0,-65.0,2.0,28.0
2026-03-05,TREND_SHORT,PARTIAL_TP,short,WINNER,57.0,5,47687.0,-1.0,17.0,-11.0,-1.0,28.0,2.0,17.0,-11.0,3.0,21.0,0.0,17.0,-15.0,-2.0,20.0,-1.0,17.0,-15.0,-1.0,16.0,57.0,59.0,-15.0,58.0,56.0
2026-03-05,CHOP_BUY,PARTIAL_TP,long,WINNER,50.0,8,47892.0,-4.0,11.0,-7.0,-4.0,18.0,22.0,29.0,-7.0,26.0,31.0,9.0,29.0,-11.0,-13.0,35.0,10.0,29.0,-11.0,1.0,22.0,31.0,32.0,-11.0,21.0,25.0
2026-03-06,TREND_LONG,PARTIAL_TP,long,WINNER,50.0,9,47367.0,-8.0,38.0,-11.0,-8.0,49.0,-13.0,38.0,-13.0,-5.0,30.0,10.0,38.0,-28.0,23.0,49.0,-28.0,38.0,-30.0,-38.0,38.0,-39.0,38.0,-49.0,-11.0,52.0
2026-03-06,TREND_LONG,EXIT_FLAT,long,LOSER,-126.0,9,47512.0,-4.0,16.0,-17.0,-4.0,33.0,-2.0,16.0,-22.0,2.0,21.0,17.0,25.0,-22.0,19.0,29.0,29.0,38.0,-22.0,12.0,27.0,15.0,38.0,-22.0,-14.0,25.0
2026-03-06,CHOP_SELL,EARLY_HARD_STOP,short,LOSER,-80.0,1,47353.0,-40.0,0.0,-46.0,-40.0,46.0,-28.0,0.0,-59.0,12.0,31.0,-50.0,0.0,-59.0,-22.0,33.0,-103.0,0.0,-111.0,-53.0,61.0,-101.0,0.0,-112.0,2.0,18.0
2026-03-06,TREND_LONG,EXIT_FLAT,long,LOSER,-160.0,9,47570.0,-16.0,2.0,-27.0,-16.0,29.0,1.0,7.0,-32.0,17.0,39.0,-16.0,7.0,-32.0,-17.0,21.0,-26.0,7.0,-57.0,-10.0,42.0,-5.0,7.0,-57.0,21.0,28.0
2026-03-06,CHOP_SELL,EXIT_FLAT,short,LOSER,-132.0,13,47428.0,20.0,23.0,-2.0,20.0,25.0,3.0,23.0,-3.0,-17.0,24.0,11.0,23.0,-12.0,8.0,26.0,8.0,24.0,-12.0,-3.0,20.0,10.0,24.0,-12.0,2.0,22.0
2026-03-06,TREND_LONG,EXIT_FLAT,long,LOSER,-124.0,9,47587.0,-7.0,16.0,-13.0,-7.0,29.0,2.0,16.0,-18.0,9.0,20.0,3.0,16.0,-18.0,1.0,16.0,-10.0,16.0,-21.0,-13.0,30.0,-9.0,16.0,-21.0,1.0,26.0
2026-03-09,TREND_SHORT,PARTIAL_TP,short,WINNER,65.0,3,46810.0,8.0,30.0,-28.0,8.0,58.0,-4.0,30.0,-50.0,-12.0,75.0,65.0,71.0,-50.0,69.0,75.0,32.0,73.0,-50.0,-33.0,57.0,-38.0,73.0,-50.0,-70.0,105.0
2026-03-09,TREND_SHORT,EXIT_FLAT,short,LOSER,-124.0,11,46702.0,9.0,61.0,-16.0,9.0,77.0,-2.0,61.0,-16.0,-11.0,42.0,44.0,61.0,-20.0,46.0,68.0,-3.0,61.0,-20.0,-47.0,67.0,11.0,61.0,-20.0,14.0,48.0
2026-03-09,TREND_LONG,PARTIAL_TP,long,WINNER,58.0,11,47141.0,-16.0,4.0,-31.0,-16.0,35.0,-2.0,9.0,-31.0,14.0,25.0,-27.0,9.0,-34.0,-25.0,34.0,-23.0,9.0,-51.0,4.0,33.0,-2.0,9.0,-51.0,21.0,46.0
2026-03-09,TREND_LONG,EARLY_HARD_STOP,long,LOSER,-116.0,3,47269.0,-16.0,0.0,-24.0,-16.0,24.0,-15.0,0.0,-26.0,1.0,17.0,-58.0,0.0,-67.0,-43.0,51.0,-85.0,0.0,-91.0,-27.0,41.0,-91.0,0.0,-94.0,-6.0,19.0
2026-03-09,TREND_LONG,EXIT_FLAT,long,LOSER,-168.0,17,47278.0,18.0,20.0,-16.0,18.0,36.0,27.0,28.0,-16.0,9.0,12.0,22.0,30.0,-16.0,-5.0,14.0,12.0,30.0,-16.0,-10.0,16.0,4.0,30.0,-16.0,-8.0,27.0
2026-03-09,TREND_LONG,PARTIAL_TP,long,WINNER,74.0,1,47418.0,74.0,109.0,-24.0,74.0,133.0,134.0,151.0,-24.0,60.0,78.0,177.0,178.0,-24.0,43.0,79.0,179.0,208.0,-24.0,2.0,53.0,170.0,208.0,-24.0,-9.0,56.0
2026-03-09,TREND_LONG,PARTIAL_TP,long,WINNER,103.0,5,47769.0,43.0,47.0,-10.0,43.0,57.0,48.0,55.0,-10.0,5.0,47.0,-16.0,61.0,-21.0,-64.0,82.0,30.0,61.0,-33.0,46.0,73.0,103.0,106.0,-33.0,73.0,78.0
2026-03-10,TREND_SHORT,EARLY_HARD_STOP,short,LOSER,-146.0,1,47556.0,-73.0,4.0,-76.0,-73.0,80.0,-17.0,4.0,-79.0,56.0,62.0,8.0,16.0,-79.0,25.0,43.0,22.0,26.0,-79.0,14.0,30.0,33.0,61.0,-79.0,11.0,42.0
2026-03-10,TREND_SHORT,EXIT_FLAT,short,LOSER,-196.0,9,47534.0,11.0,39.0,-3.0,11.0,42.0,19.0,39.0,-12.0,8.0,37.0,8.0,39.0,-12.0,-11.0,31.0,47.0,47.0,-12.0,39.0,54.0,-1.0,59.0,-12.0,-48.0,67.0
2026-03-10,TREND_LONG,PARTIAL_TP,long,WINNER,55.0,6,47840.0,2.0,11.0,-24.0,2.0,35.0,8.0,16.0,-24.0,6.0,24.0,-1.0,20.0,-24.0,-9.0,30.0,14.0,20.0,-24.0,15.0,23.0,37.0,39.0,-24.0,23.0,40.0
2026-03-11,TREND_SHORT,PARTIAL_TP,short,WINNER,62.0,3,47399.0,1.0,27.0,-14.0,1.0,41.0,23.0,33.0,-14.0,22.0,47.0,62.0,64.0,-14.0,39.0,45.0,58.0,79.0,-14.0,-4.0,27.0,23.0,79.0,-14.0,-35.0,43.0
2026-03-11,TREND_SHORT,EARLY_HARD_STOP,short,LOSER,-134.0,5,47339.0,-10.0,7.0,-22.0,-10.0,29.0,-21.0,7.0,-44.0,-11.0,41.0,-28.0,7.0,-44.0,-7.0,31.0,-18.0,7.0,-46.0,10.0,34.0,-67.0,7.0,-81.0,-49.0,68.0
2026-03-11,TREND_SHORT,PARTIAL_TP,short,WINNER,57.0,19,47316.0,12.0,15.0,-23.0,12.0,38.0,28.0,34.0,-23.0,16.0,29.0,4.0,36.0,-23.0,-24.0,33.0,5.0,36.0,-23.0,1.0,17.0,2.0,36.0,-23.0,-3.0,26.0
2026-03-11,CHOP_BUY,PARTIAL_TP,long,WINNER,57.0,10,47325.0,18.0,23.0,0.0,18.0,22.0,42.0,46.0,0.0,24.0,31.0,36.0,46.0,0.0,-6.0,16.0,38.0,46.0,0.0,2.0,14.0,36.0,46.0,0.0,-2.0,14.0
2026-03-12,TREND_LONG,EARLY_HARD_STOP,long,LOSER,-90.0,2,47020.0,-34.0,11.0,-37.0,-34.0,48.0,-45.0,11.0,-78.0,-11.0,48.0,-70.0,11.0,-83.0,-25.0,48.0,-33.0,11.0,-98.0,37.0,74.0,-19.0,11.0,-98.0,14.0,31.0
2026-03-12,TREND_LONG,EARLY_HARD_STOP,long,LOSER,-108.0,4,47040.0,-34.0,8.0,-36.0,-34.0,44.0,-9.0,8.0,-36.0,25.0,35.0,-15.0,8.0,-36.0,-6.0,33.0,-54.0,8.0,-59.0,-39.0,51.0,-75.0,8.0,-87.0,-21.0,31.0
2026-03-12,TREND_SHORT,PARTIAL_TP,short,WINNER,54.0,2,46823.0,13.0,17.0,-4.0,13.0,21.0,54.0,58.0,-4.0,41.0,62.0,56.0,60.0,-4.0,2.0,26.0,54.0,67.0,-4.0,-2.0,28.0,34.0,67.0,-4.0,-20.0,36.0
2026-03-12,TREND_SHORT,EARLY_HARD_STOP,short,LOSER,-108.0,4,46750.0,-22.0,8.0,-34.0,-22.0,42.0,-9.0,8.0,-35.0,13.0,29.0,-17.0,8.0,-35.0,-8.0,17.0,-54.0,8.0,-57.0,-37.0,50.0,-50.0,8.0,-58.0,4.0,30.0
2026-03-12,TREND_SHORT,EARLY_HARD_STOP,short,LOSER,-84.0,1,46734.0,-42.0,16.0,-53.0,-42.0,69.0,-45.0,16.0,-55.0,-3.0,29.0,-199.0,16.0,-206.0,-154.0,161.0,-116.0,16.0,-206.0,83.0,100.0,-151.0,16.0,-206.0,-35.0,70.0
2026-03-12,TREND_LONG,EARLY_HARD_STOP,long,LOSER,-144.0,3,47079.0,3.0,35.0,-3.0,3.0,38.0,-21.0,35.0,-36.0,-24.0,43.0,-72.0,35.0,-73.0,-51.0,58.0,-88.0,35.0,-98.0,-16.0,32.0,-141.0,35.0,-149.0,-53.0,59.0
2026-03-12,CHOP_SELL,PARTIAL_TP,short,WINNER,65.0,20,46867.0,-13.0,0.0,-42.0,-13.0,39.0,-25.0,6.0,-42.0,-12.0,33.0,-17.0,6.0,-42.0,8.0,22.0,0.0,6.0,-42.0,17.0,25.0,-5.0,14.0,-42.0,-5.0,21.0
2026-03-12,CHOP_SELL,EXIT_FLAT,short,LOSER,-132.0,29,46789.0,-33.0,3.0,-34.0,-33.0,37.0,-35.0,3.0,-51.0,-2.0,29.0,-23.0,3.0,-51.0,12.0,20.0,-34.0,3.0,-51.0,-11.0,22.0,-27.0,3.0,-51.0,7.0,10.0
2026-03-12,TREND_SHORT,SESSION_EXIT,short,LOSER,-4.0,4,46724.0,0.0,16.0,-4.0,0.0,20.0,-2.0,16.0,-9.0,-2.0,14.0,10.0,16.0,-9.0,12.0,21.0,-2.0,19.0,-14.0,-12.0,33.0,8.0,19.0,-14.0,10.0,13.0
2026-03-13,TREND_SHORT,PARTIAL_TP,short,WINNER,80.0,9,46914.0,-8.0,8.0,-32.0,-8.0,40.0,11.0,22.0,-32.0,19.0,43.0,11.0,26.0,-32.0,0.0,49.0,12.0,26.0,-32.0,1.0,23.0,-5.0,26.0,-32.0,-17.0,27.0
2026-03-13,CHOP_BUY,EARLY_HARD_STOP,long,LOSER,-84.0,1,46947.0,-42.0,2.0,-53.0,-42.0,55.0,-71.0,2.0,-74.0,-29.0,32.0,-68.0,2.0,-104.0,3.0,49.0,-95.0,2.0,-104.0,-27.0,35.0,-106.0,2.0,-113.0,-11.0,34.0
2026-03-13,TREND_SHORT,EARLY_HARD_STOP,short,LOSER,-82.0,2,46814.0,-14.0,15.0,-24.0,-14.0,39.0,-41.0,15.0,-51.0,-27.0,37.0,-72.0,15.0,-72.0,-31.0,39.0,-77.0,15.0,-102.0,-5.0,48.0,-51.0,15.0,-102.0,26.0,28.0
2026-03-13,TREND_SHORT,EXIT_FLAT,short,LOSER,-156.0,16,46765.0,4.0,12.0,-21.0,4.0,33.0,-6.0,15.0,-21.0,-10.0,30.0,-1.0,15.0,-29.0,5.0,30.0,18.0,25.0,-31.0,19.0,56.0,5.0,25.0,-31.0,-13.0,24.0
2026-03-13,TREND_LONG,EXIT_FLAT,long,LOSER,-96.0,17,46726.0,-19.0,7.0,-24.0,-19.0,31.0,-12.0,7.0,-24.0,7.0,25.0,-6.0,7.0,-24.0,6.0,24.0,-2.0,9.0,-24.0,4.0,32.0,1.0,29.0,-24.0,3.0,32.0
2026-03-13,TREND_SHORT,EARLY_HARD_STOP,short,LOSER,-124.0,5,46665.0,-16.0,5.0,-21.0,-16.0,26.0,-33.0,5.0,-41.0,-17.0,29.0,-22.0,5.0,-41.0,11.0,14.0,-29.0,5.0,-46.0,-7.0,31.0,-62.0,5.0,-64.0,-33.0,32.0
2026-03-13,CHOP_BUY,EARLY_HARD_STOP,long,LOSER,-92.0,4,46744.0,-9.0,4.0,-29.0,-9.0,33.0,-19.0,4.0,-29.0,-10.0,18.0,1.0,6.0,-29.0,20.0,34.0,-46.0,6.0,-53.0,-47.0,47.0,-15.0,6.0,-53.0,31.0,50.0
2026-03-13,TREND_SHORT,EXIT_FLAT,short,LOSER,-146.0,6,46662.0,4.0,16.0,-9.0,4.0,25.0,20.0,21.0,-9.0,16.0,22.0,-3.0,29.0,-9.0,-23.0,35.0,-7.0,29.0,-21.0,-4.0,21.0,-30.0,29.0,-30.0,-23.0,28.0
2026-03-13,CHOP_BUY,PARTIAL_TP,long,WINNER,72.0,16,46678.0,-15.0,7.0,-28.0,-15.0,35.0,-13.0,7.0,-28.0,2.0,24.0,-5.0,7.0,-28.0,8.0,18.0,-15.0,7.0,-28.0,-10.0,22.0,-12.0,11.0,-28.0,3.0,24.0
2026-03-13,CHOP_SELL,PARTIAL_TP,short,WINNER,55.0,21,46740.0,5.0,9.0,-1.0,5.0,10.0,6.0,17.0,-1.0,1.0,17.0,-6.0,17.0,-7.0,-12.0,14.0,-7.0,17.0,-12.0,-1.0,13.0,1.0,17.0,-14.0,8.0,18.0
2026-03-13,TREND_SHORT,SESSION_EXIT,short,LOSER,-6.0,22,46576.0,12.0,18.0,0.0,12.0,17.0,23.0,32.0,0.0,11.0,27.0,21.0,32.0,0.0,-2.0,15.0,27.0,36.0,0.0,6.0,15.0,37.0,42.0,0.0,10.0,16.0
2026-03-16,CHOP_BUY,PARTIAL_TP,long,WINNER,59.0,4,47091.0,-4.0,2.0,-14.0,-4.0,16.0,-10.0,3.0,-20.0,-6.0,23.0,30.0,32.0,-22.0,40.0,54.0,59.0,65.0,-22.0,29.0,36.0,84.0,86.0,-22.0,25.0,28.0
2026-03-16,TREND_LONG,EARLY_HARD_STOP,long,LOSER,-96.0,1,47215.0,-48.0,1.0,-51.0,-48.0,52.0,-87.0,1.0,-87.0,-39.0,52.0,-64.0,1.0,-92.0,23.0,28.0,-65.0,1.0,-92.0,-1.0,31.0,-77.0,1.0,-92.0,-12.0,28.0
2026-03-16,TREND_SHORT,EARLY_HARD_STOP,short,LOSER,-190.0,4,46864.0,-34.0,0.0,-49.0,-34.0,47.0,-30.0,0.0,-49.0,4.0,26.0,-18.0,0.0,-49.0,12.0,22.0,-95.0,0.0,-96.0,-77.0,86.0,-104.0,0.0,-111.0,-9.0,24.0
2026-03-16,CHOP_BUY,EARLY_HARD_STOP,long,LOSER,-118.0,3,47099.0,1.0,7.0,-3.0,1.0,10.0,-13.0,7.0,-20.0,-14.0,20.0,-59.0,7.0,-65.0,-46.0,50.0,-69.0,7.0,-69.0,-10.0,22.0,-77.0,7.0,-81.0,-8.0,13.0
2026-03-16,TREND_SHORT,EXIT_FLAT,short,LOSER,-124.0,15,46873.0,10.0,10.0,-13.0,10.0,23.0,-3.0,10.0,-31.0,-13.0,28.0,14.0,14.0,-31.0,17.0,29.0,-5.0,14.0,-31.0,-19.0,11.0,-2.0,14.0,-31.0,3.0,32.0
2026-03-17,TREND_SHORT,PARTIAL_TP,short,WINNER,50.0,5,47250.0,18.0,18.0,-13.0,18.0,31.0,-13.0,18.0,-14.0,-31.0,28.0,31.0,31.0,-14.0,44.0,40.0,39.0,50.0,-14.0,8.0,25.0,50.0,56.0,-14.0,11.0,18.0
2026-03-17,CHOP_SELL,PARTIAL_TP,short,WINNER,54.0,43,47136.0,-12.0,10.0,-12.0,-12.0,22.0,-12.0,10.0,-12.0,0.0,9.0,-3.0,10.0,-12.0,9.0,15.0,1.0,10.0,-12.0,4.0,8.0,1.0,10.0,-12.0,0.0,16.0
2026-03-17,TREND_SHORT,SESSION_EXIT,short,LOSER,-42.0,4,47018.0,8.0,13.0,-1.0,8.0,14.0,-4.0,13.0,-4.0,-12.0,16.0,-13.0,13.0,-25.0,-9.0,23.0,-21.0,13.0,-25.0,-8.0,21.0,-11.0,13.0,-25.0,10.0,13.0
2026-03-18,TREND_SHORT,PARTIAL_TP,short,WINNER,54.0,2,46703.0,11.0,19.0,-10.0,11.0,29.0,54.0,54.0,-10.0,43.0,60.0,66.0,66.0,-10.0,12.0,22.0,56.0,74.0,-10.0,-10.0,43.0,56.0,74.0,-10.0,0.0,25.0
2026-03-18,TREND_SHORT,EXIT_FLAT,short,LOSER,-228.0,11,46567.0,1.0,1.0,-10.0,1.0,11.0,-15.0,1.0,-26.0,-16.0,16.0,22.0,22.0,-26.0,37.0,29.0,-2.0,22.0,-26.0,-24.0,10.0,5.0,22.0,-26.0,7.0,13.0
2026-03-18,TREND_SHORT,EXIT_FLAT,short,LOSER,-138.0,12,46543.0,0.0,8.0,-7.0,0.0,15.0,-15.0,8.0,-18.0,-15.0,13.0,-21.0,8.0,-22.0,-6.0,10.0,-8.0,8.0,-22.0,13.0,12.0,-23.0,8.0,-24.0,-15.0,16.0
2026-03-18,TREND_SHORT,EARLY_HARD_STOP,short,LOSER,-104.0,3,46508.0,-28.0,0.0,-32.0,-28.0,32.0,-34.0,0.0,-37.0,-6.0,6.0,-52.0,0.0,-54.0,-18.0,16.0,-66.0,0.0,-69.0,-14.0,17.0,-73.0,0.0,-73.0,-7.0,17.0
2026-03-18,TREND_SHORT,PARTIAL_TP,short,WINNER,60.0,2,46505.0,5.0,6.0,-8.0,5.0,14.0,60.0,60.0,-8.0,55.0,54.0,40.0,70.0,-8.0,-20.0,49.0,-18.0,70.0,-18.0,-58.0,57.0,7.0,70.0,-34.0,25.0,41.0
2026-03-19,TREND_LONG,EARLY_HARD_STOP,long,LOSER,-88.0,2,46059.0,11.0,29.0,0.0,11.0,18.0,-44.0,29.0,-50.0,-55.0,44.0,-32.0,29.0,-50.0,12.0,33.0,-3.0,29.0,-50.0,29.0,34.0,-65.0,29.0,-65.0,-62.0,36.0
2026-03-19,CHOP_SELL,PARTIAL_TP,short,WINNER,53.0,1,46058.0,53.0,58.0,0.0,53.0,36.0,106.0,107.0,0.0,53.0,30.0,144.0,147.0,0.0,38.0,54.0,132.0,147.0,0.0,-12.0,23.0,143.0,154.0,0.0,11.0,16.0
2026-03-19,TREND_SHORT,EXIT_FLAT,short,LOSER,-126.0,11,45768.0,13.0,18.0,0.0,13.0,5.0,13.0,18.0,0.0,0.0,0.0,-4.0,18.0,-4.0,-17.0,0.0,-4.0,18.0,-4.0,0.0,0.0,13.0,18.0,-4.0,17.0,0.0
2026-03-19,CHOP_BUY,PARTIAL_TP,long,WINNER,103.0,4,45821.0,27.0,29.0,0.0,27.0,2.0,27.0,29.0,0.0,0.0,0.0,27.0,29.0,0.0,0.0,0.0,103.0,103.0,0.0,76.0,11.0,90.0,103.0,0.0,-13.0,9.0
2026-03-23,TREND_LONG,PARTIAL_TP,long,WINNER,67.0,4,46817.0,0.0,6.0,-20.0,0.0,26.0,2.0,9.0,-35.0,2.0,44.0,25.0,27.0,-35.0,23.0,58.0,67.0,70.0,-35.0,42.0,65.0,-33.0,70.0,-41.0,-100.0,111.0
2026-03-23,TREND_LONG,EARLY_HARD_STOP,long,LOSER,-86.0,5,46889.0,6.0,13.0,-10.0,6.0,23.0,28.0,45.0,-10.0,22.0,49.0,-3.0,45.0,-10.0,-31.0,35.0,-27.0,45.0,-38.0,-24.0,44.0,-43.0,45.0,-56.0,-16.0,44.0
2026-03-23,TREND_LONG,PARTIAL_TP,long,WINNER,66.0,1,46946.0,66.0,72.0,-10.0,66.0,82.0,59.0,78.0,-10.0,-7.0,21.0,47.0,78.0,-10.0,-12.0,29.0,35.0,78.0,-10.0,-12.0,41.0,46.0,78.0,-10.0,11.0,23.0
2026-03-23,CHOP_SELL,PARTIAL_TP,short,WINNER,58.0,11,46595.0,-10.0,3.0,-29.0,-10.0,32.0,-33.0,3.0,-33.0,-23.0,31.0,2.0,3.0,-33.0,35.0,33.0,8.0,20.0,-33.0,6.0,25.0,-6.0,20.0,-33.0,-14.0,21.0
2026-03-23,CHOP_BUY,PARTIAL_TP,long,WINNER,66.0,7,46495.0,14.0,16.0,-10.0,14.0,26.0,-21.0,24.0,-24.0,-35.0,48.0,-16.0,24.0,-33.0,5.0,37.0,-15.0,24.0,-33.0,1.0,24.0,28.0,31.0,-33.0,43.0,40.0
2026-03-24,TREND_LONG,PARTIAL_TP,long,WINNER,57.0,4,46230.0,-15.0,0.0,-28.0,-15.0,28.0,19.0,33.0,-47.0,34.0,80.0,31.0,41.0,-47.0,12.0,32.0,57.0,60.0,-47.0,26.0,28.0,7.0,65.0,-47.0,-50.0,63.0
2026-03-24,TREND_LONG,EARLY_HARD_STOP,long,LOSER,-146.0,3,46454.0,-30.0,10.0,-35.0,-30.0,45.0,22.0,22.0,-36.0,52.0,58.0,-73.0,22.0,-76.0,-95.0,97.0,20.0,38.0,-76.0,93.0,114.0,-32.0,38.0,-76.0,-52.0,66.0
2026-03-24,TREND_LONG,PARTIAL_TP,long,WINNER,56.0,9,46534.0,28.0,28.0,-54.0,28.0,82.0,-28.0,35.0,-54.0,-56.0,77.0,6.0,35.0,-54.0,34.0,68.0,43.0,63.0,-54.0,37.0,74.0,34.0,63.0,-54.0,-9.0,28.0
2026-03-25,TREND_SHORT,PARTIAL_TP,short,WINNER,51.0,7,46701.0,10.0,22.0,-2.0,10.0,24.0,8.0,28.0,-16.0,-2.0,44.0,-10.0,28.0,-16.0,-18.0,27.0,-14.0,28.0,-30.0,-4.0,34.0,-14.0,28.0,-55.0,0.0,56.0
2026-03-25,TREND_SHORT,EARLY_HARD_STOP,short,LOSER,-88.0,2,46634.0,15.0,26.0,-40.0,15.0,66.0,-44.0,26.0,-55.0,-59.0,75.0,-44.0,26.0,-55.0,0.0,28.0,-58.0,26.0,-64.0,-14.0,33.0,-84.0,26.0,-87.0,-26.0,30.0
2026-03-25,TREND_SHORT,EARLY_HARD_STOP,short,LOSER,-108.0,4,46530.0,46.0,50.0,-11.0,46.0,61.0,12.0,50.0,-11.0,-34.0,60.0,-17.0,50.0,-18.0,-29.0,40.0,-54.0,50.0,-61.0,-37.0,48.0,-69.0,50.0,-86.0,-15.0,34.0
2026-03-25,CHOP_BUY,EARLY_HARD_STOP,long,LOSER,-80.0,1,46723.0,-40.0,8.0,-44.0,-40.0,52.0,-38.0,8.0,-48.0,2.0,30.0,-29.0,8.0,-48.0,9.0,22.0,-47.0,8.0,-48.0,-18.0,24.0,-66.0,8.0,-70.0,-19.0,33.0
2026-03-25,CHOP_BUY,EARLY_HARD_STOP,long,LOSER,-106.0,4,46799.0,-16.0,1.0,-16.0,-16.0,17.0,-11.0,1.0,-24.0,5.0,15.0,-15.0,1.0,-32.0,-4.0,19.0,-53.0,1.0,-56.0,-38.0,27.0,-50.0,1.0,-56.0,3.0,24.0
2026-03-26,TREND_LONG,PARTIAL_TP,long,WINNER,53.0,8,46747.0,-20.0,33.0,-27.0,-20.0,60.0,36.0,41.0,-47.0,56.0,88.0,6.0,41.0,-47.0,-30.0,51.0,-9.0,41.0,-47.0,-15.0,27.0,11.0,41.0,-47.0,20.0,35.0
2026-03-26,TREND_LONG,EARLY_HARD_STOP,long,LOSER,-90.0,2,46815.0,-38.0,1.0,-40.0,-38.0,41.0,-45.0,1.0,-47.0,-7.0,37.0,-56.0,1.0,-66.0,-11.0,29.0,-71.0,1.0,-90.0,-15.0,43.0,-64.0,1.0,-90.0,7.0,34.0
2026-03-26,CHOP_SELL,PARTIAL_TP,short,WINNER,59.0,9,46498.0,-18.0,0.0,-27.0,-18.0,24.0,-10.0,0.0,-27.0,8.0,11.0,-7.0,0.0,-27.0,3.0,19.0,21.0,27.0,-27.0,28.0,37.0,-2.0,27.0,-27.0,-23.0,29.0
2026-03-26,TREND_SHORT,PARTIAL_TP,short,WINNER,52.0,33,46297.0,-16.0,5.0,-20.0,-16.0,25.0,2.0,6.0,-20.0,18.0,25.0,10.0,17.0,-20.0,8.0,20.0,23.0,24.0,-20.0,13.0,23.0,31.0,47.0,-20.0,8.0,26.0
2026-03-26,CHOP_BUY,EXIT_FLAT,long,LOSER,-138.0,28,46298.0,13.0,15.0,-4.0,13.0,19.0,-2.0,15.0,-4.0,-15.0,18.0,8.0,15.0,-4.0,10.0,14.0,27.0,28.0,-4.0,19.0,18.0,20.0,38.0,-4.0,-7.0,20.0
2026-03-26,TREND_SHORT,EARLY_HARD_STOP,short,LOSER,-96.0,5,46221.0,4.0,12.0,0.0,4.0,12.0,-20.0,12.0,-21.0,-24.0,28.0,-37.0,12.0,-43.0,-17.0,27.0,-38.0,12.0,-43.0,-1.0,12.0,-48.0,12.0,-54.0,-10.0,20.0
2026-03-26,CHOP_BUY,SESSION_EXIT,long,LOSER,-58.0,37,46235.0,-1.0,1.0,-6.0,-1.0,7.0,-16.0,5.0,-17.0,-15.0,22.0,-11.0,5.0,-17.0,5.0,10.0,-13.0,5.0,-17.0,-2.0,7.0,-15.0,5.0,-17.0,-2.0,12.0
2026-03-27,TREND_SHORT,EARLY_HARD_STOP,short,LOSER,-130.0,4,45723.0,-5.0,10.0,-22.0,-5.0,32.0,20.0,35.0,-22.0,25.0,43.0,-26.0,35.0,-31.0,-46.0,49.0,-65.0,35.0,-76.0,-39.0,76.0,-2.0,35.0,-77.0,63.0,78.0
2026-03-27,CHOP_BUY,PARTIAL_TP,long,WINNER,58.0,3,45780.0,-7.0,4.0,-38.0,-7.0,42.0,41.0,53.0,-38.0,48.0,61.0,58.0,62.0,-38.0,17.0,20.0,88.0,90.0,-38.0,30.0,47.0,105.0,109.0,-38.0,17.0,40.0
2026-03-27,TREND_SHORT,EARLY_HARD_STOP,short,LOSER,-82.0,3,45701.0,-12.0,1.0,-30.0,-12.0,31.0,-30.0,1.0,-38.0,-18.0,24.0,-41.0,1.0,-42.0,-11.0,12.0,-36.0,1.0,-47.0,5.0,24.0,-31.0,1.0,-47.0,5.0,16.0
2026-03-27,CHOP_BUY,EARLY_HARD_STOP,long,LOSER,-110.0,1,45802.0,-55.0,21.0,-69.0,-55.0,90.0,-77.0,21.0,-83.0,-22.0,46.0,-63.0,21.0,-83.0,14.0,26.0,-77.0,21.0,-83.0,-14.0,27.0,-88.0,21.0,-97.0,-11.0,28.0
2026-03-27,TREND_SHORT,PARTIAL_TP,short,WINNER,53.0,8,45678.0,10.0,13.0,-10.0,10.0,23.0,-5.0,13.0,-10.0,-15.0,16.0,-1.0,13.0,-10.0,4.0,8.0,6.0,13.0,-10.0,7.0,13.0,18.0,20.0,-10.0,12.0,19.0
2026-03-30,TREND_SHORT,EARLY_HARD_STOP,short,LOSER,-110.0,1,45575.0,-55.0,0.0,-60.0,-55.0,60.0,-66.0,0.0,-77.0,-11.0,32.0,-35.0,0.0,-79.0,31.0,52.0,-14.0,0.0,-79.0,21.0,46.0,1.0,15.0,-79.0,15.0,35.0
2026-03-30,TREND_SHORT,EXIT_FLAT,short,LOSER,-122.0,8,45574.0,17.0,24.0,-9.0,17.0,33.0,21.0,29.0,-9.0,4.0,24.0,22.0,47.0,-9.0,1.0,38.0,13.0,47.0,-9.0,-9.0,21.0,-27.0,47.0,-49.0,-40.0,67.0
2026-03-30,CHOP_BUY,PARTIAL_TP,long,WINNER,59.0,13,45607.0,-8.0,10.0,-10.0,-8.0,20.0,-12.0,10.0,-19.0,-4.0,17.0,-2.0,10.0,-41.0,10.0,39.0,13.0,36.0,-41.0,15.0,43.0,-8.0,36.0,-41.0,-21.0,39.0
2026-03-30,CHOP_SELL,PARTIAL_TP,short,WINNER,54.0,14,45716.0,14.0,19.0,0.0,14.0,19.0,2.0,19.0,-3.0,-12.0,22.0,15.0,19.0,-3.0,13.0,9.0,16.0,21.0,-3.0,1.0,13.0,16.0,26.0,-3.0,0.0,12.0
2026-03-31,TREND_LONG,EXIT_FLAT,long,LOSER,-130.0,15,46088.0,13.0,24.0,-5.0,13.0,29.0,-11.0,24.0,-13.0,-24.0,29.0,-39.0,24.0,-53.0,-28.0,52.0,-36.0,24.0,-53.0,3.0,21.0,-3.0,24.0,-53.0,33.0,33.0
2026-03-31,TREND_SHORT,EXIT_FLAT,short,LOSER,-146.0,10,45764.0,3.0,16.0,-10.0,3.0,26.0,4.0,18.0,-10.0,1.0,18.0,-5.0,18.0,-21.0,-9.0,30.0,22.0,27.0,-21.0,27.0,33.0,13.0,29.0,-21.0,-9.0,36.0
2026-03-31,TREND_LONG,PARTIAL_TP,long,WINNER,146.0,1,46203.0,146.0,160.0,-10.0,146.0,170.0,330.0,337.0,-10.0,184.0,192.0,328.0,375.0,-10.0,-2.0,174.0,270.0,375.0,-10.0,-58.0,130.0,158.0,375.0,-10.0,-112.0,148.0
2026-03-31,TREND_LONG,PARTIAL_TP,long,WINNER,58.0,12,46560.0,13.0,17.0,0.0,13.0,16.0,18.0,22.0,0.0,5.0,14.0,28.0,36.0,0.0,10.0,21.0,27.0,37.0,0.0,-1.0,19.0,7.0,37.0,0.0,-20.0,29.0
2026-04-01,TREND_LONG,CHOP_TP,long,WINNER,54.0,25,46976.0,22.0,25.0,0.0,22.0,22.0,37.0,48.0,0.0,15.0,27.0,31.0,48.0,0.0,-6.0,18.0,10.0,48.0,0.0,-21.0,26.0,37.0,48.0,0.0,27.0,38.0
2026-04-01,CHOP_SELL,PARTIAL_TP,short,WINNER,61.0,11,47018.0,1.0,7.0,-10.0,1.0,17.0,14.0,16.0,-10.0,13.0,22.0,4.0,16.0,-10.0,-10.0,18.0,15.0,16.0,-10.0,11.0,19.0,35.0,46.0,-10.0,20.0,28.0
2026-04-01,CHOP_SELL,EXIT_FLAT,short,LOSER,-132.0,6,46783.0,15.0,20.0,0.0,15.0,20.0,-8.0,20.0,-8.0,-23.0,26.0,14.0,20.0,-15.0,22.0,32.0,8.0,20.0,-15.0,-6.0,20.0,-29.0,20.0,-47.0,-37.0,52.0
2026-04-02,TREND_LONG,PARTIAL_TP,long,WINNER,58.0,5,46282.0,4.0,22.0,-13.0,4.0,35.0,13.0,22.0,-13.0,9.0,27.0,13.0,22.0,-13.0,0.0,18.0,36.0,42.0,-13.0,23.0,53.0,58.0,64.0,-13.0,22.0,37.0
2026-04-06,TREND_LONG,EARLY_HARD_STOP,long,LOSER,-84.0,2,46819.0,-21.0,79.0,-99.0,-21.0,178.0,-42.0,79.0,-99.0,-21.0,35.0,-46.0,79.0,-99.0,-4.0,51.0,-79.0,79.0,-99.0,-33.0,49.0,-131.0,79.0,-138.0,-52.0,71.0
2026-04-06,TREND_LONG,EARLY_HARD_STOP,long,LOSER,-82.0,1,46922.0,-41.0,0.0,-45.0,-41.0,41.0,-13.0,0.0,-55.0,28.0,43.0,-32.0,0.0,-55.0,-19.0,32.0,-53.0,0.0,-64.0,-21.0,38.0,-36.0,0.0,-64.0,17.0,27.0
2026-04-06,CHOP_SELL,PARTIAL_TP,short,WINNER,53.0,15,46814.0,17.0,29.0,-5.0,17.0,34.0,8.0,29.0,-5.0,-9.0,17.0,23.0,35.0,-5.0,15.0,23.0,17.0,35.0,-5.0,-6.0,14.0,7.0,35.0,-5.0,-10.0,14.0
2026-04-07,TREND_SHORT,EXIT_FLAT,short,LOSER,-164.0,13,46471.0,-3.0,4.0,-42.0,-3.0,46.0,12.0,18.0,-42.0,15.0,31.0,-1.0,18.0,-42.0,-13.0,19.0,-22.0,18.0,-42.0,-21.0,41.0,-22.0,18.0,-42.0,0.0,34.0
2026-04-07,TREND_SHORT,EXIT_FLAT,short,LOSER,-218.0,10,46441.0,-7.0,16.0,-17.0,-7.0,33.0,-17.0,16.0,-27.0,-10.0,23.0,2.0,16.0,-27.0,19.0,31.0,1.0,16.0,-27.0,-1.0,18.0,-29.0,16.0,-46.0,-30.0,47.0
2026-04-07,CHOP_BUY,EXIT_FLAT,long,LOSER,-154.0,43,46713.0,-4.0,1.0,-12.0,-4.0,13.0,-5.0,1.0,-13.0,-1.0,11.0,9.0,17.0,-13.0,14.0,22.0,-5.0,17.0,-13.0,-14.0,19.0,-9.0,17.0,-21.0,-4.0,17.0
2026-04-07,CHOP_BUY,PARTIAL_TP,long,WINNER,152.0,11,46672.0,-18.0,3.0,-28.0,-18.0,31.0,-12.0,3.0,-28.0,6.0,18.0,-20.0,3.0,-36.0,-8.0,33.0,-32.0,3.0,-36.0,-12.0,25.0,-38.0,3.0,-43.0,-6.0,18.0
2026-04-07,CHOP_BUY,PARTIAL_TP,long,WINNER,60.0,2,46755.0,-1.0,13.0,-4.0,-1.0,17.0,60.0,72.0,-4.0,61.0,74.0,29.0,72.0,-4.0,-31.0,48.0,64.0,72.0,-4.0,35.0,41.0,81.0,81.0,-4.0,17.0,22.0
2026-04-08,TREND_SHORT,EXIT_FLAT,short,LOSER,-130.0,7,48078.0,2.0,13.0,-21.0,2.0,34.0,-5.0,13.0,-43.0,-7.0,53.0,-30.0,13.0,-59.0,-25.0,53.0,-17.0,13.0,-59.0,13.0,28.0,-21.0,13.0,-59.0,-4.0,33.0
2026-04-08,CHOP_BUY,EXIT_FLAT,long,LOSER,-150.0,17,48106.0,26.0,29.0,-11.0,26.0,40.0,20.0,40.0,-11.0,-6.0,20.0,25.0,40.0,-11.0,5.0,24.0,9.0,40.0,-11.0,-16.0,23.0,9.0,40.0,-11.0,0.0,23.0
2026-04-08,TREND_SHORT,PARTIAL_TP,short,WINNER,91.0,6,48005.0,7.0,18.0,-23.0,7.0,41.0,26.0,60.0,-23.0,19.0,68.0,43.0,60.0,-23.0,17.0,35.0,30.0,60.0,-23.0,-13.0,25.0,35.0,60.0,-23.0,5.0,38.0
2026-04-08,TREND_LONG,EXIT_FLAT,long,LOSER,-198.0,9,47904.0,39.0,45.0,-3.0,39.0,48.0,27.0,45.0,-3.0,-12.0,32.0,0.0,45.0,-5.0,-27.0,32.0,-21.0,45.0,-23.0,-21.0,32.0,-24.0,45.0,-34.0,-3.0,25.0
2026-04-09,TREND_LONG,EXIT_FLAT,long,LOSER,-138.0,22,48074.0,-29.0,10.0,-31.0,-29.0,41.0,-8.0,10.0,-45.0,21.0,37.0,-8.0,10.0,-45.0,0.0,22.0,-9.0,15.0,-45.0,-1.0,26.0,4.0,15.0,-45.0,13.0,28.0
2026-04-09,CHOP_SELL,CHOP_TP,short,WINNER,26.0,12,48003.0,8.0,12.0,-6.0,8.0,18.0,11.0,16.0,-6.0,3.0,13.0,2.0,16.0,-6.0,-9.0,16.0,8.0,16.0,-6.0,6.0,22.0,18.0,20.0,-6.0,10.0,12.0
2026-04-09,TREND_LONG,PARTIAL_TP,long,WINNER,53.0,15,48177.0,31.0,52.0,-19.0,31.0,71.0,12.0,52.0,-19.0,-19.0,34.0,18.0,52.0,-19.0,6.0,29.0,46.0,62.0,-19.0,28.0,47.0,28.0,62.0,-19.0,-18.0,36.0
2026-04-09,TREND_LONG,PARTIAL_TP,long,WINNER,51.0,14,48457.0,-2.0,6.0,-10.0,-2.0,16.0,-8.0,6.0,-10.0,-6.0,9.0,-12.0,6.0,-13.0,-4.0,8.0,-4.0,6.0,-13.0,8.0,12.0,2.0,8.0,-13.0,6.0,14.0
2026-04-09,CHOP_BUY,EXIT_FLAT,long,LOSER,-158.0,10,48526.0,0.0,6.0,-3.0,0.0,9.0,-5.0,6.0,-6.0,-5.0,5.0,-9.0,6.0,-10.0,-4.0,9.0,-10.0,6.0,-11.0,-1.0,11.0,-8.0,6.0,-11.0,2.0,7.0
2026-04-10,TREND_SHORT,EARLY_HARD_STOP,short,LOSER,-84.0,3,48190.0,-20.0,2.0,-27.0,-20.0,29.0,-21.0,2.0,-27.0,-1.0,23.0,-42.0,2.0,-42.0,-21.0,22.0,-63.0,2.0,-69.0,-21.0,29.0,-30.0,2.0,-69.0,33.0,43.0
2026-04-10,CHOP_BUY,EXIT_FLAT,long,LOSER,-138.0,82,48301.0,6.0,9.0,-9.0,6.0,18.0,12.0,13.0,-9.0,6.0,18.0,-5.0,13.0,-12.0,-17.0,24.0,11.0,22.0,-20.0,16.0,42.0,0.0,22.0,-20.0,-11.0,19.0
2026-04-10,TREND_SHORT,PARTIAL_TP,short,WINNER,50.0,38,48160.0,-7.0,0.0,-18.0,-7.0,15.0,2.0,14.0,-18.0,9.0,20.0,8.0,14.0,-18.0,6.0,11.0,7.0,14.0,-18.0,-1.0,18.0,-2.0,16.0,-18.0,-9.0,29.0
2026-04-10,CHOP_SELL,CHOP_TP,short,WINNER,40.0,25,48164.0,-2.0,4.0,-2.0,-2.0,6.0,2.0,6.0,-4.0,4.0,10.0,8.0,11.0,-6.0,6.0,17.0,1.0,11.0,-6.0,-7.0,13.0,-8.0,11.0,-8.0,-9.0,8.0
2026-04-10,CHOP_BUY,EXIT_FLAT,long,LOSER,-126.0,40,48145.0,-4.0,7.0,-4.0,-4.0,11.0,0.0,7.0,-13.0,4.0,13.0,5.0,11.0,-13.0,5.0,14.0,-6.0,11.0,-13.0,-11.0,15.0,-8.0,11.0,-13.0,-2.0,10.0
2026-04-10,CHOP_BUY,SESSION_EXIT,long,WINNER,40.0,14,48090.0,-5.0,2.0,-8.0,-5.0,10.0,-12.0,2.0,-14.0,-7.0,8.0,-7.0,2.0,-16.0,5.0,10.0,15.0,29.0,-16.0,22.0,43.0,23.0,29.0,-16.0,8.0,13.0
2026-04-13,TREND_LONG,EARLY_HARD_STOP,long,LOSER,-150.0,1,47973.0,-75.0,8.0,-75.0,-75.0,83.0,-113.0,8.0,-119.0,-38.0,52.0,-122.0,8.0,-145.0,-9.0,31.0,-109.0,8.0,-145.0,13.0,33.0,-95.0,8.0,-145.0,14.0,35.0
2026-04-13,CHOP_BUY,EXIT_FLAT,long,LOSER,-138.0,38,47936.0,5.0,11.0,-5.0,5.0,16.0,11.0,21.0,-5.0,6.0,19.0,19.0,22.0,-5.0,8.0,14.0,22.0,29.0,-5.0,3.0,15.0,41.0,55.0,-5.0,19.0,37.0
2026-04-13,CHOP_SELL,EXIT_FLAT,short,LOSER,-200.0,32,47856.0,-7.0,2.0,-11.0,-7.0,13.0,-17.0,5.0,-17.0,-10.0,22.0,-18.0,5.0,-33.0,-1.0,16.0,-18.0,5.0,-51.0,0.0,48.0,-30.0,5.0,-51.0,-12.0,20.0
2026-04-13,TREND_LONG,PARTIAL_TP,long,WINNER,57.0,10,47998.0,12.0,15.0,-11.0,12.0,26.0,-9.0,15.0,-11.0,-21.0,19.0,1.0,15.0,-17.0,10.0,20.0,12.0,15.0,-17.0,11.0,18.0,21.0,28.0,-17.0,9.0,16.0
2026-04-13,CHOP_BUY,PARTIAL_TP,long,WINNER,54.0,51,48153.0,4.0,6.0,-3.0,4.0,9.0,5.0,6.0,-3.0,1.0,5.0,1.0,6.0,-3.0,-4.0,6.0,3.0,7.0,-3.0,2.0,4.0,8.0,13.0,-3.0,5.0,11.0
2026-04-13,CHOP_BUY,PARTIAL_TP,long,WINNER,56.0,20,48246.0,-5.0,0.0,-8.0,-5.0,7.0,1.0,1.0,-8.0,6.0,7.0,3.0,5.0,-8.0,2.0,8.0,6.0,8.0,-8.0,3.0,7.0,0.0,8.0,-8.0,-6.0,7.0
2026-04-14,TREND_LONG,EXIT_FLAT,long,LOSER,-138.0,16,48673.0,-5.0,0.0,-21.0,-5.0,20.0,-5.0,0.0,-25.0,0.0,22.0,-3.0,0.0,-25.0,2.0,14.0,5.0,11.0,-25.0,8.0,16.0,31.0,34.0,-25.0,26.0,31.0
2026-04-14,TREND_LONG,EXIT_FLAT,long,LOSER,-140.0,89,48738.0,2.0,11.0,-6.0,2.0,17.0,18.0,24.0,-6.0,16.0,22.0,5.0,24.0,-6.0,-13.0,17.0,10.0,24.0,-6.0,5.0,14.0,24.0,27.0,-6.0,14.0,23.0
2026-04-14,CHOP_SELL,PARTIAL_TP,short,WINNER,63.0,33,48743.0,2.0,2.0,-2.0,2.0,4.0,4.0,11.0,-2.0,2.0,7.0,4.0,11.0,-2.0,0.0,6.0,11.0,12.0,-2.0,7.0,5.0,18.0,19.0,-2.0,7.0,10.0
2026-04-14,CHOP_SELL,SESSION_EXIT,short,WINNER,50.0,23,48784.0,-2.0,3.0,-5.0,-2.0,8.0,-10.0,3.0,-12.0,-8.0,11.0,0.0,5.0,-12.0,10.0,14.0,13.0,21.0,-12.0,13.0,20.0,22.0,22.0,-12.0,9.0,11.0
2026-04-15,TREND_SHORT,PARTIAL_TP,short,WINNER,59.0,12,48641.0,6.0,32.0,-3.0,6.0,35.0,-3.0,32.0,-5.0,-9.0,19.0,-9.0,32.0,-14.0,-6.0,25.0,0.0,32.0,-25.0,9.0,30.0,-2.0,32.0,-25.0,-2.0,18.0
2026-04-15,CHOP_BUY,CHOP_TP,long,WINNER,72.0,47,48498.0,7.0,14.0,0.0,7.0,13.0,13.0,14.0,0.0,6.0,9.0,3.0,14.0,0.0,-10.0,9.0,2.0,14.0,-1.0,-1.0,10.0,-1.0,14.0,-1.0,-3.0,7.0
2026-04-15,CHOP_SELL,EXIT_FLAT,short,LOSER,-132.0,61,48563.0,-5.0,1.0,-7.0,-5.0,8.0,-15.0,1.0,-17.0,-10.0,8.0,-17.0,1.0,-18.0,-2.0,4.0,-15.0,1.0,-20.0,2.0,5.0,-9.0,1.0,-20.0,6.0,8.0
2026-04-16,TREND_SHORT,PARTIAL_TP,short,WINNER,55.0,9,48658.0,18.0,24.0,-9.0,18.0,33.0,16.0,51.0,-9.0,-2.0,40.0,27.0,51.0,-9.0,11.0,36.0,43.0,62.0,-9.0,16.0,38.0,24.0,62.0,-9.0,-19.0,26.0
2026-04-16,CHOP_SELL,EXIT_FLAT,short,LOSER,-122.0,8,48561.0,-7.0,3.0,-10.0,-7.0,13.0,-24.0,3.0,-27.0,-17.0,24.0,-22.0,3.0,-34.0,2.0,18.0,-29.0,3.0,-34.0,-7.0,19.0,-26.0,3.0,-35.0,3.0,15.0
2026-04-16,CHOP_BUY,PARTIAL_TP,long,WINNER,52.0,10,48702.0,-7.0,0.0,-10.0,-7.0,10.0,-3.0,0.0,-22.0,4.0,19.0,13.0,13.0,-22.0,16.0,19.0,23.0,27.0,-22.0,10.0,15.0,28.0,30.0,-22.0,5.0,10.0
2026-04-17,TREND_LONG,PARTIAL_TP,long,WINNER,60.0,7,49515.0,-5.0,1.0,-34.0,-5.0,35.0,1.0,12.0,-34.0,6.0,19.0,3.0,12.0,-34.0,2.0,28.0,11.0,16.0,-34.0,8.0,26.0,24.0,33.0,-34.0,13.0,31.0
2026-04-17,TREND_LONG,PARTIAL_TP,long,WINNER,64.0,16,49770.0,-1.0,7.0,-7.0,-1.0,14.0,-23.0,7.0,-39.0,-22.0,37.0,-3.0,7.0,-39.0,20.0,32.0,-8.0,7.0,-39.0,-5.0,14.0,-13.0,7.0,-39.0,-5.0,14.0
2026-04-17,TREND_LONG,CHOP_TP,long,WINNER,44.0,35,49844.0,19.0,21.0,0.0,19.0,20.0,19.0,30.0,0.0,0.0,13.0,12.0,30.0,0.0,-7.0,17.0,16.0,30.0,0.0,4.0,13.0,12.0,30.0,0.0,-4.0,12.0
2026-04-17,TREND_LONG,EXIT_FLAT,long,LOSER,-234.0,23,49918.0,1.0,4.0,-3.0,1.0,7.0,-5.0,4.0,-9.0,-6.0,11.0,-2.0,4.0,-9.0,3.0,8.0,-6.0,4.0,-9.0,-4.0,6.0,-4.0,4.0,-13.0,2.0,10.0
2026-04-17,CHOP_BUY,PARTIAL_TP,long,WINNER,51.0,23,49634.0,1.0,9.0,-7.0,1.0,16.0,4.0,9.0,-7.0,3.0,12.0,-9.0,9.0,-11.0,-13.0,12.0,-9.0,9.0,-13.0,0.0,6.0,-10.0,9.0,-19.0,-1.0,9.0
2026-04-20,CHOP_SELL,PARTIAL_TP,short,WINNER,50.0,6,49634.0,11.0,12.0,0.0,11.0,12.0,22.0,26.0,0.0,11.0,21.0,12.0,26.0,0.0,-10.0,17.0,19.0,26.0,0.0,7.0,18.0,32.0,47.0,0.0,13.0,29.0
2026-04-20,CHOP_BUY,PARTIAL_TP,long,WINNER,53.0,60,49561.0,-15.0,0.0,-16.0,-15.0,16.0,-38.0,0.0,-41.0,-23.0,27.0,-23.0,0.0,-46.0,15.0,23.0,-18.0,0.0,-46.0,5.0,15.0,-1.0,4.0,-46.0,17.0,23.0
2026-04-20,CHOP_BUY,SESSION_EXIT,long,WINNER,76.0,21,49595.0,-14.0,0.0,-14.0,-14.0,13.0,-8.0,0.0,-17.0,6.0,10.0,-18.0,0.0,-18.0,-10.0,8.0,-24.0,0.0,-24.0,-6.0,8.0,-24.0,0.0,-29.0,0.0,9.0
2026-04-21,TREND_LONG,EXIT_FLAT,long,LOSER,-120.0,9,50036.0,-12.0,2.0,-20.0,-12.0,22.0,-20.0,4.0,-22.0,-8.0,26.0,3.0,4.0,-24.0,23.0,27.0,-18.0,4.0,-24.0,-21.0,28.0,-28.0,4.0,-32.0,-10.0,19.0
2026-04-21,CHOP_BUY,EXIT_FLAT,long,LOSER,-132.0,19,49973.0,20.0,25.0,0.0,20.0,24.0,-10.0,25.0,-11.0,-30.0,31.0,-32.0,25.0,-42.0,-22.0,36.0,-25.0,25.0,-50.0,7.0,28.0,-11.0,25.0,-50.0,14.0,18.0
2026-04-21,TREND_SHORT,PARTIAL_TP,short,WINNER,53.0,8,49834.0,-1.0,17.0,-8.0,-1.0,25.0,15.0,22.0,-8.0,16.0,22.0,11.0,26.0,-8.0,-4.0,28.0,17.0,33.0,-30.0,6.0,63.0,25.0,33.0,-30.0,8.0,23.0
2026-04-21,CHOP_SELL,PARTIAL_TP,short,WINNER,52.0,6,49562.0,10.0,13.0,-4.0,10.0,17.0,27.0,31.0,-4.0,17.0,26.0,28.0,33.0,-4.0,1.0,15.0,29.0,33.0,-4.0,1.0,6.0,40.0,43.0,-4.0,11.0,11.0
2026-04-21,CHOP_BUY,PARTIAL_TP,long,WINNER,55.0,13,49496.0,16.0,20.0,-1.0,16.0,21.0,14.0,24.0,-1.0,-2.0,11.0,-17.0,29.0,-49.0,-31.0,78.0,-16.0,29.0,-49.0,1.0,47.0,-11.0,29.0,-49.0,5.0,16.0
2026-04-21,TREND_SHORT,SESSION_EXIT,short,LOSER,-12.0,18,49301.0,40.0,56.0,-7.0,40.0,63.0,34.0,72.0,-7.0,-6.0,39.0,29.0,72.0,-7.0,-5.0,39.0,4.0,72.0,-7.0,-25.0,27.0,-33.0,72.0,-41.0,-37.0,46.0
2026-04-22,TREND_LONG,EXIT_FLAT,long,LOSER,-124.0,36,49765.0,8.0,9.0,-10.0,8.0,19.0,11.0,17.0,-10.0,3.0,21.0,28.0,33.0,-10.0,17.0,30.0,19.0,36.0,-10.0,-9.0,22.0,26.0,36.0,-10.0,7.0,22.0
2026-04-22,CHOP_SELL,PARTIAL_TP,short,WINNER,54.0,4,49745.0,-6.0,4.0,-16.0,-6.0,20.0,18.0,18.0,-16.0,24.0,24.0,36.0,37.0,-16.0,18.0,25.0,54.0,66.0,-16.0,18.0,31.0,57.0,66.0,-16.0,3.0,18.0
2026-04-22,TREND_SHORT,CHOP_TP,short,WINNER,52.0,94,49609.0,14.0,19.0,-2.0,14.0,21.0,27.0,36.0,-2.0,13.0,24.0,20.0,36.0,-2.0,-7.0,9.0,16.0,36.0,-2.0,-4.0,8.0,7.0,36.0,-2.0,-9.0,16.0
2026-04-22,TREND_SHORT,PARTIAL_TP,short,WINNER,51.0,16,49570.0,6.0,8.0,0.0,6.0,8.0,4.0,9.0,0.0,-2.0,8.0,-1.0,9.0,-2.0,-5.0,7.0,8.0,12.0,-2.0,9.0,10.0,-2.0,12.0,-6.0,-10.0,10.0
2026-04-23,TREND_LONG,PARTIAL_TP,long,WINNER,66.0,4,49531.0,9.0,12.0,-2.0,9.0,14.0,33.0,36.0,-2.0,24.0,31.0,45.0,47.0,-2.0,12.0,19.0,66.0,66.0,-2.0,21.0,28.0,68.0,77.0,-2.0,2.0,28.0
2026-04-23,TREND_LONG,EXIT_FLAT,long,LOSER,-128.0,18,49671.0,-15.0,0.0,-17.0,-15.0,16.0,-7.0,2.0,-20.0,8.0,22.0,-5.0,2.0,-20.0,2.0,11.0,9.0,9.0,-20.0,14.0,25.0,5.0,21.0,-20.0,-4.0,24.0
2026-04-23,CHOP_SELL,PARTIAL_TP,short,WINNER,102.0,25,49582.0,24.0,28.0,-1.0,24.0,29.0,27.0,33.0,-1.0,3.0,15.0,30.0,34.0,-1.0,3.0,10.0,20.0,34.0,-1.0,-10.0,10.0,19.0,34.0,-1.0,-1.0,8.0
2026-04-23,TREND_SHORT,PARTIAL_TP,short,WINNER,56.0,4,49250.0,-5.0,15.0,-11.0,-5.0,26.0,4.0,20.0,-12.0,9.0,32.0,14.0,27.0,-12.0,10.0,34.0,56.0,65.0,-12.0,42.0,53.0,98.0,101.0,-12.0,42.0,43.0
2026-04-23,CHOP_BUY,CHOP_TP,long,WINNER,52.0,1,49451.0,26.0,29.0,-9.0,26.0,38.0,29.0,36.0,-9.0,3.0,13.0,41.0,57.0,-9.0,12.0,27.0,49.0,64.0,-9.0,8.0,22.0,51.0,64.0,-9.0,2.0,13.0
2026-04-24,CHOP_BUY,EARLY_HARD_STOP,long,LOSER,-88.0,1,49311.0,-44.0,6.0,-44.0,-44.0,50.0,-47.0,6.0,-63.0,-3.0,66.0,-42.0,6.0,-68.0,5.0,41.0,-27.0,6.0,-68.0,15.0,41.0,-5.0,19.0,-68.0,22.0,61.0
2026-04-24,TREND_SHORT,EARLY_HARD_STOP,short,LOSER,-84.0,3,49264.0,-5.0,21.0,-20.0,-5.0,41.0,-20.0,21.0,-38.0,-15.0,41.0,-42.0,21.0,-66.0,-22.0,61.0,-31.0,21.0,-66.0,11.0,38.0,-30.0,21.0,-66.0,1.0,24.0
2026-04-24,CHOP_BUY,PARTIAL_TP,long,WINNER,57.0,23,49294.0,15.0,19.0,-1.0,15.0,20.0,15.0,30.0,-1.0,0.0,27.0,7.0,30.0,-7.0,-8.0,25.0,17.0,30.0,-7.0,10.0,19.0,20.0,30.0,-7.0,3.0,15.0
2026-04-24,CHOP_SELL,SESSION_EXIT,short,LOSER,-20.0,7,49385.0,-3.0,3.0,-9.0,-3.0,12.0,-13.0,3.0,-22.0,-10.0,21.0,-24.0,3.0,-24.0,-11.0,14.0,-34.0,3.0,-37.0,-10.0,19.0,-21.0,3.0,-37.0,13.0,15.0
2026-04-27,TREND_SHORT,PARTIAL_TP,short,WINNER,65.0,21,49259.0,12.0,15.0,-1.0,12.0,16.0,22.0,30.0,-1.0,10.0,23.0,29.0,35.0,-1.0,7.0,24.0,23.0,35.0,-1.0,-6.0,15.0,13.0,35.0,-1.0,-10.0,24.0
2026-04-27,CHOP_BUY,PARTIAL_TP,long,WINNER,62.0,17,49271.0,2.0,4.0,-9.0,2.0,13.0,11.0,11.0,-9.0,9.0,9.0,7.0,13.0,-9.0,-4.0,8.0,13.0,23.0,-9.0,6.0,16.0,4.0,23.0,-9.0,-9.0,11.0
2026-04-27,CHOP_BUY,CHOP_TP,long,WINNER,90.0,127,49310.0,-1.0,0.0,-1.0,-1.0,1.0,-5.0,0.0,-7.0,-4.0,5.0,-1.0,0.0,-7.0,4.0,5.0,3.0,4.0,-7.0,4.0,7.0,4.0,6.0,-7.0,1.0,4.0
2026-04-27,CHOP_BUY,SESSION_EXIT,long,LOSER,-80.0,9,49377.0,4.0,7.0,-2.0,4.0,9.0,1.0,7.0,-2.0,-3.0,5.0,-12.0,7.0,-15.0,-13.0,16.0,-14.0,7.0,-19.0,-2.0,12.0,-16.0,7.0,-21.0,-2.0,11.0
2026-04-28,TREND_SHORT,PARTIAL_TP,short,WINNER,54.0,14,49364.0,22.0,25.0,0.0,22.0,23.0,19.0,25.0,0.0,-3.0,17.0,31.0,33.0,0.0,12.0,32.0,31.0,39.0,0.0,0.0,15.0,17.0,39.0,0.0,-14.0,30.0
2026-04-28,CHOP_BUY,CHOP_TP,long,WINNER,62.0,37,49360.0,6.0,13.0,-3.0,6.0,16.0,8.0,20.0,-3.0,2.0,15.0,2.0,20.0,-3.0,-6.0,12.0,-10.0,20.0,-15.0,-12.0,20.0,10.0,20.0,-15.0,20.0,28.0
2026-04-28,CHOP_BUY,EXIT_FLAT,long,LOSER,-122.0,27,49425.0,-3.0,3.0,-7.0,-3.0,10.0,6.0,11.0,-7.0,9.0,10.0,15.0,19.0,-7.0,9.0,14.0,1.0,20.0,-7.0,-14.0,21.0,-14.0,20.0,-21.0,-15.0,22.0
2026-04-28,CHOP_SELL,PARTIAL_TP,short,WINNER,50.0,18,49285.0,3.0,3.0,-4.0,3.0,7.0,-4.0,6.0,-11.0,-7.0,17.0,-8.0,6.0,-11.0,-4.0,7.0,-3.0,6.0,-11.0,5.0,13.0,-3.0,6.0,-11.0,0.0,6.0
2026-04-29,CHOP_SELL,PARTIAL_TP,short,WINNER,50.0,14,49142.0,15.0,17.0,0.0,15.0,17.0,22.0,27.0,0.0,7.0,12.0,9.0,29.0,0.0,-13.0,24.0,-6.0,29.0,-6.0,-15.0,21.0,-13.0,29.0,-27.0,-7.0,21.0
2026-04-29,CHOP_SELL,PARTIAL_TP,short,WINNER,57.0,71,48972.0,-13.0,6.0,-14.0,-13.0,20.0,-8.0,6.0,-17.0,5.0,11.0,8.0,8.0,-17.0,16.0,18.0,-4.0,13.0,-17.0,-12.0,17.0,-7.0,13.0,-17.0,-3.0,10.0
2026-04-29,CHOP_SELL,PARTIAL_TP,short,WINNER,72.0,8,48934.0,21.0,84.0,-4.0,21.0,88.0,29.0,84.0,-4.0,8.0,39.0,22.0,84.0,-4.0,-7.0,19.0,19.0,84.0,-4.0,-3.0,28.0,40.0,84.0,-4.0,21.0,25.0
2026-04-30,TREND_LONG,EARLY_HARD_STOP,long,LOSER,-84.0,3,49435.0,-15.0,13.0,-17.0,-15.0,30.0,-32.0,13.0,-32.0,-17.0,36.0,-42.0,13.0,-45.0,-10.0,25.0,-43.0,13.0,-63.0,-1.0,22.0,-20.0,13.0,-63.0,23.0,41.0
2026-04-30,CHOP_BUY,PARTIAL_TP,long,WINNER,65.0,8,49435.0,-27.0,0.0,-33.0,-27.0,31.0,-24.0,0.0,-33.0,3.0,31.0,13.0,26.0,-33.0,37.0,51.0,14.0,26.0,-33.0,1.0,23.0,36.0,41.0,-33.0,22.0,28.0
2026-04-30,CHOP_BUY,PARTIAL_TP,long,WINNER,52.0,6,49580.0,4.0,9.0,-3.0,4.0,12.0,-4.0,15.0,-11.0,-8.0,26.0,17.0,25.0,-11.0,21.0,29.0,17.0,29.0,-11.0,0.0,17.0,42.0,43.0,-11.0,25.0,31.0
2026-04-30,CHOP_SELL,EXIT_FLAT,short,LOSER,-98.0,28,49743.0,-4.0,4.0,-4.0,-4.0,8.0,-9.0,4.0,-10.0,-5.0,11.0,-14.0,4.0,-17.0,-5.0,12.0,-7.0,4.0,-17.0,7.0,11.0,-15.0,4.0,-17.0,-8.0,10.0
2026-04-30,TREND_LONG,PARTIAL_TP,long,WINNER,54.0,23,49807.0,-20.0,0.0,-20.0,-20.0,17.0,-16.0,0.0,-20.0,4.0,7.0,-11.0,0.0,-20.0,5.0,8.0,2.0,6.0,-20.0,13.0,20.0,0.0,7.0,-20.0,-2.0,12.0
2026-04-30,CHOP_BUY,EXIT_FLAT,long,LOSER,-138.0,32,49885.0,6.0,10.0,-2.0,6.0,12.0,17.0,23.0,-2.0,11.0,13.0,1.0,23.0,-3.0,-16.0,25.0,-8.0,23.0,-12.0,-9.0,13.0,-3.0,23.0,-12.0,5.0,11.0
2026-05-01,CHOP_BUY,PARTIAL_TP,long,WINNER,83.0,4,49909.0,-11.0,1.0,-22.0,-11.0,23.0,8.0,9.0,-22.0,19.0,27.0,40.0,49.0,-22.0,32.0,50.0,83.0,141.0,-22.0,43.0,102.0,134.0,144.0,-22.0,51.0,63.0
2026-05-01,TREND_SHORT,PARTIAL_TP,short,WINNER,55.0,35,49853.0,-12.0,0.0,-19.0,-12.0,18.0,-6.0,0.0,-19.0,6.0,16.0,-8.0,0.0,-19.0,-2.0,13.0,1.0,3.0,-19.0,9.0,20.0,10.0,14.0,-19.0,9.0,16.0
2026-05-01,TREND_SHORT,PARTIAL_TP,short,WINNER,55.0,18,49782.0,-2.0,3.0,-7.0,-2.0,10.0,-1.0,3.0,-7.0,1.0,6.0,4.0,12.0,-7.0,5.0,11.0,2.0,12.0,-7.0,-2.0,12.0,-10.0,12.0,-12.0,-12.0,15.0
2026-05-01,CHOP_BUY,PARTIAL_TP,long,WINNER,51.0,9,49730.0,17.0,19.0,0.0,17.0,18.0,14.0,22.0,0.0,-3.0,13.0,9.0,22.0,0.0,-5.0,8.0,16.0,22.0,0.0,7.0,12.0,35.0,37.0,0.0,19.0,22.0
2026-05-01,CHOP_BUY,EXIT_FLAT,long,LOSER,-134.0,8,49739.0,-7.0,3.0,-9.0,-7.0,12.0,-7.0,3.0,-14.0,0.0,9.0,-10.0,3.0,-14.0,-3.0,5.0,-14.0,3.0,-21.0,-4.0,15.0,-15.0,3.0,-21.0,-1.0,9.0
2026-05-01,TREND_SHORT,SESSION_EXIT,short,WINNER,26.0,2,49666.0,25.0,35.0,-3.0,25.0,38.0,13.0,35.0,-3.0,-12.0,20.0,11.0,35.0,-3.0,-2.0,9.0,13.0,35.0,-3.0,2.0,5.0,21.0,35.0,-3.0,8.0,13.0
2026-05-05,TREND_LONG,EARLY_HARD_STOP,long,LOSER,-92.0,3,49359.0,8.0,13.0,-11.0,8.0,24.0,-18.0,13.0,-20.0,-26.0,32.0,-46.0,13.0,-77.0,-28.0,69.0,-71.0,13.0,-77.0,-25.0,32.0,-55.0,13.0,-79.0,16.0,29.0
2026-05-05,TREND_LONG,EXIT_FLAT,long,LOSER,-134.0,33,49382.0,-7.0,18.0,-7.0,-7.0,25.0,12.0,18.0,-7.0,19.0,23.0,13.0,21.0,-7.0,1.0,11.0,12.0,21.0,-7.0,-1.0,12.0,19.0,21.0,-7.0,7.0,16.0
2026-05-05,CHOP_BUY,PARTIAL_TP,long,WINNER,53.0,74,49336.0,-8.0,6.0,-8.0,-8.0,14.0,-8.0,6.0,-12.0,0.0,6.0,-8.0,6.0,-14.0,0.0,9.0,-9.0,6.0,-14.0,-1.0,7.0,-9.0,6.0,-14.0,0.0,11.0
2026-05-05,CHOP_SELL,EXIT_FLAT,short,LOSER,-106.0,63,49382.0,-5.0,0.0,-11.0,-5.0,10.0,1.0,6.0,-11.0,6.0,12.0,1.0,6.0,-11.0,0.0,8.0,-15.0,6.0,-15.0,-16.0,18.0,-25.0,6.0,-28.0,-10.0,15.0
2026-05-05,TREND_LONG,CHOP_TP,long,WINNER,50.0,34,49442.0,-2.0,3.0,-4.0,-2.0,7.0,-5.0,3.0,-9.0,-3.0,9.0,0.0,3.0,-9.0,5.0,8.0,-5.0,3.0,-10.0,-5.0,9.0,-5.0,3.0,-10.0,0.0,6.0
2026-05-06,TREND_LONG,PARTIAL_TP,long,WINNER,56.0,39,50001.0,-11.0,11.0,-12.0,-11.0,23.0,-9.0,11.0,-16.0,2.0,21.0,16.0,21.0,-16.0,25.0,32.0,13.0,21.0,-16.0,-3.0,23.0,-5.0,26.0,-16.0,-18.0,31.0
2026-05-06,TREND_LONG,EXIT_FLAT,long,LOSER,-134.0,52,50093.0,-1.0,1.0,-8.0,-1.0,9.0,-8.0,1.0,-9.0,-7.0,7.0,-4.0,1.0,-12.0,4.0,11.0,7.0,14.0,-12.0,11.0,19.0,8.0,14.0,-12.0,1.0,9.0
2026-05-07,TREND_SHORT,PARTIAL_TP,short,WINNER,63.0,6,49945.0,15.0,16.0,-13.0,15.0,29.0,19.0,24.0,-13.0,4.0,17.0,10.0,24.0,-13.0,-9.0,15.0,22.0,41.0,-13.0,12.0,31.0,34.0,41.0,-13.0,12.0,25.0
2026-05-07,CHOP_SELL,PARTIAL_TP,short,WINNER,62.0,7,49954.0,7.0,7.0,-6.0,7.0,13.0,5.0,24.0,-6.0,-2.0,22.0,5.0,24.0,-6.0,0.0,11.0,19.0,24.0,-6.0,14.0,20.0,34.0,36.0,-6.0,15.0,20.0
2026-05-07,TREND_SHORT,EXIT_FLAT,short,LOSER,-122.0,22,49640.0,-4.0,11.0,-8.0,-4.0,19.0,11.0,24.0,-8.0,15.0,31.0,13.0,24.0,-8.0,2.0,24.0,14.0,24.0,-8.0,1.0,15.0,16.0,30.0,-8.0,2.0,15.0
2026-05-08,TREND_SHORT,EARLY_HARD_STOP,short,LOSER,-80.0,4,49746.0,-9.0,0.0,-22.0,-9.0,21.0,-9.0,9.0,-22.0,0.0,27.0,-19.0,9.0,-29.0,-10.0,23.0,-40.0,9.0,-46.0,-21.0,36.0,-24.0,9.0,-46.0,16.0,24.0
2026-05-08,TREND_SHORT,PARTIAL_TP,short,WINNER,51.0,108,49717.0,7.0,13.0,-11.0,7.0,24.0,-1.0,13.0,-11.0,-8.0,15.0,11.0,13.0,-11.0,12.0,22.0,17.0,17.0,-11.0,6.0,9.0,9.0,18.0,-11.0,-8.0,13.0
2026-05-08,CHOP_BUY,EXIT_FLAT,long,LOSER,-120.0,61,49707.0,-6.0,0.0,-11.0,-6.0,9.0,1.0,3.0,-11.0,7.0,10.0,-3.0,3.0,-11.0,-4.0,8.0,0.0,3.0,-11.0,3.0,7.0,-2.0,5.0,-11.0,-2.0,10.0
2026-05-08,TREND_SHORT,EXIT_FLAT,short,LOSER,-120.0,46,49623.0,1.0,1.0,-8.0,1.0,9.0,8.0,10.0,-8.0,7.0,12.0,21.0,28.0,-8.0,13.0,21.0,33.0,38.0,-8.0,12.0,19.0,15.0,38.0,-8.0,-18.0,23.0
2026-05-11,TREND_LONG,EXIT_FLAT,long,LOSER,-130.0,13,49764.0,-8.0,18.0,-11.0,-8.0,29.0,-2.0,18.0,-19.0,6.0,21.0,0.0,18.0,-19.0,2.0,24.0,-7.0,18.0,-20.0,-7.0,23.0,-15.0,18.0,-20.0,-8.0,21.0
2026-05-11,CHOP_SELL,EARLY_HARD_STOP,short,LOSER,-88.0,5,49678.0,3.0,21.0,-6.0,3.0,27.0,-3.0,21.0,-7.0,-6.0,15.0,-12.0,21.0,-34.0,-9.0,30.0,-34.0,21.0,-43.0,-22.0,31.0,-44.0,21.0,-49.0,-10.0,27.0
2026-05-11,TREND_LONG,EARLY_HARD_STOP,long,LOSER,-108.0,3,49807.0,-12.0,0.0,-26.0,-12.0,25.0,-15.0,0.0,-26.0,-3.0,20.0,-54.0,0.0,-72.0,-39.0,60.0,-65.0,0.0,-92.0,-11.0,40.0,-79.0,0.0,-92.0,-14.0,26.0
2026-05-11,CHOP_SELL,PARTIAL_TP,short,WINNER,53.0,50,49746.0,11.0,12.0,-5.0,11.0,17.0,13.0,18.0,-5.0,2.0,17.0,18.0,18.0,-5.0,5.0,16.0,10.0,25.0,-5.0,-8.0,16.0,26.0,28.0,-5.0,16.0,18.0
2026-05-11,CHOP_BUY,PARTIAL_TP,long,WINNER,52.0,19,49673.0,12.0,20.0,-1.0,12.0,21.0,16.0,23.0,-1.0,4.0,11.0,24.0,24.0,-1.0,8.0,11.0,19.0,26.0,-1.0,-5.0,9.0,10.0,26.0,-1.0,-9.0,12.0
2026-05-11,TREND_LONG,PARTIAL_TP,long,WINNER,50.0,21,49818.0,-3.0,3.0,-6.0,-3.0,9.0,12.0,13.0,-6.0,15.0,13.0,-2.0,21.0,-6.0,-14.0,23.0,0.0,21.0,-6.0,2.0,8.0,4.0,21.0,-6.0,4.0,10.0
2026-05-12,TREND_LONG,CHOP_TP,long,WINNER,28.0,75,49788.0,4.0,19.0,0.0,4.0,19.0,-11.0,19.0,-11.0,-15.0,25.0,-6.0,19.0,-22.0,5.0,20.0,-10.0,19.0,-25.0,-4.0,18.0,-9.0,19.0,-25.0,1.0,20.0
2026-05-12,TREND_LONG,CHOP_TP,long,WINNER,96.0,46,49831.0,5.0,7.0,-1.0,5.0,8.0,26.0,27.0,-1.0,21.0,24.0,26.0,42.0,-1.0,0.0,18.0,33.0,42.0,-1.0,7.0,16.0,35.0,42.0,-1.0,2.0,12.0
2026-05-12,TREND_LONG,SESSION_EXIT,long,LOSER,-66.0,47,49895.0,-4.0,14.0,-5.0,-4.0,19.0,-3.0,14.0,-6.0,1.0,12.0,-8.0,14.0,-16.0,-5.0,15.0,-15.0,14.0,-18.0,-7.0,12.0,-26.0,14.0,-32.0,-11.0,17.0
2026-05-15,TREND_SHORT,EXIT_FLAT,short,LOSER,-120.0,39,49617.0,-18.0,14.0,-18.0,-18.0,32.0,-11.0,14.0,-18.0,7.0,13.0,11.0,14.0,-18.0,22.0,25.0,-3.0,14.0,-18.0,-14.0,20.0,2.0,14.0,-18.0,5.0,16.0
2026-05-15,CHOP_SELL,CHOP_TP,short,WINNER,64.0,25,49750.0,2.0,17.0,0.0,2.0,16.0,3.0,17.0,-4.0,1.0,13.0,-12.0,17.0,-14.0,-15.0,18.0,-25.0,17.0,-26.0,-13.0,16.0,-21.0,17.0,-43.0,4.0,29.0
2026-05-15,CHOP_BUY,EXIT_FLAT,long,LOSER,-168.0,33,49715.0,11.0,13.0,-4.0,11.0,17.0,18.0,25.0,-4.0,7.0,14.0,22.0,33.0,-4.0,4.0,14.0,13.0,33.0,-4.0,-9.0,13.0,25.0,33.0,-4.0,12.0,9.0
2026-05-15,CHOP_SELL,SESSION_EXIT,short,WINNER,170.0,81,49658.0,8.0,8.0,-3.0,8.0,11.0,-5.0,8.0,-7.0,-13.0,12.0,8.0,16.0,-7.0,13.0,19.0,1.0,16.0,-7.0,-7.0,14.0,-12.0,16.0,-15.0,-13.0,17.0
