date,outcome,entry_time,exit_time,entry_type,exit_type,direction,entry_price,exit_price,realized_pl,bars_held,bars_since_open,slope_purple,slope_blue,line_spacing,support_resistance_dist,new_highs_10bar,new_lows_10bar,atr_14,avg_bar_size,velocity_5bar,mfe,mae,confidence_at_entry,entry_hour
2023-12-19,TRUE_TREND,09:51:00,10:47:00,TREND_LONG,PARTIAL_TP,long,38172.0,38222.0,50.0,56,21,0.0,6.239499890165173,23.56300065900723,72.99750935019256,2,0,5.928571428571429,0.2,12.0,50.0,-17.0,0.0,9
2023-12-19,TRUE_TREND,11:08:00,11:41:00,TREND_LONG,CHOP_TP,long,38240.0,38262.0,44.0,33,98,0.0,0.9181201637379767,46.80135639776563,140.98152750082227,1,0,1.2857142857142858,0.0,18.0,32.0,0.0,0.0,11
2024-01-10,FALSE_TREND,10:03:00,14:31:00,TREND_SHORT,EXIT_FLAT,short,38150.0,38313.0,-326.0,268,29,-0.23483409451362777,0.0,89.53033181097271,91.99516678713553,0,1,6.428571428571429,0.0,-90.0,0.0,-163.0,0.0,10
2024-01-10,FALSE_TREND,14:32:00,15:25:00,TREND_LONG,EXIT_FLAT,long,38313.0,38236.0,-154.0,53,298,0.0,0.2278613436697321,113.55408842366887,162.93450956868764,1,0,8.142857142857142,0.3333333333333333,114.0,45.0,-77.0,0.0,14
2024-02-13,TRUE_TREND,13:27:00,13:50:00,TREND_SHORT,CHOP_TP,short,38707.0,38684.0,46.0,23,237,-0.6098657023216926,0.0,92.73088846600876,232.89123062939325,0,1,3.0714285714285716,0.0,-43.0,23.0,0.0,0.0,13
2024-02-13,TRUE_TREND,14:00:00,14:14:00,TREND_SHORT,PARTIAL_TP,short,38648.0,38572.0,76.0,14,270,-0.609925876326607,0.0,95.5894945261025,291.8766062933719,0,1,2.5714285714285716,0.4,-36.0,76.0,0.0,0.0,14
2024-02-13,TRUE_TREND,14:47:00,14:59:00,TREND_SHORT,CHOP_TP,short,38547.0,38528.0,38.0,12,317,-8.08883499312682e-05,0.07145313936121322,60.07139264866419,392.8551266322538,0,4,7.714285714285714,3.2666666666666666,-62.0,19.0,0.0,0.0,14
2024-02-22,FALSE_TREND,09:50:00,10:25:00,TREND_LONG,EXIT_FLAT,long,39403.0,39343.0,-120.0,35,20,0.0,1.3850140487938594,81.68991570723301,123.9928904245171,3,1,10.285714285714286,2.0,70.0,42.0,-60.0,0.0,9
2024-02-22,TRUE_TREND,13:28:00,13:54:00,TREND_LONG,CHOP_TP,long,39473.0,39487.0,28.0,26,238,0.0,0.5155985347765579,107.26940952694713,192.91094369105122,3,1,5.857142857142857,0.5333333333333333,35.0,27.0,0.0,0.0,13
2024-02-22,TRUE_TREND,14:15:00,14:26:00,TREND_LONG,PARTIAL_TP,long,39565.0,39624.0,59.0,11,285,0.0,0.5428707335881058,171.59828756789648,284.89335693226894,1,0,5.571428571428571,0.6666666666666666,25.0,59.0,0.0,0.0,14
2024-02-26,TRUE_TREND,11:05:00,13:28:00,TREND_SHORT,PARTIAL_TP,short,39602.0,39544.0,58.0,143,95,-0.7111958821614585,0.09773738007669117,44.797711181643535,106.98066706752434,0,2,1.5,0.06666666666666667,-18.0,58.0,-17.0,0.0,11
2024-02-27,TRUE_TREND,09:51:00,11:24:00,TREND_SHORT,CHOP_TP,short,39400.0,39380.0,40.0,93,21,-4.44944407805736,0.8460765796703297,6.561674360797042,108.99580501728633,1,1,3.7857142857142856,0.0,-31.0,32.0,-25.0,0.0,9
2024-02-27,FALSE_TREND,11:48:00,14:19:00,TREND_SHORT,EXIT_FLAT,short,39344.0,39405.0,-122.0,151,138,-0.9696327897999257,0.0,25.19067500760866,164.97243299944967,1,2,4.285714285714286,0.0,-23.0,0.0,-61.0,0.0,11
2024-02-28,TRUE_TREND,10:32:00,10:47:00,TREND_LONG,PARTIAL_TP,long,39325.0,39375.0,50.0,15,62,0.0,1.4693682270665323,18.062220419604273,104.98568154495297,1,1,2.2857142857142856,0.6,21.0,50.0,0.0,0.0,10
2024-02-29,TRUE_TREND,09:54:00,10:06:00,TREND_SHORT,CHOP_TP,short,39463.0,39450.0,26.0,12,24,-1.4923256674965661,-0.00021059782608704586,13.543215412515565,86.98709443393454,0,2,4.285714285714286,2.066666666666667,-21.0,13.0,-9.0,0.0,9
2024-02-29,TRUE_TREND,10:07:00,10:11:00,TREND_SHORT,PARTIAL_TP,short,39440.0,39385.0,55.0,4,37,-1.6248737980769234,-1.701586174242576e-05,4.752271634613862,109.9900275417167,1,1,5.214285714285714,0.8,-19.0,55.0,0.0,0.0,10
2024-03-01,TRUE_TREND,09:51:00,10:14:00,TREND_SHORT,CHOP_TP,short,39382.0,39359.0,46.0,23,21,-5.09058885450487,0.0,10.641167182424397,97.99377909793111,1,3,6.571428571428571,0.3333333333333333,-31.0,42.0,0.0,0.0,9
2024-03-01,TRUE_TREND,10:28:00,10:56:00,TREND_LONG,PARTIAL_TP,long,39491.0,39545.0,54.0,28,58,5.38485576923077,7.694185428342957,90.71859599679738,153.991113075077,4,1,11.071428571428571,1.6666666666666667,36.0,54.0,-37.0,0.0,10
2024-03-01,TRUE_TREND,12:27:00,14:10:00,TREND_LONG,CHOP_TP,long,39556.0,39575.0,38.0,103,177,0.20340037827484642,9.987201826469768e-05,106.99500639908365,225.95586159462255,3,0,2.357142857142857,0.5333333333333333,6.0,32.0,-38.0,0.0,12
2024-03-01,FALSE_TREND,14:15:00,15:07:00,TREND_LONG,EXIT_FLAT,long,39600.0,39525.0,-150.0,52,285,-6.5,0.649553713152346,64.37051332192641,262.92386867482855,3,1,5.714285714285714,1.2666666666666666,25.0,1.0,-75.0,0.0,14
2024-03-04,TRUE_TREND,09:50:00,12:37:00,TREND_LONG,PARTIAL_TP,long,39486.0,39540.0,54.0,167,20,-6.5,3.7236163834880167,42.040219781629276,103.99588783684885,6,0,11.928571428571429,2.1333333333333333,18.0,54.0,-57.0,0.0,9
2024-03-05,FALSE_TREND,09:52:00,10:00:00,TREND_SHORT,EXIT_FLAT,short,39226.0,39300.0,-148.0,8,22,-3.2103007492677165,0.0716238839285714,20.37611789110815,117.98990282647719,3,3,14.357142857142858,10.6,-54.0,7.0,-74.0,0.0,9
2024-03-05,FALSE_TREND,10:04:00,10:08:00,TREND_LONG,EARLY_HARD_STOP,long,39336.0,39271.0,-130.0,4,34,8.00069580078125,7.5324041193181825,30.870383522727934,131.9949513747706,7,0,15.142857142857142,11.533333333333333,86.0,0.0,-65.0,0.0,10
2024-03-05,TRUE_TREND,10:50:00,11:23:00,TREND_SHORT,CHOP_TP,short,39200.0,39182.0,36.0,33,80,-2.0748840953110546,0.0,44.55533161569474,139.9784286642389,1,1,9.0,3.6666666666666665,-42.0,25.0,-14.0,0.0,10
2024-03-05,FALSE_TREND,11:56:00,11:59:00,TREND_SHORT,EARLY_HARD_STOP,short,39118.0,39158.0,-80.0,3,146,-1.4194447863037738,-0.0001946417839972067,63.03307940342347,221.94262965044618,2,4,7.857142857142857,4.0,-13.0,0.0,-40.0,0.0,11
2024-03-05,TRUE_TREND,14:02:00,14:46:00,TREND_SHORT,PARTIAL_TP,short,39059.0,39000.0,59.0,44,272,-0.7999931556635936,2.166592684659091,81.26799969070271,280.8907668710599,1,2,5.142857142857143,0.8,-31.0,59.0,-34.0,0.0,14
2024-03-05,FALSE_TREND,15:13:00,15:53:00,TREND_SHORT,EXIT_FLAT,short,38950.0,39021.0,-142.0,40,343,-2.7856645834284794,0.9998942057291667,9.430758329152013,389.8581804718924,2,2,4.642857142857143,2.2666666666666666,-18.0,34.0,-71.0,0.0,15
2024-03-06,FALSE_TREND,11:30:00,11:34:00,TREND_LONG,EARLY_HARD_STOP,long,39306.0,39257.0,-98.0,4,120,0.9723347283386028,0.7841870715724079,26.85383931038814,166.96759779334388,7,2,6.285714285714286,3.933333333333333,27.0,0.0,-49.0,0.0,11
2024-03-06,FALSE_TREND,11:50:00,12:03:00,TREND_LONG,EXIT_FLAT,long,39325.0,39260.0,-130.0,13,140,1.775568181816567e-05,2.40032662784352,6.599637860788789,176.9612444570812,2,1,6.357142857142857,3.3333333333333335,32.0,0.0,-65.0,0.0,11
2024-03-06,FALSE_TREND,14:14:00,14:28:00,TREND_SHORT,EXIT_FLAT,short,39063.0,39126.0,-126.0,14,284,1.4283021611752718,4.333164654356061,84.42641728939634,262.9545733581472,2,1,16.142857142857142,7.733333333333333,-82.0,22.0,-63.0,0.0,14
2024-03-07,FALSE_TREND,10:04:00,10:42:00,TREND_SHORT,EXIT_FLAT,short,39283.0,39350.0,-134.0,38,34,-1.8570398717493444,-1.2965839092548077,13.936018083477393,76.99317305729346,2,3,13.714285714285714,10.6,-34.0,25.0,-67.0,0.0,10
2024-03-07,FALSE_TREND,10:43:00,11:06:00,TREND_LONG,EXIT_FLAT,long,39353.0,39285.0,-136.0,23,73,0.39985382494343885,2.2309813396239173,30.62142071508424,99.995375287348,6,2,8.5,5.2,49.0,23.0,-68.0,0.0,10
2024-03-07,TRUE_TREND,11:14:00,12:43:00,TREND_SHORT,PARTIAL_TP,short,39247.0,39196.0,51.0,89,104,-6.199948265438987,3.999674479166666,8.800310407365032,128.99383374107856,0,6,9.928571428571429,6.533333333333333,-36.0,51.0,-48.0,0.0,11
2024-03-07,FALSE_TREND,15:00:00,15:40:00,TREND_SHORT,EXIT_FLAT,short,39202.0,39268.0,-132.0,40,330,0.7866931396939361,-1.3333672082124957,107.22748759540264,185.94406305388839,3,4,7.428571428571429,4.8,-52.0,2.0,-66.0,0.0,15
2024-03-08,FALSE_TREND,10:00:00,10:16:00,TREND_LONG,EXIT_FLAT,long,39438.0,39378.0,-120.0,16,30,-0.9999267578125,7.799828620497229,1.403770349061233,221.99058687557408,3,1,16.642857142857142,16.666666666666668,23.0,0.0,-60.0,0.0,10
2024-03-08,FALSE_TREND,13:36:00,14:14:00,TREND_SHORT,EXIT_FLAT,short,39194.0,39256.0,-124.0,38,246,-0.22552087461361656,0.12104328991895053,141.37083102163888,257.9328530422499,0,8,16.285714285714285,16.266666666666666,-48.0,19.0,-62.0,0.0,13
2024-03-11,TRUE_TREND,10:00:00,10:07:00,TREND_SHORT,PARTIAL_TP,short,39056.0,38992.0,64.0,7,30,-1.1997644761029411,0.7500976562499999,31.203687959554372,111.99137030405836,0,5,18.5,18.133333333333333,-13.0,64.0,-1.0,0.0,10
2024-03-11,FALSE_TREND,10:27:00,10:30:00,TREND_SHORT,EARLY_HARD_STOP,short,38940.0,38980.0,-80.0,3,57,-3.521921793619791,1.0,43.86846923828125,225.981661941325,3,3,16.714285714285715,16.866666666666667,-40.0,6.0,-40.0,0.0,10
2024-03-11,TRUE_TREND,12:41:00,13:31:00,TREND_LONG,PARTIAL_TP,long,39172.0,39222.0,50.0,50,191,1.0435615472858741,1.8115425428303369,27.79568231767189,242.95828992348834,2,2,11.071428571428571,12.066666666666666,24.0,50.0,-44.0,0.0,12
2024-03-12,FALSE_TREND,14:32:00,14:43:00,TREND_LONG,EXIT_FLAT,long,39530.0,39456.0,-148.0,11,302,1.8109935516721223,-0.3365870457934239,152.66090417648957,375.88183513149124,4,1,11.5,10.8,39.0,12.0,-74.0,0.0,14
2024-03-13,TRUE_TREND,10:06:00,10:23:00,TREND_LONG,PARTIAL_TP,long,39573.0,39625.0,52.0,17,36,-0.09672216074193617,1.4706340921336205,36.352390894397104,83.99101366971445,6,0,15.285714285714286,15.266666666666667,18.0,52.0,-1.0,0.0,10
2024-03-13,FALSE_TREND,11:20:00,14:17:00,TREND_LONG,EXIT_FLAT,long,39650.0,39589.0,-122.0,177,110,-2.9998779296875,1.1195461818006456,43.68674327453482,161.96808307860192,6,0,10.571428571428571,10.4,10.0,24.0,-61.0,0.0,11
2024-03-13,TRUE_TREND,15:27:00,15:28:00,TREND_SHORT,PARTIAL_TP,short,39488.0,39429.0,59.0,1,357,-1.1315481506906535,-1.2088423319185744,61.041310622800665,194.96219546139764,2,4,11.357142857142858,11.2,-53.0,59.0,0.0,0.0,15
2024-03-14,TRUE_TREND,09:52:00,09:59:00,TREND_SHORT,PARTIAL_TP,short,39408.0,39358.0,50.0,7,22,-6.000753665280032,5.9998779296875,102.99547800832079,221.98923628826014,0,8,25.5,25.866666666666667,-80.0,50.0,-4.0,0.0,9
2024-03-14,FALSE_TREND,13:29:00,13:53:00,TREND_SHORT,EXIT_FLAT,short,39273.0,39340.0,-134.0,24,239,-1.5909522908790488,0.856934320359003,57.72666792769451,352.8780114101464,1,3,16.357142857142858,16.0,-26.0,36.0,-67.0,0.0,13
2024-03-14,TRUE_TREND,15:08:00,15:35:00,TREND_SHORT,PARTIAL_TP,short,39210.0,39146.0,64.0,27,338,-1.2757138930387473,0.06251171135335577,100.76685742405971,413.82726824675774,0,4,18.714285714285715,18.933333333333334,-61.0,64.0,-14.0,0.0,15
2024-03-15,FALSE_TREND,09:53:00,10:14:00,TREND_SHORT,EXIT_FLAT,short,39173.0,39234.0,-122.0,21,23,-8.499232436671404,0.15731437592638345,23.009210759941197,191.99269459107745,0,4,29.785714285714285,28.866666666666667,-41.0,0.0,-61.0,0.0,9
2024-03-15,FALSE_TREND,12:55:00,13:11:00,TREND_SHORT,EXIT_FLAT,short,39057.0,39118.0,-122.0,16,205,-0.9998782341493049,1.0,136.01449013623642,313.9293810665549,2,6,16.142857142857142,16.0,-35.0,2.0,-61.0,0.0,12
2024-03-18,FALSE_TREND,10:25:00,10:47:00,TREND_LONG,EXIT_FLAT,long,39314.0,39253.0,-122.0,22,55,3.2272291338410364,2.6664641422363977,55.6600369271182,123.99318668688647,3,1,15.0,14.8,22.0,0.0,-61.0,0.0,10
2024-03-18,FALSE_TREND,11:04:00,12:57:00,TREND_LONG,EXIT_FLAT,long,39333.0,39271.0,-124.0,113,94,-5.834370554765045e-05,0.7833806818181817,64.68468712619506,133.9861940831761,5,1,11.5,11.4,15.0,1.0,-62.0,0.0,11
2024-03-18,FALSE_TREND,15:58:00,16:00:00,TREND_SHORT,SESSION_EXIT,short,39196.0,39204.0,-16.0,2,388,-0.053204933134070424,-0.6266166431481758,71.74735711316316,141.95194825705403,0,7,14.214285714285714,13.733333333333333,-47.0,0.0,-29.0,0.0,15
2024-03-19,TRUE_TREND,10:03:00,10:42:00,TREND_LONG,PARTIAL_TP,long,39300.0,39352.0,52.0,39,33,-0.12481706684959058,2.2605776073645987,36.66151656433067,121.98734006071027,3,1,18.428571428571427,18.066666666666666,33.0,52.0,-22.0,0.0,10
2024-03-19,TRUE_TREND,11:14:00,11:32:00,TREND_LONG,PARTIAL_TP,long,39389.0,39439.0,50.0,18,104,1.5419407894718675e-05,2.195110882946311,11.22001026741782,200.95925072298996,4,1,8.785714285714286,8.933333333333334,14.0,50.0,-14.0,0.0,11
2024-03-20,TRUE_TREND,10:28:00,11:07:00,TREND_LONG,CHOP_TP,long,39560.0,39572.0,24.0,39,58,-0.5,1.76577775523088,33.11644570706994,136.96709499770077,8,0,11.428571428571429,11.4,17.0,12.0,-37.0,0.0,10
2024-03-20,FALSE_TREND,11:08:00,13:23:00,TREND_LONG,EXIT_FLAT,long,39584.0,39523.0,-122.0,135,98,-0.2727195899803322,1.3698615366866216,19.493292478087824,159.94359135427658,2,3,8.571428571428571,8.333333333333334,22.0,18.0,-61.0,0.0,11
2024-03-21,TRUE_TREND,09:58:00,10:17:00,TREND_LONG,PARTIAL_TP,long,40195.0,40248.0,53.0,19,28,-0.37538296568627455,5.249639217750452,38.01622935396881,192.9905323369676,7,1,22.357142857142858,22.0,52.0,53.0,-14.0,0.0,9
2024-03-22,TRUE_TREND,10:10:00,10:36:00,TREND_SHORT,PARTIAL_TP,short,40110.0,40060.0,50.0,26,40,-2.6570834815078235,1.666485595703125,12.373744221193192,125.98267050385039,1,7,14.857142857142858,14.333333333333334,-31.0,50.0,0.0,0.0,10
2024-03-22,TRUE_TREND,12:12:00,15:12:00,TREND_SHORT,PARTIAL_TP,short,39979.0,39924.0,55.0,180,162,-1.4209637887839326,-3.0,20.224830005783588,257.9284602220796,0,8,9.857142857142858,9.6,-17.0,55.0,-44.0,0.0,12
2024-03-22,TRUE_TREND,15:59:00,16:00:00,TREND_SHORT,SESSION_EXIT,short,39859.0,39851.0,16.0,1,389,-0.7137293957435776,0.17502112548702833,67.07383947096969,380.82759362171055,1,4,15.357142857142858,15.2,-64.0,8.0,0.0,0.0,15
2024-03-25,TRUE_TREND,10:36:00,13:05:00,TREND_SHORT,CHOP_TP,short,39733.0,39720.0,26.0,149,66,-0.7142443366375448,0.02183037262950971,38.292559596156934,90.98877440865908,1,8,11.214285714285714,11.2,-21.0,23.0,-24.0,0.0,10
2024-03-25,TRUE_TREND,13:11:00,16:00:00,TREND_SHORT,SESSION_EXIT,short,39706.0,39703.0,6.0,169,221,-0.3658161376349711,0.10518311511857709,32.88626585793827,122.96158743929118,1,4,7.071428571428571,6.733333333333333,-6.0,21.0,-43.0,0.0,13
2024-03-26,FALSE_TREND,10:56:00,15:31:00,TREND_LONG,EXIT_FLAT,long,39805.0,39744.0,-122.0,275,86,-1.0000000000000002,1.7645720574302532,15.713108898766222,119.98921289681311,5,1,10.357142857142858,10.2,14.0,14.0,-61.0,0.0,10
2024-03-27,TRUE_TREND,15:28:00,15:39:00,TREND_LONG,PARTIAL_TP,long,40010.0,40081.0,71.0,11,358,-0.03641161133146254,0.6141107051662982,49.865161820962385,195.92513936808973,9,0,11.357142857142858,11.0,29.0,71.0,-7.0,0.0,15
2024-03-28,TRUE_TREND,09:51:00,11:01:00,TREND_SHORT,CHOP_TP,short,40144.0,40133.0,22.0,70,21,-2.6666011953712405,0.00021194625686817784,32.337120643031085,93.99645301566488,4,2,15.714285714285714,15.6,-37.0,38.0,-34.0,0.0,9
2024-03-28,FALSE_TREND,15:26:00,15:59:00,TREND_LONG,EXIT_FLAT,long,40236.0,40155.0,-162.0,33,356,-0.06214341897705682,0.09902174883240697,111.74945404773462,138.9547760909918,2,5,10.214285714285714,10.533333333333333,42.0,0.0,-81.0,0.0,15
2024-04-01,FALSE_TREND,11:56:00,15:54:00,TREND_SHORT,EXIT_FLAT,short,39845.0,39914.0,-138.0,238,146,-1.9499801881835077,-5.0,44.302892525207426,331.92786974710907,2,3,13.0,12.933333333333334,-39.0,12.0,-69.0,0.0,11
2024-04-02,FALSE_TREND,09:50:00,10:03:00,TREND_SHORT,EXIT_FLAT,short,39398.0,39467.0,-138.0,13,20,-10.999755859375,1.9999593098958328,7.00048828125,168.99542014103645,0,6,24.285714285714285,25.333333333333332,-37.0,2.0,-69.0,0.0,9
2024-04-03,TRUE_TREND,10:00:00,10:02:00,TREND_LONG,PARTIAL_TP,long,39569.0,39627.0,58.0,2,30,-2.142768787202381,2.041545597956731,37.96136005107837,129.99038224243122,3,1,17.785714285714285,17.333333333333332,70.0,58.0,0.0,0.0,10
2024-04-04,FALSE_TREND,09:57:00,10:01:00,TREND_SHORT,EARLY_HARD_STOP,short,39579.0,39620.0,-82.0,4,27,-7.07206053495116,10.99951171875,29.919091975731135,183.9757159382134,0,9,18.285714285714285,18.333333333333332,-21.0,0.0,-41.0,0.0,9
2024-04-04,TRUE_TREND,13:43:00,13:58:00,TREND_SHORT,PARTIAL_TP,short,39568.0,39517.0,51.0,15,253,-0.19992090843250654,0.026902362110191008,135.4284621209954,191.7724489281245,0,5,9.785714285714286,9.466666666666667,-36.0,51.0,-10.0,0.0,13
2024-04-05,FALSE_TREND,09:52:00,10:07:00,TREND_LONG,EXIT_FLAT,long,39038.0,38977.0,-122.0,15,22,-3.6664062499999996,5.199913469505756,37.601038365930435,127.98993204149156,3,2,27.714285714285715,27.733333333333334,30.0,5.0,-61.0,0.0,9
2024-04-05,FALSE_TREND,10:12:00,10:16:00,TREND_LONG,EARLY_HARD_STOP,long,39062.0,39020.0,-84.0,4,42,-0.44464518229166666,1.258943194168404,79.71562442724098,145.98034357080905,3,2,28.642857142857142,28.2,85.0,0.0,-42.0,0.0,10
2024-04-05,TRUE_TREND,10:45:00,10:49:00,TREND_LONG,PARTIAL_TP,long,39053.0,39104.0,51.0,4,75,1.3918089234983766,0.6807122077141609,77.2274261870989,149.96452248167043,2,2,18.428571428571427,19.666666666666668,18.0,51.0,-1.0,0.0,10
2024-04-05,TRUE_TREND,11:45:00,12:15:00,TREND_LONG,PARTIAL_TP,long,39269.0,39323.0,54.0,30,135,-9.0,3.750273820465686,78.24753561580292,355.93575690888974,6,1,19.571428571428573,19.4,51.0,54.0,-16.0,0.0,11
2024-04-08,FALSE_TREND,10:02:00,10:30:00,TREND_SHORT,EXIT_FLAT,short,39226.0,39286.0,-120.0,28,32,-6.882410037878788,-1.0476194152315077,19.705539772730845,117.9967726340401,0,6,19.642857142857142,19.333333333333332,-48.0,34.0,-60.0,0.0,10
2024-04-08,TRUE_TREND,12:01:00,12:23:00,TREND_SHORT,CHOP_TP,short,39196.0,39183.0,26.0,22,151,-0.9785971676210186,-1.5294773478594388,17.09154445132299,141.9727691926746,1,4,14.928571428571429,14.6,-5.0,13.0,-25.0,0.0,12
2024-04-09,FALSE_TREND,09:54:00,10:15:00,TREND_SHORT,EXIT_FLAT,short,39128.0,39191.0,-126.0,21,24,-8.829230043054771,1.0,31.39077939723211,189.9898385132692,0,8,21.0,20.866666666666667,-45.0,0.0,-63.0,0.0,9
2024-04-09,TRUE_TREND,10:30:00,10:36:00,TREND_SHORT,PARTIAL_TP,short,39063.0,38983.0,80.0,6,60,-2.0000630473042587,0.38723753173144254,71.16588693694939,260.9732105625517,0,7,22.571428571428573,21.2,-123.0,80.0,-16.0,0.0,10
2024-04-10,TRUE_TREND,10:33:00,10:38:00,TREND_LONG,PARTIAL_TP,long,38832.0,38885.0,53.0,5,63,2.500174753289474,2.312442500495507,2.185856192234496,195.9854223397124,3,0,23.357142857142858,23.666666666666668,55.0,53.0,-1.0,0.0,10
2024-04-10,FALSE_TREND,13:05:00,13:19:00,TREND_SHORT,EXIT_FLAT,short,38629.0,38695.0,-132.0,14,215,1.3333221303436147,-0.19130606452254328,99.81145497263788,262.9512973294113,4,5,24.928571428571427,23.733333333333334,-118.0,32.0,-66.0,0.0,13
2024-04-11,TRUE_TREND,10:07:00,10:15:00,TREND_SHORT,PARTIAL_TP,short,38565.0,38506.0,59.0,8,37,-13.082472296583623,5.00018310546875,18.34040473280038,284.98384759733744,1,7,30.357142857142858,30.333333333333332,-44.0,59.0,0.0,0.0,10
2024-04-12,TRUE_TREND,10:35:00,10:50:00,TREND_SHORT,PARTIAL_TP,short,38388.0,38336.0,52.0,15,65,-3.2498850047831636,0.799883742559524,28.503909837374522,173.9778450091253,0,5,17.5,17.466666666666665,-21.0,52.0,0.0,0.0,10
2024-04-12,TRUE_TREND,12:32:00,12:59:00,TREND_SHORT,PARTIAL_TP,short,38289.0,38234.0,55.0,27,182,0.38521238555392795,10.99945068359375,161.17892019326973,268.92494444191834,1,8,22.0,21.2,-42.0,55.0,-23.0,0.0,12
2024-04-12,TRUE_TREND,13:09:00,13:28:00,TREND_SHORT,PARTIAL_TP,short,38213.0,38161.0,52.0,19,219,0.5999334426153273,1.8331298828125,43.799800327840785,357.9082152435294,2,3,17.785714285714285,17.666666666666668,-22.0,52.0,-42.0,0.0,13
2024-04-15,TRUE_TREND,10:03:00,10:08:00,TREND_SHORT,PARTIAL_TP,short,38531.0,38460.0,71.0,5,33,-2.684026902721774,0.5713292738970588,33.9514081401212,106.97686089331546,2,5,19.785714285714285,19.933333333333334,-33.0,71.0,-4.0,0.0,10
2024-04-15,TRUE_TREND,13:26:00,13:30:00,TREND_SHORT,PARTIAL_TP,short,38118.0,38035.0,83.0,4,236,-6.874463427197802,1.9999593098958335,57.13412173763936,527.8253369203521,1,8,23.642857142857142,22.866666666666667,-32.0,83.0,0.0,0.0,13
2024-04-15,FALSE_TREND,13:49:00,13:58:00,TREND_SHORT,EXIT_FLAT,short,38012.0,38078.0,-132.0,9,259,-6.235173319327732,1.374967447916666,35.5930672268878,640.8081690951294,3,2,28.0,29.0,-22.0,22.0,-66.0,0.0,13
2024-04-16,TRUE_TREND,10:31:00,11:01:00,TREND_SHORT,CHOP_TP,short,38044.0,38025.0,38.0,30,61,0.6110657208795869,-2.875131560470954,96.16598581319704,190.9801467004072,0,7,23.714285714285715,24.8,-54.0,33.0,-22.0,0.0,10
2024-04-16,FALSE_TREND,13:30:00,13:32:00,TREND_SHORT,EARLY_HARD_STOP,short,37989.0,38042.0,-106.0,2,240,0.22623073197182178,-1.0653646537923882,135.3047491915786,243.92188860724855,5,3,29.357142857142858,28.466666666666665,-127.0,22.0,-53.0,0.0,13
2024-04-16,FALSE_TREND,14:09:00,14:13:00,TREND_LONG,EARLY_HARD_STOP,long,38233.0,38171.0,-124.0,4,279,0.12888402972438745,5.199339693509615,115.81603895127773,291.9879578069449,6,2,31.071428571428573,30.333333333333332,144.0,0.0,-62.0,0.0,14
2024-04-17,TRUE_TREND,10:12:00,10:43:00,TREND_SHORT,PARTIAL_TP,short,38099.0,38035.0,64.0,31,42,-6.3570860877403845,-1.0002303071471965,3.286622596155212,168.9889157668731,0,4,27.785714285714285,27.333333333333332,-65.0,64.0,-12.0,0.0,10
2024-04-17,FALSE_TREND,12:46:00,12:49:00,TREND_SHORT,EARLY_HARD_STOP,short,37854.0,37900.0,-92.0,3,196,0.03436157308433937,5.000244140625,102.68747560230986,414.92063650430646,2,5,22.214285714285715,21.6,-57.0,0.0,-46.0,0.0,12
2024-04-18,TRUE_TREND,09:56:00,10:17:00,TREND_LONG,PARTIAL_TP,long,38174.0,38236.0,62.0,21,26,3.5995117187499996,2.7503603980654763,23.2024646577338,127.99153893924813,6,0,26.214285714285715,25.933333333333334,54.0,62.0,-50.0,0.0,9
2024-04-18,FALSE_TREND,10:56:00,11:40:00,TREND_LONG,EXIT_FLAT,long,38285.0,38214.0,-142.0,44,86,-1.333197206439394,2.4373746073172735,31.258526702426025,245.96481969785964,2,1,19.285714285714285,20.133333333333333,32.0,32.0,-71.0,0.0,10
2024-04-18,TRUE_TREND,12:47:00,13:10:00,TREND_SHORT,PARTIAL_TP,short,38055.0,38004.0,51.0,23,197,-2.1779883492761773,-0.10114193631912728,57.81253593329893,270.95992113792454,0,7,25.285714285714285,24.533333333333335,-26.0,51.0,-3.0,0.0,12
2024-04-19,FALSE_TREND,10:06:00,10:19:00,TREND_LONG,EXIT_FLAT,long,38207.0,38142.0,-130.0,13,36,0.0003313337053572063,4.5827931833791204,26.840895432695106,196.9876879159201,4,2,25.714285714285715,26.2,21.0,9.0,-65.0,0.0,10
2024-04-19,TRUE_TREND,13:08:00,13:50:00,TREND_LONG,PARTIAL_TP,long,38230.0,38285.0,55.0,42,218,1.9095811203063242,-0.615309235587013,160.78406463898864,217.92366505513928,5,1,20.571428571428573,22.733333333333334,17.0,55.0,-29.0,0.0,13
2024-04-22,FALSE_TREND,11:13:00,11:54:00,TREND_SHORT,EXIT_FLAT,short,38238.0,38300.0,-124.0,41,103,-0.7998976663310126,-2.600217187606903,19.404172811409808,196.948411097801,0,7,13.0,12.2,-6.0,21.0,-62.0,0.0,11
2024-04-22,TRUE_TREND,13:25:00,13:33:00,TREND_LONG,PARTIAL_TP,long,38489.0,38547.0,58.0,8,235,-0.33321707589285715,2.1711912369950745,25.538493826505146,286.93538855620136,3,1,12.214285714285714,12.466666666666667,21.0,58.0,0.0,0.0,13
2024-04-22,FALSE_TREND,14:24:00,14:42:00,TREND_LONG,EXIT_FLAT,long,38676.0,38615.0,-122.0,18,294,-2.4998372395833335,0.5790447199612155,35.78859752034623,471.9058375623499,5,1,13.714285714285714,13.533333333333333,33.0,3.0,-61.0,0.0,14
2024-04-23,FALSE_TREND,09:55:00,10:13:00,TREND_LONG,EXIT_FLAT,long,38652.0,38580.0,-144.0,18,25,-1.1248697916666666,14.83330078125,19.333398437498545,137.99420500652923,2,0,30.5,29.266666666666666,64.0,0.0,-72.0,0.0,9
2024-04-23,TRUE_TREND,10:41:00,10:59:00,TREND_LONG,PARTIAL_TP,long,38675.0,38726.0,51.0,18,71,-2.7273370651971724,1.0001695892320892,76.17929776787787,161.98017495506065,3,0,17.785714285714285,18.0,21.0,51.0,-7.0,0.0,10
2024-04-23,FALSE_TREND,13:29:00,16:00:00,TREND_LONG,SESSION_EXIT,long,38742.0,38726.0,-32.0,151,239,-0.1142814703115868,0.3999925981396368,54.42908817157877,229.92893482710497,7,0,12.357142857142858,12.4,26.0,42.0,-46.0,0.0,13
2024-04-24,FALSE_TREND,10:08:00,10:17:00,TREND_LONG,EXIT_FLAT,long,38737.0,38665.0,-144.0,9,38,-0.13881125162991947,1.2664363401610643,47.408291754203674,108.98982678120228,5,0,18.571428571428573,18.733333333333334,28.0,0.0,-72.0,0.0,10
2024-04-24,FALSE_TREND,13:47:00,14:14:00,TREND_LONG,EXIT_FLAT,long,38736.0,38664.0,-144.0,27,257,1.1288918559922467,0.8638088011986581,30.376222763698024,225.965524210289,5,0,13.0,13.2,27.0,29.0,-72.0,0.0,13
2024-04-25,TRUE_TREND,09:51:00,10:00:00,TREND_SHORT,PARTIAL_TP,short,38032.0,37975.0,57.0,9,21,-5.3851575349506575,4.0,55.30389725534769,186.9901776641782,2,4,31.214285714285715,31.6,-56.0,57.0,0.0,0.0,9
2024-04-25,TRUE_TREND,13:04:00,13:38:00,TREND_LONG,PARTIAL_TP,long,38209.0,38276.0,67.0,34,214,1.16558605582951,2.600074986049107,171.75917737685086,288.9356633875359,3,0,15.857142857142858,15.933333333333334,14.0,67.0,-43.0,0.0,13
2024-04-25,FALSE_TREND,15:24:00,15:41:00,TREND_LONG,EXIT_FLAT,long,38342.0,38259.0,-166.0,17,354,3.1908529610816045,0.00013244369427549427,50.99615913286834,410.8669066251532,9,0,15.928571428571429,15.666666666666666,10.0,10.0,-83.0,0.0,15
2024-04-26,TRUE_TREND,09:50:00,10:03:00,TREND_LONG,PARTIAL_TP,long,38422.0,38488.0,66.0,13,20,-1.4738002232142855,6.736161127305569,26.698178123529942,182.99352967693267,4,1,27.571428571428573,27.0,31.0,66.0,-19.0,0.0,9
2024-04-26,FALSE_TREND,12:59:00,15:44:00,TREND_LONG,EXIT_FLAT,long,38505.0,38435.0,-140.0,165,209,0.44747300542581486,0.7691678184932497,24.09200232898729,263.93238535444834,6,0,9.5,9.133333333333333,14.0,24.0,-70.0,0.0,12
2024-04-29,FALSE_TREND,10:48:00,12:33:00,TREND_SHORT,EXIT_FLAT,short,38479.0,38542.0,-126.0,105,78,-0.5936047402433092,-0.10416664181490248,55.31326880677807,126.98191725023935,0,5,13.5,12.933333333333334,-19.0,9.0,-63.0,0.0,10
2024-04-30,FALSE_TREND,09:53:00,10:17:00,TREND_SHORT,EXIT_FLAT,short,38353.0,38424.0,-142.0,24,23,-5.391129557291667,0.562400630482456,33.653222656248545,81.9872025741497,1,2,23.0,22.266666666666666,-50.0,29.0,-71.0,0.0,9
2024-04-30,FALSE_TREND,10:18:00,10:29:00,TREND_LONG,EXIT_FLAT,long,38430.0,38361.0,-138.0,11,48,3.2005397716583897,3.5555702110389613,4.737199667848472,126.9883155316711,5,3,20.357142857142858,20.133333333333333,45.0,0.0,-69.0,0.0,10
2024-04-30,FALSE_TREND,10:46:00,11:05:00,TREND_LONG,EXIT_FLAT,long,38439.0,38376.0,-126.0,19,76,-0.5557976917419267,0.7633500079719389,89.6096875893345,128.97273608511023,9,0,15.571428571428571,15.6,52.0,16.0,-63.0,0.0,10
2024-04-30,TRUE_TREND,11:09:00,11:15:00,TREND_SHORT,PARTIAL_TP,short,38297.0,38247.0,50.0,6,99,-5.525827295639935,0.514358989221789,67.27268358476431,169.99054107361735,0,10,18.214285714285715,17.8,-90.0,50.0,-4.0,0.0,11
2024-04-30,TRUE_TREND,15:53:00,15:59:00,TREND_SHORT,PARTIAL_TP,short,38058.0,37988.0,70.0,6,383,-16.3330078125,0.04837247083813363,10.0009765625,409.8325214391298,1,6,19.571428571428573,18.933333333333334,-56.0,70.0,0.0,0.0,15
2024-05-01,TRUE_TREND,11:39:00,14:23:00,TREND_LONG,PARTIAL_TP,long,38103.0,38158.0,55.0,164,129,0.6000478376720005,0.9444023849045214,7.168346495360311,134.94231100435718,4,0,11.0,10.8,15.0,55.0,-46.0,0.0,11
2024-05-02,FALSE_TREND,10:09:00,10:11:00,TREND_SHORT,EARLY_HARD_STOP,short,38049.0,38100.0,-102.0,2,39,-4.771388738339806,-0.000295293898809513,38.91583920474659,283.9754497749236,0,5,26.785714285714285,25.533333333333335,-88.0,0.0,-51.0,0.0,10
2024-05-02,FALSE_TREND,13:30:00,13:35:00,TREND_LONG,EARLY_HARD_STOP,long,38327.0,38278.0,-98.0,5,240,0.23303982541839197,2.0998594586781887,30.42107662311173,291.873472501371,7,0,13.5,13.466666666666667,49.0,0.0,-49.0,0.0,13
2024-05-03,TRUE_TREND,10:04:00,10:12:00,TREND_SHORT,PARTIAL_TP,short,38808.0,38755.0,53.0,8,34,-25.997998046875,-3.400116972870879,10.99199218749709,164.98916319707496,1,6,36.642857142857146,35.06666666666667,-94.0,53.0,-34.0,0.0,10
2024-05-06,TRUE_TREND,10:33:00,11:10:00,TREND_SHORT,CHOP_TP,short,38930.0,38906.0,48.0,37,63,-0.8678139775945661,-0.8574381510416668,30.06334736673307,102.98563478035067,2,5,11.285714285714286,10.733333333333333,-38.0,40.0,-19.0,0.0,10
2024-05-06,FALSE_TREND,11:20:00,13:35:00,TREND_SHORT,EXIT_FLAT,short,38876.0,38941.0,-130.0,135,110,-0.8679021384017757,-2.4414062499977796e-05,54.26656905260461,156.97491784922022,0,6,10.571428571428571,10.666666666666666,-8.0,34.0,-65.0,0.0,11
2024-05-07,TRUE_TREND,09:52:00,10:24:00,TREND_LONG,CHOP_TP,long,39085.0,39113.0,56.0,32,22,0.00018959320981689248,2.277624458874459,30.16988636363385,86.99613243056956,3,3,16.928571428571427,17.6,19.0,34.0,-20.0,0.0,9
2024-05-07,TRUE_TREND,13:50:00,14:14:00,TREND_SHORT,CHOP_TP,short,39038.0,39018.0,40.0,24,260,-0.1774344729181911,-0.26475020890999645,35.806179487473855,126.96132433659659,1,6,13.714285714285714,13.133333333333333,-21.0,36.0,0.0,0.0,13
2024-05-08,TRUE_TREND,10:25:00,10:54:00,TREND_LONG,PARTIAL_TP,long,39051.0,39105.0,54.0,29,55,-0.09521098381916998,1.1621212847789166,20.083329337161558,93.98301056855416,7,0,10.357142857142858,10.133333333333333,15.0,54.0,-23.0,0.0,10
2024-05-08,TRUE_TREND,13:58:00,14:38:00,TREND_LONG,CHOP_TP,long,39141.0,39183.0,84.0,40,268,-0.1666434151785714,0.6248964127215938,42.75352196746826,184.91721520372812,4,0,8.642857142857142,8.6,7.0,46.0,-6.0,0.0,13
2024-05-09,TRUE_TREND,09:59:00,10:16:00,TREND_LONG,PARTIAL_TP,long,39262.0,39314.0,52.0,17,29,0.00010695684523811744,5.497751610910792,10.53822261451569,135.98619412825792,5,0,12.785714285714286,13.066666666666666,16.0,52.0,-2.0,0.0,9
2024-05-09,TRUE_TREND,10:22:00,10:38:00,TREND_LONG,PARTIAL_TP,long,39331.0,39400.0,69.0,16,52,-0.8000209263392857,3.999747993848982,13.01068889004091,204.97485350219358,2,3,13.357142857142858,13.533333333333333,24.0,69.0,0.0,0.0,10
2024-05-09,TRUE_TREND,13:27:00,14:39:00,TREND_LONG,PARTIAL_TP,long,39437.0,39488.0,51.0,72,237,-0.4091512205101285,1.1421220238184926,35.46052923005482,315.883635857841,2,4,10.357142857142858,10.133333333333333,36.0,51.0,-1.0,0.0,13
2024-05-09,TRUE_TREND,15:06:00,16:00:00,TREND_LONG,SESSION_EXIT,long,39523.0,39542.0,38.0,54,336,-0.22236254142992423,1.0545659436972938,41.7216717342817,397.8348220922999,1,4,8.357142857142858,8.2,14.0,26.0,-14.0,0.0,15
2024-05-13,TRUE_TREND,10:31:00,11:01:00,TREND_SHORT,CHOP_TP,short,39690.0,39675.0,30.0,30,61,-0.7221713350957948,0.07497346692583275,34.9475485591538,90.98204881294077,3,5,10.071428571428571,9.8,-32.0,27.0,-17.0,0.0,10
2024-05-14,FALSE_TREND,13:03:00,14:12:00,TREND_SHORT,EXIT_FLAT,short,39507.0,39576.0,-138.0,69,213,-0.6363231106178069,2.0,24.913427163897722,165.95201060070394,2,3,9.214285714285714,8.866666666666667,-29.0,14.0,-69.0,0.0,13
2024-05-14,TRUE_TREND,14:40:00,15:22:00,TREND_LONG,PARTIAL_TP,long,39670.0,39731.0,61.0,42,310,0.21917757448893316,1.736582300553646,22.652701244289347,183.976426243491,8,0,11.0,10.6,38.0,61.0,-15.0,0.0,14
2024-05-15,FALSE_TREND,09:53:00,10:41:00,TREND_SHORT,EXIT_FLAT,short,39815.0,39881.0,-132.0,48,23,-4.999928613852339,-2.8572277293485753,40.85927257400181,102.98818981050135,0,5,20.285714285714285,20.2,-47.0,11.0,-66.0,0.0,9
2024-05-15,TRUE_TREND,11:15:00,11:28:00,TREND_LONG,CHOP_TP,long,39939.0,39954.0,30.0,13,105,-1.49996337890625,1.675516904653924,41.3996350508678,139.9784462853786,4,0,11.285714285714286,11.466666666666667,16.0,15.0,-9.0,0.0,11
2024-05-15,TRUE_TREND,15:43:00,16:00:00,TREND_LONG,SESSION_EXIT,long,40012.0,40022.0,20.0,17,373,0.5,0.48450379179178943,40.0827562922932,215.8993175999858,5,0,9.785714285714286,9.666666666666666,22.0,46.0,-8.0,0.0,15
2024-05-16,TRUE_TREND,10:12:00,10:30:00,TREND_LONG,CHOP_TP,long,40105.0,40136.0,62.0,18,42,-0.14981004668445122,8.749169921875,11.254150390625,88.99287879830081,8,0,14.357142857142858,14.266666666666667,45.0,31.0,0.0,0.0,10
2024-05-16,FALSE_TREND,14:14:00,14:33:00,TREND_SHORT,EXIT_FLAT,short,40014.0,40075.0,-122.0,19,284,-0.4082249019006898,-0.8055385263824212,1.4916549633489922,177.95211582472984,1,5,12.714285714285714,12.2,-38.0,2.0,-61.0,0.0,14
2024-05-16,TRUE_TREND,15:59:00,16:00:00,TREND_SHORT,SESSION_EXIT,short,40007.0,40001.0,12.0,1,389,-0.28295642636770035,0.307597478217228,102.58521786815982,189.9263320697064,5,4,19.785714285714285,18.933333333333334,-102.0,6.0,0.0,0.0,15
2024-05-17,FALSE_TREND,13:08:00,14:21:00,TREND_LONG,EXIT_FLAT,long,40074.0,40010.0,-128.0,73,218,-0.4999999999999999,0.06900422112126506,76.44459899348294,95.95785045325465,7,1,6.071428571428571,6.0,5.0,8.0,-64.0,0.0,13
2024-05-17,TRUE_TREND,15:25:00,16:00:00,TREND_LONG,SESSION_EXIT,long,40109.0,40119.0,20.0,35,355,-2.0,0.013988898475376968,118.13268829452863,126.93048320581147,4,0,8.357142857142858,8.4,19.0,30.0,-11.0,0.0,15
2024-05-20,TRUE_TREND,10:10:00,10:41:00,TREND_LONG,CHOP_TP,long,40149.0,40192.0,86.0,31,40,1.6001020660149836,3.1427677617521366,0.9701126379368361,113.99153793609003,3,2,12.642857142857142,12.666666666666666,47.0,43.0,-3.0,0.0,10
2024-05-20,TRUE_TREND,13:32:00,14:07:00,TREND_SHORT,PARTIAL_TP,short,40032.0,39980.0,52.0,35,242,-0.8400625349026652,8.797889866736725e-07,78.55899944155681,185.96094430362427,0,3,12.857142857142858,12.333333333333334,-19.0,52.0,-13.0,0.0,13
2024-05-21,FALSE_TREND,10:06:00,12:09:00,TREND_LONG,EXIT_FLAT,long,39995.0,39934.0,-122.0,123,36,-0.11757878007288447,1.9565091040826614,18.217745085690694,85.99495531224966,6,1,13.5,13.466666666666667,28.0,18.0,-61.0,0.0,10
2024-05-22,FALSE_TREND,11:50:00,12:33:00,TREND_SHORT,EXIT_FLAT,short,39897.0,39961.0,-128.0,43,140,-0.850438336719818,0.05783923339298279,41.384219878091244,129.97178399677068,2,5,8.928571428571429,8.533333333333333,-31.0,0.0,-64.0,0.0,11
2024-05-22,TRUE_TREND,13:37:00,14:02:00,TREND_SHORT,PARTIAL_TP,short,39866.0,39790.0,76.0,25,247,-0.18516213292352174,0.0943727621279806,96.11884246056434,158.93205885561474,0,6,11.642857142857142,11.333333333333334,-61.0,76.0,-1.0,0.0,13
2024-05-22,TRUE_TREND,14:21:00,14:37:00,TREND_SHORT,PARTIAL_TP,short,39731.0,39677.0,54.0,16,291,-0.5000207768170774,0.8231312240322387,198.4986910605221,280.9157233010046,0,6,16.857142857142858,17.133333333333333,-48.0,54.0,-19.0,0.0,14
2024-05-23,TRUE_TREND,13:20:00,13:37:00,TREND_SHORT,PARTIAL_TP,short,39354.0,39278.0,76.0,17,230,-0.4723199857895064,0.3000662667410715,140.92943588300113,459.8354945244864,3,2,15.071428571428571,15.466666666666667,-47.0,76.0,-28.0,0.0,13
2024-05-24,FALSE_TREND,09:50:00,11:03:00,TREND_SHORT,EXIT_FLAT,short,39184.0,39265.0,-162.0,73,20,-4.778356307592148,0.31559094880756583,36.66493107721908,99.99707666126778,0,6,17.285714285714285,17.6,-54.0,48.0,-81.0,0.0,9
2024-05-24,FALSE_TREND,11:09:00,11:39:00,TREND_LONG,EXIT_FLAT,long,39287.0,39222.0,-130.0,30,99,-3.5001220703125,4.7863763339277625,41.42273506496713,160.9939097620154,6,1,16.428571428571427,16.0,8.0,22.0,-65.0,0.0,11
2024-05-27,FALSE_TREND,09:53:00,10:54:00,TREND_SHORT,EXIT_FLAT,short,39109.0,39160.0,-102.0,61,23,-1.7750418526785714,0.14267352043337095,17.799665178572468,41.99777825635101,2,9,6.071428571428571,5.866666666666666,-21.0,1.0,-51.0,0.0,9
2024-05-27,TRUE_TREND,10:56:00,12:38:00,TREND_LONG,CHOP_TP,long,39171.0,39192.0,42.0,102,86,-2.0,0.1348694605389171,58.49339402598707,65.99081685583224,9,0,6.785714285714286,6.333333333333333,31.0,21.0,-22.0,0.0,10
2024-05-28,TRUE_TREND,13:46:00,14:29:00,TREND_SHORT,PARTIAL_TP,short,38888.0,38838.0,50.0,43,256,-0.30161832353047396,-8.796243106568014e-06,90.90290058816754,239.9149944650344,1,6,10.357142857142858,10.133333333333333,-33.0,50.0,-8.0,0.0,13
2024-05-29,FALSE_TREND,10:07:00,10:53:00,TREND_LONG,EXIT_FLAT,long,38635.0,38575.0,-120.0,46,37,1.6001191638764878,2.888428606945049,41.570284577755956,150.98540676948323,5,2,19.5,19.133333333333333,18.0,6.0,-60.0,0.0,10
2024-05-30,FALSE_TREND,12:59:00,14:36:00,TREND_LONG,EXIT_FLAT,long,38289.0,38225.0,-128.0,97,209,0.4682747793710299,0.6352739298584181,13.826052341973991,182.9614860653528,6,1,10.714285714285714,10.466666666666667,18.0,13.0,-64.0,0.0,12
2024-05-31,TRUE_TREND,09:54:00,10:49:00,TREND_SHORT,CHOP_TP,short,38240.0,38215.0,50.0,55,24,-11.856702867445055,-7.000106452493107,70.71032580700557,149.99091721582954,0,6,22.357142857142858,21.866666666666667,-21.0,47.0,-26.0,0.0,9
2024-05-31,TRUE_TREND,13:24:00,14:02:00,TREND_LONG,PARTIAL_TP,long,38375.0,38428.0,53.0,38,234,0.8417319923837303,0.7107562288830207,16.384818121914577,200.86795024666208,2,2,10.142857142857142,10.0,28.0,53.0,-2.0,0.0,13
2024-05-31,TRUE_TREND,15:26:00,15:44:00,TREND_LONG,PARTIAL_TP,long,38499.0,38554.0,55.0,18,356,-0.1999186197916667,2.333051340112842,11.339819177403115,318.7827118286441,2,1,12.071428571428571,12.4,15.0,55.0,-32.0,0.0,15
2024-06-03,TRUE_TREND,09:50:00,10:36:00,TREND_SHORT,PARTIAL_TP,short,38718.0,38666.0,52.0,46,20,-2.999918619791667,4.999755859375,48.001220703125,123.98935904700193,2,5,24.857142857142858,25.666666666666668,-41.0,52.0,-39.0,0.0,9
2024-06-03,TRUE_TREND,11:39:00,12:13:00,TREND_SHORT,PARTIAL_TP,short,38511.0,38460.0,51.0,34,129,-1.3032457928324854,-0.00019531249999947368,42.96832332167833,327.9292378632599,0,5,16.0,15.866666666666667,-5.0,51.0,-37.0,0.0,11
2024-06-04,TRUE_TREND,10:00:00,10:32:00,TREND_LONG,PARTIAL_TP,long,38708.0,38764.0,56.0,32,30,-0.4542806131856425,6.082653260713857,30.685708700009855,266.9882676672132,2,4,21.857142857142858,21.466666666666665,72.0,56.0,-38.0,0.0,10
2024-06-04,TRUE_TREND,14:12:00,14:20:00,TREND_LONG,PARTIAL_TP,long,38778.0,38835.0,57.0,8,282,-0.013804259859416532,2.0766927083333333,14.849609375,289.88267695307877,4,0,11.928571428571429,11.666666666666666,26.0,57.0,-8.0,0.0,14
2024-06-05,TRUE_TREND,10:00:00,10:06:00,TREND_SHORT,PARTIAL_TP,short,38715.0,38663.0,52.0,6,30,-10.999267578124998,0.49968261718749996,9.9970703125,254.98979757632333,0,4,24.428571428571427,24.2,-38.0,52.0,0.0,0.0,10
2024-06-06,FALSE_TREND,09:54:00,10:26:00,TREND_LONG,EXIT_FLAT,long,39059.0,38996.0,-126.0,32,24,-1.7503662109375,12.332241993033008,22.353350962192053,254.99336988098366,6,0,25.571428571428573,27.133333333333333,15.0,24.0,-63.0,0.0,9
2024-06-07,TRUE_TREND,10:00:00,10:14:00,TREND_LONG,PARTIAL_TP,long,38935.0,38987.0,52.0,14,30,4.501063755580358,3.352424643121824,37.24665785131947,151.9909961509984,5,3,24.857142857142858,24.333333333333332,77.0,52.0,-21.0,0.0,10
2024-06-10,FALSE_TREND,09:51:00,10:38:00,TREND_LONG,EXIT_FLAT,long,38859.0,38798.0,-122.0,47,21,-0.4497894683441557,10.571821732954545,28.28453480113967,139.99714880287502,8,0,28.071428571428573,28.4,54.0,44.0,-61.0,0.0,9
2024-06-10,FALSE_TREND,13:49:00,16:00:00,TREND_LONG,SESSION_EXIT,long,38917.0,38917.0,0.0,131,259,-0.004462459636927119,0.31619858693847974,117.26655185232084,211.93545871208335,5,2,12.785714285714286,12.2,52.0,17.0,-41.0,0.0,13
2024-06-11,TRUE_TREND,14:29:00,16:00:00,TREND_LONG,SESSION_EXIT,long,38778.0,38781.0,6.0,91,299,0.1307315684640162,1.6888325371338657,5.3361384307499975,302.8978656246836,2,0,13.071428571428571,13.4,14.0,29.0,-56.0,0.0,14
2024-06-12,TRUE_TREND,10:05:00,10:11:00,TREND_SHORT,PARTIAL_TP,short,39046.0,38987.0,59.0,6,35,-2.7499880936345447,0.19978893649193544,44.000238127307966,141.98059397274483,3,4,21.285714285714285,21.6,-24.0,59.0,-9.0,0.0,10
2024-06-12,TRUE_TREND,11:11:00,11:25:00,TREND_SHORT,PARTIAL_TP,short,38950.0,38896.0,54.0,14,101,-1.352045422732362,-3.0002685546875,65.73454647255858,239.9439997578811,4,1,14.642857142857142,14.4,-28.0,54.0,-6.0,0.0,11
2024-06-12,TRUE_TREND,12:33:00,14:00:00,TREND_SHORT,PARTIAL_TP,short,38826.0,38771.0,55.0,87,183,-1.752317913709536,3.0000406901041665,24.23583921732643,360.8985341844091,1,4,13.571428571428571,13.333333333333334,-36.0,55.0,-44.0,0.0,12
2024-06-13,TRUE_TREND,09:57:00,10:33:00,TREND_SHORT,PARTIAL_TP,short,38506.0,38443.0,63.0,36,27,-3.832666015625,0.8570607503255208,41.84467773437791,184.99068622833147,5,3,24.928571428571427,25.0,-32.0,63.0,-42.0,0.0,9
2024-06-14,TRUE_TREND,09:51:00,10:05:00,TREND_SHORT,PARTIAL_TP,short,38415.0,38365.0,50.0,14,21,-9.250520833333333,-3.31256223192402,17.00208333333285,137.99669659954088,0,9,23.642857142857142,23.6,-68.0,50.0,-54.0,0.0,9
2024-06-14,TRUE_TREND,11:30:00,12:50:00,TREND_LONG,PARTIAL_TP,long,38555.0,38609.0,54.0,80,120,2.08492208194419,3.4821625229211577,105.10812614605675,240.97456409889128,4,2,16.285714285714285,15.866666666666667,35.0,54.0,-54.0,0.0,11
2024-06-17,FALSE_TREND,09:50:00,09:53:00,TREND_LONG,EARLY_HARD_STOP,long,38576.0,38536.0,-80.0,3,20,-0.8180524553571428,1.999751637394267,77.00248362605635,127.99072334950324,7,0,28.214285714285715,28.0,34.0,1.0,-40.0,0.0,9
2024-06-17,TRUE_TREND,10:57:00,11:13:00,TREND_LONG,PARTIAL_TP,long,38587.0,38642.0,55.0,16,87,-2.3333496093749995,1.8946980265827924,22.544739879260305,138.95964636818098,5,1,11.071428571428571,10.733333333333333,6.0,55.0,0.0,0.0,10
2024-06-17,TRUE_TREND,12:25:00,12:32:00,TREND_LONG,PARTIAL_TP,long,38695.0,38748.0,53.0,7,175,-0.01676342347385643,1.107697314312854,47.2667981483246,249.9188289193844,2,3,11.642857142857142,10.8,48.0,53.0,0.0,0.0,12
2024-06-17,TRUE_TREND,13:53:00,14:08:00,TREND_LONG,PARTIAL_TP,long,38794.0,38855.0,61.0,15,263,-0.00010141225961537694,1.5292176363760965,19.41696563185542,346.87801139282965,3,2,9.857142857142858,9.466666666666667,23.0,61.0,-12.0,0.0,13
2024-06-17,FALSE_TREND,14:26:00,14:46:00,TREND_LONG,EXIT_FLAT,long,38870.0,38809.0,-122.0,20,296,-1.4998209635416664,1.7497966085359216,129.49552538779244,425.8627048884082,2,2,15.571428571428571,15.4,40.0,0.0,-61.0,0.0,14
2024-06-17,FALSE_TREND,15:41:00,15:46:00,TREND_LONG,EARLY_HARD_STOP,long,38877.0,38835.0,-84.0,5,371,-0.06753721494932433,0.2499143747263222,65.25368188676657,430.8279172157854,4,0,12.428571428571429,11.733333333333333,22.0,0.0,-42.0,0.0,15
2024-06-18,TRUE_TREND,10:24:00,11:05:00,TREND_SHORT,CHOP_TP,short,38787.0,38771.0,32.0,41,54,-3.1175934001086225,-2.3335968180773725,27.47183276497526,183.98927721491782,4,1,15.428571428571429,14.666666666666666,-55.0,33.0,-45.0,0.0,10
2024-06-19,TRUE_TREND,09:51:00,10:53:00,TREND_SHORT,CHOP_TP,short,38819.0,38802.0,34.0,62,21,-0.928430968445617,-5.10475852272714e-05,9.502949662644824,34.997830886990414,2,1,5.357142857142857,2.8666666666666667,-4.0,31.0,-7.0,0.0,9
2024-06-20,FALSE_TREND,09:52:00,09:57:00,TREND_LONG,EARLY_HARD_STOP,long,39000.0,38952.0,-96.0,5,22,-4.99981689453125,9.346019589990602,36.84776492011588,221.98933860490797,8,0,23.642857142857142,22.266666666666666,59.0,0.0,-48.0,0.0,9
2024-06-20,FALSE_TREND,10:17:00,10:35:00,TREND_LONG,EXIT_FLAT,long,39018.0,38949.0,-138.0,18,47,-0.23069486177884616,-1.6666364397321431,79.23051350016613,239.97664654895198,3,4,19.785714285714285,19.666666666666668,63.0,15.0,-69.0,0.0,10
2024-06-20,TRUE_TREND,12:57:00,13:43:00,TREND_LONG,PARTIAL_TP,long,39037.0,39107.0,70.0,46,207,0.7174503465168107,0.17640280382333184,20.43329338190233,265.8954168801938,8,0,13.0,12.8,20.0,70.0,-34.0,0.0,12
2024-06-20,FALSE_TREND,14:17:00,15:23:00,TREND_LONG,EXIT_FLAT,long,39208.0,39145.0,-126.0,66,287,-0.7497802734375001,5.666949462890625,9.33305053710501,432.85480213091796,4,2,12.571428571428571,11.333333333333334,19.0,47.0,-63.0,0.0,14
2024-06-24,TRUE_TREND,09:56:00,10:08:00,TREND_LONG,PARTIAL_TP,long,39841.0,39893.0,52.0,12,26,-1.0,11.49423913788377,47.56336948327953,225.99220538729423,9,0,25.142857142857142,24.333333333333332,56.0,52.0,-3.0,0.0,9
2024-06-24,TRUE_TREND,10:21:00,10:39:00,TREND_LONG,PARTIAL_TP,long,39910.0,39970.0,60.0,18,51,-1.0,6.780875427375132,17.888484614501067,292.98194935775973,3,3,18.071428571428573,17.733333333333334,37.0,60.0,-17.0,0.0,10
2024-06-25,TRUE_TREND,09:56:00,10:09:00,TREND_SHORT,PARTIAL_TP,short,39705.0,39639.0,66.0,13,26,-0.249755859375,3.6668640136718746,35.252301025393535,145.99140542413807,0,5,25.0,24.933333333333334,-35.0,66.0,0.0,0.0,9
2024-06-25,TRUE_TREND,10:55:00,11:07:00,TREND_SHORT,PARTIAL_TP,short,39635.0,39583.0,52.0,12,85,-3.3747941706730766,0.023200179954902884,15.628499098558677,209.96323424323054,1,5,13.714285714285714,13.133333333333333,-17.0,52.0,-11.0,0.0,10
2024-06-25,FALSE_TREND,12:42:00,13:10:00,TREND_SHORT,EXIT_FLAT,short,39417.0,39480.0,-126.0,28,192,-1.9999940886155172,0.4999651227678572,42.000733011678676,427.91214416668663,0,4,13.714285714285714,13.133333333333333,-14.0,16.0,-63.0,0.0,12
2024-06-26,TRUE_TREND,10:55:00,11:36:00,TREND_LONG,CHOP_TP,long,39433.0,39456.0,46.0,41,85,1.2998550369958932,0.5609273883698994,25.348390396451578,129.9741187469408,6,0,14.928571428571429,14.266666666666667,43.0,42.0,-31.0,0.0,10
2024-06-26,TRUE_TREND,11:44:00,11:54:00,TREND_LONG,PARTIAL_TP,long,39483.0,39542.0,59.0,10,134,-0.2221463849382955,1.9998894479388927,21.00320600977284,179.958839495157,2,0,11.928571428571429,11.533333333333333,21.0,59.0,-6.0,0.0,11
2024-06-27,TRUE_TREND,10:19:00,10:38:00,TREND_LONG,PARTIAL_TP,long,39578.0,39638.0,60.0,19,49,-0.029405214366151823,1.466655823006138,60.400455433744355,144.98717632172338,4,0,18.285714285714285,17.933333333333334,11.0,60.0,-12.0,0.0,10
2024-06-27,FALSE_TREND,14:29:00,15:08:00,TREND_SHORT,EXIT_FLAT,short,39427.0,39488.0,-122.0,39,299,-0.035553972138828584,-11.0,226.83120769952802,223.936973034135,2,1,13.714285714285714,13.6,-23.0,13.0,-61.0,0.0,14
2024-06-28,FALSE_TREND,10:12:00,10:14:00,TREND_LONG,EARLY_HARD_STOP,long,39804.0,39754.0,-100.0,2,42,11.001044853583917,-0.8999234068627452,104.69586972846446,342.9764671701487,8,0,34.07142857142857,33.13333333333333,66.0,0.0,-50.0,0.0,10
2024-06-28,TRUE_TREND,13:51:00,14:22:00,TREND_SHORT,PARTIAL_TP,short,39464.0,39409.0,55.0,31,261,-1.6012251950466727,-0.9677574254288794,56.01665631576179,361.8924214163417,0,4,12.071428571428571,12.0,-19.0,55.0,-18.0,0.0,13
2024-06-28,TRUE_TREND,14:44:00,15:21:00,TREND_SHORT,CHOP_TP,short,39385.0,39368.0,34.0,37,314,-1.592115726549525,4.999837239583333,55.444757226992806,436.86272528443806,3,6,12.928571428571429,13.066666666666666,-10.0,32.0,-10.0,0.0,14
2024-06-28,FALSE_TREND,15:32:00,15:37:00,TREND_SHORT,EARLY_HARD_STOP,short,39334.0,39374.0,-80.0,5,362,-1.4784548558441863,2.9999471475789834,56.075624947094184,494.83583066200663,5,3,15.857142857142858,15.266666666666667,-51.0,37.0,-40.0,0.0,15
2024-07-01,FALSE_TREND,09:52:00,09:54:00,TREND_LONG,EARLY_HARD_STOP,long,39798.0,39752.0,-92.0,2,22,-2.666918945312499,8.14208984375,37.864038085936045,244.99013864157314,3,2,32.785714285714285,32.46666666666667,13.0,0.0,-46.0,0.0,9
2024-07-01,TRUE_TREND,10:14:00,10:32:00,TREND_SHORT,PARTIAL_TP,short,39549.0,39491.0,58.0,18,44,-9.223055996737639,-9.998782784598216,54.098238968064834,264.990586868058,1,7,30.571428571428573,32.266666666666666,-126.0,58.0,-24.0,0.0,10
2024-07-02,TRUE_TREND,13:50:00,14:01:00,TREND_LONG,CHOP_TP,long,39563.0,39578.0,30.0,11,260,0.028913151490646265,-0.08421861575635435,117.92674268977134,149.9189263337903,5,1,10.142857142857142,9.466666666666667,42.0,21.0,0.0,0.0,13
2024-07-02,TRUE_TREND,15:47:00,16:00:00,TREND_LONG,SESSION_EXIT,long,39670.0,39672.0,4.0,13,377,-1.000048828125,0.44698465238473517,164.45974023135204,259.8824431839894,5,1,9.428571428571429,9.0,4.0,21.0,-15.0,0.0,15
2024-07-03,TRUE_TREND,09:51:00,10:43:00,TREND_SHORT,PARTIAL_TP,short,39671.0,39616.0,55.0,52,21,-3.249627081902472,0.4997209821428572,19.505220853367064,91.9954201026485,0,4,18.571428571428573,19.4,-37.0,55.0,-42.0,0.0,9
2024-07-03,FALSE_TREND,11:52:00,12:15:00,TREND_SHORT,EXIT_FLAT,short,39577.0,39643.0,-132.0,23,142,-1.1427456250910026,0.15383806324968433,33.723876242169354,185.96771181004442,1,4,10.5,10.4,-24.0,6.0,-66.0,0.0,11
2024-07-05,FALSE_TREND,10:08:00,10:43:00,TREND_SHORT,EXIT_FLAT,short,39510.0,39574.0,-128.0,35,38,-3.7142531805830035,0.352906162464986,46.57217684658826,172.993404993882,1,8,25.428571428571427,24.8,-56.0,16.0,-64.0,0.0,10
2024-07-05,FALSE_TREND,11:49:00,12:18:00,TREND_LONG,EXIT_FLAT,long,39676.0,39607.0,-138.0,29,139,-0.016352467222536464,1.548329673364191,42.68195580423344,188.9730702726738,9,0,10.214285714285714,10.0,12.0,1.0,-69.0,0.0,11
2024-07-05,FALSE_TREND,14:48:00,16:00:00,TREND_LONG,SESSION_EXIT,long,39696.0,39676.0,-40.0,72,318,-5.0,0.3765647598362185,95.69156152536743,210.9238823478663,5,1,7.928571428571429,8.266666666666667,23.0,31.0,-26.0,0.0,14
2024-07-09,FALSE_TREND,09:57:00,10:48:00,TREND_SHORT,EXIT_FLAT,short,39508.0,39575.0,-134.0,51,27,-4.555371133496133,5.5,28.447948463573994,142.9892655501535,2,5,19.714285714285715,19.8,-34.0,49.0,-67.0,0.0,9
2024-07-10,TRUE_TREND,11:08:00,11:37:00,TREND_LONG,CHOP_TP,long,39668.0,39693.0,50.0,29,98,2.0743476754926102,2.1664495095602465,22.82833871988987,104.97996737828362,8,0,11.5,11.533333333333333,19.0,39.0,-23.0,0.0,11
2024-07-10,TRUE_TREND,12:00:00,12:21:00,TREND_LONG,PARTIAL_TP,long,39726.0,39782.0,56.0,21,150,-1.0,1.722138658574864,7.839600606886961,161.9525543448981,5,0,8.642857142857142,8.266666666666667,17.0,56.0,-12.0,0.0,12
2024-07-10,TRUE_TREND,15:02:00,15:46:00,TREND_LONG,PARTIAL_TP,long,39872.0,39922.0,50.0,44,332,-0.4000283633961397,0.999983756465324,32.00484369237529,309.8566087280342,4,1,9.857142857142858,9.733333333333333,28.0,50.0,-9.0,0.0,15
2024-07-11,TRUE_TREND,09:51:00,10:05:00,TREND_LONG,PARTIAL_TP,long,40086.0,40140.0,54.0,14,21,-0.19976505428165597,10.262684849330357,44.211945452014334,149.99616166861233,8,0,28.214285714285715,28.466666666666665,68.0,54.0,-25.0,0.0,9
2024-07-12,TRUE_TREND,10:17:00,10:58:00,TREND_LONG,PARTIAL_TP,long,40241.0,40296.0,55.0,41,47,-0.025841477025261354,9.499909941133085,1.508988369248982,135.99357744550798,8,0,20.785714285714285,20.6,50.0,55.0,-27.0,0.0,10
2024-07-15,FALSE_TREND,09:50:00,10:48:00,TREND_SHORT,EXIT_FLAT,short,40468.0,40529.0,-122.0,58,20,-3.999581106085526,22.0,152.99664884868253,148.9948354349035,0,5,32.57142857142857,34.333333333333336,-40.0,28.0,-61.0,0.0,9
2024-07-16,TRUE_TREND,09:52:00,09:57:00,TREND_LONG,PARTIAL_TP,long,40874.0,40933.0,59.0,5,22,-3.332745361328125,9.418707634420956,42.65033892462816,203.98567959254433,6,1,29.142857142857142,28.4,40.0,59.0,-15.0,0.0,9
2024-07-16,TRUE_TREND,11:09:00,11:28:00,TREND_LONG,CHOP_TP,long,41118.0,41129.0,22.0,19,99,-0.5000616164434524,1.5160203694331984,29.876068222314643,465.9355581118871,3,2,17.0,16.8,27.0,35.0,-2.0,0.0,11
2024-07-16,FALSE_TREND,13:08:00,13:19:00,TREND_LONG,EXIT_FLAT,long,41158.0,41098.0,-120.0,11,218,0.9630558090376383,0.1604107400439498,58.64837301661464,490.8580976219455,3,0,12.071428571428571,11.6,13.0,0.0,-60.0,0.0,13
2024-07-16,TRUE_TREND,14:01:00,14:53:00,TREND_LONG,PARTIAL_TP,long,41165.0,41217.0,52.0,52,271,-0.07842971317000279,2.6360950100806457,17.28105468749709,496.8235984634957,5,1,9.357142857142858,9.466666666666667,25.0,52.0,-7.0,0.0,14
2024-07-16,TRUE_TREND,15:27:00,15:50:00,TREND_LONG,CHOP_TP,long,41261.0,41275.0,28.0,23,357,6.347656250007401e-05,0.8750212434050325,17.624893782980507,589.7676186392928,3,1,10.428571428571429,10.6,11.0,14.0,-38.0,0.0,15
2024-07-17,TRUE_TREND,09:51:00,10:14:00,TREND_LONG,PARTIAL_TP,long,41357.0,41411.0,54.0,23,21,-1.2663272633272058,-0.6365875579498628,99.45611290565284,211.99103706132883,2,3,28.357142857142858,30.466666666666665,70.0,54.0,-33.0,0.0,9
2024-07-17,FALSE_TREND,14:32:00,15:45:00,TREND_LONG,EXIT_FLAT,long,41510.0,41450.0,-120.0,73,302,-0.041659749434567635,4.399684942336308,8.60189034598443,368.871104470476,8,0,13.214285714285714,13.066666666666666,13.0,7.0,-60.0,0.0,14
2024-07-18,TRUE_TREND,09:57:00,10:08:00,TREND_LONG,PARTIAL_TP,long,41573.0,41634.0,61.0,11,27,-4.333209228515625,7.279339693509615,44.73716796874942,246.97907285991096,3,3,29.571428571428573,29.666666666666668,34.0,61.0,-1.0,0.0,9
2024-07-18,TRUE_TREND,11:35:00,11:48:00,TREND_SHORT,PARTIAL_TP,short,41324.0,41273.0,51.0,13,125,-5.845678972050468,0.032445444270628496,29.62963083849172,353.94687729090947,1,5,20.785714285714285,21.6,-56.0,51.0,-27.0,0.0,11
2024-07-18,TRUE_TREND,12:11:00,12:16:00,TREND_SHORT,PARTIAL_TP,short,41218.0,41168.0,50.0,5,161,-3.7497663921003763,1.9995849609375,22.00654102119006,460.91790129229776,3,4,19.214285714285715,18.733333333333334,-33.0,50.0,0.0,0.0,12
2024-07-18,TRUE_TREND,14:00:00,14:10:00,TREND_SHORT,PARTIAL_TP,short,41123.0,41072.0,51.0,10,270,-0.9522333240745823,0.10104733450996178,90.54403460178582,554.8301681677403,0,5,17.428571428571427,17.0,-22.0,51.0,0.0,0.0,14
2024-07-18,FALSE_TREND,15:12:00,15:45:00,TREND_SHORT,EXIT_FLAT,short,40929.0,40994.0,-130.0,33,342,-0.25910907131353267,0.3683274806890272,80.15385529008927,745.7722161705242,0,8,22.214285714285715,21.866666666666667,-74.0,41.0,-65.0,0.0,15
2024-07-19,TRUE_TREND,10:27:00,11:12:00,TREND_SHORT,PARTIAL_TP,short,40645.0,40579.0,66.0,45,57,-0.7330691960911043,-0.5154595378922064,99.1676576825339,238.9747278295472,1,6,26.357142857142858,26.6,-75.0,66.0,-42.0,0.0,10
2024-07-19,FALSE_TREND,11:28:00,11:58:00,TREND_SHORT,EXIT_FLAT,short,40530.0,40597.0,-134.0,30,118,-2.312434889076507,2.0,71.56738331926317,351.9476821669232,3,3,20.714285714285715,21.066666666666666,-28.0,45.0,-67.0,0.0,11
2024-07-19,FALSE_TREND,13:22:00,13:49:00,TREND_SHORT,EXIT_FLAT,short,40475.0,40535.0,-120.0,27,232,-2.8037060866249384,-2.285954751295899,97.06662373199651,409.8971377516864,0,8,17.571428571428573,17.133333333333333,-16.0,4.0,-60.0,0.0,13
2024-07-22,TRUE_TREND,09:57:00,10:01:00,TREND_SHORT,PARTIAL_TP,short,40561.0,40506.0,55.0,4,27,-14.666650390625,1.2493272569444447,23.333398437498545,182.99359011702472,3,2,32.42857142857143,32.53333333333333,-106.0,55.0,-5.0,0.0,9
2024-07-22,FALSE_TREND,10:45:00,11:11:00,TREND_LONG,EXIT_FLAT,long,40714.0,40652.0,-124.0,26,75,1.2550677834674218,5.413593064692981,2.0310820997838164,258.9886370189706,10,0,19.428571428571427,18.6,5.0,24.0,-62.0,0.0,10
2024-07-23,FALSE_TREND,10:03:00,10:48:00,TREND_LONG,EXIT_FLAT,long,40717.0,40654.0,-126.0,45,33,-0.15617732355726388,2.833315000429258,71.50016499613412,140.99294889602606,6,1,21.571428571428573,21.0,71.0,45.0,-63.0,0.0,10
2024-07-23,FALSE_TREND,12:00:00,12:23:00,TREND_LONG,EXIT_FLAT,long,40785.0,40691.0,-188.0,23,150,-0.5001099974244507,0.537032545833319,155.0942044899275,208.9623942580729,2,1,13.0,13.466666666666667,15.0,9.0,-94.0,0.0,12
2024-07-24,TRUE_TREND,09:51:00,09:53:00,TREND_SHORT,PARTIAL_TP,short,40405.0,40353.0,52.0,2,21,-21.467407226562504,0.3683681860902256,8.3370361328125,119.99703577593027,1,5,27.785714285714285,27.533333333333335,-80.0,52.0,0.0,0.0,9
2024-07-24,TRUE_TREND,14:50:00,15:47:00,TREND_SHORT,PARTIAL_TP,short,40176.0,40120.0,56.0,57,320,-0.14284054863600718,0.003672819133446595,126.86595124443556,345.84931693971885,0,7,16.428571428571427,15.8,-49.0,56.0,-35.0,0.0,14
2024-07-25,TRUE_TREND,09:52:00,10:15:00,TREND_LONG,PARTIAL_TP,long,40234.0,40296.0,62.0,23,22,-4.99967041015625,12.000244140625,12.999267578125,167.98602259631298,7,0,29.0,29.0,49.0,62.0,-18.0,0.0,9
2024-07-25,TRUE_TREND,11:02:00,11:15:00,TREND_LONG,PARTIAL_TP,long,40338.0,40405.0,67.0,13,92,-0.5001621459481653,-2.0769141682837975,143.69903764437186,264.94154892295046,6,1,21.285714285714285,21.133333333333333,91.0,67.0,-11.0,0.0,11
2024-07-26,FALSE_TREND,09:56:00,09:58:00,TREND_LONG,EARLY_HARD_STOP,long,40753.0,40713.0,-80.0,2,26,-1.3330932617187496,12.636085737179487,17.733942307691905,360.98386127332196,6,0,30.642857142857142,31.266666666666666,29.0,0.0,-40.0,0.0,9
2024-07-26,FALSE_TREND,10:26:00,10:30:00,TREND_LONG,EARLY_HARD_STOP,long,40803.0,40749.0,-108.0,4,56,0.4616518125429257,-1.4004734867454594,113.41231065538159,406.9652396576057,6,1,30.428571428571427,30.2,115.0,23.0,-54.0,0.0,10
2024-07-26,TRUE_TREND,11:50:00,12:01:00,TREND_LONG,PARTIAL_TP,long,40848.0,40902.0,54.0,11,140,0.5000150993270126,3.1427653316452573,0.8583086347425706,449.9130991960483,4,1,16.5,16.133333333333333,25.0,54.0,-1.0,0.0,11
2024-07-29,FALSE_TREND,10:31:00,10:57:00,TREND_SHORT,EXIT_FLAT,short,40664.0,40733.0,-138.0,26,61,-1.7056011875743655,-4.933622382668888,79.95832755796437,267.978660674984,2,6,26.642857142857142,27.2,-62.0,48.0,-69.0,0.0,10
2024-07-30,TRUE_TREND,10:01:00,10:09:00,TREND_SHORT,PARTIAL_TP,short,40956.0,40902.0,54.0,8,31,-5.9998779296875,16.999560546875,11.997802734375,205.98704089194507,6,1,30.714285714285715,31.6,-4.0,54.0,0.0,0.0,10
2024-07-30,FALSE_TREND,11:05:00,11:16:00,TREND_SHORT,EXIT_FLAT,short,40782.0,40850.0,-136.0,11,95,-0.6199388888292696,-0.7172518808503193,115.83353133624769,228.97324567398027,0,10,25.071428571428573,24.133333333333333,-100.0,0.0,-68.0,0.0,11
2024-07-30,FALSE_TREND,11:54:00,12:29:00,TREND_SHORT,EXIT_FLAT,short,40766.0,40845.0,-158.0,35,144,-2.8483764316624516,0.021033044799327598,29.15520132347592,241.95276185698458,1,3,19.714285714285715,19.533333333333335,-22.0,7.0,-79.0,0.0,11
2024-07-30,FALSE_TREND,13:01:00,13:21:00,TREND_SHORT,EXIT_FLAT,short,40757.0,40819.0,-124.0,20,211,-10.750732421875002,-4.5385485197368425,69.750732421875,250.9247534712049,0,7,23.285714285714285,22.266666666666666,-65.0,13.0,-62.0,0.0,13
2024-07-30,TRUE_TREND,15:47:00,15:50:00,TREND_LONG,PARTIAL_TP,long,41009.0,41090.0,81.0,3,377,0.3711230895588897,0.6066232804015056,84.64274851843948,277.9318600901461,9,0,18.428571428571427,18.2,84.0,81.0,0.0,0.0,15
2024-07-31,TRUE_TREND,09:54:00,09:56:00,TREND_SHORT,PARTIAL_TP,short,40921.0,40862.0,59.0,2,24,-1.999823676215278,-1.333515242034314,49.99908487157518,137.98759922183672,1,3,28.785714285714285,29.466666666666665,-33.0,59.0,0.0,0.0,9
2024-07-31,TRUE_TREND,10:15:00,10:30:00,TREND_LONG,PARTIAL_TP,long,41047.0,41105.0,58.0,15,45,3.2384089034267363,12.591468394886363,7.548810369313287,186.9887803001766,5,3,32.57142857142857,32.4,93.0,58.0,0.0,0.0,10
2024-07-31,TRUE_TREND,11:08:00,11:49:00,TREND_LONG,CHOP_TP,long,41177.0,41189.0,24.0,41,98,-0.29984675155573587,-0.3845217102220166,130.7678256533327,322.9574831594291,8,0,24.0,23.6,42.0,43.0,-36.0,0.0,11
2024-07-31,FALSE_TREND,12:31:00,13:31:00,TREND_LONG,EXIT_FLAT,long,41227.0,41150.0,-154.0,60,181,6.414055272894916e-05,2.333543759300595,24.99936872209946,365.90847053644393,4,1,13.928571428571429,13.533333333333333,24.0,43.0,-77.0,0.0,12
2024-07-31,TRUE_TREND,14:12:00,14:32:00,TREND_LONG,PARTIAL_TP,long,41266.0,41328.0,62.0,20,282,3.232597476103335,-0.8441051014604027,109.36899595005525,416.84882880230725,6,0,33.0,31.4,19.0,62.0,-16.0,0.0,14
2024-08-01,TRUE_TREND,09:52:00,10:01:00,TREND_SHORT,PARTIAL_TP,short,41065.0,40999.0,66.0,9,22,-12.756519717261902,4.99981689453125,52.94784226190677,244.9845064345718,1,6,35.642857142857146,37.333333333333336,-72.0,66.0,-8.0,0.0,9
2024-08-01,TRUE_TREND,14:25:00,14:43:00,TREND_SHORT,PARTIAL_TP,short,40345.0,40293.0,52.0,18,295,-2.8091451322115386,2.5999588739304316,43.97128944256838,964.7025219161224,2,3,18.714285714285715,18.733333333333334,-49.0,52.0,-2.0,0.0,14
2024-08-02,TRUE_TREND,10:06:00,10:10:00,TREND_SHORT,PARTIAL_TP,short,39992.0,39934.0,58.0,4,36,3.5415133568548387,-0.40059523809523867,210.58118699596525,228.97425135232334,3,3,44.714285714285715,45.53333333333333,-126.0,58.0,0.0,0.0,10
2024-08-02,FALSE_TREND,11:21:00,11:44:00,TREND_SHORT,EXIT_FLAT,short,39550.0,39624.0,-148.0,23,111,-3.829179365556319,1.9999999999999996,48.70820634443953,663.9206081764642,0,5,33.214285714285715,33.06666666666667,-49.0,24.0,-74.0,0.0,11
2024-08-05,FALSE_TREND,10:00:00,10:03:00,TREND_LONG,EARLY_HARD_STOP,long,39075.0,38995.0,-160.0,3,30,-18.715042021780302,-12.249999999999998,253.18537819602352,456.99083240972686,1,5,78.14285714285714,75.93333333333334,267.0,26.0,-80.0,0.0,10
2024-08-05,FALSE_TREND,12:23:00,12:37:00,TREND_LONG,EXIT_FLAT,long,39124.0,39056.0,-136.0,14,173,2.500406596295106,2.8586665134803924,40.600489408840076,508.90889733580843,4,0,28.785714285714285,28.266666666666666,31.0,36.0,-68.0,0.0,12
2024-08-06,TRUE_TREND,09:56:00,10:08:00,TREND_LONG,PARTIAL_TP,long,39156.0,39216.0,60.0,12,26,-2.0,24.553308105468748,14.4669189453125,402.9785623623029,9,0,47.285714285714285,47.8,95.0,60.0,-28.0,0.0,9
2024-08-06,FALSE_TREND,10:25:00,10:29:00,TREND_LONG,EARLY_HARD_STOP,long,39283.0,39185.0,-196.0,4,55,4.333868408203125,3.500372129498106,41.999255741000525,526.9536945300642,5,0,40.07142857142857,39.06666666666667,70.0,0.0,-98.0,0.0,10
2024-08-06,TRUE_TREND,10:46:00,10:49:00,TREND_LONG,PARTIAL_TP,long,39325.0,39386.0,61.0,3,76,0.00011916387648813753,9.262948876096491,34.5816646107487,584.9356867993993,3,1,39.42857142857143,39.2,57.0,61.0,0.0,0.0,10
2024-08-06,TRUE_TREND,12:53:00,13:12:00,TREND_LONG,CHOP_TP,long,39396.0,39415.0,38.0,19,203,2.4361721970720476,0.9997569392148874,121.57352922306018,649.8267830823825,4,3,24.357142857142858,24.333333333333332,75.0,19.0,-29.0,0.0,12
2024-08-06,TRUE_TREND,13:16:00,13:56:00,TREND_LONG,PARTIAL_TP,long,39425.0,39479.0,54.0,40,226,-0.16648291872258772,2.873362078191427,51.29698178989929,664.8070602544467,5,1,22.214285714285715,21.933333333333334,30.0,54.0,-36.0,0.0,13
2024-08-07,TRUE_TREND,09:53:00,09:56:00,TREND_LONG,PARTIAL_TP,long,39477.0,39542.0,65.0,3,23,4.667254638671874,1.2500845102163463,52.74957744892163,193.98057741144294,3,1,39.142857142857146,38.53333333333333,39.0,65.0,0.0,0.0,9
2024-08-07,TRUE_TREND,12:44:00,12:50:00,TREND_SHORT,PARTIAL_TP,short,39280.0,39218.0,62.0,6,194,-2.4677662568933822,-2.912978891621078,90.2496931344358,340.8552133231351,1,6,22.642857142857142,22.0,-75.0,62.0,-7.0,0.0,12
2024-08-08,TRUE_TREND,09:52:00,09:54:00,TREND_LONG,PARTIAL_TP,long,39314.0,39372.0,58.0,2,22,-8.74912109375,16.0,93.0,261.9861296793024,5,4,46.642857142857146,46.53333333333333,71.0,58.0,0.0,0.0,9
2024-08-08,FALSE_TREND,10:25:00,11:14:00,TREND_LONG,EXIT_FLAT,long,39455.0,39387.0,-136.0,49,55,2.571421595982143,-1.6664565577651516,45.66592388731078,407.96532440964074,4,1,30.5,30.866666666666667,67.0,26.0,-68.0,0.0,10
2024-08-08,FALSE_TREND,11:27:00,11:29:00,TREND_LONG,EARLY_HARD_STOP,long,39501.0,39457.0,-88.0,2,117,4.667366447029533,-1.6151661287403476,68.15166128740384,447.9262355258179,8,0,25.357142857142858,24.866666666666667,63.0,0.0,-44.0,0.0,11
2024-08-08,TRUE_TREND,13:19:00,13:30:00,TREND_LONG,PARTIAL_TP,long,39507.0,39561.0,54.0,11,229,0.9132663581378299,-0.7291268726140387,120.31719778468687,451.85562346450024,7,0,23.357142857142858,23.4,68.0,54.0,-4.0,0.0,13
2024-08-08,TRUE_TREND,14:03:00,14:15:00,TREND_LONG,PARTIAL_TP,long,39584.0,39637.0,53.0,12,273,-0.2498956088362069,0.749942294034091,27.750634765623545,529.8278830344934,4,1,15.428571428571429,14.866666666666667,21.0,53.0,0.0,0.0,14
2024-08-09,FALSE_TREND,10:03:00,10:31:00,TREND_LONG,EXIT_FLAT,long,39550.0,39466.0,-168.0,28,33,5.062631854413915,10.666131719842657,37.99358063811087,205.99467952350096,7,0,32.857142857142854,32.666666666666664,79.0,32.0,-84.0,0.0,10
2024-08-09,FALSE_TREND,10:56:00,11:56:00,TREND_LONG,EXIT_FLAT,long,39604.0,39510.0,-188.0,60,86,-0.05116489955357137,3.9995625102436625,37.00349991804978,254.97118084521207,6,2,24.857142857142858,26.0,46.0,41.0,-94.0,0.0,10
2024-08-12,FALSE_TREND,09:54:00,10:06:00,TREND_SHORT,EXIT_FLAT,short,39395.0,39459.0,-128.0,12,24,-10.998974609375,3.500244140625,13.011767578129366,336.99083247376257,0,8,31.571428571428573,32.86666666666667,-35.0,13.0,-64.0,0.0,9
2024-08-13,FALSE_TREND,10:05:00,10:27:00,TREND_SHORT,EXIT_FLAT,short,39531.0,39596.0,-130.0,22,35,-13.74873388268753,-5.833813476562499,18.73354047493922,240.99193154751993,0,5,34.357142857142854,33.666666666666664,-82.0,16.0,-65.0,0.0,10
2024-08-13,FALSE_TREND,15:01:00,16:00:00,TREND_LONG,SESSION_EXIT,long,39870.0,39866.0,-8.0,59,331,-0.14988110034496754,0.3999198581861413,25.40192340352951,369.87314701990545,3,0,8.928571428571429,8.933333333333334,15.0,46.0,-31.0,0.0,15
2024-08-14,FALSE_TREND,09:53:00,10:00:00,TREND_LONG,EXIT_FLAT,long,39984.0,39921.0,-126.0,7,23,3.500651041666668,1.308197136961967,70.45901431519451,125.99322957902041,3,2,32.0,31.733333333333334,74.0,0.0,-63.0,0.0,9
2024-08-14,FALSE_TREND,10:34:00,10:37:00,TREND_SHORT,EARLY_HARD_STOP,short,39851.0,39898.0,-94.0,3,64,-0.5805969155912618,-3.0838877918956045,51.35672029194393,144.98533073352155,2,6,21.5,21.066666666666666,-99.0,0.0,-47.0,0.0,10
2024-08-14,TRUE_TREND,11:20:00,11:32:00,TREND_LONG,PARTIAL_TP,long,40006.0,40056.0,50.0,12,110,-0.13737919751979297,2.853516295999604,17.591766680016008,162.9830738844903,3,0,13.714285714285714,13.8,29.0,50.0,-13.0,0.0,11
2024-08-14,FALSE_TREND,14:58:00,15:14:00,TREND_LONG,EXIT_FLAT,long,40186.0,40117.0,-138.0,16,328,0.27140987090608376,0.4793948043828923,59.36350703310745,345.9010764656123,7,0,12.428571428571429,12.2,39.0,0.0,-69.0,0.0,14
2024-08-15,TRUE_TREND,09:59:00,10:04:00,TREND_SHORT,PARTIAL_TP,short,40506.0,40456.0,50.0,5,29,-5.153588330614698,6.0,19.849763371392328,161.99140058396733,1,4,26.214285714285715,26.133333333333333,-15.0,50.0,-5.0,0.0,9
2024-08-15,TRUE_TREND,14:41:00,16:00:00,TREND_LONG,SESSION_EXIT,long,40670.0,40692.0,44.0,79,311,0.5465361350605645,0.7833633476178877,51.71669995152479,263.9067818227704,4,1,9.357142857142858,9.133333333333333,15.0,43.0,-50.0,0.0,14
2024-08-16,TRUE_TREND,12:15:00,12:57:00,TREND_LONG,PARTIAL_TP,long,40764.0,40831.0,67.0,42,165,1.212280717209119,1.4893251604862703,74.84161312554352,198.96720022025693,3,1,11.285714285714286,11.2,31.0,67.0,-25.0,0.0,12
2024-08-19,TRUE_TREND,10:41:00,10:53:00,TREND_LONG,PARTIAL_TP,long,40965.0,41017.0,52.0,12,71,0.0001953125000000444,0.4286470777791749,95.56976428885537,137.98201179664466,5,0,14.071428571428571,13.866666666666667,12.0,52.0,0.0,0.0,10
2024-08-21,TRUE_TREND,10:06:00,10:14:00,TREND_SHORT,PARTIAL_TP,short,40954.0,40902.0,52.0,8,36,-17.499951171875,0.42884851646315636,0.006111814473115373,133.98993202139536,1,6,21.5,21.066666666666666,-53.0,52.0,-2.0,0.0,10
2024-08-21,FALSE_TREND,10:42:00,10:49:00,TREND_LONG,EXIT_FLAT,long,41078.0,40984.0,-188.0,7,72,4.347986140509545,4.353517753405448,39.18165978064644,207.9927287055616,6,0,22.142857142857142,21.6,30.0,11.0,-94.0,0.0,10
2024-08-21,FALSE_TREND,10:54:00,10:57:00,TREND_SHORT,EARLY_HARD_STOP,short,40856.0,40901.0,-90.0,3,84,-27.999690015388257,12.99957275390625,26.0021698922792,245.99720331583376,0,8,31.142857142857142,29.733333333333334,-128.0,0.0,-45.0,0.0,10
2024-08-22,FALSE_TREND,09:50:00,09:54:00,TREND_SHORT,EARLY_HARD_STOP,short,40983.0,41032.0,-98.0,4,20,-35.747802734375,2.0,14.739013671875,183.99749082195194,2,5,28.142857142857142,28.133333333333333,-84.0,11.0,-49.0,0.0,9
2024-08-22,TRUE_TREND,10:07:00,10:11:00,TREND_SHORT,PARTIAL_TP,short,40962.0,40905.0,57.0,4,37,-3.777236191542832,0.466534423828125,40.6731657014825,208.98895956610795,0,7,23.857142857142858,24.133333333333333,-51.0,57.0,0.0,0.0,10
2024-08-22,FALSE_TREND,11:19:00,12:19:00,TREND_SHORT,EXIT_FLAT,short,40841.0,40902.0,-122.0,60,109,-1.1665451019698347,0.06515573506880203,73.01021143453545,320.9528271834715,1,6,19.0,18.4,-63.0,35.0,-61.0,0.0,11
2024-08-22,TRUE_TREND,13:00:00,13:31:00,TREND_SHORT,PARTIAL_TP,short,40802.0,40705.0,97.0,31,210,0.3329593771102191,-9.750987698739035,19.67713744091452,369.90214146720245,0,8,21.357142857142858,20.733333333333334,-23.0,97.0,-42.0,0.0,13
2024-08-22,FALSE_TREND,13:55:00,14:09:00,TREND_SHORT,EXIT_FLAT,short,40694.0,40761.0,-134.0,14,265,-6.552692575165721,0.2855522375467604,34.131151973837405,469.87454042453464,1,6,19.285714285714285,18.666666666666668,-57.0,5.0,-67.0,0.0,13
2024-08-23,FALSE_TREND,09:50:00,10:00:00,TREND_SHORT,EXIT_FLAT,short,40967.0,41077.0,-220.0,10,20,-12.00029296875,0.23495560033566595,10.99970703125291,92.99427029038634,2,5,21.071428571428573,21.333333333333332,-62.0,15.0,-110.0,0.0,9
2024-08-23,TRUE_TREND,10:09:00,10:12:00,TREND_LONG,PARTIAL_TP,long,41151.0,41209.0,58.0,3,39,-5.99981689453125,12.0,20.0,220.99304247096006,4,0,34.92857142857143,33.4,35.0,58.0,0.0,0.0,10
2024-08-23,FALSE_TREND,11:17:00,11:45:00,TREND_LONG,EXIT_FLAT,long,41274.0,41184.0,-180.0,28,107,7.333864524147726,-0.9998807748335183,195.99690014567022,339.96521235481487,6,2,28.857142857142858,28.733333333333334,125.0,25.0,-90.0,0.0,11
2024-08-23,FALSE_TREND,12:46:00,12:50:00,TREND_SHORT,EARLY_HARD_STOP,short,40949.0,40990.0,-82.0,4,196,-4.241630174930947,-4.643416256855208,208.64514278299612,379.9643938542722,0,7,24.285714285714285,23.866666666666667,-69.0,0.0,-41.0,0.0,12
2024-08-26,TRUE_TREND,11:10:00,11:31:00,TREND_SHORT,PARTIAL_TP,short,41336.0,41281.0,55.0,21,100,-4.76907667399418,-1.617774127313969,86.37953024180752,196.98730690413504,0,9,17.785714285714285,17.8,-31.0,55.0,-33.0,0.0,11
2024-08-26,FALSE_TREND,13:45:00,14:35:00,TREND_SHORT,EXIT_FLAT,short,41253.0,41318.0,-130.0,50,255,-0.7545710412814288,-2.806264632230915,16.619014392250392,271.9368599720765,0,3,19.428571428571427,18.733333333333334,-40.0,16.0,-65.0,0.0,13
2024-08-27,FALSE_TREND,11:33:00,12:15:00,TREND_SHORT,EXIT_FLAT,short,41227.0,41287.0,-120.0,42,123,-0.038404456853664413,-1.153869365527527,58.85231865980313,146.97705770883476,0,6,18.142857142857142,17.933333333333334,-67.0,0.0,-60.0,0.0,11
2024-08-27,FALSE_TREND,12:42:00,12:53:00,TREND_SHORT,EXIT_FLAT,short,41211.0,41274.0,-126.0,11,192,-0.5999905690199518,0.0883126246422482,84.60619214269536,167.96240013292845,1,5,12.571428571428571,12.066666666666666,-37.0,0.0,-63.0,0.0,12
2024-08-28,TRUE_TREND,09:50:00,09:53:00,TREND_LONG,PARTIAL_TP,long,41386.0,41439.0,53.0,3,20,2.0000183105468743,12.499837239583332,2.49951171875,137.99276670884137,5,2,22.214285714285715,23.066666666666666,43.0,53.0,0.0,0.0,9
2024-08-28,TRUE_TREND,11:32:00,11:49:00,TREND_SHORT,PARTIAL_TP,short,41244.0,41192.0,52.0,17,122,-0.5002279344495836,-0.6154899861341487,74.4952133765546,209.9454720769354,0,6,19.857142857142858,20.133333333333333,-46.0,52.0,-25.0,0.0,11
2024-08-28,TRUE_TREND,12:07:00,12:23:00,TREND_SHORT,PARTIAL_TP,short,41168.0,41106.0,62.0,16,157,-2.5067329137020318,1.0146747663909312,87.74035496381839,297.9259978386908,4,2,18.785714285714285,17.6,-50.0,62.0,-28.0,0.0,12
2024-08-28,TRUE_TREND,13:49:00,13:55:00,TREND_SHORT,PARTIAL_TP,short,41068.0,41018.0,50.0,6,259,-1.6232288010750684,0.05897806850411576,56.54298525298509,391.86924437368,0,7,16.0,15.466666666666667,-46.0,50.0,-9.0,0.0,13
2024-08-29,FALSE_TREND,09:50:00,09:54:00,TREND_SHORT,EARLY_HARD_STOP,short,41189.0,41238.0,-98.0,4,20,-10.999477942904136,4.999918619791667,83.01044114191609,322.98928109130793,2,3,35.42857142857143,35.266666666666666,-85.0,7.0,-49.0,0.0,9
2024-08-29,TRUE_TREND,11:49:00,12:00:00,TREND_LONG,PARTIAL_TP,long,41513.0,41568.0,55.0,11,139,-0.3028156091094109,1.5685557641281078,46.0036560294684,342.93729458628513,2,5,15.642857142857142,15.6,38.0,55.0,0.0,0.0,11
2024-08-30,TRUE_TREND,11:20:00,11:31:00,TREND_SHORT,PARTIAL_TP,short,41407.0,41325.0,82.0,11,110,-0.9443464848962857,-1.466868544292717,61.05918005883723,193.94963978169108,2,5,17.5,17.2,-52.0,82.0,-9.0,0.0,11
2024-08-30,TRUE_TREND,15:54:00,16:00:00,TREND_SHORT,SESSION_EXIT,short,41637.0,41629.0,16.0,6,384,-9.49995930989583,21.999755859375,18.00048828125,426.90728072177444,7,0,27.857142857142858,26.6,97.0,8.0,-23.0,0.0,15
2024-09-02,FALSE_TREND,10:00:00,10:38:00,TREND_SHORT,EXIT_FLAT,short,41588.0,41626.0,-76.0,38,30,-0.8749500093005953,0.4347467660212863,14.375549897697056,29.997879627189832,2,3,4.928571428571429,4.8,-18.0,30.0,-38.0,0.0,10
2024-09-03,TRUE_TREND,10:01:00,10:03:00,TREND_SHORT,PARTIAL_TP,short,41293.0,41202.0,91.0,2,31,-6.0000022536057696,1.4454515861742423,89.00906202196347,244.98284977483854,4,1,36.142857142857146,38.13333333333333,-49.0,91.0,0.0,0.0,10
2024-09-03,TRUE_TREND,14:53:00,15:08:00,TREND_SHORT,CHOP_TP,short,41048.0,41024.0,48.0,15,323,-1.5311981932646952,2.5001220703125,41.72360494006716,482.78253538416175,1,5,13.928571428571429,13.533333333333333,-29.0,24.0,0.0,0.0,14
2024-09-03,TRUE_TREND,15:35:00,15:40:00,TREND_SHORT,PARTIAL_TP,short,40994.0,40912.0,82.0,5,365,1.00001107865021,0.5711902201417003,74.13761879356025,543.753723015092,3,3,19.357142857142858,19.4,-82.0,82.0,0.0,0.0,15
2024-09-04,FALSE_TREND,10:08:00,10:17:00,TREND_LONG,EXIT_FLAT,long,41152.0,41088.0,-128.0,9,38,1.8357480615601505,1.8251376309237637,106.87716639856808,209.98637147200498,1,1,51.0,49.0,46.0,13.0,-64.0,0.0,10
2024-09-04,TRUE_TREND,10:44:00,11:04:00,TREND_LONG,PARTIAL_TP,long,41195.0,41256.0,61.0,20,74,-0.24990234374999998,3.047280970982143,35.919637276791036,237.97311120750237,5,0,24.642857142857142,24.8,41.0,61.0,-28.0,0.0,10
2024-09-04,TRUE_TREND,13:27:00,14:04:00,TREND_SHORT,CHOP_TP,short,40961.0,40948.0,26.0,37,237,-2.2999597326501617,-1.1137939744670977,112.27874291736953,306.9469590654917,1,4,19.0,19.0,-27.0,34.0,-17.0,0.0,13
2024-09-05,TRUE_TREND,10:47:00,11:01:00,TREND_SHORT,PARTIAL_TP,short,40911.0,40816.0,95.0,14,77,-0.7916556490384615,-5.176745634863046,47.333774038459524,278.9543804252244,1,6,25.214285714285715,24.733333333333334,-100.0,95.0,0.0,0.0,10
2024-09-05,TRUE_TREND,11:13:00,11:24:00,TREND_SHORT,PARTIAL_TP,short,40810.0,40759.0,51.0,11,103,-2.9994866487336687,-2.25048828125,83.02156075318635,367.93877374447766,3,1,30.785714285714285,29.733333333333334,-77.0,51.0,0.0,0.0,11
2024-09-05,FALSE_TREND,12:12:00,12:42:00,TREND_SHORT,EXIT_FLAT,short,40644.0,40712.0,-136.0,30,162,-0.31812424879807694,0.9089506278226981,53.04689378004696,528.90335854562,4,2,18.785714285714285,18.933333333333334,-53.0,42.0,-68.0,0.0,12
2024-09-06,TRUE_TREND,10:13:00,10:23:00,TREND_SHORT,PARTIAL_TP,short,40836.0,40773.0,63.0,10,43,-9.1103615775566,-1.7942428846520286,25.10361577556614,259.97831279428647,0,7,32.92857142857143,32.93333333333333,-9.0,63.0,-14.0,0.0,10
2024-09-06,FALSE_TREND,11:45:00,13:10:00,TREND_SHORT,EXIT_FLAT,short,40420.0,40490.0,-140.0,85,135,2.0453717018658426,-1.2003401871565937,118.54446042238851,662.9015734832647,0,6,33.57142857142857,33.46666666666667,-42.0,49.0,-70.0,0.0,11
2024-09-09,TRUE_TREND,09:54:00,10:10:00,TREND_LONG,PARTIAL_TP,long,40749.0,40832.0,83.0,16,24,-2.33399658203125,3.499630347230381,83.00938280148694,172.9896903587287,5,1,37.42857142857143,37.0,35.0,83.0,-45.0,0.0,9
2024-09-10,TRUE_TREND,09:57:00,10:06:00,TREND_SHORT,PARTIAL_TP,short,40771.0,40706.0,65.0,9,27,-2.610801244441699,0.4284449986049106,75.67038506669633,217.9853453711621,0,3,29.428571428571427,28.933333333333334,-51.0,65.0,-21.0,0.0,9
2024-09-10,TRUE_TREND,11:50:00,11:59:00,TREND_SHORT,PARTIAL_TP,short,40591.0,40529.0,62.0,9,140,1.423742197495552,-0.3016823871730713,185.4521094437805,402.92401286379754,3,3,28.428571428571427,29.0,-71.0,62.0,-2.0,0.0,11
2024-09-11,TRUE_TREND,09:51:00,10:00:00,TREND_SHORT,PARTIAL_TP,short,40307.0,40244.0,63.0,9,21,-17.74871247944079,1.5,14.722962068255583,378.9804167492257,1,5,38.42857142857143,38.333333333333336,-27.0,63.0,-33.0,0.0,9
2024-09-11,TRUE_TREND,14:37:00,14:40:00,TREND_LONG,PARTIAL_TP,long,40744.0,40794.0,50.0,3,307,-2.999755859375,1.033946385482015,84.3550186758439,712.7696621136347,5,0,20.214285714285715,19.4,34.0,50.0,0.0,0.0,14
2024-09-11,FALSE_TREND,15:25:00,15:43:00,TREND_LONG,EXIT_FLAT,long,40854.0,40783.0,-142.0,18,355,2.1500550819735222,5.428110758463541,36.42488606771076,828.724900107256,3,1,19.071428571428573,18.733333333333334,29.0,8.0,-71.0,0.0,15
2024-09-11,TRUE_TREND,15:54:00,15:57:00,TREND_LONG,PARTIAL_TP,long,40875.0,40925.0,50.0,3,384,-0.4287707664278656,-0.8075709408524478,109.31623721079086,844.6978563396988,5,0,28.285714285714285,27.933333333333334,33.0,50.0,0.0,0.0,15
2024-09-12,FALSE_TREND,15:59:00,16:00:00,TREND_LONG,SESSION_EXIT,long,41152.0,41144.0,-16.0,1,389,-0.6921814635559753,0.93358612254672,167.44972978936858,458.82592342223506,4,1,21.714285714285715,21.466666666666665,32.0,0.0,-8.0,0.0,15
2024-09-13,FALSE_TREND,09:58:00,10:03:00,TREND_LONG,EARLY_HARD_STOP,long,41376.0,41328.0,-96.0,5,28,-0.25,7.7038960067085585,23.737663892665296,206.98799489413796,2,0,27.857142857142858,28.2,56.0,0.0,-48.0,0.0,9
2024-09-13,TRUE_TREND,10:23:00,10:43:00,TREND_LONG,PARTIAL_TP,long,41407.0,41482.0,75.0,20,53,1.836265980113636,4.499722567471592,41.823109019882395,238.97727600341022,4,0,25.0,24.8,27.0,75.0,-50.0,0.0,10
2024-09-16,FALSE_TREND,09:52:00,10:03:00,TREND_LONG,EXIT_FLAT,long,41757.0,41694.0,-126.0,11,22,-1.5551877741228068,2.5623969780219786,122.06322115384683,189.99286123400816,3,3,32.285714285714285,31.6,100.0,15.0,-63.0,0.0,9
2024-09-16,TRUE_TREND,10:30:00,11:28:00,TREND_SHORT,PARTIAL_TP,short,41565.0,41505.0,60.0,58,60,-3.286126444524882,-3.8398065376825143,1.0019514462619554,222.98831839281047,0,6,23.0,21.8,-77.0,60.0,-47.0,0.0,10
2024-09-17,FALSE_TREND,09:55:00,10:06:00,TREND_SHORT,EXIT_FLAT,short,41706.0,41766.0,-120.0,11,25,-3.999731983857996,-2.0004690069901314,33.00268016142218,123.99121052835835,0,7,27.285714285714285,27.0,-13.0,16.0,-60.0,0.0,9
2024-09-17,TRUE_TREND,10:12:00,10:28:00,TREND_LONG,CHOP_TP,long,41827.0,41845.0,36.0,16,42,0.43743211062834225,14.349016462053573,4.210040763464349,158.99480621825933,8,0,23.571428571428573,22.266666666666666,33.0,43.0,-23.0,0.0,10
2024-09-17,TRUE_TREND,12:42:00,12:47:00,TREND_SHORT,PARTIAL_TP,short,41651.0,41570.0,81.0,5,192,-2.666338752297794,0.33324766995614047,26.337596220131672,220.94486599889933,3,4,13.857142857142858,13.066666666666666,-17.0,81.0,0.0,0.0,12
2024-09-18,FALSE_TREND,09:55:00,10:06:00,TREND_SHORT,EXIT_FLAT,short,41520.0,41581.0,-122.0,11,25,-8.666528690222536,-3.0,16.33471309777815,159.98548077529267,0,6,24.0,22.133333333333333,-34.0,0.0,-61.0,0.0,9
2024-09-18,FALSE_TREND,13:32:00,13:53:00,TREND_LONG,EXIT_FLAT,long,41691.0,41624.0,-134.0,21,242,-1.0,0.6724609308505616,222.5214837765525,188.89662328752456,6,2,10.5,7.266666666666667,33.0,22.0,-67.0,0.0,13
2024-09-18,FALSE_TREND,14:00:00,14:03:00,TREND_LONG,EARLY_HARD_STOP,long,41922.0,41838.0,-168.0,3,270,-3.461650158110119,-2.263375779325739,87.0590949799298,436.88036182594806,2,4,44.07142857142857,38.733333333333334,296.0,0.0,-84.0,0.0,14
2024-09-18,FALSE_TREND,15:45:00,16:00:00,TREND_SHORT,SESSION_EXIT,short,41526.0,41532.0,-12.0,15,375,2.7330101933706112,-1.185231963453698,210.97931757967308,536.9396001186687,2,6,49.57142857142857,44.53333333333333,-84.0,48.0,-31.0,0.0,15
2024-09-19,FALSE_TREND,11:08:00,11:11:00,TREND_SHORT,EARLY_HARD_STOP,short,41853.0,41920.0,-134.0,3,98,-0.010959156627844888,-1.03233089751608,142.9917298809596,285.96294775105343,2,4,23.214285714285715,21.4,-79.0,0.0,-67.0,0.0,11
2024-09-23,FALSE_TREND,09:58:00,10:02:00,TREND_SHORT,EARLY_HARD_STOP,short,42404.0,42454.0,-100.0,4,28,-5.749966490502451,2.25,22.250435623471276,159.99461619352223,0,3,31.928571428571427,30.933333333333334,-25.0,4.0,-50.0,0.0,9
2024-09-24,FALSE_TREND,10:00:00,10:10:00,TREND_SHORT,EXIT_FLAT,short,42491.0,42553.0,-124.0,10,30,-1.2001991877480158,-0.16673499065896735,51.89720558729459,121.99236038717936,0,3,26.285714285714285,26.466666666666665,-27.0,18.0,-62.0,0.0,10
2024-09-24,FALSE_TREND,10:57:00,11:38:00,TREND_LONG,EXIT_FLAT,long,42608.0,42546.0,-124.0,41,87,-0.04772077049388071,3.262874249486726,73.75105973175232,173.98526639564807,6,1,19.142857142857142,18.8,47.0,38.0,-62.0,0.0,10
2024-09-25,TRUE_TREND,09:50:00,10:20:00,TREND_SHORT,PARTIAL_TP,short,42493.0,42428.0,65.0,30,20,-6.461377910539215,0.39948032924107135,40.15657552083576,195.9905020514998,2,3,33.142857142857146,32.266666666666666,-66.0,65.0,-32.0,0.0,9
2024-09-25,TRUE_TREND,12:42:00,13:34:00,TREND_SHORT,PARTIAL_TP,short,42297.0,42234.0,63.0,52,192,-1.210729406869995,-7.2813870613697585e-06,29.547671342021204,388.90452114783693,1,5,12.785714285714286,12.533333333333333,-27.0,63.0,-47.0,0.0,12
2024-09-26,FALSE_TREND,10:08:00,10:38:00,TREND_SHORT,EXIT_FLAT,short,42457.0,42520.0,-126.0,30,38,-14.284322102864584,-1.2776792055600648,19.272802522995335,124.99817583662661,1,3,27.857142857142858,27.4,-38.0,41.0,-63.0,0.0,10
2024-09-27,TRUE_TREND,10:00:00,10:15:00,TREND_LONG,PARTIAL_TP,long,42758.0,42818.0,60.0,15,30,-0.5241389045736873,3.0798715876436784,64.61076936673635,174.98664037930575,7,1,27.571428571428573,27.4,86.0,60.0,-30.0,0.0,10
2024-09-27,TRUE_TREND,11:04:00,11:11:00,TREND_LONG,PARTIAL_TP,long,42932.0,42982.0,50.0,7,94,9.0,3.4443473676185468,34.56176847241295,346.9581398501905,8,0,15.642857142857142,15.6,28.0,50.0,0.0,0.0,11
2024-09-27,FALSE_TREND,11:24:00,11:53:00,TREND_LONG,EXIT_FLAT,long,42995.0,42935.0,-120.0,29,114,-4.0,3.444129971707009,23.6930823766088,408.949233411513,5,0,16.5,16.4,29.0,10.0,-60.0,0.0,11
2024-09-30,FALSE_TREND,10:42:00,11:25:00,TREND_LONG,EXIT_FLAT,long,42614.0,42538.0,-152.0,43,72,2.000196580762987,3.187582131410257,38.25236164226226,211.97537383271992,5,0,17.071428571428573,17.666666666666668,20.0,24.0,-76.0,0.0,10
2024-09-30,TRUE_TREND,14:17:00,14:20:00,TREND_SHORT,PARTIAL_TP,short,42406.0,42347.0,59.0,3,287,-3.5003531836709487,-0.4999036745727603,20.985872194170952,263.90514373408223,0,5,20.0,18.666666666666668,-60.0,59.0,0.0,0.0,14
2024-10-01,FALSE_TREND,10:09:00,10:36:00,TREND_SHORT,EXIT_FLAT,short,42313.0,42376.0,-126.0,27,39,-7.598983487215909,-4.250279405381944,50.60914861505444,291.9830885399351,1,4,42.714285714285715,42.53333333333333,-119.0,35.0,-63.0,0.0,10
2024-10-01,TRUE_TREND,14:15:00,14:44:00,TREND_LONG,CHOP_TP,long,42618.0,42633.0,30.0,29,285,0.25995004948762357,0.08427403598302034,219.7116928561809,378.89462852790166,4,1,20.0,19.6,46.0,29.0,-7.0,0.0,14
2024-10-02,TRUE_TREND,10:44:00,11:30:00,TREND_LONG,PARTIAL_TP,long,42515.0,42570.0,55.0,46,74,0.5501784693488676,-0.6361405970140459,127.35895253729541,237.97708110664826,3,3,26.428571428571427,26.2,33.0,55.0,-49.0,0.0,10
2024-10-03,FALSE_TREND,10:10:00,10:13:00,TREND_LONG,EARLY_HARD_STOP,long,42419.0,42334.0,-170.0,3,40,9.857956406492626,18.2217987985322,150.2179879853211,282.9937420924107,7,0,39.785714285714285,38.8,48.0,13.0,-85.0,0.0,10
2024-10-04,FALSE_TREND,15:40:00,16:00:00,TREND_LONG,SESSION_EXIT,long,42642.0,42640.0,-4.0,20,370,0.5834268318162031,0.4584438980843817,21.35363419035275,381.8700872399131,4,1,16.714285714285715,16.133333333333333,32.0,20.0,-22.0,0.0,15
2024-10-07,FALSE_TREND,09:56:00,10:31:00,TREND_LONG,EXIT_FLAT,long,42559.0,42497.0,-124.0,35,26,-1.4285423642113095,2.4613057753619025,50.157801818844746,137.98788568428427,3,1,33.857142857142854,33.86666666666667,61.0,27.0,-62.0,0.0,9
2024-10-07,TRUE_TREND,14:04:00,14:32:00,TREND_SHORT,PARTIAL_TP,short,42298.0,42240.0,58.0,28,274,-0.8716600356562004,-9.0,95.66273425934924,301.88491433915624,0,6,15.857142857142858,16.533333333333335,-46.0,58.0,-26.0,0.0,14
2024-10-08,TRUE_TREND,14:37:00,15:42:00,TREND_LONG,PARTIAL_TP,long,42375.0,42427.0,52.0,65,307,0.17951085203685674,0.32985057579696864,77.12450986600015,231.91321606653946,7,1,11.428571428571429,10.866666666666667,47.0,52.0,-20.0,0.0,14
2024-10-09,FALSE_TREND,10:10:00,10:14:00,TREND_LONG,EARLY_HARD_STOP,long,42581.0,42536.0,-90.0,4,40,-9.9996337890625,6.288715761007085,28.740085320721846,302.97658997888357,4,2,23.5,23.466666666666665,53.0,0.0,-45.0,0.0,10
2024-10-09,TRUE_TREND,11:12:00,11:23:00,TREND_LONG,PARTIAL_TP,long,42609.0,42663.0,54.0,11,102,2.760166275098128,2.3332811760179926,84.33281176017772,322.9393739782099,5,0,17.928571428571427,17.666666666666668,35.0,54.0,-9.0,0.0,11
2024-10-09,TRUE_TREND,11:35:00,11:48:00,TREND_LONG,PARTIAL_TP,long,42676.0,42741.0,65.0,13,125,-0.1110998905066288,3.499611549713045,16.50893435659964,387.9255680992792,3,3,14.0,14.266666666666667,26.0,65.0,-10.0,0.0,11
2024-10-09,FALSE_TREND,13:23:00,13:50:00,TREND_LONG,EXIT_FLAT,long,42796.0,42734.0,-124.0,27,233,-0.011325432422748484,-0.4806254093085565,117.94610035557707,510.8607403407441,10,0,13.5,13.066666666666666,34.0,0.0,-62.0,0.0,13
2024-10-09,TRUE_TREND,15:25:00,16:00:00,TREND_LONG,SESSION_EXIT,long,42807.0,42812.0,10.0,35,355,-2.6979843799571773e-05,-0.002564010597091545,137.23893769728602,522.7875089074878,7,0,12.714285714285714,12.4,35.0,47.0,-22.0,0.0,15
2024-10-10,TRUE_TREND,10:49:00,11:02:00,TREND_SHORT,CHOP_TP,short,42652.0,42632.0,40.0,13,79,-0.2925854468415287,-1.9169745307476103,49.88574969951878,149.98090872006287,0,7,20.785714285714285,20.333333333333332,-33.0,31.0,-21.0,0.0,10
2024-10-10,FALSE_TREND,13:52:00,13:57:00,TREND_SHORT,EARLY_HARD_STOP,short,42638.0,42692.0,-108.0,5,262,-0.3856271693582585,-1.0862646488981644,98.66919221000717,196.93668456309388,1,5,17.428571428571427,16.6,-41.0,5.0,-54.0,0.0,13
2024-10-11,TRUE_TREND,10:06:00,10:15:00,TREND_LONG,PARTIAL_TP,long,42957.0,43011.0,54.0,9,36,1.733693119517544,0.9999973942297824,40.00004429808905,206.98434557730798,4,0,25.357142857142858,24.8,68.0,54.0,0.0,0.0,10
2024-10-11,TRUE_TREND,10:53:00,11:39:00,TREND_LONG,PARTIAL_TP,long,43061.0,43111.0,50.0,46,83,9.062118437127404e-05,3.058798651235689,22.003624937773566,299.9516949007084,3,1,18.0,18.066666666666666,32.0,50.0,-39.0,0.0,10
2024-10-11,FALSE_TREND,14:15:00,14:38:00,TREND_LONG,EXIT_FLAT,long,43130.0,43052.0,-156.0,23,285,-1.4999999999999998,3.0741716351425445,19.10994037828641,370.8729754601882,6,0,10.214285714285714,10.133333333333333,26.0,2.0,-78.0,0.0,14
2024-10-11,FALSE_TREND,15:32:00,16:00:00,TREND_LONG,SESSION_EXIT,long,43168.0,43146.0,-44.0,28,362,-2.2499023437500005,1.0153138873934595,63.188363968147314,406.83853577526315,6,0,10.5,10.133333333333333,7.0,9.0,-31.0,0.0,15
2024-10-14,TRUE_TREND,10:16:00,10:33:00,TREND_LONG,PARTIAL_TP,long,43132.0,43189.0,57.0,17,46,-0.07681891025641037,1.9260872731736631,52.665214541440946,149.9796341510737,7,1,20.071428571428573,20.133333333333333,25.0,57.0,-9.0,0.0,10
2024-10-14,TRUE_TREND,11:08:00,11:23:00,TREND_LONG,CHOP_TP,long,43211.0,43228.0,34.0,15,98,-0.1997612847222222,9.99951171875,4.00146484375,227.955565406417,2,3,16.285714285714285,16.466666666666665,10.0,49.0,0.0,0.0,11
2024-10-14,TRUE_TREND,11:38:00,12:00:00,TREND_LONG,PARTIAL_TP,long,43269.0,43321.0,52.0,22,128,-0.23522869434232024,2.105038131197081,22.533741670493328,283.94167958621983,3,1,13.428571428571429,13.866666666666667,26.0,52.0,-1.0,0.0,11
2024-10-14,FALSE_TREND,12:36:00,13:35:00,TREND_LONG,EXIT_FLAT,long,43348.0,43288.0,-120.0,59,186,-0.0001220703125000317,1.6754855556156931,17.531302720220992,363.9148337085644,3,0,10.785714285714286,10.866666666666667,8.0,0.0,-60.0,0.0,12
2024-10-15,FALSE_TREND,09:57:00,10:12:00,TREND_SHORT,EXIT_FLAT,short,43042.0,43102.0,-120.0,15,27,-6.759188411776302,0.7270209039007867,49.501912882042234,248.9906073563834,2,4,32.642857142857146,32.06666666666667,-59.0,6.0,-60.0,0.0,9
2024-10-15,FALSE_TREND,15:36:00,15:40:00,TREND_SHORT,EARLY_HARD_STOP,short,42974.0,43015.0,-82.0,4,366,-0.7970838903051827,0.2962865369073276,142.93073196445766,311.8726772838054,0,8,16.857142857142858,17.0,-45.0,0.0,-41.0,0.0,15
2024-10-16,TRUE_TREND,10:04:00,10:35:00,TREND_LONG,PARTIAL_TP,long,43176.0,43234.0,58.0,31,34,-0.21424851190476185,5.544820911319073,22.476089015151956,229.98469343611941,4,1,24.071428571428573,23.866666666666667,52.0,58.0,-45.0,0.0,10
2024-10-16,TRUE_TREND,12:38:00,14:21:00,TREND_LONG,PARTIAL_TP,long,43276.0,43335.0,59.0,103,188,-0.11756885996738276,1.410120461606495,20.3648201509277,332.9153637233612,3,4,9.928571428571429,9.666666666666666,31.0,59.0,-50.0,0.0,12
2024-10-17,FALSE_TREND,10:08:00,10:12:00,TREND_SHORT,EARLY_HARD_STOP,short,43434.0,43480.0,-92.0,4,38,-1.8498511904761905,-1.7336726679353633,41.20119047618937,141.9919277051158,2,6,29.785714285714285,28.666666666666668,-6.0,0.0,-46.0,0.0,10
2024-10-17,FALSE_TREND,11:03:00,11:07:00,TREND_SHORT,EARLY_HARD_STOP,short,43388.0,43429.0,-82.0,4,93,0.5106994763147796,0.45439056792816557,94.17119162103336,169.9802441213469,2,5,17.928571428571427,17.066666666666666,-39.0,11.0,-41.0,0.0,11
2024-10-17,TRUE_TREND,13:03:00,13:52:00,TREND_LONG,CHOP_TP,long,43521.0,43534.0,26.0,49,213,0.26969577080234003,0.7948557827581252,32.75557561559981,174.97450859306264,5,1,12.928571428571429,12.666666666666666,4.0,25.0,-16.0,0.0,13
2024-10-18,FALSE_TREND,09:54:00,10:10:00,TREND_SHORT,EXIT_FLAT,short,43301.0,43367.0,-132.0,16,24,-6.05232247615206,-7.600033714657737,2.2557394276518608,214.9921654521895,0,6,29.714285714285715,29.466666666666665,-55.0,7.0,-66.0,0.0,9
2024-10-18,TRUE_TREND,12:40:00,12:49:00,TREND_LONG,CHOP_TP,long,43514.0,43528.0,28.0,9,190,0.0002012148008241124,1.217329219991277,39.87788452117093,233.94646408747212,4,1,10.642857142857142,10.466666666666667,25.0,23.0,0.0,0.0,12
2024-10-18,FALSE_TREND,14:26:00,15:03:00,TREND_LONG,EXIT_FLAT,long,43575.0,43513.0,-124.0,37,296,-0.04536346445937607,4.825770449431047,7.355738764221314,294.9118616381238,7,0,9.214285714285714,9.333333333333334,14.0,0.0,-62.0,0.0,14
2024-10-21,TRUE_TREND,09:59:00,10:30:00,TREND_SHORT,PARTIAL_TP,short,43415.0,43358.0,57.0,31,29,-3.3996222825568525,-0.00011393229166651583,38.21019837096537,141.9873712354747,3,5,19.642857142857142,20.066666666666666,-35.0,57.0,-28.0,0.0,9
2024-10-21,TRUE_TREND,11:16:00,11:33:00,TREND_SHORT,PARTIAL_TP,short,43165.0,43115.0,50.0,17,106,-2.727381983416879,0.2853742327008928,124.17613686232653,386.9513558002727,2,3,21.928571428571427,23.266666666666666,-29.0,50.0,-20.0,0.0,11
2024-10-22,FALSE_TREND,10:06:00,10:32:00,TREND_LONG,EXIT_FLAT,long,42994.0,42951.0,-86.0,26,36,-2.3331043107707514,0.22217129794034096,35.33722671689611,135.98858148520958,6,1,25.357142857142858,26.133333333333333,10.0,25.0,-43.0,0.0,10
2024-10-22,TRUE_TREND,10:33:00,10:42:00,TREND_LONG,PARTIAL_TP,long,42947.0,43008.0,61.0,9,63,-13.0,-0.7778050117341896,22.0,143.97863627140032,2,4,16.571428571428573,15.933333333333334,-36.0,61.0,0.0,0.0,10
2024-10-22,FALSE_TREND,13:59:00,14:56:00,TREND_LONG,EXIT_FLAT,long,43249.0,43186.0,-126.0,57,269,-1.3334960937499998,2.2306957202953295,19.873548570569255,304.9241220976619,4,1,10.428571428571429,10.533333333333333,16.0,29.0,-63.0,0.0,13
2024-10-23,TRUE_TREND,09:57:00,10:03:00,TREND_LONG,PARTIAL_TP,long,42942.0,42998.0,56.0,6,27,-0.03843928062678064,4.454048710078983,27.643318058893783,94.99275592324557,6,1,22.428571428571427,22.666666666666668,34.0,56.0,-3.0,0.0,9
2024-10-23,TRUE_TREND,14:00:00,14:04:00,TREND_SHORT,PARTIAL_TP,short,42631.0,42578.0,53.0,4,270,-0.8500612584556021,2.498001805406602e-16,42.799264898530964,373.87788664133404,1,6,11.642857142857142,11.933333333333334,-22.0,53.0,0.0,0.0,14
2024-10-24,TRUE_TREND,11:05:00,11:42:00,TREND_SHORT,PARTIAL_TP,short,42576.0,42522.0,54.0,37,95,-0.2153240552076184,-0.2223590959821429,92.7595388104819,128.9704139422538,5,4,15.928571428571429,15.8,-37.0,54.0,-48.0,0.0,11
2024-10-25,FALSE_TREND,10:08:00,10:43:00,TREND_LONG,EXIT_FLAT,long,42805.0,42745.0,-120.0,35,38,1.0477955935029646,0.2957729350656702,73.74649771428085,117.9828752054309,5,0,22.642857142857142,23.266666666666666,46.0,0.0,-60.0,0.0,10
2024-10-25,TRUE_TREND,10:49:00,11:12:00,TREND_SHORT,PARTIAL_TP,short,42712.0,42657.0,55.0,23,79,-1.6873834491894348,-1.6553639877470874,7.224088705399481,126.9763795220133,2,5,16.785714285714285,16.533333333333335,-12.0,55.0,-22.0,0.0,10
2024-10-25,TRUE_TREND,13:11:00,13:17:00,TREND_SHORT,PARTIAL_TP,short,42465.0,42405.0,60.0,6,221,-1.8647301514727186,0.07927595108754738,28.164317576440226,349.8925267212253,2,4,13.571428571428571,12.866666666666667,-18.0,60.0,0.0,0.0,13
2024-10-29,TRUE_TREND,09:50:00,10:02:00,TREND_LONG,PARTIAL_TP,long,42477.0,42529.0,52.0,12,20,-0.39969649969362736,9.499731445312497,24.5013427734375,115.99309408423142,7,0,27.285714285714285,27.0,31.0,52.0,-20.0,0.0,9
2024-10-30,TRUE_TREND,10:01:00,10:14:00,TREND_LONG,PARTIAL_TP,long,42567.0,42618.0,51.0,13,31,-0.9999999999999998,13.29900764016544,7.588091681980586,236.98807281128393,8,0,24.071428571428573,24.4,25.0,51.0,-13.0,0.0,10
2024-10-31,TRUE_TREND,10:40:00,10:57:00,TREND_SHORT,PARTIAL_TP,short,41992.0,41930.0,62.0,17,70,-3.7143351236979165,0.29974493280157344,25.585409809100383,180.98095355627447,2,2,23.357142857142858,23.466666666666665,-32.0,62.0,-10.0,0.0,10
2024-11-01,TRUE_TREND,10:12:00,10:22:00,TREND_LONG,PARTIAL_TP,long,42338.0,42397.0,59.0,10,42,-12.00048828125,1.4706873384633457,121.76430223508214,248.98218129418092,7,1,29.285714285714285,28.666666666666668,43.0,59.0,-5.0,0.0,10
2024-11-04,TRUE_TREND,11:27:00,11:32:00,TREND_SHORT,PARTIAL_TP,short,42013.0,41952.0,61.0,5,117,-0.6042582762574507,-0.9600791195851845,21.059476883499883,175.95158963404538,0,6,18.642857142857142,18.2,-33.0,61.0,-1.0,0.0,11
2024-11-05,TRUE_TREND,09:53:00,09:59:00,TREND_LONG,PARTIAL_TP,long,42109.0,42164.0,55.0,6,23,-3.6663330078125,3.3932094640899124,71.06790535910113,192.98693372173148,6,0,27.857142857142858,27.866666666666667,43.0,55.0,0.0,0.0,9
2024-11-05,TRUE_TREND,10:22:00,10:24:00,TREND_LONG,PARTIAL_TP,long,42225.0,42276.0,51.0,2,52,-0.09082650137947984,5.470097898349936,22.666181964348652,310.97045878287463,6,0,22.214285714285715,21.6,28.0,51.0,0.0,0.0,10
2024-11-05,TRUE_TREND,12:31:00,12:53:00,TREND_LONG,PARTIAL_TP,long,42347.0,42403.0,56.0,22,181,-0.7998915452223558,0.6590311342304677,76.68719791925832,429.89717381841183,3,0,15.571428571428571,15.4,17.0,56.0,-12.0,0.0,12
2024-11-06,FALSE_TREND,09:55:00,10:01:00,TREND_SHORT,EXIT_FLAT,short,43560.0,43624.0,-128.0,6,25,-14.836484804258244,-12.000692471590908,67.6918784340669,195.99402081711742,1,7,39.714285714285715,40.666666666666664,-47.0,23.0,-64.0,0.0,9
2024-11-06,FALSE_TREND,10:23:00,10:44:00,TREND_LONG,EXIT_FLAT,long,43747.0,43682.0,-130.0,21,53,-1.66646728515625,3.333740234375,50.66748046875,214.98850155358377,4,1,31.214285714285715,31.333333333333332,38.0,36.0,-65.0,0.0,10
2024-11-06,TRUE_TREND,13:10:00,13:24:00,TREND_LONG,CHOP_TP,long,43805.0,43832.0,54.0,14,220,0.0001300630115327328,2.099727590460526,15.10517578125291,272.91169201480807,3,1,12.5,12.266666666666667,16.0,38.0,0.0,0.0,13
2024-11-06,TRUE_TREND,13:30:00,15:15:00,TREND_LONG,PARTIAL_TP,long,43866.0,43923.0,57.0,105,240,-0.12482392282196975,2.0647252353409837,21.482198117271764,337.90249331935775,3,2,14.785714285714286,15.066666666666666,39.0,57.0,-51.0,0.0,13
2024-11-06,FALSE_TREND,15:48:00,15:51:00,TREND_LONG,EARLY_HARD_STOP,long,43949.0,43891.0,-116.0,3,378,-0.7242192388243882,1.1254302515212458,72.97826384071232,419.8390219044013,7,0,18.571428571428573,17.6,45.0,0.0,-58.0,0.0,15
2024-11-07,FALSE_TREND,09:52:00,10:04:00,TREND_LONG,EXIT_FLAT,long,43962.0,43900.0,-124.0,12,22,-0.1426500162117093,3.630067618638738,90.9594590508932,156.99608859098953,7,1,28.928571428571427,29.666666666666668,53.0,0.0,-62.0,0.0,9
2024-11-07,FALSE_TREND,15:15:00,15:51:00,TREND_LONG,EXIT_FLAT,long,43966.0,43906.0,-120.0,36,345,2.578773941532258,-0.1764140220606635,109.14005360502051,162.92590041187214,6,2,19.571428571428573,20.533333333333335,38.0,17.0,-60.0,0.0,15
2024-11-08,FALSE_TREND,10:01:00,10:06:00,TREND_LONG,EARLY_HARD_STOP,long,44040.0,43990.0,-100.0,5,31,-0.13332913306451658,6.058157577816206,28.720533288040315,177.99007432836515,5,2,20.285714285714285,21.466666666666665,45.0,0.0,-50.0,0.0,10
2024-11-08,TRUE_TREND,10:20:00,10:43:00,TREND_LONG,CHOP_TP,long,44073.0,44131.0,116.0,23,50,0.00016276041666649934,3.928395926904099,16.935766996932216,195.98150218147202,8,1,19.857142857142858,20.733333333333334,23.0,58.0,0.0,0.0,10
2024-11-08,FALSE_TREND,11:08:00,11:41:00,TREND_LONG,EXIT_FLAT,long,44179.0,44107.0,-144.0,33,98,-0.05240896124588817,1.6498113553520624,39.455093405493244,306.9598460881243,5,1,16.5,15.666666666666666,39.0,1.0,-72.0,0.0,11
2024-11-08,TRUE_TREND,14:05:00,14:32:00,TREND_LONG,CHOP_TP,long,44206.0,44219.0,26.0,27,275,-1.9998779296874996,0.9999845472506842,63.00064901547012,331.87998948971654,6,1,13.642857142857142,13.2,25.0,28.0,-3.0,0.0,14
2024-11-08,FALSE_TREND,14:38:00,15:01:00,TREND_LONG,EXIT_FLAT,long,44248.0,44187.0,-122.0,23,308,-0.148028076706392,1.281200401290129,44.19117030453344,370.8651010200774,4,2,9.571428571428571,9.333333333333334,29.0,47.0,-61.0,0.0,14
2024-11-11,FALSE_TREND,09:58:00,10:09:00,TREND_LONG,EXIT_FLAT,long,44607.0,44538.0,-138.0,11,28,-0.832852027529762,8.999772061920583,23.006382266226865,288.9905323369676,6,0,28.571428571428573,28.2,35.0,17.0,-69.0,0.0,9
2024-11-12,TRUE_TREND,09:51:00,10:02:00,TREND_SHORT,PARTIAL_TP,short,44458.0,44406.0,52.0,11,21,-0.27306657757675434,2.99993896484375,83.81546737939061,100.98968750362837,2,5,23.428571428571427,22.866666666666667,-55.0,52.0,0.0,0.0,9
2024-11-12,TRUE_TREND,10:26:00,11:09:00,TREND_SHORT,PARTIAL_TP,short,44326.0,44274.0,52.0,43,56,-3.999754284528201,0.2498996310763889,37.01056576528936,229.97069074232422,3,2,18.285714285714285,18.2,-41.0,52.0,-31.0,0.0,10
2024-11-12,FALSE_TREND,15:56:00,16:00:00,TREND_SHORT,SESSION_EXIT,short,44043.0,44065.0,-44.0,4,386,-1.3383546514013172,-12.0,100.11934299725544,516.7915782784767,3,5,17.0,17.4,-46.0,0.0,-32.0,0.0,15
2024-11-13,TRUE_TREND,09:53:00,10:04:00,TREND_SHORT,PARTIAL_TP,short,44098.0,44040.0,58.0,11,23,-14.501123046875,-2.363750822338469,16.501123046873545,102.99688665874419,1,6,27.285714285714285,27.066666666666666,-41.0,58.0,-28.0,0.0,9
2024-11-13,TRUE_TREND,10:47:00,11:23:00,TREND_LONG,CHOP_TP,long,44165.0,44181.0,32.0,36,77,0.5319497438039228,11.00054931640625,20.66029803542915,206.98616286332253,3,3,21.571428571428573,21.133333333333333,22.0,27.0,-23.0,0.0,10
2024-11-13,TRUE_TREND,11:25:00,12:05:00,TREND_LONG,CHOP_TP,long,44206.0,44220.0,28.0,40,115,-2.33309326171875,0.46271679504280017,50.20838089418976,241.97301761247218,3,2,14.428571428571429,13.666666666666666,20.0,46.0,-2.0,0.0,11
2024-11-13,FALSE_TREND,12:16:00,12:19:00,TREND_LONG,EARLY_HARD_STOP,long,44280.0,44239.0,-82.0,3,166,-6.0,4.250236092032967,18.499527815933106,314.95537536469055,7,0,14.071428571428571,14.0,16.0,0.0,-41.0,0.0,12
2024-11-14,FALSE_TREND,10:12:00,10:36:00,TREND_SHORT,EXIT_FLAT,short,44038.0,44113.0,-150.0,24,42,-8.99925537109375,-1.7506591796874997,4.00297851562209,186.9819104160124,1,5,20.571428571428573,20.4,-29.0,40.0,-75.0,0.0,10
2024-11-14,TRUE_TREND,11:55:00,12:24:00,TREND_SHORT,CHOP_TP,short,43999.0,43955.0,88.0,29,145,-0.09991215548710301,-0.6469183031350504,65.80646931806405,226.93754790262028,0,6,17.428571428571427,17.0,-45.0,45.0,-19.0,0.0,11
2024-11-14,FALSE_TREND,12:31:00,12:35:00,TREND_SHORT,EARLY_HARD_STOP,short,43927.0,43972.0,-90.0,4,181,-2.699687373173701,0.7999674479166666,22.30656516335148,293.9220425861713,0,1,14.714285714285714,15.4,-39.0,16.0,-45.0,0.0,12
2024-11-14,FALSE_TREND,12:49:00,12:53:00,TREND_SHORT,EARLY_HARD_STOP,short,43899.0,43957.0,-116.0,4,199,-0.3448179257865216,1.5326710420496323,100.55210089432512,329.9142898557475,0,7,18.571428571428573,18.666666666666668,-91.0,0.0,-58.0,0.0,12
2024-11-14,FALSE_TREND,15:06:00,15:16:00,TREND_SHORT,EXIT_FLAT,short,43852.0,43935.0,-166.0,10,336,-2.500235230535523,0.19422913526823785,121.51076452708367,367.8552834724833,0,8,23.785714285714285,22.8,-92.0,8.0,-83.0,0.0,15
2024-11-15,TRUE_TREND,09:55:00,10:00:00,TREND_SHORT,PARTIAL_TP,short,43676.0,43623.0,53.0,5,25,-4.283333333333333,0.2663897346047797,40.181671740960155,111.99229016726167,1,4,29.071428571428573,29.266666666666666,-34.0,53.0,0.0,0.0,9
2024-11-18,FALSE_TREND,10:21:00,10:34:00,TREND_SHORT,EXIT_FLAT,short,43449.0,43524.0,-150.0,13,51,-0.17872563067080693,-9.755660076530979e-05,94.14038990926929,122.98889521059027,0,5,19.642857142857142,19.266666666666666,-52.0,3.0,-75.0,0.0,10
2024-11-18,TRUE_TREND,10:46:00,11:32:00,TREND_LONG,PARTIAL_TP,long,43581.0,43633.0,52.0,46,76,-0.015078399736253212,5.293781230976055,17.547065700855455,154.99444762644998,7,0,16.571428571428573,16.8,44.0,52.0,-24.0,0.0,10
2024-11-19,FALSE_TREND,09:50:00,09:52:00,TREND_SHORT,EARLY_HARD_STOP,short,43080.0,43139.0,-118.0,2,20,-9.571847098214281,9.99951171875,72.71261160714494,142.9901970707724,3,4,33.5,33.8,-108.0,0.0,-59.0,0.0,9
2024-11-19,TRUE_TREND,10:29:00,10:33:00,TREND_LONG,PARTIAL_TP,long,43228.0,43290.0,62.0,4,59,0.5808440597772937,1.0832999050258507,74.9303833101294,165.98137447555928,4,4,24.928571428571427,26.333333333333332,57.0,62.0,-12.0,0.0,10
2024-11-19,TRUE_TREND,11:17:00,12:33:00,TREND_LONG,PARTIAL_TP,long,43374.0,43424.0,50.0,76,107,-0.149960052932518,2.7499952440137982,28.75007133978943,310.9578475275848,6,0,16.5,15.733333333333333,30.0,50.0,-30.0,0.0,11
2024-11-20,TRUE_TREND,10:05:00,10:10:00,TREND_SHORT,PARTIAL_TP,short,43288.0,43210.0,78.0,5,35,-8.33299560546875,1.904897608901515,30.382710404825048,188.9851241403012,1,3,25.857142857142858,25.666666666666668,-62.0,78.0,0.0,0.0,10
2024-11-20,TRUE_TREND,15:32:00,15:37:00,TREND_LONG,PARTIAL_TP,long,43477.0,43531.0,54.0,5,362,0.20926894846062916,0.6520518601213828,89.7075254067604,297.8634922145138,6,1,14.642857142857142,14.2,68.0,54.0,0.0,0.0,15
2024-11-21,FALSE_TREND,10:13:00,10:23:00,TREND_LONG,EXIT_FLAT,long,43696.0,43627.0,-138.0,10,43,7.667829241071426,8.60076148623512,3.6007614862392074,252.9776159650428,6,0,34.785714285714285,33.733333333333334,100.0,12.0,-69.0,0.0,10
2024-11-21,TRUE_TREND,10:47:00,10:54:00,TREND_LONG,PARTIAL_TP,long,43719.0,43775.0,56.0,7,77,9.223522579308712,0.611470562995342,103.48738753253565,281.95306594792055,4,2,32.92857142857143,33.333333333333336,48.0,56.0,-7.0,0.0,10
2024-11-21,FALSE_TREND,11:24:00,11:46:00,TREND_LONG,EXIT_FLAT,long,43921.0,43860.0,-122.0,22,114,-0.28544108072916663,5.566260026737968,22.313419117650483,475.92634958548297,3,2,19.428571428571427,19.466666666666665,41.0,35.0,-61.0,0.0,11
2024-11-21,TRUE_TREND,12:28:00,12:43:00,TREND_LONG,PARTIAL_TP,long,43980.0,44032.0,52.0,15,178,2.7621175635675463,1.041641836542126,21.33432653831551,537.8801375678086,4,2,17.357142857142858,17.0,74.0,52.0,-9.0,0.0,12
2024-11-22,FALSE_TREND,12:12:00,12:37:00,TREND_LONG,EXIT_FLAT,long,44332.0,44271.0,-122.0,25,162,-1.9998779296875,0.8488845707086926,126.71600464629591,327.92549499355664,7,1,14.142857142857142,13.333333333333334,28.0,18.0,-61.0,0.0,12
2024-11-22,FALSE_TREND,13:32:00,13:51:00,TREND_LONG,EXIT_FLAT,long,44357.0,44297.0,-120.0,19,242,5.3281931170355416e-05,1.4398055664633256,38.690304977440974,354.88753072695545,4,1,13.928571428571429,13.333333333333334,21.0,6.0,-60.0,0.0,13
2024-11-25,TRUE_TREND,11:37:00,12:21:00,TREND_SHORT,PARTIAL_TP,short,44719.0,44663.0,56.0,44,127,-0.9091708743238156,-0.35719462127727963,35.160083976188616,200.95954116147186,0,8,17.571428571428573,16.866666666666667,-39.0,56.0,-37.0,0.0,11
2024-11-26,TRUE_TREND,10:03:00,10:24:00,TREND_SHORT,CHOP_TP,short,44616.0,44573.0,86.0,21,33,-17.49934895833333,2.4998372395833344,6.501953125,141.98360017383675,1,3,24.571428571428573,23.666666666666668,-45.0,43.0,0.0,0.0,10
2024-11-26,FALSE_TREND,10:25:00,10:58:00,TREND_SHORT,EXIT_FLAT,short,44552.0,44623.0,-142.0,33,55,0.6666503906250001,-0.6667140151515152,45.99995117187791,203.97266692862468,2,2,21.428571428571427,21.533333333333335,-48.0,15.0,-71.0,0.0,10
2024-11-26,TRUE_TREND,12:51:00,13:24:00,TREND_LONG,CHOP_TP,long,44772.0,44819.0,94.0,33,201,-1.1665736607142856,1.5697413360303063,28.36388498002634,239.93191562831635,4,1,9.714285714285714,9.266666666666667,12.0,48.0,0.0,0.0,12
2024-11-26,TRUE_TREND,13:25:00,13:58:00,TREND_LONG,CHOP_TP,long,44829.0,44849.0,40.0,33,235,3.255208333335924e-05,1.5696005248364286,29.015913401992293,297.91501877208066,2,2,11.285714285714286,10.466666666666667,19.0,36.0,-18.0,0.0,13
2024-11-26,FALSE_TREND,14:04:00,14:09:00,TREND_LONG,EARLY_HARD_STOP,long,44871.0,44814.0,-114.0,5,274,4.340277777778055e-05,7.49970703125,4.00117187500291,339.89563709875074,2,4,11.285714285714286,10.8,21.0,0.0,-57.0,0.0,14
2024-11-26,TRUE_TREND,14:33:00,15:03:00,TREND_LONG,CHOP_TP,long,44885.0,44899.0,28.0,30,303,-0.4164100985221675,-1.3424059209976609,104.79368289397098,352.88122505961655,3,1,15.214285714285714,15.2,29.0,20.0,-23.0,0.0,14
2024-11-26,TRUE_TREND,15:07:00,15:33:00,TREND_LONG,CHOP_TP,long,44917.0,44950.0,66.0,26,337,-0.25,2.390112404066316,6.274604604819615,384.86432820338814,3,2,8.714285714285714,8.733333333333333,16.0,43.0,0.0,0.0,15
2024-11-26,FALSE_TREND,15:46:00,16:00:00,TREND_LONG,SESSION_EXIT,long,44984.0,44959.0,-50.0,14,376,-0.19987714470136345,1.7594335219168007,27.929283593235596,454.8449465300582,4,1,11.571428571428571,11.666666666666666,35.0,2.0,-35.0,0.0,15
2024-11-27,FALSE_TREND,11:01:00,11:06:00,TREND_SHORT,EARLY_HARD_STOP,short,44967.0,45014.0,-94.0,5,91,-1.9047081898834746,0.04443374150193094,57.62108878442814,158.9685479046093,1,4,17.357142857142858,16.866666666666667,-30.0,1.0,-47.0,0.0,11
2024-11-27,TRUE_TREND,11:54:00,12:43:00,TREND_SHORT,PARTIAL_TP,short,44927.0,44871.0,56.0,49,144,-1.285545672106703,1.7500000000000002,56.0153438382913,193.94938738324709,0,4,15.571428571428571,15.6,-11.0,56.0,-10.0,0.0,11
2024-11-28,TRUE_TREND,09:53:00,10:59:00,TREND_LONG,CHOP_TP,long,44916.0,44927.0,22.0,66,23,-0.05881891030809253,3.8001057942708334,9.999471028648259,46.998772203449334,7,1,7.428571428571429,6.8,29.0,26.0,-24.0,0.0,9
2024-11-28,TRUE_TREND,11:24:00,12:29:00,TREND_LONG,CHOP_TP,long,44945.0,44963.0,36.0,65,114,-2.7755575615628914e-17,0.4444957308805329,28.55411953534349,72.98581210841803,3,1,3.7857142857142856,3.2666666666666666,3.0,18.0,-15.0,0.0,11
2024-11-29,TRUE_TREND,11:09:00,11:24:00,TREND_LONG,CHOP_TP,long,45032.0,45052.0,40.0,15,99,-0.19974190848214285,1.264572197007568,32.744518406478164,178.965946127988,4,0,13.357142857142858,13.066666666666666,9.0,20.0,-13.0,0.0,11
2024-11-29,TRUE_TREND,11:45:00,12:06:00,TREND_LONG,PARTIAL_TP,long,45087.0,45152.0,65.0,21,135,-0.12489947150735294,1.2646749907672263,40.20912596944254,228.9535628651065,4,2,9.142857142857142,8.866666666666667,16.0,65.0,0.0,0.0,11
2024-12-02,TRUE_TREND,09:50:00,10:04:00,TREND_SHORT,PARTIAL_TP,short,44904.0,44840.0,64.0,14,20,-5.667041015625,0.1426920572916664,40.334082031251455,240.99302296488895,3,2,23.642857142857142,24.866666666666667,-44.0,64.0,0.0,0.0,9
2024-12-03,FALSE_TREND,11:39:00,12:08:00,TREND_SHORT,EXIT_FLAT,short,44703.0,44763.0,-120.0,29,129,-0.7755612919536298,1.0,53.304232197711826,284.95638099027565,0,8,12.285714285714286,12.066666666666666,-34.0,18.0,-60.0,0.0,11
2024-12-04,FALSE_TREND,13:32:00,13:44:00,TREND_SHORT,EXIT_FLAT,short,44893.0,44956.0,-126.0,12,242,0.0439060971816881,-0.031755885574793086,158.14931317464652,228.92378878828458,0,6,13.857142857142858,13.866666666666667,-82.0,0.0,-63.0,0.0,13
2024-12-04,FALSE_TREND,15:10:00,16:00:00,TREND_LONG,SESSION_EXIT,long,45129.0,45098.0,-62.0,50,340,0.1359347030934046,2.1266133473331768,1.1395201259947498,250.96880809698632,8,1,11.0,10.4,45.0,35.0,-33.0,0.0,15
2024-12-05,TRUE_TREND,10:36:00,12:20:00,TREND_SHORT,PARTIAL_TP,short,44997.0,44946.0,51.0,104,66,-4.249490191079125,0.3998761858258929,31.764784458704526,158.98920510010066,0,5,17.785714285714285,17.933333333333334,-14.0,51.0,-39.0,0.0,10
2024-12-06,TRUE_TREND,10:01:00,11:17:00,TREND_SHORT,PARTIAL_TP,short,44859.0,44791.0,68.0,76,31,-1.3809428553427419,-3.7635031960227274,72.8015411645465,125.98900433370727,0,7,22.928571428571427,22.8,-50.0,68.0,-55.0,0.0,10
2024-12-06,TRUE_TREND,12:04:00,13:00:00,TREND_SHORT,CHOP_TP,short,44734.0,44712.0,44.0,56,154,-1.3651498600231027,0.025146654507839705,78.27112527880672,252.94537658994523,1,6,13.428571428571429,13.4,-58.0,39.0,-12.0,0.0,12
2024-12-06,FALSE_TREND,14:19:00,16:00:00,TREND_SHORT,SESSION_EXIT,short,44681.0,44706.0,-50.0,101,289,-0.8084957017378794,0.4999999999999999,68.30085965243052,302.8974924055292,0,4,11.0,10.733333333333333,-19.0,16.0,-31.0,0.0,14
2024-12-09,FALSE_TREND,09:54:00,10:13:00,TREND_SHORT,EXIT_FLAT,short,44689.0,44756.0,-134.0,19,24,-4.384615969967533,1.7000289749313187,38.2464921797,120.99185559454054,4,1,21.142857142857142,22.466666666666665,-35.0,0.0,-67.0,0.0,9
2024-12-09,TRUE_TREND,14:45:00,15:11:00,TREND_SHORT,CHOP_TP,short,44570.0,44557.0,26.0,26,315,-0.15152028870010925,5.3020750550877326e-05,87.82272929849569,238.8789975531763,2,4,11.571428571428571,11.133333333333333,-42.0,22.0,-21.0,0.0,14
2024-12-09,TRUE_TREND,15:21:00,15:54:00,TREND_SHORT,PARTIAL_TP,short,44527.0,44465.0,62.0,33,351,-0.31525350156937965,1.5998026529947917,114.62718485875666,281.8650356873768,0,3,12.714285714285714,12.8,-18.0,62.0,-27.0,0.0,15
2024-12-10,TRUE_TREND,10:27:00,10:43:00,TREND_LONG,CHOP_TP,long,44430.0,44468.0,76.0,16,57,-0.16663261825551098,2.4999344140263644,51.50295136881323,175.98479478147055,6,0,17.5,17.133333333333333,23.0,41.0,-13.0,0.0,10
2024-12-10,TRUE_TREND,10:44:00,10:59:00,TREND_LONG,CHOP_TP,long,44482.0,44500.0,36.0,15,74,-0.12525499131944443,2.8400302619367643,48.441011024704494,220.97929502042098,2,4,15.928571428571429,16.666666666666668,30.0,32.0,-3.0,0.0,10
2024-12-10,FALSE_TREND,11:02:00,12:21:00,TREND_LONG,EXIT_FLAT,long,44522.0,44459.0,-126.0,79,92,-0.33311915135645603,2.999674048710084,29.01694946707721,267.97347175677714,2,1,15.785714285714286,15.133333333333333,18.0,29.0,-63.0,0.0,11
2024-12-11,TRUE_TREND,09:54:00,10:00:00,TREND_SHORT,PARTIAL_TP,short,44300.0,44243.0,57.0,6,24,-10.0,1.9999999999999998,1.0,140.99356867928873,1,7,22.0,22.2,-33.0,57.0,-16.0,0.0,9
2024-12-12,FALSE_TREND,10:04:00,11:12:00,TREND_SHORT,EXIT_FLAT,short,44148.0,44208.0,-120.0,68,34,-14.9986328125,0.3570800781250001,19.005468750001455,123.99276960886345,2,5,22.285714285714285,21.866666666666667,-80.0,37.0,-60.0,0.0,10
2024-12-12,FALSE_TREND,11:59:00,12:15:00,TREND_SHORT,EXIT_FLAT,short,44097.0,44158.0,-122.0,16,149,-0.06967163520598917,-0.1077876465699156,117.6611101256567,176.95119496587722,1,3,16.428571428571427,16.466666666666665,-21.0,0.0,-61.0,0.0,11
2024-12-12,TRUE_TREND,12:50:00,13:52:00,TREND_SHORT,CHOP_TP,short,44084.0,44037.0,94.0,62,200,-0.23538132716919588,1.1253363715277778,122.23065949001466,187.93275757453375,2,2,14.0,14.0,-40.0,47.0,-53.0,0.0,12
2024-12-12,TRUE_TREND,14:00:00,14:29:00,TREND_SHORT,PARTIAL_TP,short,44022.0,43972.0,50.0,29,270,-0.7730758978702611,1.6664341517857142,82.94631172798108,255.90745123585657,1,4,12.0,11.466666666666667,-39.0,50.0,-38.0,0.0,14
2024-12-13,FALSE_TREND,12:14:00,13:45:00,TREND_SHORT,EXIT_FLAT,short,43859.0,43921.0,-124.0,91,164,-3.999728875411184,0.2206264831354976,32.00406686883798,233.95227954835718,0,5,15.571428571428571,15.666666666666666,-31.0,33.0,-62.0,0.0,12
2024-12-16,FALSE_TREND,09:50:00,09:52:00,TREND_LONG,EARLY_HARD_STOP,long,43913.0,43873.0,-80.0,2,20,-0.22211614240679814,1.0765330595128675,59.698937988279795,86.99483154985501,6,3,22.714285714285715,22.2,70.0,0.0,-40.0,0.0,9
2024-12-16,TRUE_TREND,10:01:00,10:07:00,TREND_LONG,PARTIAL_TP,long,43929.0,43982.0,53.0,6,31,-2.8745225694444447,1.224038471474995,60.639422927873966,105.991487237603,2,3,21.714285714285715,21.933333333333334,47.0,53.0,0.0,0.0,10
2024-12-16,TRUE_TREND,12:03:00,15:47:00,TREND_SHORT,PARTIAL_TP,short,43824.0,43772.0,52.0,224,153,-0.7208391910644187,0.053603979910681214,84.10349302759278,169.9650369579249,2,5,12.142857142857142,11.533333333333333,-34.0,52.0,-48.0,0.0,12
2024-12-17,FALSE_TREND,10:10:00,10:15:00,TREND_SHORT,EARLY_HARD_STOP,short,43453.0,43497.0,-88.0,5,40,-0.869275695008117,-11.0013916015625,58.444626369724574,141.99122026097757,0,8,22.071428571428573,21.466666666666665,-64.0,0.0,-44.0,0.0,10
2024-12-17,TRUE_TREND,13:18:00,14:38:00,TREND_SHORT,CHOP_TP,short,43422.0,43400.0,44.0,80,228,-1.181807774082296,0.24997016059027777,42.818535681202775,177.9426734789231,2,2,13.214285714285714,12.066666666666666,-31.0,31.0,-56.0,0.0,13
2024-12-18,TRUE_TREND,09:51:00,10:21:00,TREND_LONG,PARTIAL_TP,long,43584.0,43634.0,50.0,30,21,-0.39987815732444654,3.1332214355468753,46.202349853512715,123.96781143838598,4,3,25.714285714285715,24.933333333333334,26.0,50.0,0.0,0.0,9
2024-12-19,FALSE_TREND,09:54:00,09:58:00,TREND_SHORT,EARLY_HARD_STOP,short,42568.0,42609.0,-82.0,4,24,-15.319047407670451,1.000040690104166,41.08579693418869,221.99111303064274,0,5,42.642857142857146,42.266666666666666,-57.0,0.0,-41.0,0.0,9
2024-12-19,TRUE_TREND,10:01:00,10:06:00,TREND_SHORT,PARTIAL_TP,short,42550.0,42500.0,50.0,5,31,-7.763991160043376,6.33304443359375,182.23600883995823,239.98783895006636,3,2,34.714285714285715,35.53333333333333,-47.0,50.0,0.0,0.0,10
2024-12-19,FALSE_TREND,10:22:00,10:25:00,TREND_SHORT,EARLY_HARD_STOP,short,42472.0,42527.0,-110.0,3,52,-0.666541734632555,2.0711960565476195,67.66804091904487,317.9780165515185,1,2,32.92857142857143,31.533333333333335,-82.0,0.0,-55.0,0.0,10
2024-12-19,FALSE_TREND,10:34:00,10:38:00,TREND_SHORT,EARLY_HARD_STOP,short,42450.0,42508.0,-116.0,4,64,-4.333740234375,0.5993607954545453,34.666259765625,351.97240374115063,1,3,30.357142857142858,29.333333333333332,-29.0,12.0,-58.0,0.0,10
2024-12-19,FALSE_TREND,15:35:00,15:37:00,TREND_SHORT,EARLY_HARD_STOP,short,42422.0,42472.0,-100.0,2,365,0.3520846755565441,-1.5554205690736114,177.03153015642602,369.83161615933204,0,6,21.857142857142858,17.2,-105.0,6.0,-50.0,0.0,15
2024-12-19,TRUE_TREND,15:53:00,16:00:00,TREND_SHORT,SESSION_EXIT,short,42382.0,42363.0,38.0,7,383,0.35210958233043504,0.49897077971813697,227.52175478692516,408.8231969829794,0,8,31.214285714285715,28.8,-122.0,27.0,-31.0,0.0,15
2024-12-23,FALSE_TREND,09:52:00,09:56:00,TREND_SHORT,EARLY_HARD_STOP,short,43006.0,43056.0,-100.0,4,22,-6.000198579655738,27.998779296875,101.9984113627579,233.98940975855658,0,8,34.857142857142854,34.93333333333333,-95.0,0.0,-50.0,0.0,9
2024-12-23,FALSE_TREND,10:02:00,10:03:00,TREND_SHORT,EARLY_HARD_STOP,short,42952.0,43013.0,-122.0,1,32,2.3329264322916665,0.44401041666666663,84.66585286458576,277.9845960344537,4,1,36.07142857142857,36.4,-87.0,0.0,-61.0,0.0,10
2024-12-23,FALSE_TREND,10:10:00,10:15:00,TREND_SHORT,EARLY_HARD_STOP,short,42937.0,43010.0,-146.0,5,40,-21.0,0.14262753441220233,17.0,290.9807450228982,0,3,38.214285714285715,37.93333333333333,-56.0,0.0,-73.0,0.0,10
2024-12-23,TRUE_TREND,12:56:00,13:59:00,TREND_LONG,CHOP_TP,long,43225.0,43238.0,26.0,63,206,1.5714033415811812,0.8946137749537283,108.70670773008169,298.92057314884005,5,0,15.857142857142858,15.666666666666666,29.0,47.0,-22.0,0.0,12
2024-12-23,TRUE_TREND,15:36:00,15:42:00,TREND_LONG,PARTIAL_TP,long,43276.0,43340.0,64.0,6,366,0.852979504048583,-0.4229484374598723,73.68511249774747,350.84355307903024,4,0,15.785714285714286,15.6,29.0,64.0,0.0,0.0,15
2024-12-24,TRUE_TREND,10:02:00,10:12:00,TREND_LONG,PARTIAL_TP,long,43355.0,43424.0,69.0,10,32,-0.05542386850916362,3.642682756696429,28.429268973217404,109.98613458563341,2,1,19.214285714285715,18.866666666666667,54.0,69.0,0.0,0.0,10
2024-12-24,TRUE_TREND,12:09:00,12:50:00,TREND_LONG,CHOP_TP,long,43573.0,43618.0,90.0,41,159,-0.5265821872797228,3.4069710197029535,41.34232238098775,329.92933139687375,6,1,14.285714285714286,15.066666666666666,39.0,45.0,-26.0,0.0,12
2024-12-26,FALSE_TREND,09:53:00,09:56:00,TREND_SHORT,EARLY_HARD_STOP,short,43484.0,43538.0,-108.0,3,23,-1.6669555664062496,2.999755859375,46.333044433595205,98.99878778887069,5,2,28.071428571428573,28.133333333333333,-74.0,0.0,-54.0,0.0,9
2024-12-26,TRUE_TREND,10:02:00,11:13:00,TREND_LONG,CHOP_TP,long,43599.0,43633.0,68.0,71,32,-10.0,14.665178571428571,3.678571428572468,133.99757557774137,3,2,33.5,32.2,47.0,39.0,-54.0,0.0,10
2024-12-26,TRUE_TREND,11:15:00,11:42:00,TREND_LONG,PARTIAL_TP,long,43652.0,43709.0,57.0,27,105,-0.12491714015151514,1.0256792684731821,72.15258414038544,179.97545278814505,3,2,10.928571428571429,11.266666666666667,24.0,57.0,-24.0,0.0,11
2024-12-27,FALSE_TREND,09:51:00,10:00:00,TREND_LONG,EXIT_FLAT,long,43573.0,43496.0,-154.0,9,21,-0.5000000000000003,7.39974317674513,30.60539328835148,193.98890887497691,7,0,23.428571428571427,24.466666666666665,51.0,1.0,-77.0,0.0,9
2024-12-27,TRUE_TREND,10:12:00,10:17:00,TREND_SHORT,PARTIAL_TP,short,43376.0,43313.0,63.0,5,42,-2.9998046875,0.36565915317842973,66.00058593750146,206.99207772989757,1,5,36.857142857142854,35.86666666666667,-33.0,63.0,-12.0,0.0,10
2024-12-27,TRUE_TREND,11:51:00,12:07:00,TREND_SHORT,PARTIAL_TP,short,43163.0,43105.0,58.0,16,141,0.23805178251882017,0.0002058488386613394,164.58045163319912,414.9397910482221,0,7,23.714285714285715,22.733333333333334,-94.0,58.0,-8.0,0.0,11
2024-12-27,FALSE_TREND,12:20:00,12:31:00,TREND_SHORT,EXIT_FLAT,short,43091.0,43174.0,-166.0,11,170,-1.19973662405303,1.3633942148346445,41.002633759468154,495.9244748128185,0,3,23.285714285714285,22.2,-41.0,1.0,-83.0,0.0,12
2024-12-30,FALSE_TREND,10:00:00,10:01:00,TREND_SHORT,EARLY_HARD_STOP,short,42641.0,42704.0,-126.0,1,30,-5.616699218749998,3.999755859375,45.91650390625,260.98324931585375,1,3,30.0,30.866666666666667,-69.0,0.0,-63.0,0.0,10
2024-12-30,FALSE_TREND,10:07:00,10:17:00,TREND_LONG,EXIT_FLAT,long,42663.0,42601.0,-124.0,10,37,-18.749169921875,1.3333618164062502,9.254235839842295,267.97934088216425,2,3,35.07142857142857,34.93333333333333,9.0,8.0,-62.0,0.0,10
2024-12-30,FALSE_TREND,10:20:00,10:31:00,TREND_SHORT,EXIT_FLAT,short,42593.0,42656.0,-126.0,11,50,-4.410696603201486,2.5001627604166665,39.536145901627606,300.9720822554882,1,3,30.357142857142858,29.866666666666667,-36.0,6.0,-63.0,0.0,10
2024-12-31,FALSE_TREND,09:59:00,10:07:00,TREND_LONG,EXIT_FLAT,long,43057.0,42977.0,-160.0,8,29,10.200892857142856,0.14285995751096495,44.28570021244377,111.99227951349167,2,2,31.357142857142858,31.066666666666666,70.0,34.0,-80.0,0.0,9
2024-12-31,FALSE_TREND,10:34:00,10:36:00,TREND_SHORT,EARLY_HARD_STOP,short,42941.0,42996.0,-110.0,2,64,-0.719864104150677,-7.200426664806548,73.96434866717755,163.9869970574291,2,4,30.071428571428573,29.133333333333333,-83.0,0.0,-55.0,0.0,10
2024-12-31,TRUE_TREND,11:01:00,11:04:00,TREND_SHORT,PARTIAL_TP,short,42932.0,42882.0,50.0,3,91,-2.0977083599685855,0.1535736941010379,74.67791576107265,170.97602581824322,0,4,22.285714285714285,22.4,-47.0,50.0,0.0,0.0,11
2024-12-31,TRUE_TREND,11:55:00,12:22:00,TREND_SHORT,CHOP_TP,short,42818.0,42783.0,70.0,27,145,-2.000227494673295,0.6664620535714286,49.9990900213088,291.9540832717612,0,3,20.857142857142858,20.2,-61.0,35.0,-16.0,0.0,11
2024-12-31,FALSE_TREND,12:23:00,12:55:00,TREND_SHORT,EXIT_FLAT,short,42767.0,42832.0,-130.0,32,173,-0.44454308330377107,0.5998769784902598,65.22182766678452,335.9427057055218,4,3,18.142857142857142,17.4,-54.0,34.0,-65.0,0.0,12
2024-12-31,FALSE_TREND,13:24:00,13:39:00,TREND_SHORT,EXIT_FLAT,short,42731.0,42798.0,-134.0,15,234,-1.3344550311246657,-7.313418487769285,27.314264470885973,374.9179187334157,2,7,21.357142857142858,20.066666666666666,-62.0,8.0,-67.0,0.0,13
2025-01-02,FALSE_TREND,09:55:00,10:03:00,TREND_LONG,EXIT_FLAT,long,43189.0,43129.0,-120.0,8,25,12.501977539062501,9.555716378348215,22.332850864957436,242.98839444250189,7,1,40.07142857142857,40.13333333333333,112.0,5.0,-60.0,0.0,9
2025-01-02,TRUE_TREND,10:22:00,10:30:00,TREND_SHORT,PARTIAL_TP,short,42969.0,42908.0,61.0,8,52,-0.4381576701788362,-7.260163246928782,40.38729929956753,264.9791097889756,4,5,40.357142857142854,40.13333333333333,-169.0,61.0,-26.0,0.0,10
2025-01-03,FALSE_TREND,09:51:00,09:54:00,TREND_SHORT,EARLY_HARD_STOP,short,42788.0,42829.0,-82.0,3,21,-16.109002130681816,1.0,24.345987215914647,222.99573385808617,0,9,37.92857142857143,36.8,-88.0,0.0,-41.0,0.0,9
2025-01-03,FALSE_TREND,09:57:00,10:04:00,TREND_SHORT,EXIT_FLAT,short,42768.0,42841.0,-146.0,7,27,-11.64267386642157,3.400637672061012,33.72040649756673,227.99340691295947,0,4,38.57142857142857,37.0,-31.0,0.0,-73.0,0.0,9
2025-01-03,FALSE_TREND,10:20:00,10:23:00,TREND_SHORT,EARLY_HARD_STOP,short,42747.0,42788.0,-82.0,3,50,0.00034404553865131514,-7.60083276098901,60.003784500928305,252.98448681578157,0,5,37.0,35.86666666666667,-84.0,9.0,-41.0,0.0,10
2025-01-03,FALSE_TREND,14:32:00,15:00:00,TREND_LONG,EXIT_FLAT,long,43053.0,42991.0,-124.0,28,302,0.00013608421201196386,1.1481087152545675,23.11241239660012,334.9026550778435,3,3,9.0,8.866666666666667,25.0,22.0,-62.0,0.0,14
2025-01-06,TRUE_TREND,09:55:00,10:03:00,TREND_LONG,PARTIAL_TP,long,43261.0,43314.0,53.0,8,25,-10.9993896484375,9.999476207386365,20.005761718748545,179.99012491577014,6,0,32.714285714285715,32.86666666666667,65.0,53.0,-35.0,0.0,9
2025-01-06,TRUE_TREND,14:57:00,15:18:00,TREND_SHORT,PARTIAL_TP,short,42980.0,42928.0,52.0,21,327,-1.0430736094604045,-0.6155007102272728,35.01162425945222,439.90234707392665,2,4,16.714285714285715,16.933333333333334,-49.0,52.0,-14.0,0.0,14
2025-01-07,FALSE_TREND,10:01:00,10:03:00,TREND_SHORT,EARLY_HARD_STOP,short,43011.0,43068.0,-114.0,2,31,-1.499529295220744,0.0005637428977272273,96.01599293412437,204.98713726056303,5,2,34.57142857142857,34.2,-172.0,0.0,-57.0,0.0,10
2025-01-07,TRUE_TREND,10:07:00,10:11:00,TREND_SHORT,PARTIAL_TP,short,42979.0,42927.0,52.0,4,37,-1.500266941114404,-6.0,187.99786447108636,236.98362930308213,0,6,44.214285714285715,42.2,-45.0,52.0,0.0,0.0,10
2025-01-07,FALSE_TREND,10:47:00,10:50:00,TREND_SHORT,EARLY_HARD_STOP,short,42867.0,42940.0,-146.0,3,77,-7.5,0.4475795543587203,41.5,350.960242691217,0,4,39.714285714285715,39.733333333333334,-56.0,0.0,-73.0,0.0,10
2025-01-07,FALSE_TREND,12:46:00,13:00:00,TREND_SHORT,EXIT_FLAT,short,42841.0,42907.0,-132.0,14,196,-0.9999964748895123,-0.909284112004949,48.81255913934001,373.890667400854,0,7,21.714285714285715,21.666666666666668,-54.0,21.0,-66.0,0.0,12
2025-01-07,TRUE_TREND,15:02:00,15:18:00,TREND_SHORT,PARTIAL_TP,short,42815.0,42760.0,55.0,16,332,-3.6003908810915646,-1.3811849946756918,17.680926671666384,403.811152783288,0,7,15.142857142857142,14.6,-50.0,55.0,-9.0,0.0,15
2025-01-08,TRUE_TREND,11:10:00,11:38:00,TREND_LONG,PARTIAL_TP,long,42800.0,42857.0,57.0,28,100,0.8983890225842279,20.50056966145834,52.578585639093944,215.97455729993817,3,4,23.071428571428573,22.6,30.0,57.0,-37.0,0.0,11
2025-01-08,FALSE_TREND,14:23:00,14:36:00,TREND_LONG,EXIT_FLAT,long,42880.0,42810.0,-140.0,13,293,5.474030125643559,0.5683362247520563,77.35585784883006,294.9044080872409,7,1,26.0,26.133333333333333,38.0,37.0,-70.0,0.0,14
2025-01-10,TRUE_TREND,10:00:00,10:01:00,TREND_SHORT,PARTIAL_TP,short,42387.0,42322.0,65.0,1,30,-17.499552408854164,-7.668519631410332e-05,11.5013427734375,329.9817291839572,2,2,43.857142857142854,46.333333333333336,-109.0,65.0,0.0,0.0,10
2025-01-10,FALSE_TREND,10:13:00,10:20:00,TREND_SHORT,EXIT_FLAT,short,42238.0,42310.0,-144.0,7,43,-4.49951171875,10.9998779296875,40.50146484375,444.9738118337409,2,1,52.214285714285715,50.4,-37.0,3.0,-72.0,0.0,10
2025-01-10,TRUE_TREND,11:02:00,11:30:00,TREND_SHORT,PARTIAL_TP,short,42233.0,42165.0,68.0,28,92,-21.999796549479164,-2.1200946944829067,51.9993896484375,463.94396944301116,3,3,35.92857142857143,34.8,-33.0,68.0,-19.0,0.0,11
2025-01-13,FALSE_TREND,09:55:00,10:15:00,TREND_LONG,EXIT_FLAT,long,42322.0,42262.0,-120.0,20,25,-4.74921875,2.832814534505208,46.504669189453125,253.98691808109288,6,1,31.857142857142858,31.533333333333335,54.0,49.0,-60.0,0.0,9
2025-01-13,FALSE_TREND,10:39:00,11:02:00,TREND_LONG,EXIT_FLAT,long,42380.0,42318.0,-124.0,23,69,4.571749732607888,0.3571071199694761,71.4294291207334,326.96389395293954,5,0,31.214285714285715,32.666666666666664,107.0,26.0,-62.0,0.0,10
2025-01-13,TRUE_TREND,12:59:00,13:39:00,TREND_LONG,CHOP_TP,long,42414.0,42436.0,44.0,40,209,0.6202428769323299,0.8040601775189558,116.33373306382418,348.8906352596823,8,0,18.642857142857142,18.8,71.0,25.0,-46.0,0.0,12
2025-01-13,FALSE_TREND,13:46:00,14:03:00,TREND_LONG,EXIT_FLAT,long,42461.0,42396.0,-130.0,17,256,-2.222142814867424,2.4285220191592263,30.57182384672342,397.86604136441747,1,2,17.571428571428573,17.8,39.0,13.0,-65.0,0.0,13
2025-01-13,FALSE_TREND,14:41:00,14:49:00,TREND_LONG,EXIT_FLAT,long,42486.0,42418.0,-136.0,8,311,-12.0,0.2421102452638375,97.91568484946038,420.83726116036996,4,4,22.285714285714285,21.866666666666667,61.0,9.0,-68.0,0.0,14
2025-01-13,FALSE_TREND,15:55:00,16:00:00,TREND_LONG,SESSION_EXIT,long,42544.0,42531.0,-26.0,5,385,-5.999796549479166,0.7699751081346794,86.85236472720862,484.79853874706896,5,1,21.714285714285715,21.866666666666667,28.0,4.0,-17.0,0.0,15
2025-01-14,TRUE_TREND,09:51:00,09:57:00,TREND_SHORT,PARTIAL_TP,short,42641.0,42583.0,58.0,6,21,-0.12478946834415587,-4.167216352982955,62.379421164769155,96.98995258502691,3,3,33.857142857142854,35.266666666666666,-43.0,58.0,-1.0,0.0,9
2025-01-14,FALSE_TREND,10:43:00,10:50:00,TREND_LONG,EXIT_FLAT,long,42737.0,42675.0,-124.0,7,73,-0.3041008902287137,2.0262727916198684,68.84399716872576,171.97894814352912,7,1,23.357142857142858,24.466666666666665,63.0,8.0,-62.0,0.0,10
2025-01-14,TRUE_TREND,11:04:00,11:38:00,TREND_SHORT,PARTIAL_TP,short,42553.0,42477.0,76.0,34,94,-4.752429413377193,-6.5001408503605775,22.22813527960534,211.99090945113858,1,8,28.571428571428573,29.733333333333334,-114.0,76.0,-38.0,0.0,11
2025-01-14,FALSE_TREND,13:55:00,14:53:00,TREND_LONG,EXIT_FLAT,long,42757.0,42690.0,-134.0,58,265,2.585345561102393,3.724629338933539,225.16518497011566,392.9449780331415,9,0,16.642857142857142,15.933333333333334,31.0,17.0,-67.0,0.0,13
2025-01-15,FALSE_TREND,11:32:00,12:02:00,TREND_SHORT,EXIT_FLAT,short,43296.0,43361.0,-130.0,30,122,-0.34943206970288115,-0.9124288152169011,40.9147661877214,231.97649253866985,2,3,27.0,25.8,-89.0,5.0,-65.0,0.0,11
2025-01-15,FALSE_TREND,15:11:00,15:38:00,TREND_LONG,EXIT_FLAT,long,43564.0,43493.0,-142.0,27,341,-1.33328857421875,1.0137902918995478,54.36564657262352,285.9304305844853,3,2,13.5,13.266666666666667,15.0,0.0,-71.0,0.0,15
2025-01-16,FALSE_TREND,09:52:00,11:04:00,TREND_SHORT,EXIT_FLAT,short,43361.0,43422.0,-122.0,72,22,-7.5295285440450845,1.3877787807814457e-16,30.0,157.99465907079139,0,6,25.285714285714285,24.8,-14.0,40.0,-61.0,0.0,9
2025-01-16,FALSE_TREND,14:00:00,14:12:00,TREND_SHORT,EXIT_FLAT,short,43306.0,43368.0,-124.0,12,270,0.2309120455880656,-1.4001205875767095,83.7094454705657,213.93260264930723,2,3,19.142857142857142,18.533333333333335,-37.0,0.0,-62.0,0.0,14
2025-01-17,TRUE_TREND,10:32:00,11:06:00,TREND_LONG,PARTIAL_TP,long,43721.0,43775.0,54.0,34,62,1.0556844840372417,-0.17840015174706278,65.07040091048111,132.98355332004576,5,2,23.714285714285715,22.733333333333334,32.0,54.0,-6.0,0.0,10
2025-01-17,FALSE_TREND,11:45:00,13:33:00,TREND_LONG,EXIT_FLAT,long,43834.0,43770.0,-128.0,108,135,-0.2940462729088346,1.1904126276368618,36.90679591562366,219.9628532178831,4,0,15.714285714285714,15.4,27.0,27.0,-64.0,0.0,11
2025-01-21,TRUE_TREND,10:59:00,11:17:00,TREND_LONG,CHOP_TP,long,44043.0,44082.0,78.0,18,89,1.7004527698863638,1.8904243949409967,30.657453630352393,209.95923908631812,6,3,20.071428571428573,19.533333333333335,34.0,46.0,-22.0,0.0,10
2025-01-21,TRUE_TREND,11:19:00,12:08:00,TREND_LONG,CHOP_TP,long,44101.0,44141.0,80.0,49,109,-9.223090277775669e-05,3.4998303634330323,25.00496393616777,256.9500792916151,2,1,13.642857142857142,13.866666666666667,17.0,44.0,-4.0,0.0,11
2025-01-21,TRUE_TREND,12:28:00,13:17:00,TREND_LONG,CHOP_TP,long,44155.0,44176.0,42.0,49,178,-0.0539817821067821,-0.2352913458228568,48.647039420764486,308.9184780958676,4,2,15.285714285714286,14.8,26.0,21.0,-27.0,0.0,12
2025-01-22,FALSE_TREND,11:02:00,11:30:00,TREND_SHORT,EXIT_FLAT,short,44276.0,44344.0,-136.0,28,92,-2.142668940594807,-0.8695827372837941,11.420102326766937,133.99092304168153,3,1,14.071428571428571,14.266666666666667,-31.0,22.0,-68.0,0.0,11
2025-01-23,TRUE_TREND,12:34:00,12:57:00,TREND_LONG,PARTIAL_TP,long,44644.0,44695.0,51.0,23,184,-0.8000139508928571,1.6784818370304915,21.346817750607443,280.9221848333473,4,0,10.642857142857142,10.466666666666667,11.0,51.0,-1.0,0.0,12
2025-01-23,FALSE_TREND,13:12:00,15:42:00,TREND_LONG,EXIT_FLAT,long,44721.0,44660.0,-122.0,150,222,-0.33321707589285704,0.7998860677083334,13.001139322914241,359.90611437222105,4,0,7.785714285714286,7.8,18.0,15.0,-61.0,0.0,13
2025-01-23,FALSE_TREND,15:56:00,16:00:00,TREND_LONG,SESSION_EXIT,long,44741.0,44736.0,-10.0,4,386,-0.06496313010409477,-0.09640985891644002,83.64944727263355,379.8367573280848,7,2,15.857142857142858,15.533333333333333,44.0,9.0,-5.0,0.0,15
2025-01-24,FALSE_TREND,09:52:00,10:17:00,TREND_SHORT,EXIT_FLAT,short,44616.0,44678.0,-124.0,25,22,-12.332920619419642,9.9996337890625,12.6695556640625,118.99822649721318,1,7,22.785714285714285,21.666666666666668,-62.0,30.0,-62.0,0.0,9
2025-01-24,FALSE_TREND,12:23:00,12:56:00,TREND_LONG,EXIT_FLAT,long,44729.0,44664.0,-130.0,33,173,0.4000405993100419,0.6270135680689857,9.190843306409079,146.96427689622215,5,1,10.357142857142858,10.266666666666667,29.0,11.0,-65.0,0.0,12
2025-01-24,TRUE_TREND,14:09:00,15:39:00,TREND_SHORT,PARTIAL_TP,short,44582.0,44531.0,51.0,90,279,-4.166346958705358,0.008089284266479023,17.8355712890625,165.97415779176663,2,6,16.714285714285715,16.266666666666666,-20.0,51.0,-34.0,0.0,14
2025-01-27,TRUE_TREND,10:24:00,10:42:00,TREND_LONG,PARTIAL_TP,long,44553.0,44603.0,50.0,18,54,0.47802734375,13.00048828125,31.83447265625,329.96116642852576,4,1,32.142857142857146,32.2,78.0,50.0,-33.0,0.0,10
2025-01-27,TRUE_TREND,12:01:00,12:13:00,TREND_LONG,PARTIAL_TP,long,44611.0,44663.0,52.0,12,151,1.444540513833992,-0.039890519020976366,72.316387127692,390.89140999087977,5,2,20.857142857142858,21.0,13.0,52.0,-16.0,0.0,12
2025-01-27,TRUE_TREND,14:16:00,14:25:00,TREND_LONG,PARTIAL_TP,long,44795.0,44865.0,70.0,9,286,-0.2498041509271978,1.1499569266747454,85.45245517954027,562.7943261224718,4,2,16.857142857142858,17.4,24.0,70.0,-1.0,0.0,14
2025-01-28,TRUE_TREND,10:12:00,10:24:00,TREND_LONG,PARTIAL_TP,long,44987.0,45037.0,50.0,12,42,-4.499804687499999,7.041257835659585,44.54616380774678,202.99096784129506,6,0,28.642857142857142,27.466666666666665,17.0,50.0,0.0,0.0,10
2025-01-28,TRUE_TREND,10:41:00,10:51:00,TREND_LONG,PARTIAL_TP,long,45076.0,45141.0,65.0,10,71,6.0,4.8085781809719075,23.95710909513582,283.97957957032486,7,0,18.142857142857142,18.533333333333335,33.0,65.0,-15.0,0.0,10
2025-01-29,FALSE_TREND,10:07:00,10:11:00,TREND_LONG,EARLY_HARD_STOP,long,45108.0,45053.0,-110.0,4,37,-0.5598397435897436,0.31867112379807694,85.17594651442778,123.9847051629622,7,2,18.928571428571427,18.533333333333335,43.0,6.0,-55.0,0.0,10
2025-01-29,FALSE_TREND,10:41:00,10:56:00,TREND_LONG,EXIT_FLAT,long,45128.0,45056.0,-144.0,15,71,2.785204991089668e-05,0.9720568295926023,61.285385838738875,143.9702600074379,8,0,17.5,17.133333333333333,51.0,3.0,-72.0,0.0,10
2025-01-30,FALSE_TREND,09:56:00,09:57:00,TREND_LONG,EARLY_HARD_STOP,long,45044.0,45002.0,-84.0,1,26,-5.499918619791664,6.916332632211538,25.67527018229157,228.9892324037064,8,0,26.428571428571427,27.0,41.0,0.0,-42.0,0.0,9
2025-01-30,FALSE_TREND,11:57:00,12:12:00,TREND_LONG,EXIT_FLAT,long,45070.0,45010.0,-120.0,15,147,-4.99993896484375,3.1665185871030967,58.339256515871966,253.93912166176597,7,1,12.571428571428571,12.4,38.0,0.0,-60.0,0.0,11
2025-01-30,FALSE_TREND,15:44:00,15:45:00,TREND_SHORT,EARLY_HARD_STOP,short,44827.0,44885.0,-116.0,1,374,-26.000244140625,-1.772438245354112,200.96209252737026,382.98302029154,0,8,45.0,42.6,-127.0,0.0,-58.0,0.0,15
2025-01-31,FALSE_TREND,09:55:00,10:26:00,TREND_SHORT,EXIT_FLAT,short,45046.0,45089.0,-86.0,31,25,-5.72251411769701,6.99981689453125,31.439774116843182,154.985895008831,0,7,19.857142857142858,19.866666666666667,-28.0,10.0,-43.0,0.0,9
2025-01-31,FALSE_TREND,11:03:00,12:21:00,TREND_SHORT,EXIT_FLAT,short,45022.0,45094.0,-144.0,78,93,-0.662247669034921,2.999755859375,73.80807459088828,174.94752920585597,0,5,14.0,13.933333333333334,-9.0,21.0,-72.0,0.0,11
2025-01-31,FALSE_TREND,13:25:00,13:30:00,TREND_LONG,EARLY_HARD_STOP,long,44916.0,44864.0,-104.0,5,235,-20.99969482421875,3.9997558593750004,10.99908447265625,291.86741242094286,0,7,27.285714285714285,25.533333333333335,-48.0,0.0,-52.0,0.0,13
2025-01-31,TRUE_TREND,13:33:00,13:34:00,TREND_SHORT,PARTIAL_TP,short,44829.0,44777.0,52.0,1,243,-8.5,4.5,117.5,368.86289878594107,0,5,35.5,39.13333333333333,-54.0,52.0,0.0,0.0,13
2025-01-31,FALSE_TREND,14:06:00,14:24:00,TREND_SHORT,EXIT_FLAT,short,44725.0,44786.0,-122.0,18,276,-15.9986328125,-3.8336932842548084,26.994531249998545,472.84428006518283,0,8,28.285714285714285,28.8,-105.0,22.0,-61.0,0.0,14
2025-01-31,FALSE_TREND,15:04:00,15:48:00,TREND_SHORT,EXIT_FLAT,short,44675.0,44746.0,-142.0,44,334,-0.7289841302902828,-3.5002485795454548,80.35507934854832,523.8115563532556,1,4,33.5,32.6,-116.0,10.0,-71.0,0.0,15
2025-02-03,FALSE_TREND,09:53:00,09:56:00,TREND_SHORT,EARLY_HARD_STOP,short,44053.0,44104.0,-102.0,3,23,-9.055234246504932,-1.0000406901041665,28.8951929995892,260.98310310210945,0,5,39.214285714285715,38.333333333333336,-79.0,7.0,-51.0,0.0,9
2025-02-03,TRUE_TREND,10:24:00,10:29:00,TREND_LONG,PARTIAL_TP,long,44357.0,44475.0,118.0,5,54,7.949349987648222,2.91627429780506,37.365477378320065,406.9797237225357,4,3,50.285714285714285,50.53333333333333,294.0,118.0,0.0,0.0,10
2025-02-03,TRUE_TREND,14:10:00,14:48:00,TREND_LONG,PARTIAL_TP,long,44685.0,44735.0,50.0,38,280,0.00015733506944430316,0.906569109777236,140.0073167667142,698.7887894137311,2,3,17.714285714285715,17.333333333333332,50.0,50.0,-21.0,0.0,14
2025-02-04,TRUE_TREND,10:09:00,11:05:00,TREND_LONG,PARTIAL_TP,long,44574.0,44624.0,50.0,56,39,-5.3330322265625,9.249964735243056,22.75031738281541,123.99401986297016,4,1,28.0,27.533333333333335,28.0,50.0,-35.0,0.0,10
2025-02-05,TRUE_TREND,09:55:00,09:57:00,TREND_SHORT,PARTIAL_TP,short,44631.0,44580.0,51.0,2,25,-6.688366028502747,6.999837239583334,36.49307177198352,115.99140543557587,1,7,22.0,22.133333333333333,-36.0,51.0,0.0,0.0,9
2025-02-05,TRUE_TREND,11:44:00,11:52:00,TREND_LONG,PARTIAL_TP,long,44766.0,44829.0,63.0,8,134,-0.16659342447916667,3.6997933972023223,16.60454526155081,302.93922396779817,3,2,13.571428571428571,13.066666666666666,12.0,63.0,-11.0,0.0,11
2025-02-05,TRUE_TREND,13:16:00,13:40:00,TREND_LONG,PARTIAL_TP,long,44854.0,44911.0,57.0,24,226,-1.3334399670154065,1.366959450783946,23.834462247803458,388.88274526927125,3,3,9.642857142857142,9.866666666666667,33.0,57.0,-25.0,0.0,13
2025-02-06,TRUE_TREND,09:51:00,10:19:00,TREND_SHORT,PARTIAL_TP,short,45007.0,44957.0,50.0,28,21,-2.5262670531308737,1.2498401988636363,32.94839188425249,99.99011621146201,2,5,22.142857142857142,22.266666666666666,-32.0,50.0,-9.0,0.0,9
2025-02-06,TRUE_TREND,11:44:00,13:35:00,TREND_SHORT,CHOP_TP,short,44850.0,44829.0,42.0,111,134,-1.423237913159278,2.0,58.28611963665753,252.93693208738114,1,6,12.357142857142858,12.4,-21.0,41.0,-55.0,0.0,11
2025-02-06,TRUE_TREND,13:38:00,14:30:00,TREND_SHORT,PARTIAL_TP,short,44806.0,44743.0,63.0,52,248,-0.9254971701042903,-1.4784484043517248,27.041356601082953,301.8832772465976,4,3,11.428571428571429,10.933333333333334,-35.0,63.0,-42.0,0.0,13
2025-02-07,FALSE_TREND,09:51:00,10:02:00,TREND_LONG,EXIT_FLAT,long,44918.0,44848.0,-140.0,11,21,-0.3999657040550598,7.74958254635989,12.255426897325378,123.99150082896813,5,0,21.357142857142858,21.4,30.0,40.0,-70.0,0.0,9
2025-02-07,TRUE_TREND,10:04:00,10:16:00,TREND_SHORT,PARTIAL_TP,short,44781.0,44721.0,60.0,12,34,-32.99788208007813,5.665417480468751,52.00847167968459,210.99757167995995,4,3,41.642857142857146,40.0,-177.0,60.0,-37.0,0.0,10
2025-02-07,TRUE_TREND,13:56:00,14:30:00,TREND_SHORT,PARTIAL_TP,short,44463.0,44413.0,50.0,34,266,-1.2725448085491737,-0.27939797601133814,74.84165108043089,505.8567295245739,2,4,20.357142857142858,20.2,-46.0,50.0,-3.0,0.0,13
2025-02-07,FALSE_TREND,15:01:00,16:00:00,TREND_SHORT,SESSION_EXIT,short,44400.0,44436.0,-72.0,59,331,0.24995213400554187,0.23697373033696015,71.0044273608728,570.8172694511013,0,6,12.214285714285714,12.6,-41.0,5.0,-44.0,0.0,15
2025-02-10,TRUE_TREND,11:16:00,12:11:00,TREND_SHORT,PARTIAL_TP,short,44468.0,44410.0,58.0,55,106,-2.091605561725564,-2.1926609360691396,6.526978419460647,269.962807455624,2,6,14.214285714285714,13.933333333333334,-44.0,58.0,-43.0,0.0,11
2025-02-11,FALSE_TREND,10:08:00,10:28:00,TREND_SHORT,EXIT_FLAT,short,44437.0,44506.0,-138.0,20,38,-12.273228236607142,-5.428806849888392,26.366141183032596,105.99709225240804,1,6,21.428571428571427,21.133333333333333,-34.0,0.0,-69.0,0.0,10
2025-02-11,TRUE_TREND,10:36:00,10:47:00,TREND_LONG,PARTIAL_TP,long,44531.0,44583.0,52.0,11,66,2.4447383184018343,3.1173271313048247,22.229215494793607,116.98982294434973,5,0,15.928571428571429,15.666666666666666,30.0,52.0,0.0,0.0,10
2025-02-11,FALSE_TREND,11:14:00,13:02:00,TREND_LONG,EXIT_FLAT,long,44619.0,44555.0,-128.0,108,104,0.00017438616071429496,2.8910876385613884,18.21887103984045,202.97383039350825,2,1,11.928571428571429,11.6,11.0,18.0,-64.0,0.0,11
2025-02-11,FALSE_TREND,13:40:00,13:56:00,TREND_LONG,EXIT_FLAT,long,44655.0,44592.0,-126.0,16,250,-0.02523623855274522,-0.33330139466390857,116.335263990346,242.92294493245572,6,0,13.5,12.733333333333333,45.0,3.0,-63.0,0.0,13
2025-02-12,TRUE_TREND,11:58:00,12:15:00,TREND_LONG,PARTIAL_TP,long,44483.0,44533.0,50.0,17,148,0.09716381085709003,-1.7998559699962864,280.79974068816955,299.9439421946154,9,0,21.0,20.533333333333335,79.0,50.0,-19.0,0.0,11
2025-02-13,FALSE_TREND,11:11:00,11:31:00,TREND_LONG,EXIT_FLAT,long,44622.0,44558.0,-128.0,20,101,0.7825884945324283,0.6597832502058821,42.321592003892874,174.95749767390225,5,1,14.285714285714286,13.933333333333334,22.0,5.0,-64.0,0.0,11
2025-02-13,FALSE_TREND,13:39:00,13:40:00,TREND_LONG,EARLY_HARD_STOP,long,44640.0,44586.0,-108.0,1,249,-0.01409257235092759,-0.42305573508768307,144.50453769264277,192.88985964098538,4,2,16.142857142857142,15.8,36.0,0.0,-54.0,0.0,13
2025-02-13,TRUE_TREND,13:58:00,14:04:00,TREND_LONG,PARTIAL_TP,long,44664.0,44725.0,61.0,6,268,5.668899961286931e-05,-0.42306620069336615,174.49958182703995,218.88117633134243,4,4,25.214285714285715,26.4,63.0,61.0,0.0,0.0,13
2025-02-13,TRUE_TREND,14:33:00,15:34:00,TREND_LONG,CHOP_TP,long,44827.0,44846.0,38.0,61,303,-0.1429286283605239,4.566098317792339,15.451952945484663,380.8651808536961,1,1,13.857142857142858,13.666666666666666,10.0,43.0,-27.0,0.0,14
2025-02-14,FALSE_TREND,10:05:00,10:19:00,TREND_LONG,EXIT_FLAT,long,44848.0,44777.0,-142.0,14,35,-3.999853515625,1.9998253713772443,49.00523885867733,117.98953057535255,4,0,17.071428571428573,16.2,22.0,8.0,-71.0,0.0,10
2025-02-14,FALSE_TREND,10:26:00,10:51:00,TREND_SHORT,EXIT_FLAT,short,44726.0,44792.0,-132.0,25,56,-6.475662530637256,-5.200549450549451,16.280962775737862,145.9947652876799,0,7,19.357142857142858,18.933333333333334,-36.0,3.0,-66.0,0.0,10
2025-02-14,TRUE_TREND,11:19:00,12:18:00,TREND_SHORT,CHOP_TP,short,44708.0,44693.0,30.0,59,109,0.571311215592006,1.0,96.9991785091479,159.9784453264947,2,6,16.071428571428573,15.2,-50.0,24.0,-43.0,0.0,11
2025-02-17,FALSE_TREND,10:13:00,11:30:00,TREND_SHORT,EXIT_FLAT,short,44685.0,44738.0,-106.0,77,43,-0.4231893112565124,-7.80810106981745e-05,28.80578170863737,48.99451096035045,4,1,6.285714285714286,5.666666666666667,-11.0,15.0,-53.0,0.0,10
2025-02-18,FALSE_TREND,09:59:00,10:28:00,TREND_SHORT,EXIT_FLAT,short,44497.0,44558.0,-122.0,29,29,-0.6106137758725647,0.4071413738582717,90.8938622412752,117.9936972942669,0,7,21.642857142857142,22.6,-65.0,20.0,-61.0,0.0,9
2025-02-18,FALSE_TREND,10:51:00,11:18:00,TREND_LONG,EXIT_FLAT,long,44625.0,44562.0,-126.0,27,81,-0.10933742831551586,3.344645749401132,23.315981768566417,154.98769475571316,2,2,14.357142857142858,14.133333333333333,33.0,20.0,-63.0,0.0,10
2025-02-18,FALSE_TREND,14:08:00,14:51:00,TREND_SHORT,EXIT_FLAT,short,44464.0,44542.0,-156.0,43,278,-0.37598501297084136,-0.5554968857952671,38.168740509332565,212.94327569870802,0,6,14.214285714285714,13.933333333333334,-73.0,44.0,-78.0,0.0,14
2025-02-19,FALSE_TREND,10:07:00,10:46:00,TREND_LONG,EXIT_FLAT,long,44528.0,44468.0,-120.0,39,37,5.116650367468451e-05,1.1498092540084728,40.60686685569817,93.98712567616167,4,2,18.0,17.6,30.0,0.0,-60.0,0.0,10
2025-02-19,FALSE_TREND,10:57:00,11:06:00,TREND_SHORT,EXIT_FLAT,short,44442.0,44507.0,-130.0,9,87,-3.17614983974359,-2.800279700237772,21.52299679486896,119.990701863906,1,3,15.5,15.266666666666667,-27.0,0.0,-65.0,0.0,10
2025-02-19,FALSE_TREND,12:01:00,12:21:00,TREND_LONG,EXIT_FLAT,long,44559.0,44496.0,-126.0,20,151,-0.8333109761332417,1.7831573989365128,17.87792646806338,134.97711226654792,1,3,7.857142857142857,7.666666666666667,22.0,3.0,-63.0,0.0,12
2025-02-19,FALSE_TREND,13:11:00,13:29:00,TREND_SHORT,EXIT_FLAT,short,44423.0,44492.0,-138.0,18,221,-0.9999985182135599,0.12028208371714424,71.00010076147737,143.97568177946232,1,7,12.428571428571429,11.466666666666667,-61.0,13.0,-69.0,0.0,13
2025-02-20,TRUE_TREND,09:58:00,10:00:00,TREND_SHORT,PARTIAL_TP,short,44401.0,44305.0,96.0,2,28,-7.209856857222261,4.3330078125,17.593005998329318,204.9862837696346,1,3,24.357142857142858,25.0,-48.0,96.0,0.0,0.0,9
2025-02-20,TRUE_TREND,10:36:00,10:46:00,TREND_SHORT,PARTIAL_TP,short,44229.0,44176.0,53.0,10,66,-1.642982884457237,0.07396121304349684,51.7850855777142,382.96362209774816,3,4,23.642857142857142,23.2,-82.0,53.0,0.0,0.0,10
2025-02-21,TRUE_TREND,12:19:00,12:35:00,TREND_SHORT,PARTIAL_TP,short,43818.0,43767.0,51.0,16,169,0.058738112869301425,-0.360657496014171,63.408262627643126,218.89295742507966,1,5,15.071428571428571,14.4,-48.0,51.0,0.0,0.0,12
2025-02-21,TRUE_TREND,14:21:00,14:39:00,TREND_SHORT,CHOP_TP,short,43486.0,43446.0,80.0,18,291,-24.0009765625,0.26316780721334604,13.999211774556898,545.815683997127,2,3,22.285714285714285,21.6,-48.0,45.0,-5.0,0.0,14
2025-02-24,TRUE_TREND,09:57:00,10:05:00,TREND_SHORT,PARTIAL_TP,short,43529.0,43446.0,83.0,8,27,-5.999796799879807,3.9996337890625,35.005080003007606,196.99032863722823,2,4,33.42857142857143,35.733333333333334,-64.0,83.0,-5.0,0.0,9
2025-02-24,TRUE_TREND,12:20:00,14:10:00,TREND_LONG,CHOP_TP,long,43724.0,43748.0,48.0,110,170,1.6026532692744453,5.166861397879464,66.04250683600549,310.94816157079185,5,1,21.857142857142858,22.066666666666666,20.0,49.0,-45.0,0.0,12
2025-02-25,FALSE_TREND,09:53:00,09:57:00,TREND_SHORT,EARLY_HARD_STOP,short,43607.0,43648.0,-82.0,4,23,0.028285435267856745,-8.60101841517857,53.08485630580253,209.98951495840447,0,5,34.214285714285715,35.4,-95.0,23.0,-41.0,0.0,9
2025-02-25,TRUE_TREND,10:00:00,10:07:00,TREND_SHORT,PARTIAL_TP,short,43540.0,43489.0,51.0,7,30,-9.500732421874998,6.750304594494048,70.25079055059177,274.98584525976185,0,5,42.42857142857143,41.93333333333333,-60.0,51.0,0.0,0.0,10
2025-02-25,FALSE_TREND,15:22:00,15:30:00,TREND_LONG,EXIT_FLAT,long,43818.0,43758.0,-120.0,8,352,1.126651241466904,1.1833628871984647,104.77458542802196,475.8474431501163,6,2,24.928571428571427,25.8,107.0,12.0,-60.0,0.0,15
2025-02-26,TRUE_TREND,10:09:00,10:19:00,TREND_LONG,PARTIAL_TP,long,43832.0,43894.0,62.0,10,39,-2.33359375,3.1424533420138885,37.385888671873545,217.97681697564258,3,1,27.571428571428573,27.333333333333332,18.0,62.0,-16.0,0.0,10
2025-02-26,TRUE_TREND,12:52:00,12:58:00,TREND_SHORT,PARTIAL_TP,short,43582.0,43520.0,62.0,6,202,-3.9166002210679944,-1.9847895036200396,197.15924849315343,356.9254384804881,1,3,24.5,24.4,-60.0,62.0,-32.0,0.0,12
2025-02-26,TRUE_TREND,13:15:00,13:29:00,TREND_SHORT,PARTIAL_TP,short,43502.0,43440.0,62.0,14,225,-1.0000651041666666,-0.00017170329670346436,45.9997395833343,430.9110274737541,1,4,23.571428571428573,22.933333333333334,-55.0,62.0,-40.0,0.0,13
2025-02-27,TRUE_TREND,10:14:00,10:19:00,TREND_LONG,PARTIAL_TP,long,43733.0,43798.0,65.0,5,44,1.475805126429277,-6.3238427473262036,272.21804806022556,247.9694726643429,9,0,37.857142857142854,39.333333333333336,106.0,65.0,0.0,0.0,10
2025-02-27,TRUE_TREND,14:32:00,14:41:00,TREND_SHORT,PARTIAL_TP,short,43474.0,43402.0,72.0,9,302,0.20360148422156882,-0.6691130738232963,173.956233169185,483.8279366450879,0,8,27.571428571428573,26.533333333333335,-133.0,72.0,-23.0,0.0,14
2025-02-28,TRUE_TREND,09:52:00,10:00:00,TREND_LONG,PARTIAL_TP,long,43446.0,43530.0,84.0,8,22,3.3336425781249996,17.00048828125,28.99951171875,166.98565232029796,3,2,41.642857142857146,41.46666666666667,85.0,84.0,-21.0,0.0,9
2025-02-28,FALSE_TREND,12:47:00,12:49:00,TREND_LONG,EARLY_HARD_STOP,long,43325.0,43267.0,-116.0,2,197,-22.00048828125,-1.3286419875884796,112.52197101527418,310.9147108518082,1,5,29.214285714285715,28.133333333333333,-40.0,0.0,-58.0,0.0,12
2025-02-28,TRUE_TREND,12:50:00,12:52:00,TREND_LONG,PARTIAL_TP,long,43281.0,43332.0,51.0,2,200,-22.00048828125,-1.3286419875884796,178.52343585902418,347.91231952731323,0,9,30.714285714285715,30.4,-68.0,51.0,0.0,0.0,12
2025-02-28,TRUE_TREND,13:21:00,13:27:00,TREND_LONG,PARTIAL_TP,long,43172.0,43240.0,68.0,6,231,-29.497509765625,7.0,0.512451171875,437.88760961965454,4,3,34.92857142857143,34.266666666666666,-25.0,68.0,-6.0,0.0,13
2025-02-28,FALSE_TREND,15:08:00,15:12:00,TREND_LONG,EARLY_HARD_STOP,long,43602.0,43551.0,-102.0,4,338,1.8490000240276634,7.800247628348214,154.63522906359867,452.9171021762959,7,0,30.642857142857142,31.733333333333334,58.0,0.0,-51.0,0.0,15
2025-02-28,FALSE_TREND,15:28:00,15:35:00,TREND_LONG,EXIT_FLAT,long,43609.0,43530.0,-158.0,7,358,-0.3686514259281015,1.6453802712491246,88.42285600764444,471.9011603693507,4,4,29.571428571428573,29.0,74.0,15.0,-79.0,0.0,15
2025-02-28,TRUE_TREND,15:40:00,15:49:00,TREND_LONG,PARTIAL_TP,long,43634.0,43686.0,52.0,9,370,-3.498849051339286,34.0,22.0,485.8915952050156,2,3,34.92857142857143,33.666666666666664,104.0,52.0,0.0,0.0,15
2025-03-03,TRUE_TREND,09:57:00,10:00:00,TREND_SHORT,PARTIAL_TP,short,43968.0,43882.0,86.0,3,27,-18.00048828125,1.3997221447172619,27.99951171875,154.98171178448683,1,4,42.142857142857146,41.93333333333333,-42.0,86.0,-20.0,0.0,9
2025-03-03,FALSE_TREND,11:11:00,11:13:00,TREND_SHORT,EARLY_HARD_STOP,short,43815.0,43859.0,-88.0,2,101,-4.382728685267466,-2.6847876764112906,22.666325497775688,308.8971281889535,0,5,36.285714285714285,37.8,-40.0,0.0,-44.0,0.0,11
2025-03-03,TRUE_TREND,11:29:00,11:37:00,TREND_SHORT,PARTIAL_TP,short,43790.0,43735.0,55.0,8,119,1.4997732166921622,-3.6001265092329544,92.49886608345696,334.87655363513477,4,5,32.785714285714285,32.93333333333333,-119.0,55.0,-30.0,0.0,11
2025-03-03,TRUE_TREND,13:05:00,13:13:00,TREND_SHORT,PARTIAL_TP,short,43680.0,43626.0,54.0,8,215,-0.34601247515402167,-8.22169402771731,71.05749375998857,442.76682357561367,0,5,28.214285714285715,27.0,-52.0,54.0,0.0,0.0,13
2025-03-04,TRUE_TREND,09:53:00,09:59:00,TREND_SHORT,PARTIAL_TP,short,42725.0,42671.0,54.0,6,23,-11.849978298611111,4.0,67.75010850694525,312.9827426513366,1,3,56.714285714285715,54.86666666666667,-90.0,54.0,-2.0,0.0,9
2025-03-04,FALSE_TREND,14:46:00,14:47:00,TREND_LONG,EARLY_HARD_STOP,long,43010.0,42952.0,-116.0,1,316,2.2382099341058033,-1.9409415621717439,271.62218391573697,603.8521866578958,4,0,32.785714285714285,33.8,69.0,0.0,-58.0,0.0,14
2025-03-04,FALSE_TREND,14:58:00,15:03:00,TREND_LONG,EARLY_HARD_STOP,long,43026.0,42967.0,-118.0,5,328,-0.4997251283872378,2.1337755116790014,99.38806118466891,604.8431827745953,3,0,33.0,32.4,28.0,25.0,-59.0,0.0,14
2025-03-04,TRUE_TREND,15:17:00,15:23:00,TREND_LONG,PARTIAL_TP,long,43056.0,43124.0,68.0,6,347,0.8335083007812498,0.9999904258578433,71.33310786228685,640.8289267203654,6,0,30.285714285714285,31.4,43.0,68.0,-20.0,0.0,15
2025-03-05,FALSE_TREND,11:11:00,11:13:00,TREND_SHORT,EARLY_HARD_STOP,short,42518.0,42574.0,-112.0,2,101,-1.841915589317084,-0.49335585803656024,141.64507498737657,350.9472806026097,0,6,37.5,36.733333333333334,-108.0,0.0,-56.0,0.0,11
2025-03-05,FALSE_TREND,11:27:00,11:29:00,TREND_SHORT,EARLY_HARD_STOP,short,42496.0,42554.0,-116.0,2,117,-2.5840217384568347,-3.1666933001893938,162.5632896841853,353.93540027846757,1,5,29.5,31.866666666666667,-51.0,0.0,-58.0,0.0,11
2025-03-05,FALSE_TREND,11:50:00,11:54:00,TREND_SHORT,EARLY_HARD_STOP,short,42483.0,42525.0,-84.0,4,140,2.3332031250000003,5.33291015625,51.666406249998545,367.918322102465,0,4,27.857142857142858,27.466666666666665,-31.0,0.0,-42.0,0.0,11
2025-03-05,FALSE_TREND,12:40:00,12:45:00,TREND_LONG,EARLY_HARD_STOP,long,42851.0,42803.0,-96.0,5,190,1.6058665265940653,6.749288504464286,70.57803696140763,378.96361628170416,7,0,22.071428571428573,22.933333333333334,19.0,1.0,-48.0,0.0,12
2025-03-05,FALSE_TREND,12:51:00,13:08:00,TREND_LONG,EXIT_FLAT,long,42880.0,42802.0,-156.0,17,201,-0.7500542534722221,24.9990234375,3.0033637152810115,420.95544844216056,2,5,32.142857142857146,30.933333333333334,92.0,46.0,-78.0,0.0,12
2025-03-06,TRUE_TREND,10:05:00,10:08:00,TREND_LONG,PARTIAL_TP,long,42679.0,42735.0,56.0,3,35,2.6147043535786287,4.437709052015692,60.37032413256384,275.9865146653319,4,2,42.42857142857143,42.733333333333334,104.0,56.0,0.0,0.0,10
2025-03-06,TRUE_TREND,10:33:00,10:39:00,TREND_LONG,PARTIAL_TP,long,42845.0,42922.0,77.0,6,63,-0.9999999999999996,0.7062043976743363,112.76277361395478,411.9685342908706,4,4,35.42857142857143,35.8,33.0,77.0,0.0,0.0,10
2025-03-06,FALSE_TREND,13:42:00,13:44:00,TREND_SHORT,EARLY_HARD_STOP,short,42451.0,42492.0,-82.0,2,252,1.3332534507618323,-2.5477109526614115,66.00939755756553,618.9152351929952,0,10,30.071428571428573,32.4,-53.0,0.0,-41.0,0.0,13
2025-03-07,FALSE_TREND,10:37:00,10:45:00,TREND_SHORT,EXIT_FLAT,short,42411.0,42474.0,-126.0,8,67,-15.753176510989013,-23.150162760416666,32.87288661859202,372.9689970499603,0,6,45.5,44.6,-101.0,26.0,-63.0,0.0,10
2025-03-07,TRUE_TREND,11:23:00,11:26:00,TREND_SHORT,PARTIAL_TP,short,42375.0,42300.0,75.0,3,113,-6.691690386161243,-5.904130415482955,43.50421185462619,413.93421328018303,0,7,34.142857142857146,34.0,-57.0,75.0,0.0,0.0,11
2025-03-07,FALSE_TREND,13:39:00,13:43:00,TREND_LONG,EARLY_HARD_STOP,long,42785.0,42727.0,-116.0,4,249,4.540864855818991,-0.26672144463366354,119.08466407137894,586.9379942266823,7,1,40.142857142857146,39.333333333333336,121.0,19.0,-58.0,0.0,13
2025-03-07,TRUE_TREND,13:58:00,14:01:00,TREND_LONG,PARTIAL_TP,long,42811.0,42863.0,52.0,3,268,0.00031594669117640767,3.735291938887604,257.9705468388638,604.9236269595567,3,2,30.5,31.266666666666666,14.0,52.0,0.0,0.0,13
2025-03-10,TRUE_TREND,12:17:00,12:23:00,TREND_SHORT,PARTIAL_TP,short,42324.0,42268.0,56.0,6,167,-0.27299724433203615,-0.714442829984908,201.65012475685944,295.86644868728035,2,4,30.0,29.4,-41.0,56.0,0.0,0.0,12
2025-03-10,TRUE_TREND,13:10:00,13:29:00,TREND_SHORT,PARTIAL_TP,short,42221.0,42167.0,54.0,19,220,-7.16611723058364,8.0,17.674358771830157,405.8155262767468,0,8,25.142857142857142,24.733333333333334,-28.0,54.0,-12.0,0.0,13
2025-03-10,TRUE_TREND,14:37:00,14:46:00,TREND_SHORT,CHOP_TP,short,41919.0,41905.0,28.0,9,307,-3.2137379365808827,2.5996512276785713,48.93897920496238,698.7319366108277,3,5,27.642857142857142,27.2,-37.0,35.0,-17.0,0.0,14
2025-03-10,TRUE_TREND,14:53:00,14:55:00,TREND_SHORT,PARTIAL_TP,short,41857.0,41804.0,53.0,2,323,-3.2141577502805103,0.7775568181818183,47.50447874018573,767.7165637468715,0,5,29.571428571428573,28.466666666666665,-51.0,53.0,0.0,0.0,14
2025-03-11,FALSE_TREND,10:00:00,10:02:00,TREND_LONG,EARLY_HARD_STOP,long,41793.0,41620.0,-346.0,2,30,-11.667390172621783,13.4996337890625,63.32609827378474,289.97948403840564,0,7,57.285714285714285,55.93333333333333,92.0,0.0,-173.0,0.0,10
2025-03-11,FALSE_TREND,10:03:00,10:06:00,TREND_SHORT,EARLY_HARD_STOP,short,41591.0,41652.0,-122.0,3,33,1.3626234056533795,135.99560546875,237.72524681130744,319.97736178342893,2,6,67.5,65.53333333333333,-95.0,29.0,-61.0,0.0,10
2025-03-11,FALSE_TREND,10:17:00,10:19:00,TREND_SHORT,EARLY_HARD_STOP,short,41519.0,41568.0,-98.0,2,47,2.99951171875,-9.001011827256946,23.99951171875,408.9674574524979,1,4,56.857142857142854,57.06666666666667,-54.0,0.0,-49.0,0.0,10
2025-03-11,TRUE_TREND,10:27:00,10:38:00,TREND_SHORT,PARTIAL_TP,short,41491.0,41433.0,58.0,11,57,-4.49983695503715,0.37456325954861097,74.00130435970641,423.96038303206296,2,2,47.142857142857146,45.333333333333336,-47.0,58.0,-31.0,0.0,10
2025-03-11,TRUE_TREND,12:53:00,13:08:00,TREND_SHORT,PARTIAL_TP,short,41323.0,41271.0,52.0,15,203,2.999784197126116,-0.5169150701990783,72.1439203143309,590.8570959243661,0,4,35.357142857142854,34.8,-72.0,52.0,-24.0,0.0,12
2025-03-11,FALSE_TREND,13:22:00,13:44:00,TREND_SHORT,EXIT_FLAT,short,41251.0,41315.0,-128.0,22,232,-1.2607362255799757,-0.33318906841856055,67.96142029356997,664.8365799627791,5,3,30.928571428571427,30.0,-82.0,25.0,-64.0,0.0,13
2025-03-12,TRUE_TREND,09:54:00,09:56:00,TREND_SHORT,PARTIAL_TP,short,41395.0,41328.0,67.0,2,24,-96.9976806640625,5.1989013671875,26.995361328125,359.98396457368654,2,2,59.07142857142857,58.733333333333334,-80.0,67.0,0.0,0.0,9
2025-03-13,FALSE_TREND,09:50:00,09:51:00,TREND_SHORT,EARLY_HARD_STOP,short,41216.0,41257.0,-82.0,1,20,-14.248762584867931,-2.8006151984719665,24.990100678944145,177.98987739180302,2,6,37.5,40.13333333333333,-91.0,0.0,-41.0,0.0,9
2025-03-13,TRUE_TREND,11:12:00,11:27:00,TREND_SHORT,PARTIAL_TP,short,41131.0,41064.0,67.0,15,102,-15.666259765625,0.49999999999999994,8.336181640625,306.96601725256187,2,6,29.285714285714285,28.133333333333333,-46.0,67.0,0.0,0.0,11
2025-03-14,FALSE_TREND,09:54:00,09:57:00,TREND_LONG,EARLY_HARD_STOP,long,41289.0,41233.0,-112.0,3,24,-9.0001708984375,2.7994495210193446,47.40402425130014,344.9865965186473,5,0,31.357142857142858,31.2,43.0,0.0,-56.0,0.0,9
2025-03-14,FALSE_TREND,10:52:00,10:55:00,TREND_LONG,EARLY_HARD_STOP,long,41313.0,41273.0,-80.0,3,82,1.4549818539450354,-0.15079217657342658,204.82534965034574,364.94957735930075,8,1,28.642857142857142,29.466666666666665,51.0,0.0,-40.0,0.0,10
2025-03-14,TRUE_TREND,10:58:00,11:11:00,TREND_LONG,CHOP_TP,long,41320.0,41359.0,78.0,13,88,-1.99970703125,1.6046256379422368,225.0242257581922,375.94574783906137,5,0,26.5,26.2,27.0,49.0,0.0,0.0,10
2025-03-14,TRUE_TREND,11:16:00,11:44:00,TREND_LONG,PARTIAL_TP,long,41399.0,41451.0,52.0,28,106,0.666717529296875,4.000013316761364,22.999973366480845,464.93425917132845,5,1,24.714285714285715,24.333333333333332,40.0,52.0,-10.0,0.0,11
2025-03-14,FALSE_TREND,11:57:00,12:09:00,TREND_LONG,EXIT_FLAT,long,41470.0,41398.0,-144.0,12,147,0.00040917741113025196,1.0765449390076756,56.54564615885465,530.9080904441726,4,0,25.5,24.733333333333334,49.0,4.0,-72.0,0.0,11
2025-03-14,FALSE_TREND,13:00:00,13:27:00,TREND_LONG,EXIT_FLAT,long,41493.0,41424.0,-138.0,27,210,-1.3331298828125,9.610208916628415e-05,163.9970208352388,548.8678801071146,5,0,20.285714285714285,20.133333333333333,22.0,33.0,-69.0,0.0,13
2025-03-14,FALSE_TREND,15:54:00,16:00:00,TREND_LONG,SESSION_EXIT,long,41538.0,41481.0,-114.0,6,384,0.3137576518348393,0.2799911628050725,90.80101627741533,595.7568227360753,7,2,26.5,26.6,57.0,18.0,-57.0,0.0,15
2025-03-17,TRUE_TREND,13:12:00,13:34:00,TREND_LONG,PARTIAL_TP,long,41808.0,41864.0,56.0,22,222,0.20006921598255212,0.03581697860227382,80.66654364489659,355.86328165538725,6,1,19.071428571428573,18.466666666666665,35.0,56.0,-14.0,0.0,13
2025-03-17,TRUE_TREND,13:58:00,14:11:00,TREND_LONG,PARTIAL_TP,long,41919.0,41971.0,52.0,13,268,0.0001266054324690069,2.235148144164704,71.06933362014388,466.8349526057791,5,0,13.928571428571429,13.933333333333334,7.0,52.0,-6.0,0.0,13
2025-03-17,FALSE_TREND,14:46:00,15:55:00,TREND_LONG,EXIT_FLAT,long,42002.0,41922.0,-160.0,69,316,0.00016421363467244987,1.1873250846446775,29.318022379331524,549.8010809317275,2,1,14.571428571428571,13.6,8.0,40.0,-80.0,0.0,14
2025-03-18,FALSE_TREND,10:00:00,10:26:00,TREND_SHORT,EXIT_FLAT,short,41624.0,41686.0,-124.0,26,30,-4.249769176136364,14.0,32.75207741477061,210.9874589118699,1,3,32.142857142857146,31.733333333333334,-19.0,8.0,-62.0,0.0,10
2025-03-18,TRUE_TREND,10:48:00,11:01:00,TREND_SHORT,PARTIAL_TP,short,41615.0,41547.0,68.0,13,78,0.9999764594847863,-0.5181621382389162,103.00943394342903,257.9673931848665,2,4,24.285714285714285,20.933333333333334,-99.0,68.0,-38.0,0.0,10
2025-03-18,FALSE_TREND,11:22:00,12:29:00,TREND_SHORT,EXIT_FLAT,short,41518.0,41595.0,-154.0,67,112,-2.00029296875,1.049873807832792,42.999414062498545,305.95317994698416,2,4,17.785714285714285,14.0,-35.0,39.0,-77.0,0.0,11
2025-03-18,FALSE_TREND,12:51:00,13:03:00,TREND_SHORT,EXIT_FLAT,short,41453.0,41519.0,-132.0,12,201,0.37486520575799737,0.5,143.87216932091542,379.9159747025042,0,6,18.857142857142858,16.666666666666668,-39.0,6.0,-66.0,0.0,12
2025-03-19,TRUE_TREND,09:55:00,10:33:00,TREND_LONG,CHOP_TP,long,41844.0,41856.0,24.0,38,25,-0.4994419642857144,9.499162946428571,33.010044642855064,197.98444794656098,4,0,30.571428571428573,29.266666666666666,63.0,21.0,-43.0,0.0,9
2025-03-19,TRUE_TREND,11:39:00,11:50:00,TREND_LONG,PARTIAL_TP,long,41875.0,41930.0,55.0,11,129,2.0770464886675826,-0.39496797293032077,93.5059958383572,219.87752718538104,4,0,8.642857142857142,4.0,17.0,55.0,-6.0,0.0,11
2025-03-19,FALSE_TREND,14:00:00,14:05:00,TREND_LONG,EARLY_HARD_STOP,long,41804.0,41748.0,-112.0,5,270,-6.0,-1.969126843444853,92.8885663640176,393.9183514207107,3,1,28.142857142857142,23.666666666666668,84.0,0.0,-56.0,0.0,14
2025-03-20,TRUE_TREND,09:51:00,09:56:00,TREND_LONG,PARTIAL_TP,long,41868.0,41920.0,52.0,5,21,-4.0,15.500284830729166,9.999430338539241,163.98832613398554,5,0,25.785714285714285,25.133333333333333,39.0,52.0,0.0,0.0,9
2025-03-24,TRUE_TREND,09:57:00,11:07:00,TREND_LONG,PARTIAL_TP,long,42828.0,42890.0,62.0,70,27,-0.3332763671875,3.999584379650298,26.00290934244549,216.99004314036574,4,0,26.642857142857142,26.2,22.0,62.0,-44.0,0.0,9
2025-03-24,FALSE_TREND,15:54:00,15:59:00,TREND_LONG,EARLY_HARD_STOP,long,42962.0,42888.0,-148.0,5,384,-3.333642578125,-2.333465576171875,50.668432617188955,350.8533277589959,4,0,20.714285714285715,19.8,13.0,0.0,-74.0,0.0,15
2025-03-25,FALSE_TREND,10:00:00,10:21:00,TREND_SHORT,EXIT_FLAT,short,42846.0,42912.0,-132.0,21,30,-3.800414556571146,0.22183948863636369,32.59875633028423,202.99125924160762,4,1,25.928571428571427,25.8,-47.0,7.0,-66.0,0.0,10
2025-03-25,TRUE_TREND,14:05:00,14:58:00,TREND_SHORT,CHOP_TP,short,42814.0,42802.0,24.0,53,275,-0.6440650103160256,-0.16085657421168642,53.14732957696833,210.91987638951105,1,4,12.642857142857142,12.933333333333334,-23.0,20.0,-53.0,0.0,14
2025-03-25,FALSE_TREND,15:35:00,15:36:00,TREND_SHORT,EARLY_HARD_STOP,short,42778.0,42821.0,-86.0,1,365,-0.180616138599537,0.6897061877076412,74.33851280658564,258.89365411432664,4,4,17.785714285714285,17.333333333333332,-57.0,0.0,-43.0,0.0,15
2025-03-26,TRUE_TREND,11:25:00,11:48:00,TREND_SHORT,PARTIAL_TP,short,42969.0,42901.0,68.0,23,115,-1.4286869977162349,-1.0860054647115838,32.37730157502665,192.94352129852632,0,6,19.642857142857142,19.333333333333332,-15.0,68.0,-3.0,0.0,11
2025-03-26,TRUE_TREND,13:17:00,13:30:00,TREND_SHORT,PARTIAL_TP,short,42768.0,42718.0,50.0,13,227,-13.000244140625,0.2778919956140351,11.001567639803397,390.8832773142276,5,3,20.5,19.933333333333334,-66.0,50.0,0.0,0.0,13
2025-03-27,TRUE_TREND,09:56:00,10:14:00,TREND_LONG,PARTIAL_TP,long,42690.0,42750.0,60.0,18,26,10.666992187500002,15.500257554945055,13.499227335167234,240.9947048761751,7,1,39.714285714285715,39.2,84.0,60.0,-18.0,0.0,9
2025-03-28,TRUE_TREND,09:52:00,10:05:00,TREND_SHORT,PARTIAL_TP,short,42346.0,42286.0,60.0,13,22,-1.7502441406249998,4.499755859375,44.249755859375,197.98813131579664,0,5,37.214285714285715,36.53333333333333,-53.0,60.0,-10.0,0.0,9
2025-03-31,TRUE_TREND,09:55:00,10:01:00,TREND_LONG,PARTIAL_TP,long,41677.0,41741.0,64.0,6,25,2.0004179113051475,35.570853097098215,31.854265485490032,251.9929402637572,8,2,43.642857142857146,43.2,173.0,64.0,-4.0,0.0,9
2025-03-31,TRUE_TREND,11:02:00,11:22:00,TREND_LONG,PARTIAL_TP,long,41898.0,41951.0,53.0,20,92,-2.99993896484375,7.16676728219697,35.33293087121274,473.925367415708,7,0,25.714285714285715,25.133333333333333,57.0,53.0,-31.0,0.0,11
2025-03-31,TRUE_TREND,15:06:00,15:13:00,TREND_LONG,PARTIAL_TP,long,42225.0,42276.0,51.0,7,336,-0.5908318922924901,-0.22505593771462923,106.57539156400162,796.6792814372966,5,3,23.285714285714285,22.8,59.0,51.0,-23.0,0.0,15
2025-04-01,TRUE_TREND,10:04:00,10:08:00,TREND_SHORT,PARTIAL_TP,short,41915.0,41862.0,53.0,4,34,0.3678632182459678,-5.499609375,166.6794134324591,221.97743772726972,0,6,45.0,44.6,-89.0,53.0,-11.0,0.0,10
2025-04-01,TRUE_TREND,10:52:00,10:59:00,TREND_LONG,PARTIAL_TP,long,42153.0,42215.0,62.0,7,82,2.9150961421646864,20.9995361328125,124.99814453125146,386.97942854875873,4,0,35.42857142857143,37.86666666666667,88.0,62.0,-1.0,0.0,10
2025-04-02,TRUE_TREND,10:01:00,10:17:00,TREND_LONG,PARTIAL_TP,long,42151.0,42204.0,53.0,16,31,-0.5000790550595241,2.99958732358871,256.0015194472435,281.9700943660355,2,4,43.07142857142857,42.6,81.0,53.0,-39.0,0.0,10
2025-04-02,TRUE_TREND,12:45:00,12:49:00,TREND_LONG,PARTIAL_TP,long,42442.0,42519.0,77.0,4,195,0.7988036205986933,-0.7271313048245615,50.2373888884249,560.8118837588627,2,2,20.428571428571427,20.4,54.0,77.0,-7.0,0.0,12
2025-04-03,TRUE_TREND,09:53:00,09:55:00,TREND_SHORT,PARTIAL_TP,short,41185.0,41131.0,54.0,2,23,-11.778681157709478,8.666265869140625,83.2213188422902,240.98500323921326,0,6,66.07142857142857,63.733333333333334,-55.0,54.0,0.0,0.0,9
2025-04-03,TRUE_TREND,15:18:00,15:30:00,TREND_SHORT,PARTIAL_TP,short,40923.0,40861.0,62.0,12,348,-0.40186016362515553,-2.0349344190201135,98.30410034440865,577.7284810922065,0,8,41.357142857142854,41.13333333333333,-120.0,62.0,-15.0,0.0,15
2025-04-04,FALSE_TREND,09:59:00,10:00:00,TREND_LONG,EARLY_HARD_STOP,long,39808.0,39753.0,-110.0,1,29,6.545714873120302,1.3717564174107117,115.51901176280808,372.9729650300287,5,3,87.92857142857143,89.46666666666667,125.0,0.0,-55.0,0.0,9
2025-04-04,FALSE_TREND,10:15:00,10:17:00,TREND_SHORT,EARLY_HARD_STOP,short,39491.0,39533.0,-84.0,2,45,-20.835304344093405,-18.77783487671183,131.84713040865608,414.9745555262489,0,9,53.285714285714285,53.53333333333333,-113.0,0.0,-42.0,0.0,10
2025-04-04,TRUE_TREND,10:28:00,10:33:00,TREND_SHORT,PARTIAL_TP,short,39435.0,39384.0,51.0,5,58,-6.594957386363637,1.9997680664062507,58.83529829545296,462.95388174136315,3,3,55.5,53.86666666666667,-50.0,51.0,-16.0,0.0,10
2025-04-04,TRUE_TREND,13:07:00,13:10:00,TREND_SHORT,PARTIAL_TP,short,39052.0,38995.0,57.0,3,217,2.9992745535714285,-2.9662408809516974,68.32771940474777,867.7010253672852,2,6,60.642857142857146,59.06666666666667,-169.0,57.0,0.0,0.0,13
2025-04-04,TRUE_TREND,14:27:00,14:31:00,TREND_SHORT,PARTIAL_TP,short,38832.0,38758.0,74.0,4,297,1.6538132157671208,-6.147261288590875,281.34533039417875,1095.5738019321434,0,9,41.5,41.666666666666664,-68.0,74.0,0.0,0.0,14
2025-04-04,TRUE_TREND,15:53:00,15:57:00,TREND_SHORT,PARTIAL_TP,short,38568.0,38484.0,84.0,4,383,7.348408386517021,-20.934756200453815,315.27135095730046,1345.437036852658,2,6,73.71428571428571,71.8,-289.0,84.0,0.0,0.0,15
2025-04-07,TRUE_TREND,09:56:00,09:58:00,TREND_LONG,PARTIAL_TP,long,37465.0,37586.0,121.0,2,26,19.000753963694855,45.498860095796125,0.49886009579495294,661.9664557706055,7,0,113.85714285714286,114.86666666666666,274.0,121.0,0.0,0.0,9
2025-04-08,TRUE_TREND,10:00:00,10:03:00,TREND_LONG,PARTIAL_TP,long,39526.0,39582.0,56.0,3,30,11.777820191347509,33.996785481770836,179.9903564453125,381.95569514576346,5,1,79.0,80.86666666666666,66.0,56.0,-25.0,0.0,10
2025-04-08,TRUE_TREND,10:57:00,11:06:00,TREND_SHORT,PARTIAL_TP,short,39190.0,39128.0,62.0,9,87,-15.111127093121722,-7.532391753904398,206.4629482949822,472.9067260054362,0,8,50.0,49.266666666666666,-133.0,62.0,-9.0,0.0,10
2025-04-09,FALSE_TREND,09:56:00,09:57:00,TREND_LONG,EARLY_HARD_STOP,long,38061.0,38017.0,-88.0,1,26,-2.998479352678571,37.49865451388889,77.51210937499854,675.9068159548988,8,1,97.28571428571429,96.4,123.0,0.0,-44.0,0.0,9
2025-04-09,FALSE_TREND,10:00:00,10:05:00,TREND_LONG,EARLY_HARD_STOP,long,38130.0,38034.0,-192.0,5,30,-11.500158691406249,47.998046875,42.50438232421584,810.8924799017404,6,0,99.42857142857143,96.8,130.0,27.0,-96.0,0.0,10
2025-04-09,FALSE_TREND,12:57:00,12:58:00,TREND_LONG,EARLY_HARD_STOP,long,38216.0,38161.0,-110.0,1,207,3.8101880389984752,37.3330078125,194.244099678981,832.2581115022549,6,0,51.642857142857146,49.266666666666666,140.0,0.0,-55.0,0.0,12
2025-04-09,TRUE_TREND,13:02:00,13:04:00,TREND_LONG,PARTIAL_TP,long,38351.0,38425.0,74.0,2,212,-23.33128662109375,9.570505099826388,95.86545410156396,1034.2401915860173,7,1,66.5,63.733333333333334,135.0,74.0,-15.0,0.0,13
2025-04-09,TRUE_TREND,13:19:00,13:20:00,TREND_LONG,PARTIAL_TP,long,38879.0,39144.0,265.0,1,229,-19.000569661458346,-58.9970703125,468.99820963541424,1582.179263510312,2,4,163.78571428571428,158.86666666666667,728.0,265.0,0.0,0.0,13
2025-04-09,TRUE_TREND,13:23:00,13:24:00,TREND_LONG,PARTIAL_TP,long,39660.0,39716.0,56.0,1,233,-8.0,76.00925564236114,1885.0370225694423,2296.1649274571537,7,2,268.85714285714283,252.86666666666667,1684.0,56.0,0.0,0.0,13
2025-04-09,FALSE_TREND,13:35:00,13:36:00,TREND_LONG,EARLY_HARD_STOP,long,40448.0,40175.0,-546.0,1,245,-17.99955822172619,114.7440708705357,122.27964564731519,3148.121919297686,3,1,257.42857142857144,262.46666666666664,612.0,0.0,-273.0,0.0,13
2025-04-09,TRUE_TREND,14:00:00,14:03:00,TREND_LONG,PARTIAL_TP,long,40431.0,40495.0,64.0,3,270,18.555945895010964,35.0037326388889,14.462497715641803,3185.0323191156713,5,2,163.0,170.2,430.0,64.0,-2.0,0.0,14
2025-04-09,FALSE_TREND,14:27:00,14:29:00,TREND_LONG,EARLY_HARD_STOP,long,40627.0,40582.0,-90.0,2,297,-40.0,40.74996512276786,90.2501743861576,3238.9355512074835,3,2,121.85714285714286,122.33333333333333,209.0,0.0,-45.0,0.0,14
2025-04-09,FALSE_TREND,15:25:00,15:26:00,TREND_LONG,EARLY_HARD_STOP,long,40698.0,40636.0,-124.0,1,355,19.502509074042276,-2.3844937939664517,304.0947813308667,3312.7276793379497,3,2,85.35714285714286,85.13333333333334,133.0,0.0,-62.0,0.0,15
2025-04-09,FALSE_TREND,15:31:00,15:33:00,TREND_LONG,EARLY_HARD_STOP,long,40748.0,40678.0,-140.0,2,361,-0.999267578125,3.475863232705909,587.2482397861168,3405.706174957806,3,1,85.78571428571429,87.53333333333333,112.0,18.0,-70.0,0.0,15
2025-04-09,TRUE_TREND,15:50:00,15:52:00,TREND_LONG,PARTIAL_TP,long,40919.0,40970.0,51.0,2,380,-1.7215477658991227,8.888764145795037,171.33483025046007,3527.6380791559277,7,2,68.85714285714286,71.66666666666667,249.0,51.0,-22.0,0.0,15
2025-04-10,FALSE_TREND,10:01:00,10:02:00,TREND_SHORT,EARLY_HARD_STOP,short,39867.0,39937.0,-140.0,1,31,0.9991964106503212,-8.600949928977272,150.008839482849,408.95677252302994,0,7,91.71428571428571,91.06666666666666,-109.0,0.0,-70.0,0.0,10
2025-04-10,FALSE_TREND,10:11:00,10:13:00,TREND_SHORT,EARLY_HARD_STOP,short,39820.0,39876.0,-112.0,2,41,-2.799553888494318,0.3327148437499997,206.40089222301322,431.94076250542275,3,2,90.57142857142857,88.0,-89.0,20.0,-56.0,0.0,10
2025-04-10,FALSE_TREND,10:58:00,11:06:00,TREND_SHORT,EXIT_FLAT,short,39751.0,39848.0,-194.0,8,88,-42.999267578125,-6.500781249999999,50.997802734375,489.86551499323105,1,5,54.642857142857146,52.93333333333333,-90.0,12.0,-97.0,0.0,10
2025-04-10,TRUE_TREND,11:16:00,11:23:00,TREND_SHORT,PARTIAL_TP,short,39710.0,39660.0,50.0,7,106,7.769152250744048,-0.2503353580013734,226.3840657552064,541.8366968541814,2,3,50.285714285714285,48.8,-138.0,50.0,0.0,0.0,11
2025-04-11,FALSE_TREND,10:30:00,10:33:00,TREND_SHORT,EARLY_HARD_STOP,short,39561.0,39686.0,-250.0,3,60,-31.915286959134615,-11.151493361016282,279.0259643160098,582.9578690383423,0,5,86.28571428571429,88.93333333333334,-35.0,4.0,-125.0,0.0,10
2025-04-11,TRUE_TREND,12:31:00,12:33:00,TREND_LONG,PARTIAL_TP,long,40072.0,40132.0,60.0,2,181,5.6788441695190315,-0.9329644097222223,171.94859385032032,619.8583929386587,2,4,46.785714285714285,45.53333333333333,174.0,60.0,0.0,0.0,12
2025-04-11,FALSE_TREND,13:06:00,13:08:00,TREND_LONG,EARLY_HARD_STOP,long,40317.0,40219.0,-196.0,2,216,1.0009278796968006,16.9996337890625,107.0003662109375,877.8174322378982,3,2,50.57142857142857,51.666666666666664,105.0,0.0,-98.0,0.0,13
2025-04-11,TRUE_TREND,13:39:00,13:40:00,TREND_LONG,PARTIAL_TP,long,40337.0,40401.0,64.0,1,249,-0.5006315811820652,-3.250427348673844,233.7720144108025,895.7788120589175,5,2,59.285714285714285,58.333333333333336,203.0,64.0,0.0,0.0,13
2025-04-14,FALSE_TREND,10:52:00,10:55:00,TREND_LONG,EARLY_HARD_STOP,long,40982.0,40932.0,-100.0,3,82,5.261436544438844,5.0001953125,46.569595829132595,328.95699295362283,7,3,42.57142857142857,40.86666666666667,74.0,0.0,-50.0,0.0,10
2025-04-14,FALSE_TREND,11:28:00,11:32:00,TREND_SHORT,EARLY_HARD_STOP,short,40654.0,40710.0,-112.0,4,118,-21.0001220703125,-4.200640251320912,93.80588433219964,341.9775039894448,3,4,37.714285714285715,37.8,-116.0,6.0,-56.0,0.0,11
2025-04-14,TRUE_TREND,11:39:00,11:45:00,TREND_SHORT,PARTIAL_TP,short,40606.0,40552.0,54.0,6,129,-20.166802978515626,0.7497233072916669,56.666394042964384,396.97022582271165,4,2,41.785714285714285,40.46666666666667,-132.0,54.0,-30.0,0.0,11
2025-04-15,FALSE_TREND,09:51:00,09:57:00,TREND_LONG,EXIT_FLAT,long,40946.0,40886.0,-120.0,6,21,0.0003743489583333706,9.249302455357142,21.753487723217404,278.99128652315994,2,1,36.285714285714285,40.266666666666666,57.0,2.0,-60.0,0.0,9
2025-04-15,FALSE_TREND,10:11:00,10:14:00,TREND_LONG,EARLY_HARD_STOP,long,40982.0,40894.0,-176.0,3,41,3.000241234188988,-0.312195395569419,80.43342564870545,316.98103534866095,5,0,38.785714285714285,39.733333333333334,51.0,11.0,-88.0,0.0,10
2025-04-15,FALSE_TREND,13:22:00,13:40:00,TREND_SHORT,EXIT_FLAT,short,40674.0,40734.0,-120.0,18,232,-2.2156526278551394,-0.06225420989237086,75.33427495289652,341.90261414301494,1,3,28.285714285714285,28.266666666666666,-12.0,42.0,-60.0,0.0,13
2025-04-15,FALSE_TREND,13:53:00,13:58:00,TREND_SHORT,EARLY_HARD_STOP,short,40614.0,40677.0,-126.0,5,263,-2.047007803481431,-5.0000726609002974,26.863313293637475,397.8867248010647,1,5,28.928571428571427,28.133333333333333,-96.0,0.0,-63.0,0.0,13
2025-04-15,FALSE_TREND,14:07:00,14:15:00,TREND_LONG,EXIT_FLAT,long,40656.0,40571.0,-170.0,8,277,-9.199595811631943,0.454128452114292,30.60282931857364,403.8795490218763,2,2,33.357142857142854,34.666666666666664,6.0,0.0,-85.0,0.0,14
2025-04-15,FALSE_TREND,15:47:00,15:50:00,TREND_SHORT,EARLY_HARD_STOP,short,40580.0,40622.0,-84.0,3,377,-0.545308092832816,-1.3890816700746798,72.73620633719838,456.82829332123947,0,5,26.5,26.133333333333333,-38.0,6.0,-42.0,0.0,15
2025-04-16,FALSE_TREND,09:54:00,10:22:00,TREND_SHORT,EXIT_FLAT,short,40268.0,40339.0,-142.0,28,24,-18.33240966796875,5.999755859375,14.33795166015625,233.98215890768188,1,7,47.357142857142854,48.266666666666666,-64.0,38.0,-71.0,0.0,9
2025-04-16,TRUE_TREND,13:31:00,13:40:00,TREND_SHORT,PARTIAL_TP,short,40139.0,40026.0,113.0,9,241,2.5995626167629076,-1.40490095473512,39.531411995172675,510.8677661354959,1,5,41.357142857142854,39.6,-159.0,113.0,-33.0,0.0,13
2025-04-16,TRUE_TREND,14:53:00,15:04:00,TREND_SHORT,PARTIAL_TP,short,39813.0,39738.0,75.0,11,323,-6.817937155330883,8.0,15.095068359376455,814.7817091537217,2,3,30.142857142857142,29.333333333333332,-45.0,75.0,-30.0,0.0,14
2025-04-16,FALSE_TREND,15:22:00,15:40:00,TREND_SHORT,EXIT_FLAT,short,39636.0,39698.0,-124.0,18,352,-5.321173857029598,0.1242214626736112,64.9706535742589,995.751274318136,1,5,36.285714285714285,34.53333333333333,-46.0,43.0,-62.0,0.0,15
2025-04-17,FALSE_TREND,09:55:00,09:57:00,TREND_LONG,EARLY_HARD_STOP,long,39423.0,39370.0,-106.0,2,25,7.000769042968749,9.700285412016369,51.899143763948814,149.99575929880666,4,2,49.642857142857146,48.6,38.0,0.0,-53.0,0.0,9
2025-04-17,FALSE_TREND,10:00:00,10:07:00,TREND_LONG,EXIT_FLAT,long,39441.0,39368.0,-146.0,7,30,-2.2492919921875,21.000732421875,40.999267578125,167.99310873837385,4,1,50.57142857142857,51.06666666666667,18.0,30.0,-73.0,0.0,10
2025-04-17,TRUE_TREND,10:18:00,10:29:00,TREND_SHORT,PARTIAL_TP,short,39285.0,39229.0,56.0,11,48,-16.334663318452378,-3.4213353207236836,28.66932663690386,195.99310873837385,2,4,48.214285714285715,48.666666666666664,-71.0,56.0,-10.0,0.0,10
2025-04-17,FALSE_TREND,12:19:00,12:45:00,TREND_LONG,EXIT_FLAT,long,39494.0,39422.0,-144.0,26,169,0.7140211640125165,0.0003539338568408269,124.57909332840063,378.9469903020072,3,3,61.714285714285715,68.0,99.0,43.0,-72.0,0.0,12
2025-04-17,FALSE_TREND,12:53:00,13:12:00,TREND_LONG,EXIT_FLAT,long,39557.0,39488.0,-138.0,19,203,-0.055999862938596406,-2.499895207331731,158.00715919154754,437.928966988693,4,1,38.214285714285715,38.266666666666666,112.0,44.0,-69.0,0.0,12
2025-04-17,FALSE_TREND,14:05:00,14:49:00,TREND_LONG,EXIT_FLAT,long,39595.0,39512.0,-166.0,44,275,4.370660802661214,0.4618123781233475,68.33576005259965,480.8907999670337,2,4,30.214285714285715,30.133333333333333,63.0,17.0,-83.0,0.0,14
2025-04-21,TRUE_TREND,09:57:00,10:00:00,TREND_SHORT,PARTIAL_TP,short,38744.0,38670.0,74.0,3,27,-14.62890625,0.5000000000000001,23.40234375,310.9711380110675,1,5,32.357142857142854,33.13333333333333,-34.0,74.0,0.0,0.0,9
2025-04-21,FALSE_TREND,10:32:00,10:37:00,TREND_SHORT,EARLY_HARD_STOP,short,38532.0,38575.0,-86.0,5,62,-0.8999822443181816,1.9765965317234848,46.083195726794656,523.9337242818947,3,2,28.571428571428573,28.6,-42.0,6.0,-43.0,0.0,10
2025-04-21,TRUE_TREND,10:47:00,10:56:00,TREND_SHORT,PARTIAL_TP,short,38516.0,38465.0,51.0,9,77,1.904319132834758,1.5,87.41361734330712,544.9176897241341,4,2,33.142857142857146,31.6,-81.0,51.0,0.0,0.0,10
2025-04-22,TRUE_TREND,10:06:00,10:21:00,TREND_LONG,PARTIAL_TP,long,38971.0,39023.0,52.0,15,36,-0.31575289848155536,5.7301780278464856,60.7135909975259,286.971795759222,7,0,28.785714285714285,28.8,49.0,52.0,-22.0,0.0,10
2025-04-22,TRUE_TREND,11:58:00,11:59:00,TREND_LONG,PARTIAL_TP,long,39182.0,39257.0,75.0,1,148,0.25017199862401085,0.8392689782205869,55.608247437441605,551.8840490864313,5,0,26.428571428571427,25.6,49.0,75.0,0.0,0.0,11
2025-04-23,FALSE_TREND,11:28:00,11:29:00,TREND_SHORT,EARLY_HARD_STOP,short,40008.0,40055.0,-94.0,1,118,-7.833072391633065,0.9979003906249986,179.33855216734082,558.9188794535366,0,5,56.785714285714285,54.333333333333336,-107.0,0.0,-47.0,0.0,11
2025-04-23,FALSE_TREND,11:32:00,11:34:00,TREND_SHORT,EARLY_HARD_STOP,short,39964.0,40050.0,-172.0,2,122,-11.00042724609375,14.498535156249996,67.99957275390625,599.9151921489465,0,4,62.785714285714285,60.53333333333333,-78.0,0.0,-86.0,0.0,11
2025-04-23,TRUE_TREND,11:47:00,11:49:00,TREND_SHORT,PARTIAL_TP,short,39932.0,39875.0,57.0,2,137,2.1998099532781863,-4.4011962890625,123.39866967294802,636.901364872625,3,5,44.357142857142854,44.4,-98.0,57.0,0.0,0.0,11
2025-04-23,FALSE_TREND,15:25:00,15:26:00,TREND_SHORT,EARLY_HARD_STOP,short,39671.0,39711.0,-80.0,1,355,-6.090791186951755,-4.0690104165956126e-05,33.72892338268139,896.7004073132921,0,5,33.785714285714285,34.93333333333333,-44.0,0.0,-40.0,0.0,15
2025-04-23,FALSE_TREND,15:36:00,15:49:00,TREND_SHORT,EXIT_FLAT,short,39678.0,39745.0,-134.0,13,366,1.227751232328869,-3.0010986328125,104.13875616164296,905.690267341568,3,2,42.42857142857143,43.06666666666667,-92.0,6.0,-67.0,0.0,15
2025-04-24,TRUE_TREND,09:51:00,09:58:00,TREND_LONG,PARTIAL_TP,long,39739.0,39793.0,54.0,7,21,-5.33310546875,10.665736607142858,39.345424107144936,198.98495848484163,5,0,41.92857142857143,41.266666666666666,21.0,54.0,0.0,0.0,9
2025-04-24,TRUE_TREND,12:14:00,12:17:00,TREND_LONG,PARTIAL_TP,long,40090.0,40143.0,53.0,3,164,3.4166595123626373,0.35713568641517357,78.28641681994486,556.8584328945144,3,3,24.0,22.266666666666666,72.0,53.0,0.0,0.0,12
2025-04-24,FALSE_TREND,14:40:00,15:01:00,TREND_LONG,EXIT_FLAT,long,40255.0,40191.0,-128.0,21,310,0.5163270954688692,6.28607177734375,12.28607177734375,720.7292528755279,6,0,17.785714285714285,16.4,24.0,25.0,-64.0,0.0,14
2025-04-24,FALSE_TREND,15:42:00,16:00:00,TREND_LONG,SESSION_EXIT,long,40287.0,40257.0,-60.0,18,372,1.6925188647873182,0.8757006454925721,69.48038192620879,756.6743956722057,6,2,24.214285714285715,24.066666666666666,40.0,36.0,-30.0,0.0,15
2025-04-25,TRUE_TREND,09:51:00,09:57:00,TREND_SHORT,PARTIAL_TP,short,40077.0,40020.0,57.0,6,21,-13.800852272727273,2.0,5.194886363635305,199.9940714690456,0,9,36.857142857142854,35.8,-35.0,57.0,0.0,0.0,9
2025-04-25,FALSE_TREND,13:17:00,13:43:00,TREND_LONG,EXIT_FLAT,long,40236.0,40168.0,-136.0,26,227,1.0894921846818424,9.99951171875,168.66820300945255,385.91798894500243,6,1,16.214285714285715,16.266666666666666,33.0,44.0,-68.0,0.0,13
2025-04-25,FALSE_TREND,15:05:00,15:13:00,TREND_LONG,EXIT_FLAT,long,40285.0,40225.0,-120.0,8,335,2.299977523561508,2.883576451178026,16.982456957637623,428.8646323320572,4,1,25.285714285714285,25.666666666666668,54.0,0.0,-60.0,0.0,15
2025-04-28,FALSE_TREND,10:00:00,10:04:00,TREND_SHORT,EARLY_HARD_STOP,short,40336.0,40410.0,-148.0,4,30,-14.123638078278185,-8.300998757102272,50.48365693933738,245.98959880921757,0,8,34.785714285714285,34.4,-72.0,7.0,-74.0,0.0,10
2025-04-28,FALSE_TREND,12:27:00,12:30:00,TREND_SHORT,EARLY_HARD_STOP,short,40092.0,40139.0,-94.0,3,177,-5.4999970407196965,0.30736754700377755,26.500020714964194,472.90465562199097,0,7,19.5,18.866666666666667,-30.0,0.0,-47.0,0.0,12
2025-04-28,TRUE_TREND,13:10:00,13:29:00,TREND_SHORT,CHOP_TP,short,40073.0,40034.0,78.0,19,220,-10.999700927734375,-0.0001939811116147221,10.001196289063955,508.8798082898429,2,4,23.428571428571427,23.266666666666666,-38.0,39.0,-26.0,0.0,13
2025-04-29,FALSE_TREND,09:50:00,09:59:00,TREND_LONG,EXIT_FLAT,long,40557.0,40494.0,-126.0,9,20,-1.9997558593750002,5.438019353693183,32.933864524144155,219.9910741472122,3,2,35.57142857142857,35.86666666666667,67.0,0.0,-63.0,0.0,9
2025-04-29,FALSE_TREND,10:06:00,10:10:00,TREND_LONG,EARLY_HARD_STOP,long,40601.0,40544.0,-114.0,4,36,-1.2670993580537684,-0.618785890758547,147.71920571535884,242.98393340512848,3,2,37.214285714285715,36.733333333333334,110.0,0.0,-57.0,0.0,10
2025-04-29,FALSE_TREND,10:27:00,10:32:00,TREND_SHORT,EARLY_HARD_STOP,short,40368.0,40417.0,-98.0,5,57,-9.000238433441558,-1.6304341077563007,13.002114857765264,246.99062779472297,0,7,30.785714285714285,30.733333333333334,-74.0,0.0,-49.0,0.0,10
2025-04-29,FALSE_TREND,10:55:00,11:18:00,TREND_LONG,EXIT_FLAT,long,40631.0,40559.0,-144.0,23,85,-0.4464892664699689,8.17368648170406,37.484151475699036,277.98794997903315,5,0,26.357142857142858,25.6,72.0,21.0,-72.0,0.0,10
2025-04-29,TRUE_TREND,13:40:00,13:48:00,TREND_LONG,PARTIAL_TP,long,40665.0,40735.0,70.0,8,250,2.3848143189817996,6.249838402157738,16.499030412946013,318.9143113194514,4,2,17.214285714285715,17.6,38.0,70.0,0.0,0.0,13
2025-04-30,TRUE_TREND,09:53:00,09:56:00,TREND_SHORT,PARTIAL_TP,short,39955.0,39898.0,57.0,3,23,-13.713082107843139,1.500830078125,47.17116268382233,423.9752344035587,3,2,43.214285714285715,42.86666666666667,-100.0,57.0,0.0,0.0,9
2025-04-30,TRUE_TREND,11:12:00,11:44:00,TREND_LONG,PARTIAL_TP,long,40375.0,40435.0,60.0,32,102,4.933814750339674,8.46593089384191,82.05778280350205,517.9224732372604,4,2,30.857142857142858,30.466666666666665,51.0,60.0,-20.0,0.0,11
2025-04-30,TRUE_TREND,13:31:00,13:36:00,TREND_LONG,PARTIAL_TP,long,40490.0,40544.0,54.0,5,241,0.511529760908593,-0.3512031525942148,163.32587702762248,631.7728036626577,7,1,20.357142857142858,20.866666666666667,27.0,54.0,0.0,0.0,13
2025-04-30,TRUE_TREND,15:50:00,15:51:00,TREND_LONG,PARTIAL_TP,long,40743.0,40797.0,54.0,1,380,3.6851802060786434,0.16644064602616432,57.68230494196905,884.623133907553,10,0,37.142857142857146,36.266666666666666,176.0,54.0,0.0,0.0,15
2025-05-01,FALSE_TREND,09:51:00,09:56:00,TREND_LONG,EARLY_HARD_STOP,long,41053.0,41008.0,-90.0,5,21,1.1000799005681814,6.692248774509805,30.23177083333576,178.99125339206512,5,1,33.285714285714285,34.333333333333336,72.0,8.0,-45.0,0.0,9
2025-05-01,TRUE_TREND,10:06:00,10:10:00,TREND_SHORT,PARTIAL_TP,short,41042.0,40984.0,58.0,4,36,2.8012032645089278,20.998674665178573,5.006626674105064,197.98353584249708,3,3,46.642857142857146,43.2,65.0,58.0,0.0,0.0,10
2025-05-01,TRUE_TREND,10:55:00,11:16:00,TREND_LONG,PARTIAL_TP,long,41137.0,41199.0,62.0,21,85,-0.4999755859375,1.7140395220588236,36.861328125,267.95832499081007,3,0,21.428571428571427,20.533333333333335,37.0,62.0,-8.0,0.0,10
2025-05-01,FALSE_TREND,11:26:00,11:31:00,TREND_LONG,EARLY_HARD_STOP,long,41217.0,41162.0,-110.0,5,116,-1.6664876302083333,2.461315426664087,22.23500689338107,337.9423753193623,2,1,18.214285714285715,17.8,33.0,0.0,-55.0,0.0,11
2025-05-01,FALSE_TREND,15:58:00,16:00:00,TREND_SHORT,SESSION_EXIT,short,40875.0,40929.0,-108.0,2,388,0.23069346786287093,-0.016432163074610855,217.12017062006635,355.8605688453972,2,6,41.357142857142854,40.6,-147.0,8.0,-54.0,0.0,15
2025-05-02,FALSE_TREND,09:51:00,09:55:00,TREND_SHORT,EARLY_HARD_STOP,short,41182.0,41224.0,-84.0,4,21,-5.3342261904761905,5.99951171875,75.99464285714203,205.99408028867765,1,4,39.07142857142857,39.6,-108.0,11.0,-42.0,0.0,9
2025-05-02,TRUE_TREND,12:01:00,12:11:00,TREND_LONG,PARTIAL_TP,long,41417.0,41484.0,67.0,10,151,-0.1098231938763323,-1.3856016148041255,238.19465471451258,325.949090204791,5,1,25.357142857142858,24.466666666666665,57.0,67.0,0.0,0.0,12
2025-05-05,TRUE_TREND,09:57:00,10:01:00,TREND_LONG,PARTIAL_TP,long,41280.0,41355.0,75.0,4,27,-0.3329554966517857,16.299462890625,30.10161132812209,131.9887256932925,4,2,28.642857142857142,27.666666666666668,78.0,75.0,-6.0,0.0,9
2025-05-05,FALSE_TREND,11:00:00,11:37:00,TREND_LONG,EXIT_FLAT,long,41470.0,41404.0,-132.0,37,90,-2.0,2.5623684512867646,77.94078871783131,323.96140722002747,4,0,17.071428571428573,17.333333333333332,19.0,14.0,-66.0,0.0,11
2025-05-05,TRUE_TREND,11:53:00,12:01:00,TREND_LONG,CHOP_TP,long,41491.0,41513.0,44.0,8,143,0.000281626213732853,4.625648082386364,29.123055752846994,343.9384249235154,6,0,19.571428571428573,18.4,38.0,22.0,-22.0,0.0,11
2025-05-05,FALSE_TREND,12:06:00,13:15:00,TREND_LONG,EXIT_FLAT,long,41535.0,41474.0,-122.0,69,156,-1.4998779296875,3.3751703411599863,36.99863727072079,390.93278777015803,4,2,16.571428571428573,16.2,22.0,0.0,-61.0,0.0,12
2025-05-05,FALSE_TREND,13:50:00,15:00:00,TREND_LONG,EXIT_FLAT,long,41538.0,41453.0,-170.0,70,260,2.666903545673077,2.401226037289916,13.024520745799236,397.88769054332806,5,2,11.142857142857142,10.933333333333334,20.0,12.0,-85.0,0.0,13
2025-05-06,TRUE_TREND,10:12:00,10:19:00,TREND_LONG,PARTIAL_TP,long,41056.0,41112.0,56.0,7,42,6.44530855066636,6.000894470926209,35.6754291877005,224.98864285168384,5,1,25.857142857142858,25.866666666666667,102.0,56.0,-7.0,0.0,10
2025-05-07,FALSE_TREND,10:54:00,11:08:00,TREND_SHORT,EXIT_FLAT,short,41043.0,41110.0,-134.0,14,84,-0.13333801560021152,-0.6943547354440632,57.86574863146234,146.96548523798992,1,8,20.928571428571427,20.066666666666666,-78.0,6.0,-67.0,0.0,10
2025-05-07,FALSE_TREND,11:41:00,11:48:00,TREND_LONG,EXIT_FLAT,long,41176.0,41104.0,-144.0,7,131,1.4669367960720783,8.333349609375,39.803003975546744,155.97731883053348,4,4,21.357142857142858,20.4,54.0,1.0,-72.0,0.0,11
2025-05-07,TRUE_TREND,12:01:00,12:51:00,TREND_LONG,CHOP_TP,long,41194.0,41225.0,62.0,50,151,-0.06211119744635783,-0.9764336688701922,106.74077035757364,168.96745743453357,8,0,19.214285714285715,19.866666666666667,17.0,36.0,-54.0,0.0,12
2025-05-07,TRUE_TREND,12:52:00,12:56:00,TREND_LONG,PARTIAL_TP,long,41246.0,41301.0,55.0,4,202,-2.333074951171875,1.1024933282691813,76.64541364730394,223.94231101938203,3,1,16.857142857142858,16.466666666666665,23.0,55.0,0.0,0.0,12
2025-05-07,TRUE_TREND,14:06:00,14:08:00,TREND_SHORT,PARTIAL_TP,short,41012.0,40943.0,69.0,2,276,-17.001287841796874,-23.001139322916664,2.00128784179833,342.9738673212705,2,2,49.642857142857146,47.4,-163.0,69.0,0.0,0.0,14
2025-05-07,FALSE_TREND,15:43:00,15:44:00,TREND_LONG,EARLY_HARD_STOP,long,41313.0,41252.0,-122.0,1,373,1.3465940830368717,-4.999659523003341,271.7454341454213,465.9531585136574,6,2,54.785714285714285,52.4,236.0,0.0,-61.0,0.0,15
2025-05-08,FALSE_TREND,10:11:00,10:21:00,TREND_SHORT,EXIT_FLAT,short,41289.0,41377.0,-176.0,10,41,-1.3228889908063426,2.0,97.09399908274645,188.9737679070895,1,6,27.285714285714285,26.533333333333335,-104.0,17.0,-88.0,0.0,10
2025-05-08,FALSE_TREND,10:33:00,10:36:00,TREND_LONG,EARLY_HARD_STOP,long,41479.0,41417.0,-124.0,3,63,6.400426136363636,9.692031893887362,31.688446514424868,225.98622817870637,8,0,26.428571428571427,26.666666666666668,58.0,0.0,-62.0,0.0,10
2025-05-08,TRUE_TREND,11:23:00,11:25:00,TREND_LONG,PARTIAL_TP,long,41542.0,41594.0,52.0,2,113,-8.0,10.11406703105922,50.94679344093311,308.98163764489436,8,0,28.928571428571427,28.0,91.0,52.0,0.0,0.0,11
2025-05-08,TRUE_TREND,12:43:00,13:00:00,TREND_LONG,CHOP_TP,long,41837.0,41848.0,22.0,17,193,-0.4998511010473901,1.323354416036713,47.47898803023418,597.9291735690058,4,1,16.571428571428573,16.066666666666666,33.0,30.0,-10.0,0.0,12
2025-05-09,FALSE_TREND,09:52:00,09:54:00,TREND_SHORT,EARLY_HARD_STOP,short,41470.0,41517.0,-94.0,2,22,-7.15318590101305,0.0,20.855397385814285,127.99442035421089,0,4,26.285714285714285,27.4,-41.0,0.0,-47.0,0.0,9
2025-05-09,TRUE_TREND,10:20:00,10:26:00,TREND_SHORT,PARTIAL_TP,short,41460.0,41403.0,57.0,6,50,-0.6448938637489703,-4.500348772321429,70.9144577225452,149.9832610626254,0,6,25.285714285714285,24.933333333333334,-51.0,57.0,-17.0,0.0,10
2025-05-09,FALSE_TREND,12:11:00,12:14:00,TREND_SHORT,EARLY_HARD_STOP,short,41305.0,41348.0,-86.0,3,161,1.3997729897710551,-3.3756539825663476,86.19591381587816,305.9390222944712,0,6,23.285714285714285,22.333333333333332,-56.0,0.0,-43.0,0.0,12
2025-05-09,FALSE_TREND,12:48:00,13:10:00,TREND_SHORT,EXIT_FLAT,short,41233.0,41303.0,-140.0,22,198,-1.737133658506016,6.999755859375001,70.62866341493645,362.92427601614327,0,6,19.857142857142858,19.2,-44.0,0.0,-70.0,0.0,12
2025-05-12,TRUE_TREND,10:26:00,10:30:00,TREND_SHORT,PARTIAL_TP,short,42284.0,42228.0,56.0,4,56,-1.499810131750871,0.3828591776253771,102.00607578397467,166.97702652410226,0,6,28.5,27.666666666666668,-28.0,56.0,-5.0,0.0,10
2025-05-12,FALSE_TREND,12:00:00,12:05:00,TREND_SHORT,EARLY_HARD_STOP,short,42183.0,42228.0,-90.0,5,150,-8.66650390625,-1.143022119541696,47.04878496575111,258.93846389156533,0,5,18.428571428571427,17.933333333333334,-41.0,0.0,-45.0,0.0,12
2025-05-12,FALSE_TREND,13:08:00,13:23:00,TREND_LONG,EXIT_FLAT,long,42448.0,42374.0,-148.0,15,218,2.5836936539225444,2.9088217708388004,117.53226677110797,281.97210362167243,9,0,17.0,15.8,59.0,2.0,-74.0,0.0,13
2025-05-13,TRUE_TREND,10:13:00,10:17:00,TREND_LONG,PARTIAL_TP,long,42394.0,42460.0,66.0,4,43,1.0662999770220587,1.4543137122844827,46.827853523544036,123.98818097959884,5,2,22.928571428571427,22.6,51.0,66.0,0.0,0.0,10
2025-05-13,FALSE_TREND,12:34:00,13:18:00,TREND_SHORT,EXIT_FLAT,short,42282.0,42345.0,-126.0,44,184,0.47810352837068215,-0.21980980427259536,142.29447955224168,200.95848188314994,2,1,15.785714285714286,16.0,-20.0,0.0,-63.0,0.0,12
2025-05-13,TRUE_TREND,15:53:00,15:56:00,TREND_SHORT,PARTIAL_TP,short,42298.0,42246.0,52.0,3,383,-0.253915928213261,-1.2304210546398044,74.20690670129261,206.89817457000754,0,8,19.357142857142858,18.133333333333333,-41.0,52.0,0.0,0.0,15
2025-05-14,TRUE_TREND,11:02:00,11:04:00,TREND_SHORT,PARTIAL_TP,short,42175.0,42123.0,52.0,2,92,0.9262987538648645,-0.10222217336663643,143.56229653554328,165.96844364780554,0,6,19.571428571428573,18.6,-59.0,52.0,0.0,0.0,11
2025-05-14,FALSE_TREND,13:16:00,14:06:00,TREND_SHORT,EXIT_FLAT,short,42086.0,42147.0,-122.0,50,226,0.043402405124617634,-0.3606024441979406,17.303816835876205,262.9224811110762,2,4,16.928571428571427,16.533333333333335,-53.0,48.0,-61.0,0.0,13
2025-05-15,FALSE_TREND,10:01:00,10:13:00,TREND_LONG,EXIT_FLAT,long,42050.0,41989.0,-122.0,12,31,-1.1336215905975875,6.332736351376488,59.408770522495615,141.98241911215155,8,1,27.785714285714285,28.066666666666666,74.0,3.0,-61.0,0.0,10
2025-05-15,TRUE_TREND,10:59:00,11:07:00,TREND_LONG,PARTIAL_TP,long,42063.0,42126.0,63.0,8,89,1.8669936236213234,0.48628109056122454,50.35669164540741,151.94952575224306,5,1,16.142857142857142,16.266666666666666,40.0,63.0,-4.0,0.0,10
2025-05-15,TRUE_TREND,11:44:00,13:02:00,TREND_LONG,PARTIAL_TP,long,42280.0,42331.0,51.0,78,134,-0.3808583066262881,7.500034877232143,26.499895368302532,378.92400512393215,7,1,17.071428571428573,16.866666666666667,60.0,51.0,-52.0,0.0,11
2025-05-16,FALSE_TREND,09:59:00,10:00:00,TREND_LONG,EARLY_HARD_STOP,long,42460.0,42417.0,-86.0,1,29,3.304555522531703,2.5093529607689766,8.378411509998841,128.9875816377753,7,0,19.714285714285715,19.533333333333335,65.0,0.0,-43.0,0.0,9
2025-05-16,FALSE_TREND,10:21:00,10:41:00,TREND_LONG,EXIT_FLAT,long,42465.0,42403.0,-124.0,20,51,0.00012513528138520004,9.399130394345237,12.605217633928987,135.97746302652376,5,1,21.428571428571427,21.866666666666667,30.0,17.0,-62.0,0.0,10
2025-05-16,TRUE_TREND,12:16:00,12:40:00,TREND_LONG,PARTIAL_TP,long,42526.0,42586.0,60.0,24,166,1.0,0.7236696917395251,88.4223883599625,196.92457029638172,6,0,12.428571428571429,11.8,39.0,60.0,-28.0,0.0,12
2025-05-16,TRUE_TREND,14:30:00,14:54:00,TREND_LONG,CHOP_TP,long,42708.0,42724.0,32.0,24,300,-1.3332275390625,1.5749764792728103,53.75352810907498,377.86293863593164,4,0,11.071428571428571,10.466666666666667,33.0,35.0,-21.0,0.0,14
2025-05-16,FALSE_TREND,15:05:00,16:00:00,TREND_LONG,SESSION_EXIT,long,42748.0,42713.0,-70.0,55,335,-0.23523789025787123,1.6368479943272722,35.18312104945653,419.84684084179753,3,4,11.857142857142858,11.8,31.0,11.0,-58.0,0.0,15
2025-05-19,TRUE_TREND,09:55:00,10:06:00,TREND_LONG,PARTIAL_TP,long,42681.0,42773.0,92.0,11,25,-0.49990234374999964,7.0000732421875,13.999926757816866,241.986893807858,5,0,25.071428571428573,25.266666666666666,29.0,92.0,-8.0,0.0,9
2025-05-19,TRUE_TREND,12:35:00,13:03:00,TREND_LONG,PARTIAL_TP,long,42839.0,42896.0,57.0,28,185,-0.5999720982142858,0.9767634740696137,138.88215860036144,403.90301365086634,4,0,14.142857142857142,13.933333333333334,23.0,57.0,-25.0,0.0,12
2025-05-20,TRUE_TREND,14:21:00,14:54:00,TREND_SHORT,CHOP_TP,short,42664.0,42631.0,66.0,33,291,0.09093547884246708,0.08528828143936744,104.91328469770087,246.89798548798717,1,6,17.928571428571427,17.0,-72.0,49.0,-39.0,0.0,14
2025-05-21,FALSE_TREND,09:54:00,09:58:00,TREND_LONG,EARLY_HARD_STOP,long,42472.0,42426.0,-92.0,4,24,-0.19034487241274348,0.42852072895437043,87.71550250509608,114.98339555196435,8,0,21.428571428571427,22.466666666666665,49.0,0.0,-46.0,0.0,9
2025-05-21,TRUE_TREND,13:15:00,13:17:00,TREND_SHORT,PARTIAL_TP,short,42277.0,42198.0,79.0,2,225,-13.665251232328869,-1.2287585107369947,98.0162660818969,250.8657801801528,1,7,26.857142857142858,25.8,-65.0,79.0,0.0,0.0,13
2025-05-21,FALSE_TREND,13:29:00,13:31:00,TREND_SHORT,EARLY_HARD_STOP,short,41966.0,42035.0,-138.0,2,239,-22.07542801118718,2.9998779296875,28.944007843376312,564.8560942424738,0,7,53.357142857142854,52.0,-74.0,25.0,-69.0,0.0,13
2025-05-21,FALSE_TREND,15:10:00,15:13:00,TREND_SHORT,EARLY_HARD_STOP,short,41908.0,41953.0,-90.0,3,340,-1.5414105751019815,-1.4788505188925587,18.01509438690846,615.7862168472275,4,5,27.785714285714285,27.2,-109.0,12.0,-45.0,0.0,15
2025-05-21,FALSE_TREND,15:26:00,15:27:00,TREND_SHORT,EARLY_HARD_STOP,short,41870.0,41912.0,-84.0,1,356,-3.726956881009616,0.23023185310783004,53.73390549880423,652.7751472538657,0,7,27.5,27.666666666666668,-42.0,0.0,-42.0,0.0,15
2025-05-22,FALSE_TREND,09:53:00,10:24:00,TREND_LONG,EXIT_FLAT,long,41964.0,41874.0,-180.0,31,23,-0.9994056338355655,-4.999681877367425,113.99904563210293,148.9905644198152,3,4,36.857142857142854,35.4,97.0,47.0,-90.0,0.0,9
2025-05-22,FALSE_TREND,10:37:00,10:42:00,TREND_SHORT,EARLY_HARD_STOP,short,41837.0,41877.0,-80.0,5,67,-2.1669894748263885,-0.48871267212216496,16.07804287066392,195.98810300298646,1,4,28.714285714285715,28.666666666666668,-4.0,9.0,-40.0,0.0,10
2025-05-22,FALSE_TREND,10:56:00,10:58:00,TREND_SHORT,EARLY_HARD_STOP,short,41814.0,41855.0,-82.0,2,86,-0.2220420231894841,0.31272977941176466,67.78649982128263,215.98030845905305,0,5,25.357142857142858,25.666666666666668,-51.0,4.0,-41.0,0.0,10
2025-05-22,TRUE_TREND,12:02:00,12:15:00,TREND_LONG,PARTIAL_TP,long,42033.0,42085.0,52.0,13,152,-2.9998779296875,2.6060546875,56.6064453125,246.97333436446934,6,0,19.142857142857142,18.533333333333335,54.0,52.0,-24.0,0.0,12
2025-05-22,FALSE_TREND,13:55:00,14:40:00,TREND_LONG,EXIT_FLAT,long,42124.0,42058.0,-132.0,45,265,2.0002938022315075,-0.41255555695231216,166.56235584276874,327.926977187999,2,1,15.714285714285714,14.8,34.0,17.0,-66.0,0.0,13
2025-05-23,TRUE_TREND,10:02:00,10:12:00,TREND_LONG,PARTIAL_TP,long,41601.0,41658.0,57.0,10,32,-0.8569248744419643,0.9089536562070741,74.36569515689189,195.98487667350855,3,3,37.857142857142854,38.46666666666667,78.0,57.0,-5.0,0.0,10
2025-05-23,TRUE_TREND,13:12:00,13:27:00,TREND_LONG,PARTIAL_TP,long,41737.0,41789.0,52.0,15,222,1.260946193611741,0.5360703505478894,3.926380667151534,335.89508165010193,6,0,19.214285714285715,17.866666666666667,40.0,52.0,-7.0,0.0,13
2025-05-23,FALSE_TREND,13:51:00,14:22:00,TREND_LONG,EXIT_FLAT,long,41814.0,41749.0,-130.0,31,261,-0.70011361522592,0.9997210730981804,68.0128715267856,412.87665005879535,8,1,18.571428571428573,18.2,35.0,38.0,-65.0,0.0,13
2025-05-26,TRUE_TREND,10:05:00,10:57:00,TREND_SHORT,PARTIAL_TP,short,42088.0,42035.0,53.0,52,35,-3.8496964623917744,0.029304671087184903,9.803642451297492,82.99578455395385,0,5,9.214285714285714,8.2,-18.0,53.0,-12.0,0.0,10
2025-05-27,TRUE_TREND,10:19:00,10:39:00,TREND_LONG,PARTIAL_TP,long,42116.0,42167.0,51.0,20,49,0.49176921672649215,1.9599967768626845,41.80001678662666,175.97615829343704,7,3,19.142857142857142,18.8,61.0,51.0,0.0,0.0,10
2025-05-27,TRUE_TREND,12:02:00,12:39:00,TREND_LONG,PARTIAL_TP,long,42297.0,42361.0,64.0,37,152,-1.0,1.816968501739686,47.160157770362275,358.919049085016,5,0,12.285714285714286,12.266666666666667,22.0,64.0,-6.0,0.0,12
2025-05-27,TRUE_TREND,14:00:00,16:00:00,TREND_LONG,SESSION_EXIT,long,42402.0,42414.0,24.0,120,270,4.0,0.15392483018867278,82.45972890565463,458.8536230476093,5,0,10.285714285714286,10.2,36.0,17.0,-48.0,0.0,14
2025-05-28,TRUE_TREND,09:53:00,10:37:00,TREND_SHORT,PARTIAL_TP,short,42393.0,42326.0,67.0,44,23,-10.399962652297248,0.9086947836894763,39.60022408621444,121.99428684008308,2,9,21.714285714285715,22.466666666666665,-63.0,67.0,-39.0,0.0,9
2025-05-28,FALSE_TREND,11:33:00,12:36:00,TREND_SHORT,EXIT_FLAT,short,42250.0,42314.0,-128.0,63,123,-2.1124824700549043,3.0001220703125,32.85201530438644,270.9503394617859,0,9,12.928571428571429,13.133333333333333,-8.0,17.0,-64.0,0.0,11
2025-05-29,FALSE_TREND,09:54:00,09:56:00,TREND_LONG,EARLY_HARD_STOP,long,42290.0,42211.0,-158.0,2,24,-0.6360699728260869,22.9987060546875,24.00517578124709,123.99808618757379,5,3,30.285714285714285,29.666666666666668,97.0,0.0,-79.0,0.0,9
2025-05-29,FALSE_TREND,10:07:00,10:15:00,TREND_SHORT,EXIT_FLAT,short,42134.0,42211.0,-154.0,8,37,-18.3005859375,-2.1112600615530304,6.901757812498545,171.99425856272137,3,3,32.5,31.933333333333334,-115.0,8.0,-77.0,0.0,10
2025-05-29,TRUE_TREND,11:33:00,11:56:00,TREND_SHORT,CHOP_TP,short,42102.0,42068.0,68.0,23,123,-0.3664939057771939,-0.749977257730015,92.64978232691647,197.95311171589856,6,3,24.928571428571427,24.6,-113.0,34.0,-29.0,0.0,11
2025-05-29,TRUE_TREND,11:57:00,12:00:00,TREND_SHORT,PARTIAL_TP,short,41974.0,41891.0,83.0,3,147,-0.6141974602747968,0.42832583472842267,142.8024711123071,324.9416288413486,3,3,28.285714285714285,27.133333333333333,-149.0,83.0,0.0,0.0,11
2025-05-30,TRUE_TREND,10:01:00,10:12:00,TREND_LONG,PARTIAL_TP,long,42266.0,42329.0,63.0,11,31,0.0001127697172619821,1.9001719808343598,89.8984521724924,164.98522068059538,8,1,31.357142857142858,30.2,39.0,63.0,-14.0,0.0,10
2025-05-30,TRUE_TREND,12:28:00,12:31:00,TREND_SHORT,PARTIAL_TP,short,42084.0,42028.0,56.0,3,178,-0.6452432867321896,-0.878039381432113,93.6278626706553,302.93119945781655,2,4,29.714285714285715,28.133333333333333,-93.0,56.0,0.0,0.0,12
2025-06-02,TRUE_TREND,09:50:00,09:52:00,TREND_SHORT,PARTIAL_TP,short,42099.0,42032.0,67.0,2,20,-2.500487742704504,-0.00012207031249974624,63.49756128648005,136.99139369076147,2,2,29.142857142857142,28.933333333333334,-78.0,67.0,0.0,0.0,9
2025-06-02,TRUE_TREND,14:15:00,14:22:00,TREND_LONG,PARTIAL_TP,long,42225.0,42291.0,66.0,7,285,0.07275681018485651,5.736853608630951,14.606734868561034,335.86337524666305,6,1,17.714285714285715,17.933333333333334,61.0,66.0,0.0,0.0,14
2025-06-03,FALSE_TREND,09:58:00,10:26:00,TREND_SHORT,EXIT_FLAT,short,42301.0,42367.0,-132.0,28,28,-3.9996868631114126,0.5767494205836072,135.99749490489194,128.99056739628577,1,7,18.642857142857142,19.266666666666666,-41.0,28.0,-66.0,0.0,9
2025-06-03,TRUE_TREND,11:58:00,12:52:00,TREND_LONG,CHOP_TP,long,42534.0,42553.0,38.0,54,148,-1.199755859375,1.8245370376576426,31.52638888702495,296.95283690955694,1,3,14.5,13.8,24.0,38.0,-36.0,0.0,11
2025-06-03,TRUE_TREND,13:05:00,13:43:00,TREND_LONG,CHOP_TP,long,42585.0,42612.0,54.0,38,215,-0.2857009361530173,1.3402100030498265,29.566399512026692,347.9241103600434,4,1,11.214285714285714,10.8,29.0,41.0,-6.0,0.0,13
2025-06-04,TRUE_TREND,15:40:00,15:59:00,TREND_SHORT,PARTIAL_TP,short,42536.0,42485.0,51.0,19,370,-0.16845539068887785,-1.4754006580405886e-05,106.17493884231953,178.89843572993414,1,5,11.071428571428571,10.866666666666667,-29.0,51.0,-20.0,0.0,15
2025-06-05,FALSE_TREND,09:55:00,10:23:00,TREND_SHORT,EXIT_FLAT,short,42344.0,42419.0,-150.0,28,25,-12.000244140625,0.6664062499999998,12.999755859375,253.9891837373434,0,2,30.928571428571427,30.333333333333332,-63.0,39.0,-75.0,0.0,9
2025-06-05,TRUE_TREND,15:19:00,15:35:00,TREND_LONG,PARTIAL_TP,long,42315.0,42371.0,56.0,16,349,-44.6640625,-0.786634831556143,100.8390646182961,394.9164979880952,1,10,32.142857142857146,31.2,-148.0,56.0,-32.0,0.0,15
2025-06-06,TRUE_TREND,11:18:00,12:53:00,TREND_SHORT,PARTIAL_TP,short,42718.0,42667.0,51.0,95,108,-0.8637325993483798,-1.2665423064348846,37.24192426033551,270.9635695004399,0,8,24.357142857142858,23.733333333333334,-114.0,51.0,-57.0,0.0,11
2025-06-09,TRUE_TREND,10:03:00,10:46:00,TREND_SHORT,PARTIAL_TP,short,42662.0,42606.0,56.0,43,33,-3.9997035435267856,3.0000854492187496,24.005296107701724,176.98790908634692,2,4,21.071428571428573,20.866666666666667,-32.0,56.0,-54.0,0.0,10
2025-06-09,TRUE_TREND,12:50:00,13:25:00,TREND_LONG,PARTIAL_TP,long,42830.0,42891.0,61.0,35,200,0.36675339472622015,1.1892942328018232,16.76106354487274,233.9549339789737,6,1,10.357142857142858,9.933333333333334,6.0,61.0,-1.0,0.0,12
2025-06-09,FALSE_TREND,14:12:00,15:30:00,TREND_LONG,EXIT_FLAT,long,42924.0,42859.0,-130.0,78,282,-0.3124425551470588,1.330468719650862,24.352347482941695,327.9248898830556,3,4,10.214285714285714,9.266666666666667,30.0,3.0,-65.0,0.0,14
2025-06-10,FALSE_TREND,11:32:00,12:22:00,TREND_SHORT,EXIT_FLAT,short,42790.0,42860.0,-140.0,50,122,-0.2580101486914995,0.5237093494141728,47.195614349722746,113.98732444751658,2,2,16.214285714285715,15.466666666666667,-62.0,5.0,-70.0,0.0,11
2025-06-10,TRUE_TREND,12:24:00,12:47:00,TREND_LONG,CHOP_TP,long,42867.0,42898.0,62.0,23,174,1.4082044204400508,2.1249119694452294,21.392029793591064,134.98653221165296,4,1,8.214285714285714,7.2,25.0,31.0,-8.0,0.0,12
2025-06-10,TRUE_TREND,12:51:00,13:13:00,TREND_LONG,PARTIAL_TP,long,42911.0,42962.0,51.0,22,201,-0.66666259765625,1.9858171165884153,11.106264906105935,176.97940222168108,6,1,8.785714285714286,9.0,18.0,51.0,-21.0,0.0,12
2025-06-11,TRUE_TREND,09:52:00,10:16:00,TREND_LONG,PARTIAL_TP,long,42946.0,42998.0,52.0,24,22,2.272735060307018,14.0,31.0,116.99282711887645,6,2,27.214285714285715,26.733333333333334,62.0,52.0,-19.0,0.0,9
2025-06-11,TRUE_TREND,10:45:00,11:04:00,TREND_LONG,CHOP_TP,long,43061.0,43087.0,52.0,19,75,-0.20004918085655318,0.42844846220355726,35.54652144388092,228.97046456968383,2,0,17.214285714285715,17.2,26.0,29.0,-5.0,0.0,10
2025-06-11,FALSE_TREND,13:09:00,13:57:00,TREND_LONG,EXIT_FLAT,long,43113.0,43045.0,-136.0,48,219,-1.749951171875,-0.4857137814651465,185.11425445084024,277.90970610961085,4,1,15.0,14.133333333333333,17.0,37.0,-68.0,0.0,13
2025-06-11,FALSE_TREND,14:15:00,14:32:00,TREND_SHORT,EXIT_FLAT,short,42835.0,42896.0,-122.0,17,285,-4.882656982938028,-12.795760216346155,54.793782687607745,345.9814349208755,3,4,36.57142857142857,36.733333333333334,-84.0,41.0,-61.0,0.0,14
2025-06-12,TRUE_TREND,10:03:00,10:17:00,TREND_LONG,PARTIAL_TP,long,42778.0,42860.0,82.0,14,33,0.5003363715277777,3.2723712523370723,45.91834743923391,145.9897391141203,4,1,25.928571428571427,25.333333333333332,46.0,82.0,-11.0,0.0,10
2025-06-12,TRUE_TREND,12:39:00,13:25:00,TREND_LONG,CHOP_TP,long,42942.0,42962.0,40.0,46,189,2.500550426136363,0.703843099063842,64.36925520748628,312.9281737326819,4,2,23.214285714285715,21.933333333333334,40.0,33.0,-40.0,0.0,12
2025-06-12,FALSE_TREND,15:59:00,16:00:00,TREND_LONG,SESSION_EXIT,long,42998.0,42980.0,-36.0,1,389,-0.1273768917143712,8.999218749999999,23.00963529429282,364.84924385147315,6,1,19.142857142857142,18.866666666666667,58.0,0.0,-18.0,0.0,15
2025-06-13,TRUE_TREND,09:54:00,10:10:00,TREND_SHORT,PARTIAL_TP,short,42386.0,42328.0,58.0,16,24,-9.499552408854164,1.0000000000000002,29.5013427734375,218.9876733019628,0,6,32.57142857142857,33.0,-17.0,58.0,-20.0,0.0,9
2025-06-13,FALSE_TREND,10:28:00,10:39:00,TREND_SHORT,EXIT_FLAT,short,42283.0,42351.0,-136.0,11,58,-3.4994776463770605,0.16666085379464235,60.005223536230915,323.96862292484,0,4,29.0,28.933333333333334,-84.0,11.0,-68.0,0.0,10
2025-06-13,FALSE_TREND,11:47:00,12:27:00,TREND_LONG,EXIT_FLAT,long,42608.0,42544.0,-128.0,40,137,2.338171204705481,7.99951171875,180.3492668500694,351.95741688695125,5,2,20.214285714285715,19.666666666666668,53.0,14.0,-64.0,0.0,11
2025-06-13,TRUE_TREND,14:15:00,14:27:00,TREND_SHORT,PARTIAL_TP,short,42259.0,42189.0,70.0,12,285,-3.99990419330019,-1.4297098228447478,186.9990419329988,390.919876321881,0,5,28.214285714285715,27.333333333333332,-42.0,70.0,-19.0,0.0,14
2025-06-16,TRUE_TREND,09:53:00,10:02:00,TREND_LONG,PARTIAL_TP,long,42614.0,42668.0,54.0,9,23,-3.99970703125,5.678921568627451,59.88970588235679,211.99161779812857,5,1,30.5,29.333333333333332,59.0,54.0,0.0,0.0,9
2025-06-17,TRUE_TREND,10:00:00,10:12:00,TREND_LONG,PARTIAL_TP,long,42441.0,42493.0,52.0,12,30,-0.0999286358173077,2.444364407975361,37.001440656444174,117.98675731253024,4,1,21.642857142857142,20.933333333333334,29.0,52.0,-18.0,0.0,10
2025-06-17,TRUE_TREND,14:01:00,14:39:00,TREND_SHORT,PARTIAL_TP,short,42236.0,42186.0,50.0,38,271,-4.3119873046875,3.2494140625,46.76025390625,346.9262823706231,5,2,22.285714285714285,21.6,-58.0,50.0,-30.0,0.0,14
2025-06-18,TRUE_TREND,09:52:00,10:08:00,TREND_LONG,PARTIAL_TP,long,42311.0,42371.0,60.0,16,22,-2.0,3.1671897194602274,44.49529252485809,133.9904387698698,8,0,18.142857142857142,17.666666666666668,39.0,60.0,0.0,0.0,9
2025-06-18,FALSE_TREND,14:57:00,15:13:00,TREND_SHORT,EXIT_FLAT,short,42205.0,42262.0,-114.0,16,327,0.9030906561452829,-0.7026078944596302,114.41897799645085,348.89091498673224,0,8,31.642857142857142,29.533333333333335,-116.0,36.0,-57.0,0.0,14
2025-06-18,FALSE_TREND,15:28:00,15:31:00,TREND_SHORT,EARLY_HARD_STOP,short,42149.0,42191.0,-84.0,3,358,1.4444777899580041,-1.082739526098901,99.2301148558472,382.87744227473013,4,2,25.142857142857142,23.4,-125.0,9.0,-42.0,0.0,15
2025-06-23,TRUE_TREND,09:53:00,10:02:00,TREND_LONG,PARTIAL_TP,long,42634.0,42685.0,51.0,9,23,-3.999999999999999,6.6253472222222225,32.374652777776646,203.9865721307433,6,1,25.428571428571427,25.933333333333334,48.0,51.0,-14.0,0.0,9
2025-06-23,TRUE_TREND,12:30:00,12:34:00,TREND_SHORT,PARTIAL_TP,short,42438.0,42373.0,65.0,4,180,-0.5161984413793926,-1.3112284472697946,72.89445899596467,328.91271913121454,0,8,20.785714285714285,20.133333333333333,-33.0,65.0,0.0,0.0,12
2025-06-23,TRUE_TREND,13:30:00,13:37:00,TREND_LONG,PARTIAL_TP,long,42750.0,42802.0,52.0,7,240,9.642988072359625,9.637072993259803,252.82243795955583,481.96441628716275,7,1,28.214285714285715,27.933333333333334,89.0,52.0,0.0,0.0,13
2025-06-23,FALSE_TREND,15:57:00,16:00:00,TREND_LONG,SESSION_EXIT,long,42915.0,42887.0,-56.0,3,387,-1.9999999999999993,18.9993896484375,6.001220703125,634.8657217576474,8,1,22.785714285714285,22.266666666666666,43.0,5.0,-28.0,0.0,15
2025-06-24,TRUE_TREND,09:56:00,10:07:00,TREND_SHORT,CHOP_TP,short,43177.0,43155.0,44.0,11,26,-8.099853515624998,-2.4000488281250005,10.700439453125,140.99372460375162,0,7,22.714285714285715,22.466666666666665,-44.0,27.0,-4.0,0.0,9
2025-06-24,FALSE_TREND,10:08:00,10:10:00,TREND_SHORT,EARLY_HARD_STOP,short,43124.0,43172.0,-96.0,2,38,-3.7139246323529407,1.142668224516369,37.86328125,209.98834566048026,3,3,29.285714285714285,29.333333333333332,-51.0,0.0,-48.0,0.0,10
2025-06-24,TRUE_TREND,12:26:00,12:37:00,TREND_LONG,CHOP_TP,long,43372.0,43390.0,36.0,11,176,-0.06890969621193693,1.2058119648140386,21.094359061178693,277.9381423402301,4,1,11.0,10.6,26.0,36.0,-3.0,0.0,12
2025-06-24,TRUE_TREND,12:40:00,15:31:00,TREND_LONG,PARTIAL_TP,long,43418.0,43473.0,55.0,171,190,-0.9996446881975447,1.2058796683896327,55.20615349264699,322.93186694398173,3,2,14.571428571428571,15.266666666666667,25.0,55.0,-53.0,0.0,12
2025-06-26,TRUE_TREND,10:31:00,11:04:00,TREND_LONG,PARTIAL_TP,long,43575.0,43625.0,50.0,33,61,-0.42000768877262445,7.499738420758929,37.502215493317635,173.97687744448194,7,1,17.857142857142858,16.866666666666667,61.0,50.0,-23.0,0.0,10
2025-06-26,TRUE_TREND,12:11:00,12:30:00,TREND_LONG,CHOP_TP,long,43635.0,43652.0,34.0,19,161,-0.032866640020153236,0.9138188640250898,63.22624659054418,233.93897161264613,3,0,12.928571428571429,12.533333333333333,18.0,25.0,-12.0,0.0,12
2025-06-26,TRUE_TREND,12:34:00,14:13:00,TREND_LONG,CHOP_TP,long,43668.0,43686.0,36.0,99,184,0.00020345052083325932,0.9139664345364265,77.18436351026321,268.93025322620815,2,3,10.571428571428571,10.066666666666666,29.0,35.0,-35.0,0.0,12
2025-06-26,FALSE_TREND,14:23:00,14:49:00,TREND_LONG,EXIT_FLAT,long,43720.0,43658.0,-124.0,26,293,-1.1665039062499998,0.8386603182149572,47.56018394662533,316.88893587394705,4,0,10.642857142857142,10.266666666666667,22.0,0.0,-62.0,0.0,14
2025-06-26,FALSE_TREND,15:51:00,16:00:00,TREND_LONG,SESSION_EXIT,long,43726.0,43702.0,-48.0,9,381,-0.06982049295202425,0.29304974596243016,57.83547814420308,338.855578693634,5,3,13.214285714285714,12.733333333333333,60.0,19.0,-24.0,0.0,15
2025-06-27,TRUE_TREND,09:53:00,10:00:00,TREND_LONG,PARTIAL_TP,long,43940.0,43995.0,55.0,7,23,0.00020926339285721503,5.071226269696676,9.717927145458816,119.98870428087685,3,1,16.857142857142858,16.333333333333332,31.0,55.0,0.0,0.0,9
2025-06-30,TRUE_TREND,10:05:00,11:01:00,TREND_SHORT,PARTIAL_TP,short,44263.0,44206.0,57.0,56,35,-0.863495437237395,0.30766601562499996,68.77765969669417,103.9898706191525,0,7,19.428571428571427,20.4,-21.0,57.0,-24.0,0.0,10
2025-06-30,FALSE_TREND,11:48:00,11:59:00,TREND_LONG,EXIT_FLAT,long,44362.0,44302.0,-120.0,11,138,0.7841053875943043,3.606883290091158,56.206498702740646,169.9866871396589,2,3,12.928571428571429,12.733333333333333,18.0,2.0,-60.0,0.0,11
2025-06-30,FALSE_TREND,13:57:00,14:02:00,TREND_SHORT,EARLY_HARD_STOP,short,44226.0,44271.0,-90.0,5,267,-25.9996337890625,-1.258224476117892,35.999267578125,184.96295559710416,2,8,18.357142857142858,17.333333333333332,-32.0,0.0,-45.0,0.0,13
2025-06-30,TRUE_TREND,15:27:00,15:50:00,TREND_LONG,PARTIAL_TP,long,44360.0,44421.0,61.0,23,357,0.7692605488331521,1.0254245620574514,26.830470145359868,187.97395312464505,7,0,12.428571428571429,11.866666666666667,25.0,61.0,-40.0,0.0,15
2025-07-01,TRUE_TREND,10:13:00,10:26:00,TREND_LONG,PARTIAL_TP,long,44568.0,44628.0,60.0,13,43,2.500032194368132,3.908967741243132,6.183419363842404,266.97276430708735,7,0,23.214285714285715,22.666666666666668,62.0,60.0,-18.0,0.0,10
2025-07-01,TRUE_TREND,11:02:00,11:21:00,TREND_LONG,PARTIAL_TP,long,44697.0,44760.0,63.0,19,92,-0.06671024445564518,1.1601497042006346,48.919361179061525,401.941728326914,6,0,17.571428571428573,17.533333333333335,37.0,63.0,-15.0,0.0,11
2025-07-02,FALSE_TREND,11:25:00,12:19:00,TREND_LONG,EXIT_FLAT,long,44809.0,44748.0,-122.0,54,115,0.7318126259477851,1.3330812479543448,26.45389086839714,173.9833253264951,8,0,14.785714285714286,14.4,37.0,38.0,-61.0,0.0,11
2025-07-03,TRUE_TREND,09:51:00,10:10:00,TREND_LONG,CHOP_TP,long,45022.0,45056.0,68.0,19,21,-2.9999999999999996,8.74922340029762,11.486021205353609,197.99230578780407,6,0,23.214285714285715,23.8,26.0,48.0,-19.0,0.0,9
2025-07-03,TRUE_TREND,10:17:00,10:38:00,TREND_LONG,PARTIAL_TP,long,45077.0,45134.0,57.0,21,47,0.00010653409090908726,4.302197737394324,29.704364895558683,235.97911574485624,0,4,13.571428571428571,13.866666666666667,19.0,57.0,-14.0,0.0,10
2025-07-07,TRUE_TREND,10:08:00,10:22:00,TREND_SHORT,PARTIAL_TP,short,44951.0,44899.0,52.0,14,38,-0.8623615418916355,-1.0000476110016496,56.23822240196023,135.97463533208793,0,5,20.214285714285715,19.8,-25.0,52.0,-9.0,0.0,10
2025-07-07,TRUE_TREND,10:53:00,11:16:00,TREND_SHORT,PARTIAL_TP,short,44863.0,44811.0,52.0,23,83,-1.2104109221813724,0.19987936580882354,27.729195389089,228.94459805456427,2,5,14.928571428571429,14.4,-28.0,52.0,-16.0,0.0,10
2025-07-07,TRUE_TREND,11:39:00,11:50:00,TREND_SHORT,PARTIAL_TP,short,44775.0,44713.0,62.0,11,129,-2.071295783552879,1.8332083565848214,23.22132347169827,305.9138933093345,2,3,13.071428571428571,12.266666666666667,-24.0,62.0,0.0,0.0,11
2025-07-08,FALSE_TREND,10:05:00,10:34:00,TREND_SHORT,EXIT_FLAT,short,44553.0,44633.0,-160.0,29,35,-6.400677849264706,-8.143036566840278,13.804744944849517,158.99542790948908,2,7,21.428571428571427,21.0,-67.0,36.0,-80.0,0.0,10
2025-07-08,TRUE_TREND,10:45:00,10:53:00,TREND_SHORT,PARTIAL_TP,short,44544.0,44493.0,51.0,8,75,-1.2198792374254601,-6.571736653645833,31.466883466746367,202.98467002294637,1,5,23.428571428571427,23.4,-88.0,51.0,-12.0,0.0,10
2025-07-09,TRUE_TREND,10:27:00,10:30:00,TREND_SHORT,PARTIAL_TP,short,44673.0,44612.0,61.0,3,57,-2.8332769037603027,-0.31437083436318775,8.667230962397298,187.98633535578847,0,5,18.285714285714285,18.733333333333334,-42.0,61.0,0.0,0.0,10
2025-07-10,TRUE_TREND,09:51:00,10:06:00,TREND_LONG,PARTIAL_TP,long,44730.0,44791.0,61.0,15,21,-1.0,9.625716145833334,3.748567708331393,116.99555656236771,9,0,23.285714285714285,23.066666666666666,28.0,61.0,-4.0,0.0,9
2025-07-10,TRUE_TREND,10:36:00,10:44:00,TREND_LONG,PARTIAL_TP,long,44871.0,44924.0,53.0,8,66,-9.999755859375,2.038719608937325,51.65152351956203,245.97556094404717,6,1,17.0,16.6,30.0,53.0,-1.0,0.0,10
2025-07-10,TRUE_TREND,11:00:00,11:14:00,TREND_LONG,PARTIAL_TP,long,44939.0,44989.0,50.0,14,90,-0.18175223214285716,3.2172699028117697,26.830093207216123,314.96489667883,3,2,12.357142857142858,12.533333333333333,23.0,50.0,0.0,0.0,11
2025-07-10,FALSE_TREND,14:26:00,14:50:00,TREND_LONG,EXIT_FLAT,long,45040.0,44975.0,-130.0,24,296,-0.0665732106854839,0.6521190548430713,29.874118448024092,415.873361357073,6,0,8.0,8.066666666666666,18.0,0.0,-65.0,0.0,14
2025-07-11,FALSE_TREND,10:22:00,11:06:00,TREND_LONG,EXIT_FLAT,long,44670.0,44608.0,-124.0,44,52,0.47937480070153055,2.3807774697580646,6.195898437501455,182.99239447437867,7,0,19.357142857142858,19.133333333333333,25.0,9.0,-62.0,0.0,10
2025-07-14,FALSE_TREND,09:51:00,09:53:00,TREND_LONG,EARLY_HARD_STOP,long,44672.0,44630.0,-84.0,2,21,-2.99993896484375,6.992819558050401,189.92101513855596,196.99479645705287,8,1,25.785714285714285,24.533333333333335,41.0,0.0,-42.0,0.0,9
2025-07-15,TRUE_TREND,10:04:00,10:31:00,TREND_SHORT,PARTIAL_TP,short,44517.0,44453.0,64.0,27,34,-5.483170003135882,0.610998790187394,49.53855989965086,242.98125954799616,1,5,25.5,26.666666666666668,-22.0,64.0,-50.0,0.0,10
2025-07-15,TRUE_TREND,12:37:00,14:57:00,TREND_SHORT,PARTIAL_TP,short,44344.0,44286.0,58.0,140,187,-1.6340235958483313,-1.8089155571312425,17.62363656582602,401.89165651332587,3,3,16.142857142857142,15.333333333333334,-44.0,58.0,-43.0,0.0,12
2025-07-15,TRUE_TREND,15:57:00,16:00:00,TREND_SHORT,SESSION_EXIT,short,44257.0,44247.0,20.0,3,387,-0.49376699910726074,0.018047115302460694,76.54578422139457,487.7745284673874,3,6,22.714285714285715,22.066666666666666,-36.0,15.0,-2.0,0.0,15
2025-07-16,FALSE_TREND,09:50:00,09:51:00,TREND_SHORT,EARLY_HARD_STOP,short,44269.0,44313.0,-88.0,1,20,-15.299189897017044,1.0,2.7089111328095896,192.99412601565564,0,7,31.214285714285715,30.266666666666666,-66.0,0.0,-44.0,0.0,9
2025-07-16,FALSE_TREND,10:07:00,10:09:00,TREND_SHORT,EARLY_HARD_STOP,short,44258.0,44298.0,-80.0,2,37,-5.517844514893781,1.4665057014016543,39.50035358297464,211.98504809681617,0,3,24.928571428571427,24.866666666666667,-37.0,0.0,-40.0,0.0,10
2025-07-16,FALSE_TREND,11:19:00,11:23:00,TREND_SHORT,EARLY_HARD_STOP,short,44103.0,44146.0,-86.0,4,109,0.6285557111867456,19.99951171875,255.3424484908537,359.9466005248105,3,3,35.5,34.46666666666667,-257.0,30.0,-43.0,0.0,11
2025-07-16,FALSE_TREND,11:35:00,11:42:00,TREND_SHORT,EXIT_FLAT,short,44034.0,44120.0,-172.0,7,125,-0.4762855928605174,0.24933330829326916,303.9980025499317,428.93805658014026,4,3,46.142857142857146,45.8,-107.0,37.0,-86.0,0.0,11
2025-07-18,TRUE_TREND,09:50:00,10:05:00,TREND_SHORT,PARTIAL_TP,short,44605.0,44555.0,50.0,15,20,-4.979296874999999,1.5,20.20703125,196.99195107401465,0,5,23.357142857142858,23.133333333333333,-23.0,50.0,-43.0,0.0,9
2025-07-18,FALSE_TREND,12:26:00,13:41:00,TREND_SHORT,EXIT_FLAT,short,44440.0,44501.0,-122.0,75,176,-0.19511531516287947,3.499348958333332,92.53731533208338,372.92916965374025,1,7,21.0,20.0,-37.0,11.0,-61.0,0.0,12
2025-07-21,TRUE_TREND,09:56:00,11:09:00,TREND_LONG,PARTIAL_TP,long,44687.0,44748.0,61.0,73,26,-0.30403454766757254,1.875423892513736,82.62288053743396,124.99579430356243,4,2,22.571428571428573,22.133333333333333,82.0,61.0,-51.0,0.0,9
2025-07-21,FALSE_TREND,13:02:00,14:31:00,TREND_LONG,EXIT_FLAT,long,44811.0,44747.0,-128.0,89,212,-0.07884634407883324,-0.07137298214879656,56.12213001582131,251.93562048886815,4,2,8.857142857142858,8.733333333333333,23.0,0.0,-64.0,0.0,13
2025-07-21,FALSE_TREND,15:44:00,16:00:00,TREND_SHORT,SESSION_EXIT,short,44565.0,44568.0,-6.0,16,374,-1.0715218271857725,-0.9493564719852574,72.48244019640697,255.9475905187428,0,6,15.142857142857142,14.6,-40.0,39.0,-16.0,0.0,15
2025-07-22,FALSE_TREND,13:28:00,13:57:00,TREND_LONG,EXIT_FLAT,long,44679.0,44617.0,-124.0,29,238,-0.11407794485245991,0.29178441978848074,134.77906708263617,197.92949703909107,4,1,14.357142857142858,13.533333333333333,48.0,0.0,-62.0,0.0,13
2025-07-22,TRUE_TREND,14:39:00,15:45:00,TREND_LONG,PARTIAL_TP,long,44685.0,44743.0,58.0,66,309,-0.07252944751844395,2.416285765016234,45.33506026094983,201.9084646782503,9,1,10.214285714285714,10.6,36.0,58.0,-15.0,0.0,14
2025-07-22,FALSE_TREND,15:57:00,15:59:00,TREND_LONG,EARLY_HARD_STOP,long,44747.0,44701.0,-92.0,2,387,-1.2222656250000001,1.2187397693452378,38.56741908482218,263.8853586833793,1,4,14.285714285714286,13.8,28.0,0.0,-46.0,0.0,15
2025-07-23,TRUE_TREND,11:54:00,11:56:00,TREND_LONG,PARTIAL_TP,long,45004.0,45081.0,77.0,2,144,0.8268428005549723,0.26926712389081586,41.059620421110594,224.9490619055432,7,0,20.571428571428573,19.933333333333334,64.0,77.0,0.0,0.0,11
2025-07-23,TRUE_TREND,13:38:00,14:17:00,TREND_LONG,CHOP_TP,long,45146.0,45162.0,32.0,39,248,-0.022137807915024288,0.634039412515017,57.42147759904037,318.90416736287443,5,0,11.0,10.666666666666666,32.0,34.0,-18.0,0.0,13
2025-07-23,FALSE_TREND,15:59:00,16:00:00,TREND_LONG,SESSION_EXIT,long,45231.0,45197.0,-68.0,1,389,-2.9998046874999997,0.6429522972049396,40.21342932515108,400.84330076226615,6,1,16.571428571428573,16.133333333333333,28.0,0.0,-34.0,0.0,15
2025-07-24,FALSE_TREND,09:53:00,09:56:00,TREND_LONG,EARLY_HARD_STOP,long,44981.0,44930.0,-102.0,3,23,4.0,11.799191429501487,7.204851422990032,116.99367977620568,7,2,22.785714285714285,22.333333333333332,25.0,0.0,-51.0,0.0,9
2025-07-24,TRUE_TREND,09:58:00,10:03:00,TREND_LONG,PARTIAL_TP,long,44988.0,45041.0,53.0,5,28,0.00024414062499987749,25.0009765625,34.0009765625,121.99120664314978,5,1,27.642857142857142,26.533333333333335,7.0,53.0,0.0,0.0,9
2025-07-25,TRUE_TREND,10:01:00,10:04:00,TREND_SHORT,PARTIAL_TP,short,44872.0,44821.0,51.0,3,31,-3.257145182291666,0.9088015256228147,28.942838541668607,114.99152238872921,2,4,21.642857142857142,22.733333333333334,-43.0,51.0,0.0,0.0,10
2025-07-25,FALSE_TREND,10:43:00,11:21:00,TREND_LONG,EXIT_FLAT,long,44987.0,44926.0,-122.0,38,73,1.6191954587232622,3.399610548048048,13.577934316956089,170.98677485819644,5,0,15.785714285714286,15.4,15.0,16.0,-61.0,0.0,10
2025-07-25,TRUE_TREND,13:13:00,13:46:00,TREND_LONG,CHOP_TP,long,45029.0,45070.0,82.0,33,223,-1.5,0.7646192447514791,57.28082047622593,211.93590890632913,3,0,9.142857142857142,8.933333333333334,19.0,41.0,-15.0,0.0,13
2025-07-25,TRUE_TREND,13:52:00,14:42:00,TREND_LONG,CHOP_TP,long,45076.0,45099.0,46.0,50,262,-0.4999999999999999,0.7646837372370602,76.94615912166046,261.92268376453285,6,0,7.642857142857143,7.666666666666667,14.0,31.0,-10.0,0.0,13
2025-07-28,FALSE_TREND,09:52:00,10:05:00,TREND_SHORT,EXIT_FLAT,short,44989.0,45071.0,-164.0,13,22,-3.0552420893474728,0.28564743768601186,25.784674034352065,108.99457625286595,1,3,19.571428571428573,19.6,-46.0,19.0,-82.0,0.0,9
2025-07-28,FALSE_TREND,10:14:00,11:19:00,TREND_LONG,EXIT_FLAT,long,45099.0,45036.0,-126.0,65,44,-0.12808267110834,7.545335011831624,6.910644846189825,140.99556239246158,5,0,15.642857142857142,15.8,18.0,20.0,-63.0,0.0,10
2025-07-28,TRUE_TREND,13:58:00,15:16:00,TREND_SHORT,CHOP_TP,short,44957.0,44934.0,46.0,78,268,-1.2736711960091673,-0.3360299252933634,20.864872641417605,168.9728812643225,0,5,9.285714285714286,9.2,-17.0,39.0,-26.0,0.0,13
2025-07-29,TRUE_TREND,10:36:00,10:52:00,TREND_SHORT,PARTIAL_TP,short,44914.0,44859.0,55.0,16,66,-0.6921675573775183,3.0001220703125,73.9309064145491,147.97639705298207,3,6,18.214285714285715,18.333333333333332,-65.0,55.0,-11.0,0.0,10
2025-07-29,FALSE_TREND,11:29:00,12:55:00,TREND_SHORT,EXIT_FLAT,short,44798.0,44863.0,-130.0,86,119,-1.7837251686274895,0.5997378394717265,87.97648988234869,271.95744317401113,0,5,16.357142857142858,16.266666666666666,-36.0,24.0,-65.0,0.0,11
2025-07-29,FALSE_TREND,15:39:00,15:54:00,TREND_SHORT,EXIT_FLAT,short,44743.0,44805.0,-124.0,15,369,-0.7642079248205873,0.10614699223405123,48.88876184850233,324.86803800081543,1,4,12.071428571428571,11.6,-38.0,8.0,-62.0,0.0,15
2025-07-30,FALSE_TREND,09:52:00,09:57:00,TREND_SHORT,EARLY_HARD_STOP,short,44743.0,44811.0,-136.0,5,22,-4.000305805659023,1.0,44.99847097171005,122.99068628616078,2,4,21.428571428571427,21.666666666666668,-38.0,0.0,-68.0,0.0,9
2025-07-30,TRUE_TREND,10:19:00,10:33:00,TREND_LONG,CHOP_TP,long,44871.0,44887.0,32.0,14,49,-0.34066501461627136,3.9045241553151713,37.482371961807075,144.98654683851055,6,0,17.357142857142858,17.333333333333332,55.0,26.0,-4.0,0.0,10
2025-07-30,TRUE_TREND,14:49:00,14:50:00,TREND_SHORT,PARTIAL_TP,short,44721.0,44656.0,65.0,1,319,-9.198974609375002,-0.14293706984747034,63.413330078125,202.99327341925527,0,4,44.214285714285715,43.2,-65.0,65.0,0.0,0.0,14
2025-07-31,FALSE_TREND,09:53:00,10:11:00,TREND_LONG,EXIT_FLAT,long,44741.0,44679.0,-124.0,18,23,7.400743756975446,10.570513044084821,27.564104352677532,153.99283197342447,7,1,28.214285714285715,28.466666666666665,51.0,36.0,-62.0,0.0,9
2025-07-31,TRUE_TREND,10:59:00,11:10:00,TREND_SHORT,PARTIAL_TP,short,44582.0,44522.0,60.0,11,89,-2.0002583165322583,-1.8331115004884901,11.8226430116556,203.9659519989218,0,10,21.142857142857142,21.4,-54.0,60.0,-28.0,0.0,10
2025-07-31,FALSE_TREND,13:28:00,13:36:00,TREND_SHORT,EXIT_FLAT,short,44436.0,44499.0,-126.0,8,238,0.8249694875061238,-0.654662149540214,180.9717735272352,347.87694922756054,0,9,25.142857142857142,23.6,-118.0,25.0,-63.0,0.0,13
2025-07-31,TRUE_TREND,14:07:00,14:16:00,TREND_SHORT,PARTIAL_TP,short,44389.0,44325.0,64.0,9,277,2.666341885653409,0.4227525571663327,93.99805131391622,396.8536532162834,2,4,28.285714285714285,28.133333333333333,-53.0,64.0,-29.0,0.0,14
2025-07-31,TRUE_TREND,15:50:00,15:51:00,TREND_SHORT,PARTIAL_TP,short,44306.0,44241.0,65.0,1,380,-0.5743103301864692,0.1611655950572103,207.54138018880622,474.7921278300564,4,3,25.285714285714285,25.6,-89.0,65.0,0.0,0.0,15
2025-08-01,FALSE_TREND,09:53:00,09:56:00,TREND_SHORT,EARLY_HARD_STOP,short,43598.0,43642.0,-88.0,3,23,-7.599775623139881,8.0,29.40134626116196,320.9889955585022,0,8,34.857142857142854,35.0,-11.0,0.0,-44.0,0.0,9
2025-08-01,FALSE_TREND,10:00:00,10:04:00,TREND_SHORT,EARLY_HARD_STOP,short,43520.0,43560.0,-80.0,4,30,-2.777427122031614,0.9996826171875007,55.893447413589456,395.98564644691214,4,5,37.642857142857146,37.266666666666666,-91.0,36.0,-40.0,0.0,10
2025-08-04,TRUE_TREND,09:57:00,10:24:00,TREND_LONG,CHOP_TP,long,44119.0,44131.0,24.0,27,27,-9.999755859375,7.2299259171817765,22.792000236091553,235.98574002005626,2,2,22.857142857142858,22.2,57.0,35.0,-44.0,0.0,9
2025-08-04,TRUE_TREND,10:26:00,10:56:00,TREND_LONG,CHOP_TP,long,44159.0,44179.0,40.0,30,56,-0.9996475617781929,2.799784342447917,41.2012939453125,268.97042369611154,1,2,19.285714285714285,19.6,41.0,41.0,-46.0,0.0,10
2025-08-04,FALSE_TREND,11:03:00,11:21:00,TREND_LONG,EXIT_FLAT,long,44224.0,44159.0,-130.0,18,93,-0.08315268715659348,2.4998437841455416,33.00187459025619,337.95088217325247,5,0,23.285714285714285,23.133333333333333,39.0,18.0,-65.0,0.0,11
2025-08-04,TRUE_TREND,12:47:00,13:13:00,TREND_LONG,PARTIAL_TP,long,44247.0,44297.0,50.0,26,197,0.21594189236997785,0.699981364957785,43.50121127774764,359.8959547643899,5,1,11.071428571428571,11.333333333333334,32.0,50.0,-1.0,0.0,12
2025-08-04,TRUE_TREND,15:20:00,16:00:00,TREND_LONG,SESSION_EXIT,long,44304.0,44305.0,2.0,40,350,-0.05601448256467943,0.06665124296028466,114.6030596408018,413.8151480342931,5,0,11.714285714285714,11.533333333333333,50.0,7.0,-49.0,0.0,15
2025-08-05,TRUE_TREND,09:56:00,10:04:00,TREND_SHORT,PARTIAL_TP,short,44271.0,44214.0,57.0,8,26,-5.769126742493873,-5.500306456239073,10.15301393995469,151.99299277432874,0,8,21.142857142857142,21.066666666666666,-50.0,57.0,-27.0,0.0,9
2025-08-06,FALSE_TREND,10:23:00,10:35:00,TREND_SHORT,EXIT_FLAT,short,44143.0,44208.0,-130.0,12,53,1.3330784176284844,0.7495854893804116,132.33001942917326,193.98306023987243,0,6,26.0,24.8,-87.0,10.0,-65.0,0.0,10
2025-08-06,FALSE_TREND,10:54:00,11:10:00,TREND_LONG,EXIT_FLAT,long,44338.0,44276.0,-124.0,16,84,0.6977433591808263,8.367853297418726,35.26173330285383,214.99137034424348,7,0,18.214285714285715,18.8,38.0,12.0,-62.0,0.0,10
2025-08-06,FALSE_TREND,11:28:00,11:38:00,TREND_LONG,EXIT_FLAT,long,44372.0,44306.0,-132.0,10,118,-0.26659211189516124,3.1705756074821134,41.61834158848069,246.98050334650907,7,0,14.785714285714286,15.666666666666666,32.0,10.0,-66.0,0.0,11
2025-08-06,FALSE_TREND,12:36:00,12:44:00,TREND_LONG,EXIT_FLAT,long,44388.0,44324.0,-128.0,8,186,-0.1332853429457721,1.3518043877894308,25.2989542837895,262.95876935104025,5,0,14.142857142857142,14.266666666666667,54.0,0.0,-64.0,0.0,12
2025-08-06,FALSE_TREND,14:07:00,14:58:00,TREND_LONG,EXIT_FLAT,long,44392.0,44319.0,-146.0,51,277,-0.022398742281390202,0.8285200639204545,51.059556995736784,268.92968417328666,7,0,10.785714285714286,10.266666666666667,15.0,6.0,-73.0,0.0,14
2025-08-07,TRUE_TREND,10:03:00,10:09:00,TREND_SHORT,PARTIAL_TP,short,44395.0,44326.0,69.0,6,33,-15.00048828125,3.833286830357143,36.9990234375,219.97719305480132,1,4,29.0,28.733333333333334,-67.0,69.0,-2.0,0.0,10
2025-08-08,TRUE_TREND,09:56:00,10:04:00,TREND_LONG,PARTIAL_TP,long,44261.0,44316.0,55.0,8,26,4.230935836624313,5.108081859546703,9.648491157277022,128.99616166861233,7,0,23.142857142857142,22.533333333333335,51.0,55.0,-12.0,0.0,9
2025-08-08,FALSE_TREND,11:39:00,11:54:00,TREND_SHORT,EXIT_FLAT,short,44138.0,44209.0,-142.0,15,129,-2.9015517435148537,-2.297192658875322,138.84616342070512,251.97372216998338,0,4,18.428571428571427,18.0,-27.0,12.0,-71.0,0.0,11
2025-08-11,TRUE_TREND,10:25:00,10:47:00,TREND_SHORT,PARTIAL_TP,short,44177.0,44114.0,63.0,22,55,-2.4545293566645405,0.032177206358252386,59.72806152343401,199.98042345865542,5,2,21.928571428571427,21.266666666666666,-78.0,63.0,-16.0,0.0,10
2025-08-11,TRUE_TREND,13:14:00,15:52:00,TREND_SHORT,PARTIAL_TP,short,44072.0,44007.0,65.0,158,224,-0.5973018951255799,0.06025177227603363,153.8016725753332,307.91290429601213,1,5,14.0,13.533333333333333,-42.0,65.0,-51.0,0.0,13
2025-08-12,TRUE_TREND,10:02:00,10:05:00,TREND_LONG,PARTIAL_TP,long,44395.0,44447.0,52.0,3,32,-0.5652698461560236,7.42100896005332,66.37010790099885,202.99208948222076,5,0,37.857142857142854,37.46666666666667,122.0,52.0,0.0,0.0,10
2025-08-12,TRUE_TREND,10:48:00,14:20:00,TREND_LONG,PARTIAL_TP,long,44549.0,44600.0,51.0,212,78,-0.6000121523803165,-2.7272801714250425,139.14583750470774,356.9718736572613,7,1,21.785714285714285,20.866666666666667,60.0,51.0,-52.0,0.0,10
2025-08-13,FALSE_TREND,09:52:00,10:25:00,TREND_LONG,EXIT_FLAT,long,44944.0,44884.0,-120.0,33,22,-1.0,8.616267595770397,68.45359163806279,260.9908889623257,8,1,20.785714285714285,20.4,56.0,40.0,-60.0,0.0,9
2025-08-14,FALSE_TREND,10:03:00,10:23:00,TREND_LONG,EXIT_FLAT,long,44928.0,44865.0,-126.0,20,33,1.8575594194994887,2.249492570465686,35.00405943627993,133.9875544230381,5,2,27.0,26.333333333333332,35.0,10.0,-63.0,0.0,10
2025-08-14,FALSE_TREND,10:46:00,11:08:00,TREND_LONG,EXIT_FLAT,long,44964.0,44896.0,-136.0,22,76,-0.06660163057868138,1.0720973659206081,81.48595531566389,168.97029118383944,4,2,16.714285714285715,17.133333333333333,59.0,7.0,-68.0,0.0,10
2025-08-14,FALSE_TREND,12:11:00,13:00:00,TREND_SHORT,EXIT_FLAT,short,44790.0,44853.0,-126.0,49,161,-1.3663639443171205,-0.3867633505740266,11.415419059012493,182.96667788668128,0,8,15.357142857142858,14.6,-34.0,12.0,-63.0,0.0,12
2025-08-14,TRUE_TREND,15:10:00,15:19:00,TREND_LONG,PARTIAL_TP,long,44976.0,45031.0,55.0,9,340,-0.0114163741000541,0.5714968827841939,35.28503117215587,217.92934115579556,4,0,11.285714285714286,10.533333333333333,40.0,55.0,0.0,0.0,15
2025-08-15,TRUE_TREND,09:56:00,10:12:00,TREND_SHORT,PARTIAL_TP,short,45113.0,45063.0,50.0,16,26,-4.6918746661324775,3.999912806919643,56.01108429439773,184.99100589015143,1,4,27.5,27.133333333333333,-43.0,50.0,-21.0,0.0,9
2025-08-18,FALSE_TREND,09:58:00,10:13:00,TREND_SHORT,EXIT_FLAT,short,44959.0,45020.0,-122.0,15,28,-9.399891530995047,0.25923525053879304,29.40097622104804,120.99788350275776,1,8,23.642857142857142,22.933333333333334,-63.0,8.0,-61.0,0.0,9
2025-08-18,FALSE_TREND,14:18:00,15:45:00,TREND_SHORT,EXIT_FLAT,short,44945.0,45008.0,-126.0,87,288,0.3202455117304673,-0.2560414239845867,85.63554422230663,140.9520262103033,2,4,9.571428571428571,8.933333333333334,-13.0,0.0,-63.0,0.0,14
2025-08-19,FALSE_TREND,10:26:00,10:48:00,TREND_LONG,EXIT_FLAT,long,45240.0,45164.0,-152.0,22,56,-1.0001395089285714,3.3841749787080717,36.63956318204146,218.9774309397544,4,0,15.642857142857142,15.8,14.0,46.0,-76.0,0.0,10
2025-08-19,TRUE_TREND,12:41:00,14:11:00,TREND_SHORT,CHOP_TP,short,44958.0,44930.0,56.0,90,191,-2.253825144415546,0.22240323153409097,41.01966088744666,332.94591940416285,4,1,16.214285714285715,16.133333333333333,-46.0,29.0,-49.0,0.0,12
2025-08-19,FALSE_TREND,14:34:00,15:24:00,TREND_SHORT,EXIT_FLAT,short,44898.0,44962.0,-128.0,50,304,-0.9998507437842892,6.0,145.03582149177237,393.8978003633747,1,3,11.857142857142858,11.533333333333333,-19.0,4.0,-64.0,0.0,14
2025-08-20,TRUE_TREND,09:51:00,09:54:00,TREND_SHORT,PARTIAL_TP,short,45007.0,44956.0,51.0,3,21,-6.5001953125,0.42840935202205904,48.000390624998545,123.99547074673319,3,2,26.571428571428573,27.533333333333335,-47.0,51.0,-2.0,0.0,9
2025-08-20,TRUE_TREND,10:28:00,10:53:00,TREND_SHORT,CHOP_TP,short,44872.0,44850.0,44.0,25,58,-0.0003243582589285741,0.39997336647727266,83.99772949218459,253.98350071685854,2,4,27.428571428571427,28.066666666666666,-67.0,36.0,-39.0,0.0,10
2025-08-21,TRUE_TREND,10:01:00,10:06:00,TREND_LONG,PARTIAL_TP,long,44843.0,44912.0,69.0,5,31,5.28577880859375,2.2500976562500004,29.750683593745634,200.99465033495653,3,1,33.142857142857146,35.266666666666666,86.0,69.0,0.0,0.0,10
2025-08-22,TRUE_TREND,10:00:00,10:01:00,TREND_LONG,PARTIAL_TP,long,45476.0,45529.0,53.0,1,30,-0.0003720238095238568,3.217194399626359,67.79105464705935,404.9764379556291,3,3,41.0,41.266666666666666,251.0,53.0,0.0,0.0,10
2025-08-22,FALSE_TREND,12:02:00,12:25:00,TREND_LONG,EXIT_FLAT,long,45829.0,45766.0,-126.0,23,152,-0.11096538842279012,2.7774679049431326,48.47574160074146,757.8806190366304,4,3,19.928571428571427,19.866666666666667,32.0,7.0,-63.0,0.0,12
2025-08-25,TRUE_TREND,10:01:00,10:12:00,TREND_SHORT,PARTIAL_TP,short,45561.0,45508.0,53.0,11,31,-2.866654429716222,0.24995036701579665,84.13334557028429,100.98968550140125,2,4,19.071428571428573,19.8,-29.0,53.0,0.0,0.0,10
2025-08-25,TRUE_TREND,11:48:00,14:09:00,TREND_SHORT,CHOP_TP,short,45448.0,45430.0,36.0,141,138,-0.9876367281254896,0.25014648437500003,55.335819299951254,211.95162860764685,1,4,11.428571428571429,11.066666666666666,-21.0,35.0,-47.0,0.0,11
2025-08-26,FALSE_TREND,09:53:00,09:56:00,TREND_LONG,EARLY_HARD_STOP,long,45383.0,45337.0,-92.0,3,23,-1.7142985026041666,1.789375636888587,94.21071388134442,100.99361249322828,2,3,27.0,26.333333333333332,52.0,0.0,-46.0,0.0,9
2025-08-26,FALSE_TREND,15:27:00,15:41:00,TREND_LONG,EXIT_FLAT,long,45471.0,45404.0,-134.0,14,357,-1.6,0.24355857639398693,119.79747305429191,187.90085525777977,5,1,12.285714285714286,11.866666666666667,7.0,6.0,-67.0,0.0,15
2025-08-26,FALSE_TREND,15:55:00,16:00:00,TREND_LONG,SESSION_EXIT,long,45485.0,45484.0,-2.0,5,385,-0.9545145750988142,1.4565020672686688,70.52197519277979,200.89307917674887,5,0,16.071428571428573,15.8,29.0,21.0,-5.0,0.0,15
2025-08-27,FALSE_TREND,14:24:00,16:00:00,TREND_LONG,SESSION_EXIT,long,45669.0,45632.0,-74.0,96,294,-1.9998604910714284,0.09934980634417054,108.37579363988334,222.9157730285151,3,0,9.214285714285714,8.866666666666667,22.0,24.0,-40.0,0.0,14
2025-08-28,FALSE_TREND,15:02:00,16:00:00,TREND_LONG,SESSION_EXIT,long,45692.0,45683.0,-18.0,58,332,5.8974228896115544e-05,0.6685553255023955,38.59771566798736,192.93053774784494,5,1,8.214285714285714,8.133333333333333,18.0,43.0,-10.0,0.0,15
2025-08-29,TRUE_TREND,09:50:00,10:03:00,TREND_SHORT,PARTIAL_TP,short,45593.0,45534.0,59.0,13,20,-14.000048828125,1.9998385911777024,26.99995117187791,94.99852367681888,5,3,20.642857142857142,20.533333333333335,-88.0,59.0,-6.0,0.0,9
2025-09-01,TRUE_TREND,09:52:00,10:52:00,TREND_LONG,CHOP_TP,long,45607.0,45619.0,24.0,60,22,-1.0,2.800216973096805,20.99891513451439,78.99662841598911,6,0,8.5,8.0,30.0,12.0,-16.0,0.0,9
2025-09-02,TRUE_TREND,09:51:00,09:56:00,TREND_LONG,PARTIAL_TP,long,45219.0,45269.0,50.0,5,21,-0.6993861607142855,45.33237915039062,59.002862548833946,219.99830446353735,6,1,46.07142857142857,44.6,156.0,50.0,0.0,0.0,9
2025-09-03,FALSE_TREND,09:57:00,10:20:00,TREND_SHORT,EXIT_FLAT,short,45174.0,45244.0,-140.0,23,27,-8.427765553131763,6.9998779296875,50.866813362415996,194.99244903111685,0,6,31.714285714285715,32.46666666666667,-63.0,42.0,-70.0,0.0,9
2025-09-03,TRUE_TREND,12:45:00,13:43:00,TREND_SHORT,PARTIAL_TP,short,45134.0,45084.0,50.0,58,195,-0.9999230081741275,-0.9334205656015917,25.006313706733636,235.93204134033294,1,5,13.5,13.4,-6.0,50.0,-46.0,0.0,12
2025-09-04,FALSE_TREND,09:57:00,10:05:00,TREND_LONG,EXIT_FLAT,long,45401.0,45341.0,-120.0,8,27,-0.27249465622268376,2.4202485584077387,36.21776297433098,166.98779213744274,5,1,19.5,19.333333333333332,21.0,10.0,-60.0,0.0,9
2025-09-04,TRUE_TREND,10:31:00,11:17:00,TREND_LONG,PARTIAL_TP,long,45435.0,45502.0,67.0,46,61,-0.37909381372821654,3.599539283014113,72.40967505670415,201.9704977081201,4,1,18.285714285714285,19.133333333333333,44.0,67.0,-25.0,0.0,10
2025-09-04,TRUE_TREND,11:42:00,13:27:00,TREND_LONG,PARTIAL_TP,long,45549.0,45604.0,55.0,105,132,1.8780048076931616e-05,2.7976960277858813,8.611965443698864,318.93438293061627,3,1,13.642857142857142,12.666666666666666,24.0,55.0,-32.0,0.0,11
2025-09-04,TRUE_TREND,13:47:00,14:01:00,TREND_LONG,PARTIAL_TP,long,45613.0,45669.0,56.0,14,257,-0.10527885264920112,1.4391034467002273,17.71485026638402,377.8708005049921,3,1,7.857142857142857,7.533333333333333,28.0,56.0,-3.0,0.0,13
2025-09-04,TRUE_TREND,14:14:00,15:54:00,TREND_LONG,CHOP_TP,long,45676.0,45689.0,26.0,100,284,-0.4999593098958335,1.4390934063982186,46.86120883883268,443.85706663830206,2,2,8.214285714285714,8.8,11.0,23.0,-43.0,0.0,14
2025-09-05,TRUE_TREND,10:09:00,10:14:00,TREND_SHORT,PARTIAL_TP,short,45676.0,45609.0,67.0,5,39,-3.999813108582428,-0.5885343665372963,24.764069805409235,162.97786265557806,1,4,30.357142857142858,30.866666666666667,-34.0,67.0,0.0,0.0,10
2025-09-08,TRUE_TREND,10:55:00,11:34:00,TREND_LONG,CHOP_TP,long,45506.0,45517.0,22.0,39,85,-0.11890719087416954,2.636299389731248,38.093221969669685,184.97885454180505,7,0,13.714285714285714,13.666666666666666,31.0,46.0,0.0,0.0,10
2025-09-09,FALSE_TREND,10:11:00,10:20:00,TREND_LONG,EXIT_FLAT,long,45619.0,45557.0,-124.0,9,41,0.9271561472039473,1.66694577991453,65.91496770270169,113.9904738442201,5,2,29.285714285714285,28.4,59.0,0.0,-62.0,0.0,10
2025-09-09,FALSE_TREND,10:32:00,10:37:00,TREND_SHORT,EARLY_HARD_STOP,short,45494.0,45543.0,-98.0,5,62,-5.124480512805452,0.023416722074468092,24.890750331505842,133.9926721642405,0,6,20.285714285714285,20.133333333333333,-25.0,19.0,-49.0,0.0,10
2025-09-09,TRUE_TREND,11:13:00,11:25:00,TREND_LONG,PARTIAL_TP,long,45628.0,45686.0,58.0,12,103,0.20025672833290026,3.4370731345828998,19.388653602523846,158.98607720418659,3,4,17.142857142857142,16.2,23.0,58.0,-11.0,0.0,11
2025-09-09,TRUE_TREND,13:47:00,14:40:00,TREND_LONG,CHOP_TP,long,45767.0,45793.0,52.0,53,257,-2.4998779296875,1.1664748783092007,72.35251216908364,297.9296530223728,5,0,11.285714285714286,11.333333333333334,14.0,35.0,-14.0,0.0,13
2025-09-10,TRUE_TREND,10:33:00,10:44:00,TREND_SHORT,CHOP_TP,short,45607.0,45582.0,50.0,11,63,-1.8748888479999084,-3.4667356562793707,9.2520007359999,147.9838193351752,0,9,18.428571428571427,18.2,-35.0,30.0,-5.0,0.0,10
2025-09-10,TRUE_TREND,10:46:00,11:00:00,TREND_SHORT,PARTIAL_TP,short,45554.0,45500.0,54.0,14,76,-3.1532400902709155,0.1250542534722222,75.47591195154382,192.9791449316035,0,2,20.428571428571427,19.666666666666668,-41.0,54.0,-12.0,0.0,10
2025-09-11,TRUE_TREND,10:00:00,10:13:00,TREND_LONG,PARTIAL_TP,long,45978.0,46032.0,54.0,13,30,-10.0,16.14168526785714,11.874720982144936,377.98199228370504,9,0,25.071428571428573,27.2,77.0,54.0,0.0,0.0,10
2025-09-11,FALSE_TREND,14:00:00,16:00:00,TREND_LONG,SESSION_EXIT,long,46162.0,46127.0,-70.0,120,270,-0.05873927696078429,0.5595734024957086,40.695884273060074,565.8379306539864,3,2,10.5,10.2,32.0,11.0,-52.0,0.0,14
2025-09-12,TRUE_TREND,10:35:00,11:36:00,TREND_SHORT,CHOP_TP,short,45962.0,45927.0,70.0,61,65,-1.4723458791928723,6.0,80.77431538260134,134.98370734568744,0,4,16.142857142857142,15.933333333333334,-19.0,49.0,-28.0,0.0,10
2025-09-12,TRUE_TREND,15:32:00,16:00:00,TREND_SHORT,SESSION_EXIT,short,45884.0,45857.0,54.0,28,362,-1.4825606167236,3.499796549479167,21.697575331054395,210.89572680383571,0,5,11.142857142857142,10.733333333333333,-32.0,46.0,-41.0,0.0,15
2025-09-15,FALSE_TREND,09:55:00,10:03:00,TREND_LONG,EXIT_FLAT,long,45970.0,45904.0,-132.0,8,25,8.30084228515625,10.999493408203126,45.50218505859084,143.99682039215259,7,0,23.214285714285715,24.0,38.0,0.0,-66.0,0.0,9
2025-09-15,FALSE_TREND,10:32:00,10:36:00,TREND_LONG,EARLY_HARD_STOP,long,45980.0,45936.0,-88.0,4,62,-0.02770376770685159,30.99908447265625,14.9981689453125,154.98777076113038,10,0,17.642857142857142,16.933333333333334,25.0,2.0,-44.0,0.0,10
2025-09-15,FALSE_TREND,10:45:00,11:02:00,TREND_LONG,EXIT_FLAT,long,46004.0,45941.0,-126.0,17,75,-0.18200811639532338,-0.8000092558808378,70.00222811856656,173.98459115328296,3,4,18.928571428571427,18.333333333333332,60.0,0.0,-63.0,0.0,10
2025-09-15,FALSE_TREND,11:31:00,11:34:00,TREND_SHORT,EARLY_HARD_STOP,short,45827.0,45870.0,-86.0,3,121,-3.040036650043231,-1.5503029745133197,44.520476450561546,189.98899368091224,0,5,15.285714285714286,14.4,-48.0,0.0,-43.0,0.0,11
2025-09-17,FALSE_TREND,10:55:00,12:19:00,TREND_LONG,EXIT_FLAT,long,46108.0,46039.0,-138.0,84,85,-0.24323607067182315,1.21417137594784,48.57325798483362,229.94765287677,4,0,14.0,12.4,45.0,15.0,-69.0,0.0,10
2025-09-17,TRUE_TREND,14:00:00,14:02:00,TREND_LONG,PARTIAL_TP,long,46136.0,46192.0,56.0,2,270,1.3635782896689583,-0.5001195756967236,69.82833869889146,324.83372095734376,8,1,19.571428571428573,15.2,94.0,56.0,-17.0,0.0,14
2025-09-17,TRUE_TREND,14:42:00,14:45:00,TREND_SHORT,PARTIAL_TP,short,45887.0,45826.0,61.0,3,312,-1.684184194711539,-4.480767526385202,184.88330259907525,431.9772135748208,0,6,63.857142857142854,56.733333333333334,-135.0,61.0,-32.0,0.0,14
2025-09-17,FALSE_TREND,14:52:00,14:55:00,TREND_SHORT,EARLY_HARD_STOP,short,45760.0,45826.0,-132.0,3,322,-36.00009765625,3.3993338448660717,40.999804687504366,538.9710551261669,1,4,73.35714285714286,64.2,-120.0,32.0,-66.0,0.0,14
2025-09-18,FALSE_TREND,09:50:00,09:54:00,TREND_LONG,EARLY_HARD_STOP,long,46110.0,46037.0,-146.0,4,20,-0.6667214865212913,22.166033935546874,28.169277518129093,147.99839807751414,3,4,40.5,36.266666666666666,115.0,0.0,-73.0,0.0,9
2025-09-18,TRUE_TREND,10:00:00,10:06:00,TREND_LONG,PARTIAL_TP,long,46137.0,46187.0,50.0,6,30,-3.1253200954861113,31.498291015625,30.50768771701405,174.99439306987915,2,4,36.0,32.46666666666667,113.0,50.0,0.0,0.0,10
2025-09-22,TRUE_TREND,09:53:00,10:07:00,TREND_LONG,PARTIAL_TP,long,46499.0,46561.0,62.0,14,23,5.1672821044921875,9.285290393200546,14.567613538805745,137.99414749471907,6,1,26.214285714285715,26.333333333333332,60.0,62.0,-2.0,0.0,9
2025-09-23,FALSE_TREND,10:10:00,10:18:00,TREND_LONG,EXIT_FLAT,long,47051.0,46975.0,-152.0,8,40,-6.499877929687499,-2.666392299107143,82.66474609374563,286.9785622724594,4,3,22.428571428571427,21.8,30.0,0.0,-76.0,0.0,10
2025-09-23,TRUE_TREND,13:04:00,13:29:00,TREND_SHORT,PARTIAL_TP,short,46696.0,46641.0,55.0,25,214,-5.599645414806547,-2.25,9.402127511159051,360.90781765476277,0,7,17.071428571428573,16.666666666666668,-27.0,55.0,-31.0,0.0,13
2025-09-24,FALSE_TREND,09:51:00,09:55:00,TREND_SHORT,EARLY_HARD_STOP,short,46645.0,46685.0,-80.0,4,21,-1.719985064338235,0.14981694737554097,86.24011948529369,146.99314186423726,2,6,34.214285714285715,34.06666666666667,-91.0,0.0,-40.0,0.0,9
2025-09-24,TRUE_TREND,11:47:00,11:52:00,TREND_SHORT,PARTIAL_TP,short,46537.0,46485.0,52.0,5,137,-1.0476218355124607,0.6665546977436626,99.42842088232283,254.9463451930278,0,5,16.428571428571427,16.733333333333334,-30.0,52.0,0.0,0.0,11
2025-09-24,FALSE_TREND,14:10:00,14:15:00,TREND_SHORT,EARLY_HARD_STOP,short,46421.0,46472.0,-102.0,5,280,-1.5831765693530702,-0.7756292161893679,28.728311485996528,367.88865621240984,0,5,11.214285714285714,10.933333333333334,-29.0,0.0,-51.0,0.0,14
2025-09-25,FALSE_TREND,10:10:00,11:07:00,TREND_LONG,EXIT_FLAT,long,46400.0,46335.0,-130.0,57,40,3.9452970805921055,9.249529157366071,29.7467041015625,201.98984436852334,8,1,31.5,31.133333333333333,80.0,40.0,-65.0,0.0,10
2025-09-25,TRUE_TREND,13:57:00,14:03:00,TREND_SHORT,PARTIAL_TP,short,46178.0,46128.0,50.0,6,267,-0.5674173048343444,-0.4305734525765623,61.101952835320844,265.93154342308844,1,4,15.571428571428571,15.6,-35.0,50.0,0.0,0.0,13
2025-09-26,FALSE_TREND,10:00:00,10:02:00,TREND_LONG,EARLY_HARD_STOP,long,46651.0,46593.0,-116.0,2,30,-0.7499945746527777,5.908577921102335,19.371331183465372,253.98974201920646,2,1,22.5,24.8,49.0,0.0,-58.0,0.0,10
2025-09-26,TRUE_TREND,10:24:00,10:49:00,TREND_SHORT,PARTIAL_TP,short,46416.0,46357.0,59.0,25,54,-3.636113093449519,-3.8338105112917513,34.3638869065544,262.99151068361243,0,3,30.857142857142858,30.4,-38.0,59.0,-35.0,0.0,10
2025-09-29,FALSE_TREND,09:52:00,09:57:00,TREND_SHORT,EARLY_HARD_STOP,short,46474.0,46538.0,-128.0,5,22,-9.33243861055724,4.0,15.686350567739282,230.99352580381674,2,3,29.285714285714285,28.333333333333332,-47.0,0.0,-64.0,0.0,9
2025-09-29,FALSE_TREND,11:15:00,14:06:00,TREND_SHORT,EXIT_FLAT,short,46472.0,46532.0,-120.0,171,105,-1.5466008484194655,2.499755859375,63.606910915958,250.96910037123598,1,6,17.571428571428573,17.333333333333332,-46.0,23.0,-60.0,0.0,11
2025-09-30,FALSE_TREND,09:59:00,10:04:00,TREND_LONG,EARLY_HARD_STOP,long,46652.0,46603.0,-98.0,5,29,-0.1995767090981937,1.4306828425480769,66.1238544170701,99.99168503504188,7,0,27.285714285714285,27.933333333333334,52.0,6.0,-49.0,0.0,9
2025-09-30,FALSE_TREND,10:09:00,10:16:00,TREND_SHORT,EXIT_FLAT,short,46557.0,46627.0,-140.0,7,39,-10.998876953125,-0.11798888275588766,6.538151890854351,120.99674633913673,1,7,26.214285714285715,25.933333333333334,-46.0,4.0,-70.0,0.0,10
2025-09-30,TRUE_TREND,10:33:00,10:37:00,TREND_SHORT,PARTIAL_TP,short,46506.0,46456.0,50.0,4,63,-1.352812557276393,0.04742531585262566,89.3571856098788,169.98806986977434,0,8,25.428571428571427,25.266666666666666,-74.0,50.0,0.0,0.0,10
2025-10-01,TRUE_TREND,11:23:00,11:36:00,TREND_LONG,PARTIAL_TP,long,46736.0,46786.0,50.0,13,113,0.11493516667934808,1.3635647212182154,45.41048963862704,188.96685627050465,6,1,13.928571428571429,13.6,33.0,50.0,0.0,0.0,11
2025-10-02,FALSE_TREND,09:53:00,10:02:00,TREND_LONG,EXIT_FLAT,long,46842.0,46782.0,-120.0,9,23,-0.07120535714285701,2.6279679210808498,109.39577544757049,189.99172991992964,7,0,27.714285714285715,27.266666666666666,18.0,5.0,-60.0,0.0,9
2025-10-02,TRUE_TREND,10:11:00,10:17:00,TREND_SHORT,PARTIAL_TP,short,46691.0,46636.0,55.0,6,41,-9.03685393856693,-9.062758501838236,88.36853938566492,193.9935276979013,0,8,25.285714285714285,25.466666666666665,-55.0,55.0,0.0,0.0,10
2025-10-02,TRUE_TREND,11:02:00,11:20:00,TREND_SHORT,PARTIAL_TP,short,46602.0,46547.0,55.0,18,92,-3.3014374860847866,0.15774759351805,30.80368843231554,255.9751896995076,2,4,14.357142857142858,14.266666666666667,-45.0,55.0,-40.0,0.0,11
2025-10-03,TRUE_TREND,09:50:00,09:54:00,TREND_LONG,PARTIAL_TP,long,47008.0,47063.0,55.0,4,20,-0.4998046875,8.052250223948542,6.954995521031378,168.9897878889533,3,1,22.571428571428573,22.733333333333334,21.0,55.0,0.0,0.0,9
2025-10-03,FALSE_TREND,12:37:00,13:03:00,TREND_LONG,EXIT_FLAT,long,47318.0,47253.0,-130.0,26,187,-0.26314467810150377,2.5831117374042734,43.765290119103156,479.9045162823386,5,2,11.285714285714286,11.0,22.0,1.0,-65.0,0.0,12
2025-10-06,TRUE_TREND,09:50:00,09:55:00,TREND_SHORT,PARTIAL_TP,short,46938.0,46879.0,59.0,5,20,-9.598843443627452,0.6663818359375,176.0,195.99216449706,0,5,29.285714285714285,29.333333333333332,-27.0,59.0,0.0,0.0,9
2025-10-07,TRUE_TREND,10:01:00,10:26:00,TREND_SHORT,PARTIAL_TP,short,46940.0,46882.0,58.0,25,31,-6.639397744724893,0.11130445075757574,10.73800094924809,210.98745016525208,1,3,26.428571428571427,25.8,-27.0,58.0,-22.0,0.0,10
2025-10-07,FALSE_TREND,11:15:00,11:20:00,TREND_SHORT,EARLY_HARD_STOP,short,46826.0,46869.0,-86.0,5,105,-13.99970703125,1.0,8.00087890625582,314.95305427857966,2,6,27.214285714285715,26.666666666666668,-37.0,0.0,-43.0,0.0,11
2025-10-07,TRUE_TREND,11:54:00,12:06:00,TREND_SHORT,PARTIAL_TP,short,46768.0,46718.0,50.0,12,144,-0.99970703125,0.00023716517857141906,33.00212053571886,368.9349266356003,0,5,23.357142857142858,23.6,-30.0,50.0,-28.0,0.0,11
2025-10-08,TRUE_TREND,11:13:00,11:46:00,TREND_LONG,PARTIAL_TP,long,46993.0,47054.0,61.0,33,103,1.7620102220693437,2.6468393506555374,62.74550770544738,249.9665600035587,4,2,14.642857142857142,14.066666666666666,33.0,61.0,-28.0,0.0,11
2025-10-09,TRUE_TREND,09:51:00,09:54:00,TREND_SHORT,PARTIAL_TP,short,46768.0,46702.0,66.0,3,21,-5.918018261035839,-1.6669189453125002,33.57387217275391,171.9944924298252,1,7,33.92857142857143,33.06666666666667,-116.0,66.0,0.0,0.0,9
2025-10-09,FALSE_TREND,11:35:00,11:50:00,TREND_SHORT,EXIT_FLAT,short,46632.0,46692.0,-120.0,15,125,1.3512762164566112,-0.7777764476250805,103.39824379642232,332.9467603088415,0,7,19.857142857142858,19.4,-36.0,14.0,-60.0,0.0,11
2025-10-09,TRUE_TREND,12:57:00,13:05:00,TREND_SHORT,PARTIAL_TP,short,46599.0,46547.0,52.0,8,207,-0.2045041555278049,-0.799995943689976,61.75879151746631,341.9091253613806,2,6,16.714285714285715,16.466666666666665,-58.0,52.0,0.0,0.0,12
2025-10-09,FALSE_TREND,14:06:00,14:25:00,TREND_SHORT,EXIT_FLAT,short,46523.0,46584.0,-122.0,19,276,-0.7659037895630013,-1.681833621541502,50.79383388374845,419.8774569290399,0,7,15.142857142857142,15.0,-45.0,0.0,-61.0,0.0,14
2025-10-09,FALSE_TREND,14:51:00,15:37:00,TREND_SHORT,EXIT_FLAT,short,46510.0,46577.0,-134.0,46,321,-0.7659107316031724,0.1498720750316181,81.32699709066219,429.8568035601129,0,7,12.428571428571429,12.066666666666666,-16.0,1.0,-67.0,0.0,14
2025-10-10,TRUE_TREND,10:57:00,10:58:00,TREND_SHORT,PARTIAL_TP,short,46609.0,46532.0,77.0,1,87,0.08226969379942314,4.272147570853625,131.37312380995718,277.892234291794,1,1,27.785714285714285,27.0,-146.0,77.0,0.0,0.0,10
2025-10-10,TRUE_TREND,11:24:00,11:28:00,TREND_SHORT,PARTIAL_TP,short,46210.0,46158.0,52.0,4,114,4.499036437195617,-9.818490621926902,181.4913279347602,679.8518222453058,1,9,61.42857142857143,66.2,-164.0,52.0,-12.0,0.0,11
2025-10-10,TRUE_TREND,14:52:00,15:11:00,TREND_SHORT,CHOP_TP,short,45905.0,45869.0,72.0,19,322,-0.9164925367192049,0.6665283203125,123.17955228278151,983.540499116134,1,3,25.642857142857142,25.066666666666666,-47.0,36.0,-39.0,0.0,14
2025-10-10,TRUE_TREND,15:23:00,15:35:00,TREND_SHORT,PARTIAL_TP,short,45847.0,45774.0,73.0,12,353,-3.049655639499389,-0.2857607886904763,40.85792029151344,1039.494100071919,2,3,22.714285714285715,22.0,-35.0,73.0,0.0,0.0,15
2025-10-10,TRUE_TREND,15:55:00,16:00:00,TREND_SHORT,SESSION_EXIT,short,45718.0,45688.0,60.0,5,385,-14.823315059777462,0.3331209968118107,92.0601096413302,1195.4462043410022,3,6,39.357142857142854,39.46666666666667,-100.0,30.0,0.0,0.0,15
2025-10-13,FALSE_TREND,09:59:00,10:02:00,TREND_LONG,EARLY_HARD_STOP,long,46220.0,46141.0,-158.0,3,29,-0.7138959099264706,8.602126303871907,55.58086326515331,211.98849869407422,4,1,39.5,41.46666666666667,90.0,23.0,-79.0,0.0,9
2025-10-13,TRUE_TREND,11:17:00,11:23:00,TREND_LONG,PARTIAL_TP,long,46243.0,46295.0,52.0,6,107,0.02718892287408284,0.3331956407312911,148.93238412032224,238.95756402331608,9,0,26.357142857142858,25.8,48.0,52.0,-1.0,0.0,11
2025-10-14,TRUE_TREND,10:04:00,10:13:00,TREND_LONG,PARTIAL_TP,long,45970.0,46020.0,50.0,9,34,2.600027901785714,15.165521978021978,203.43436641483277,319.97926392112277,6,0,42.714285714285715,43.733333333333334,48.0,50.0,-23.0,0.0,10
2025-10-15,TRUE_TREND,09:55:00,10:04:00,TREND_LONG,PARTIAL_TP,long,46824.0,46877.0,53.0,9,25,-4.7489820075757585,-1.3994185014204548,157.39651100851916,191.9824843581082,1,4,38.214285714285715,37.666666666666664,129.0,53.0,-5.0,0.0,9
2025-10-15,TRUE_TREND,11:37:00,11:47:00,TREND_SHORT,PARTIAL_TP,short,46620.0,46570.0,50.0,10,127,-1.3531563987308304,-2.535531322071912,42.554287854414724,304.9390456695837,0,10,25.928571428571427,26.533333333333335,-79.0,50.0,-19.0,0.0,11
2025-10-15,TRUE_TREND,13:08:00,13:11:00,TREND_SHORT,PARTIAL_TP,short,46418.0,46335.0,83.0,3,218,-9.499352444024076,0.6665794735863095,21.5058280037847,498.8752888317613,0,2,31.214285714285715,30.666666666666668,-42.0,83.0,0.0,0.0,13
2025-10-16,TRUE_TREND,10:04:00,10:11:00,TREND_SHORT,PARTIAL_TP,short,46525.0,46466.0,59.0,7,34,-4.699951171875,-1.0002294295873397,31.897393329323677,143.98780973424437,2,3,35.642857142857146,35.666666666666664,-10.0,59.0,-21.0,0.0,10
2025-10-16,FALSE_TREND,10:43:00,10:46:00,TREND_LONG,EARLY_HARD_STOP,long,46627.0,46571.0,-112.0,3,73,1.805732245917793,2.9998776624290158,24.003425451985095,188.97900564080192,7,0,27.642857142857142,27.866666666666667,69.0,0.0,-56.0,0.0,10
2025-10-16,FALSE_TREND,11:30:00,11:32:00,TREND_SHORT,EARLY_HARD_STOP,short,46443.0,46504.0,-122.0,2,120,-19.847194602272726,-9.666754217462227,89.08316761363676,203.99322765536635,0,8,28.785714285714285,28.866666666666667,-107.0,0.0,-61.0,0.0,11
2025-10-16,TRUE_TREND,11:46:00,12:18:00,TREND_SHORT,PARTIAL_TP,short,46427.0,46367.0,60.0,32,136,-4.111435922475962,-10.00089518229167,76.10851262019423,214.98239181312238,2,6,33.714285714285715,35.0,-64.0,60.0,-38.0,0.0,11
2025-10-16,FALSE_TREND,14:12:00,14:23:00,TREND_SHORT,EXIT_FLAT,short,46044.0,46110.0,-132.0,11,282,-30.9990234375,-5.467101558795638,194.8006562277733,594.8835150364757,0,9,33.857142857142854,33.13333333333333,-104.0,24.0,-66.0,0.0,14
2025-10-17,FALSE_TREND,09:53:00,09:59:00,TREND_LONG,EXIT_FLAT,long,46349.0,46250.0,-198.0,6,23,-2.090876920930632,33.66410522460937,22.893754426731903,240.98964559080196,5,2,51.0,49.93333333333333,55.0,38.0,-99.0,0.0,9
2025-10-17,FALSE_TREND,10:15:00,10:16:00,TREND_LONG,EARLY_HARD_STOP,long,46412.0,46350.0,-124.0,1,45,10.500927734375,2.356937335368774,96.0057546096723,302.9797413569031,6,0,46.5,46.2,171.0,0.0,-62.0,0.0,10
2025-10-17,FALSE_TREND,11:14:00,11:17:00,TREND_SHORT,EARLY_HARD_STOP,short,46108.0,46152.0,-88.0,3,104,-26.99775390625,-0.10967871186301668,8.00898437500291,311.97343860085675,1,4,43.07142857142857,42.0,-106.0,0.0,-44.0,0.0,11
2025-10-20,FALSE_TREND,10:16:00,10:18:00,TREND_LONG,EARLY_HARD_STOP,long,46688.0,46648.0,-80.0,2,46,-0.1921256831126847,3.667104244508605,60.32895755491336,143.9795153030209,8,0,23.928571428571427,24.533333333333335,29.0,0.0,-40.0,0.0,10
2025-10-20,TRUE_TREND,10:26:00,10:38:00,TREND_LONG,PARTIAL_TP,long,46692.0,46745.0,53.0,12,56,-1.1246310763888883,5.856684366861979,14.146525065101741,151.97506204635283,2,2,19.857142857142858,20.066666666666666,38.0,53.0,0.0,0.0,10
2025-10-20,TRUE_TREND,13:12:00,13:42:00,TREND_LONG,PARTIAL_TP,long,46878.0,46931.0,53.0,30,222,-0.999911644345238,0.8556174790218464,98.12255865019688,334.901138866604,4,0,9.714285714285714,10.0,8.0,53.0,-11.0,0.0,13
2025-10-21,TRUE_TREND,10:06:00,10:18:00,TREND_LONG,PARTIAL_TP,long,46996.0,47051.0,55.0,12,36,-0.9999715016300516,0.5216280632345085,70.43767035590281,103.98312648881983,3,4,26.285714285714285,25.0,58.0,55.0,-3.0,0.0,10
2025-10-21,TRUE_TREND,10:51:00,10:58:00,TREND_LONG,PARTIAL_TP,long,47172.0,47225.0,53.0,7,81,-0.7142711821056547,4.6666748046875,17.999975585938955,289.9620346980664,3,2,18.285714285714285,18.866666666666667,23.0,53.0,0.0,0.0,10
2025-10-22,FALSE_TREND,09:56:00,10:16:00,TREND_SHORT,EXIT_FLAT,short,46999.0,47059.0,-120.0,20,26,-1.5995729417067308,-0.00029296875000000644,76.41110351562384,125.98672418715432,0,6,24.142857142857142,24.333333333333332,-34.0,13.0,-60.0,0.0,9
2025-10-22,FALSE_TREND,11:23:00,11:28:00,TREND_SHORT,EARLY_HARD_STOP,short,46940.0,46982.0,-84.0,5,113,-0.22439762022372003,-2.2723866338315215,53.19725112094602,207.94230128153868,3,3,24.714285714285715,23.866666666666667,-77.0,0.0,-42.0,0.0,11
2025-10-22,TRUE_TREND,12:24:00,12:30:00,TREND_SHORT,PARTIAL_TP,short,46907.0,46742.0,165.0,6,174,-1.3791257345912726,-4.736758858816964,78.79507712039776,233.91115418876143,2,4,19.214285714285715,18.866666666666667,-28.0,165.0,-33.0,0.0,12
2025-10-22,FALSE_TREND,13:41:00,14:21:00,TREND_SHORT,EXIT_FLAT,short,46685.0,46771.0,-172.0,40,251,0.040851299579326976,0.3134265813308028,125.24510779747652,453.8718373386655,4,3,25.785714285714285,26.133333333333333,-98.0,29.0,-86.0,0.0,13
2025-10-23,FALSE_TREND,09:51:00,09:53:00,TREND_LONG,EARLY_HARD_STOP,long,46908.0,46837.0,-142.0,2,21,-4.3330810546875,6.095015506953983,28.049844930457766,205.99302302336582,6,0,29.142857142857142,29.066666666666666,54.0,0.0,-71.0,0.0,9
2025-10-23,FALSE_TREND,10:16:00,10:23:00,TREND_SHORT,EXIT_FLAT,short,46700.0,46763.0,-126.0,7,46,-5.832612879136029,-4.300261896306819,13.321806066174759,208.99162761634216,0,7,28.642857142857142,27.133333333333333,-55.0,13.0,-63.0,0.0,10
2025-10-23,FALSE_TREND,14:07:00,15:50:00,TREND_LONG,EXIT_FLAT,long,46975.0,46901.0,-148.0,103,277,-0.04534705528846153,2.55996121735954,16.161512522980047,304.92046203362406,4,0,12.0,11.466666666666667,21.0,15.0,-74.0,0.0,14
2025-10-24,FALSE_TREND,10:00:00,10:30:00,TREND_LONG,EXIT_FLAT,long,47333.0,47255.0,-156.0,30,30,-0.3843112819797389,5.374279146880106,36.26297535615595,236.98693271236698,4,1,29.928571428571427,30.466666666666665,42.0,22.0,-78.0,0.0,10
2025-10-24,TRUE_TREND,11:21:00,11:47:00,TREND_LONG,PARTIAL_TP,long,47418.0,47471.0,53.0,26,111,-0.999951171875,1.3158750479434544,108.10312380141113,316.95165102844476,6,0,17.285714285714285,16.933333333333334,22.0,53.0,-2.0,0.0,11
2025-10-27,FALSE_TREND,10:07:00,10:17:00,TREND_LONG,EXIT_FLAT,long,47701.0,47632.0,-138.0,10,37,4.943955596458569,10.399595424107142,78.38877328089438,156.9933367150952,5,0,20.142857142857142,20.0,52.0,0.0,-69.0,0.0,10
2025-10-27,FALSE_TREND,15:46:00,16:00:00,TREND_LONG,SESSION_EXIT,long,47713.0,47712.0,-2.0,14,376,-0.017855113500545437,-0.05967339672908463,160.53329573226074,167.90645830122958,4,0,10.071428571428571,9.8,24.0,23.0,-14.0,0.0,15
2025-10-28,FALSE_TREND,13:01:00,13:32:00,TREND_LONG,EXIT_FLAT,long,48103.0,48043.0,-120.0,31,211,0.25347247619118735,0.8183670918815308,115.03503217841353,257.9377496262605,9,0,14.857142857142858,14.2,68.0,3.0,-60.0,0.0,13
2025-10-28,FALSE_TREND,14:19:00,14:33:00,TREND_LONG,EXIT_FLAT,long,48117.0,48048.0,-138.0,14,289,-0.18429467710537817,-0.10450547648729636,94.18661451950175,261.91259145421645,8,0,10.285714285714286,9.733333333333333,39.0,0.0,-69.0,0.0,14
2025-10-29,FALSE_TREND,09:51:00,10:02:00,TREND_LONG,EXIT_FLAT,long,48193.0,48121.0,-144.0,11,21,-2.999597749255952,-8.665917968750003,95.33183593749709,250.98756606591633,3,0,36.285714285714285,36.266666666666666,37.0,11.0,-72.0,0.0,9
2025-10-29,TRUE_TREND,14:35:00,14:38:00,TREND_SHORT,PARTIAL_TP,short,47836.0,47777.0,59.0,3,305,-0.5314435529279279,-0.49393638602040124,52.35182248058118,393.8253037732502,5,2,36.07142857142857,35.86666666666667,-153.0,59.0,0.0,0.0,14
2025-10-30,TRUE_TREND,09:50:00,10:05:00,TREND_LONG,PARTIAL_TP,long,47978.0,48028.0,50.0,15,20,-3.00006103515625,22.553142170329668,36.574923672524164,428.9870594623353,9,0,42.714285714285715,42.666666666666664,144.0,50.0,-20.0,0.0,9
2025-10-31,FALSE_TREND,09:51:00,09:56:00,TREND_LONG,EARLY_HARD_STOP,long,47765.0,47722.0,-86.0,5,21,-0.6316655897556391,8.1658448718843,72.67488723027782,148.9967726340401,5,2,41.57142857142857,40.13333333333333,60.0,6.0,-43.0,0.0,9
2025-10-31,FALSE_TREND,10:45:00,10:49:00,TREND_LONG,EARLY_HARD_STOP,long,47814.0,47769.0,-90.0,4,75,-0.5317765154599073,1.6725608279434865,110.5311009572979,195.9749879476003,9,0,18.928571428571427,18.533333333333335,82.0,0.0,-45.0,0.0,10
2025-10-31,TRUE_TREND,12:58:00,13:20:00,TREND_SHORT,PARTIAL_TP,short,47553.0,47490.0,63.0,22,208,-0.43751565235773016,9.99951171875,138.06210869105416,270.9463451930278,1,6,21.0,21.066666666666666,-46.0,63.0,-35.0,0.0,12
2025-11-03,TRUE_TREND,09:50:00,09:53:00,TREND_SHORT,PARTIAL_TP,short,47569.0,47517.0,52.0,3,20,-7.999995561079546,8.0,5.000057705969084,210.98935904700193,0,7,27.785714285714285,27.266666666666666,-34.0,52.0,-4.0,0.0,9
2025-11-04,TRUE_TREND,09:51:00,10:03:00,TREND_LONG,PARTIAL_TP,long,47253.0,47305.0,52.0,12,21,-4.5,16.399116654829545,198.1008833451706,255.9936271749757,7,0,40.5,40.46666666666667,42.0,52.0,-17.0,0.0,9
2025-11-05,FALSE_TREND,10:08:00,10:13:00,TREND_LONG,EARLY_HARD_STOP,long,47391.0,47345.0,-92.0,5,38,-1.33352720971201,-3.6391008649553576,170.11571506532346,230.98964559080196,1,2,35.285714285714285,34.13333333333333,101.0,0.0,-46.0,0.0,10
2025-11-05,TRUE_TREND,12:02:00,12:19:00,TREND_LONG,PARTIAL_TP,long,47404.0,47456.0,52.0,17,152,1.7097171765087003,-0.6249370213271467,141.99748085308238,255.93832364465197,2,1,21.857142857142858,22.133333333333333,28.0,52.0,-6.0,0.0,12
2025-11-06,TRUE_TREND,09:54:00,09:59:00,TREND_SHORT,PARTIAL_TP,short,47219.0,47156.0,63.0,5,24,-13.886159261067709,2.0,17.68304443359375,250.9869444189535,1,4,36.92857142857143,35.8,-77.0,63.0,-7.0,0.0,9
2025-11-06,FALSE_TREND,10:44:00,10:48:00,TREND_SHORT,EARLY_HARD_STOP,short,47020.0,47069.0,-98.0,4,74,-14.090955116254188,0.15775408416624492,26.909044883745082,447.95727258053375,0,8,30.928571428571427,30.6,-76.0,0.0,-49.0,0.0,10
2025-11-06,TRUE_TREND,11:17:00,11:35:00,TREND_SHORT,PARTIAL_TP,short,46997.0,46934.0,63.0,18,107,-2.4715417684167686,1.500048828125,52.927068786251766,465.9376891592183,1,4,28.071428571428573,28.066666666666666,-19.0,63.0,-28.0,0.0,11
2025-11-07,FALSE_TREND,09:56:00,10:01:00,TREND_LONG,EARLY_HARD_STOP,long,46917.0,46858.0,-118.0,5,26,7.000697631625978,6.300702801872702,22.80910023261822,182.99028682160133,4,2,45.785714285714285,45.333333333333336,69.0,4.0,-59.0,0.0,9
2025-11-07,TRUE_TREND,10:12:00,10:30:00,TREND_LONG,CHOP_TP,long,46912.0,46925.0,26.0,18,42,11.501255580357142,2.0005746768716492,59.9965519387697,207.98057354143384,4,3,40.142857142857146,39.53333333333333,80.0,38.0,-50.0,0.0,10
2025-11-07,TRUE_TREND,11:11:00,11:16:00,TREND_SHORT,PARTIAL_TP,short,46738.0,46688.0,50.0,5,101,-4.4735040838068185,-3.2158012417956408,69.76775995995558,239.96661067574314,0,6,25.928571428571427,25.266666666666666,-24.0,50.0,0.0,0.0,11
2025-11-07,FALSE_TREND,11:41:00,11:43:00,TREND_SHORT,EARLY_HARD_STOP,short,46679.0,46722.0,-86.0,2,131,-3.6823898700104998,-6.658380681770601e-06,27.327048319326423,304.9483983263126,1,4,23.857142857142858,22.933333333333334,-11.0,0.0,-43.0,0.0,11
2025-11-07,TRUE_TREND,11:55:00,12:07:00,TREND_SHORT,PARTIAL_TP,short,46654.0,46593.0,61.0,12,145,-2.9076472976738006,0.15368088942307698,46.20351078143722,322.93989925704955,0,4,26.714285714285715,27.333333333333332,-39.0,61.0,0.0,0.0,11
2025-11-07,TRUE_TREND,14:39:00,14:41:00,TREND_LONG,PARTIAL_TP,long,46993.0,47043.0,50.0,2,309,3.0770981493407743,2.562904726509784,30.31776144462492,424.9077241436971,10,0,20.142857142857142,19.666666666666668,60.0,50.0,0.0,0.0,14
2025-11-07,TRUE_TREND,15:57:00,16:00:00,TREND_LONG,SESSION_EXIT,long,47066.0,47111.0,90.0,3,387,1.5558268229166667,1.4166634739833432,63.748471369013714,494.86037205552566,4,3,25.928571428571427,25.0,28.0,45.0,0.0,0.0,15
2025-11-10,FALSE_TREND,09:53:00,09:55:00,TREND_SHORT,EARLY_HARD_STOP,short,47248.0,47288.0,-80.0,2,23,-7.778734546703297,0.9088361536561265,63.88506181318371,188.9929060738068,1,7,30.5,30.0,-83.0,0.0,-40.0,0.0,9
2025-11-10,FALSE_TREND,09:59:00,10:13:00,TREND_SHORT,EXIT_FLAT,short,47222.0,47282.0,-120.0,14,29,-7.857899738971453,4.199818638392857,34.42630078308139,200.98986575905292,0,5,29.428571428571427,28.8,-32.0,3.0,-60.0,0.0,9
2025-11-10,FALSE_TREND,10:19:00,10:23:00,TREND_SHORT,EARLY_HARD_STOP,short,47200.0,47243.0,-86.0,4,49,-3.828231342022235,2.4439342151988637,55.87074631910946,223.97973151810584,4,1,22.857142857142858,22.666666666666668,-55.0,0.0,-43.0,0.0,10
2025-11-10,TRUE_TREND,10:38:00,10:50:00,TREND_SHORT,PARTIAL_TP,short,47181.0,47131.0,50.0,12,68,-3.1598747391647795,-0.0003178573204226143,42.567390389274806,242.97010405291076,1,4,20.785714285714285,20.8,-18.0,50.0,0.0,0.0,10
2025-11-10,TRUE_TREND,14:06:00,14:52:00,TREND_LONG,PARTIAL_TP,long,47431.0,47488.0,57.0,46,276,2.1313202958384303,2.3936118728212588,202.68423025726224,402.90828539549693,5,2,10.0,9.533333333333333,30.0,57.0,-39.0,0.0,14
2025-11-10,FALSE_TREND,15:13:00,15:17:00,TREND_LONG,EARLY_HARD_STOP,long,47507.0,47464.0,-86.0,4,343,0.0001339102149906063,1.9171790313758652,21.99674369747663,476.87433575202886,6,1,10.214285714285714,10.0,15.0,0.0,-43.0,0.0,15
2025-11-11,FALSE_TREND,09:59:00,10:06:00,TREND_LONG,EXIT_FLAT,long,47585.0,47508.0,-154.0,7,29,8.2506103515625,-1.545405621130031,66.8178393479102,110.98378526675515,4,3,24.071428571428573,24.6,41.0,0.0,-77.0,0.0,9
2025-11-11,FALSE_TREND,10:41:00,10:43:00,TREND_LONG,EARLY_HARD_STOP,long,47654.0,47608.0,-92.0,2,71,-0.8747277462121213,1.000242716075646,120.9939320981066,172.95759220396576,1,4,20.142857142857142,19.933333333333334,55.0,0.0,-46.0,0.0,10
2025-11-11,TRUE_TREND,12:15:00,12:48:00,TREND_LONG,PARTIAL_TP,long,47826.0,47883.0,57.0,33,165,-0.7999941871279762,3.5115253031332343,23.981361359001312,346.89896967469394,3,0,16.0,15.733333333333333,31.0,57.0,-13.0,0.0,12
2025-11-11,TRUE_TREND,13:16:00,14:48:00,TREND_LONG,CHOP_TP,long,47991.0,48036.0,90.0,92,226,1.4056581439392105e-05,0.6249959757039836,25.875052315845096,507.8609274239716,1,3,13.571428571428571,13.333333333333334,34.0,45.0,-51.0,0.0,13
2025-11-11,TRUE_TREND,15:01:00,16:00:00,TREND_LONG,SESSION_EXIT,long,48052.0,48057.0,10.0,59,331,-2.75,0.07895383245224834,114.894400712481,573.7954447669908,3,2,12.285714285714286,11.933333333333334,13.0,27.0,-50.0,0.0,15
2025-11-12,TRUE_TREND,09:55:00,09:59:00,TREND_LONG,PARTIAL_TP,long,48466.0,48518.0,52.0,4,25,-6.0,5.999751700935783,37.00248299063969,327.9895734426609,7,0,26.285714285714285,26.533333333333335,19.0,52.0,0.0,0.0,9
2025-11-13,FALSE_TREND,09:56:00,10:01:00,TREND_SHORT,EARLY_HARD_STOP,short,48203.0,48246.0,-86.0,5,26,1.2219538762019233,0.06644753848805152,91.10976938100794,139.98139204540348,4,3,32.285714285714285,33.4,-74.0,0.0,-43.0,0.0,9
2025-11-13,TRUE_TREND,10:34:00,10:44:00,TREND_SHORT,PARTIAL_TP,short,48165.0,48115.0,50.0,10,64,-1.777636383033327,-0.24171215449168074,89.89199957326491,168.94925098135718,0,10,24.357142857142858,24.066666666666666,-59.0,50.0,-17.0,0.0,10
2025-11-13,TRUE_TREND,11:39:00,11:43:00,TREND_SHORT,PARTIAL_TP,short,47912.0,47862.0,50.0,4,129,-3.8736543266691172,0.2501584160596804,82.25839259845816,420.8942729014525,4,5,27.428571428571427,27.133333333333333,-100.0,50.0,0.0,0.0,11
2025-11-13,TRUE_TREND,13:17:00,13:30:00,TREND_SHORT,PARTIAL_TP,short,47809.0,47751.0,58.0,13,227,-1.9997863601852248,2.5999197823660714,72.00940015185188,522.8113828187634,0,5,22.071428571428573,21.4,-57.0,58.0,-18.0,0.0,13
2025-11-13,FALSE_TREND,15:20:00,15:35:00,TREND_SHORT,EXIT_FLAT,short,47520.0,47597.0,-154.0,15,350,-2.185026865426284,0.07654439066792586,45.44919403720996,807.707347429794,0,2,24.428571428571427,25.066666666666666,-53.0,11.0,-77.0,0.0,15
2025-11-14,FALSE_TREND,10:05:00,10:09:00,TREND_SHORT,EARLY_HARD_STOP,short,46978.0,47035.0,-114.0,4,35,-2.273547602634804,-3.375735104739011,81.23150906997762,263.98086681670975,4,3,39.285714285714285,40.333333333333336,-72.0,0.0,-57.0,0.0,10
2025-11-14,TRUE_TREND,10:40:00,10:46:00,TREND_LONG,PARTIAL_TP,long,47181.0,47231.0,50.0,6,70,1.6738438618882332,15.249609374999999,69.248046875,270.98086681670975,2,4,35.642857142857146,36.4,39.0,50.0,-16.0,0.0,10
2025-11-14,TRUE_TREND,11:13:00,11:24:00,TREND_LONG,PARTIAL_TP,long,47264.0,47319.0,55.0,11,103,4.50013950892857,-3.2939636471714424,72.76378188302624,335.9628270079338,2,3,28.857142857142858,29.066666666666666,95.0,55.0,-21.0,0.0,11
2025-11-17,FALSE_TREND,13:41:00,13:45:00,TREND_SHORT,EARLY_HARD_STOP,short,46943.0,46994.0,-102.0,4,251,-4.000248622227382,-3.897755313132773,195.01320307885908,359.8052164634646,1,4,19.0,18.133333333333333,-22.0,0.0,-51.0,0.0,13
2025-11-17,TRUE_TREND,13:55:00,13:58:00,TREND_SHORT,PARTIAL_TP,short,46912.0,46858.0,54.0,3,265,1.6314119674813035,1.3072458791208792,122.41988377236703,386.79394803455216,3,3,26.642857142857142,24.733333333333334,-99.0,54.0,0.0,0.0,13
2025-11-18,TRUE_TREND,10:02:00,10:04:00,TREND_SHORT,PARTIAL_TP,short,46130.0,46069.0,61.0,2,32,-8.4996337890625,-8.186836436533916,62.988650562670955,288.9917006617907,2,2,50.57142857142857,48.733333333333334,-77.0,61.0,0.0,0.0,10
2025-11-18,FALSE_TREND,11:01:00,11:07:00,TREND_SHORT,EXIT_FLAT,short,46000.0,46076.0,-152.0,6,91,-0.5459093879250918,-0.8002674130603818,66.32106730266969,403.9628970666163,2,3,38.5,37.8,-87.0,0.0,-76.0,0.0,11
2025-11-18,FALSE_TREND,13:11:00,13:20:00,TREND_LONG,EXIT_FLAT,long,46393.0,46333.0,-120.0,9,221,1.2000518146627361,20.000244140625,127.40190220982913,421.93751087488636,4,2,29.357142857142858,28.6,1.0,0.0,-60.0,0.0,13
2025-11-19,TRUE_TREND,09:56:00,10:00:00,TREND_LONG,PARTIAL_TP,long,46221.0,46272.0,51.0,4,26,-1.42779541015625,-3.1330649010220863,118.66532450511295,123.98968646093999,3,2,33.214285714285715,32.86666666666667,73.0,51.0,0.0,0.0,9
2025-11-19,TRUE_TREND,10:56:00,11:06:00,TREND_SHORT,PARTIAL_TP,short,46089.0,46039.0,50.0,10,86,-7.273428252249054,-4.500670286986205,114.27744997415721,287.9832405530615,0,9,25.142857142857142,24.733333333333334,-47.0,50.0,-24.0,0.0,10
2025-11-19,FALSE_TREND,12:37:00,12:41:00,TREND_SHORT,EARLY_HARD_STOP,short,46000.0,46067.0,-134.0,4,187,0.0002076742360049064,-2.181750067349138,97.91847438671539,395.9398378329133,3,3,29.857142857142858,29.333333333333332,-81.0,0.0,-67.0,0.0,12
2025-11-19,FALSE_TREND,14:47:00,14:51:00,TREND_SHORT,EARLY_HARD_STOP,short,45979.0,46032.0,-106.0,4,317,-0.33337402343749994,-2.486629316732802,97.5330412142066,400.88397300978977,0,5,21.0,20.266666666666666,-16.0,0.0,-53.0,0.0,14
2025-11-20,FALSE_TREND,10:23:00,10:54:00,TREND_LONG,EXIT_FLAT,long,46894.0,46820.0,-148.0,31,53,5.500139825994319,-0.33309276170574614,66.66474209364969,229.9385419183236,5,2,32.07142857142857,31.133333333333333,56.0,34.0,-74.0,0.0,10
2025-11-20,TRUE_TREND,11:12:00,11:15:00,TREND_SHORT,PARTIAL_TP,short,46660.0,46598.0,62.0,3,102,-8.142585908903342,-7.154058029972538,158.63158181132167,285.9675314511187,1,5,26.428571428571427,25.533333333333335,-73.0,62.0,0.0,0.0,11
2025-11-20,FALSE_TREND,12:35:00,12:38:00,TREND_SHORT,EARLY_HARD_STOP,short,45866.0,45941.0,-150.0,3,185,-14.29550316220238,-11.000258091517857,8.52248418898671,1082.8712857356877,3,1,58.714285714285715,59.266666666666666,-148.0,0.0,-75.0,0.0,12
2025-11-20,FALSE_TREND,12:45:00,12:58:00,TREND_SHORT,EXIT_FLAT,short,45848.0,45918.0,-140.0,13,195,-24.473096284412204,-18.251538085937497,35.89238513765304,1116.859689922574,2,2,49.07142857142857,51.2,-100.0,26.0,-70.0,0.0,12
2025-11-21,FALSE_TREND,10:24:00,10:27:00,TREND_LONG,EARLY_HARD_STOP,long,46108.0,46060.0,-96.0,3,54,2.33358944163603,-1.9998212926528032,94.32998001996748,256.96960621931066,3,3,54.5,54.8,72.0,19.0,-48.0,0.0,10
2025-11-21,TRUE_TREND,11:29:00,11:36:00,TREND_LONG,PARTIAL_TP,long,46163.0,46233.0,70.0,7,119,0.6155228365384616,1.9280093096689896,158.9570253660204,311.91621160945215,10,0,43.92857142857143,42.6,57.0,70.0,-2.0,0.0,11
2025-11-24,TRUE_TREND,10:15:00,10:43:00,TREND_LONG,PARTIAL_TP,long,46480.0,46538.0,58.0,28,45,4.512075448965097,-3.9995989118303577,42.90219314376736,317.98708860889747,2,5,34.357142857142854,34.06666666666667,67.0,58.0,-52.0,0.0,10
2025-11-25,TRUE_TREND,10:44:00,10:46:00,TREND_LONG,PARTIAL_TP,long,46869.0,46919.0,50.0,2,74,2.212694523522444,11.948887204917478,79.84088201496343,478.9532209514,7,2,28.285714285714285,30.533333333333335,81.0,50.0,0.0,0.0,10
2025-11-25,TRUE_TREND,11:50:00,12:03:00,TREND_LONG,PARTIAL_TP,long,46930.0,46987.0,57.0,13,140,0.8184412761342755,3.3749007340315935,15.578760248521576,534.8960463650365,4,1,20.785714285714285,20.533333333333335,62.0,57.0,-5.0,0.0,11
2025-11-25,TRUE_TREND,14:34:00,14:55:00,TREND_LONG,PARTIAL_TP,long,47093.0,47144.0,51.0,21,304,2.625109408007357,0.10521411470334102,27.846372020809213,700.7539764359681,6,1,13.428571428571429,12.533333333333333,9.0,51.0,-32.0,0.0,14
2025-11-25,TRUE_TREND,15:35:00,15:47:00,TREND_LONG,CHOP_TP,long,47200.0,47230.0,60.0,12,365,-0.5552634499289772,0.5714858905828271,47.14257054708287,804.7011333720802,4,5,12.928571428571429,12.666666666666666,41.0,30.0,-8.0,0.0,15
2025-11-25,FALSE_TREND,15:51:00,15:59:00,TREND_LONG,EXIT_FLAT,long,47237.0,47175.0,-124.0,8,381,-1.9996337890625,0.5716287734161398,77.99579575825919,836.6872728486924,3,3,17.642857142857142,17.133333333333333,22.0,12.0,-62.0,0.0,15
2025-11-26,TRUE_TREND,10:58:00,11:12:00,TREND_LONG,CHOP_TP,long,47468.0,47510.0,84.0,14,88,2.0002710958086296,1.8237377541863624,24.397050216379284,224.9632128455196,5,2,17.571428571428573,17.6,57.0,42.0,0.0,0.0,10
2025-11-26,TRUE_TREND,11:21:00,11:45:00,TREND_LONG,PARTIAL_TP,long,47533.0,47585.0,52.0,24,111,-1.333251953125,2.5585429216909974,61.69471009008703,291.9535980369765,5,1,14.357142857142858,14.0,12.0,52.0,-16.0,0.0,11
2025-11-28,TRUE_TREND,10:02:00,10:15:00,TREND_LONG,PARTIAL_TP,long,47626.0,47676.0,50.0,13,32,-1.0,2.666637155162546,31.66743396577658,113.99171237328119,3,2,15.0,14.466666666666667,40.0,50.0,-13.0,0.0,10
2025-12-01,TRUE_TREND,09:50:00,09:55:00,TREND_LONG,PARTIAL_TP,long,47614.0,47672.0,58.0,5,20,-11.0006103515625,6.3568704476033835,35.22007184709946,168.99136647863634,5,1,28.285714285714285,27.8,60.0,58.0,0.0,0.0,9
2025-12-01,TRUE_TREND,10:27:00,10:34:00,TREND_SHORT,PARTIAL_TP,short,47443.0,47387.0,56.0,7,57,-8.421008120381774,-6.600644181099131,97.55007621652476,287.98748130718013,0,7,24.5,24.333333333333332,-46.0,56.0,-7.0,0.0,10
2025-12-01,TRUE_TREND,15:52:00,15:56:00,TREND_SHORT,PARTIAL_TP,short,47380.0,47327.0,53.0,4,382,-16.0,-0.7391065486964752,122.16990018100478,345.8471858613557,3,6,16.142857142857142,15.533333333333333,-32.0,53.0,-2.0,0.0,15
2025-12-02,FALSE_TREND,10:05:00,10:27:00,TREND_LONG,EXIT_FLAT,long,47529.0,47465.0,-128.0,22,35,5.0438654764289526,12.998779296875,111.993896484375,205.99220347115624,8,0,25.642857142857142,25.666666666666668,73.0,38.0,-64.0,0.0,10
2025-12-02,TRUE_TREND,10:55:00,11:02:00,TREND_LONG,PARTIAL_TP,long,47587.0,47640.0,53.0,7,85,-1.9996512276785716,0.00037096692370129094,192.99258066152834,263.9736403013085,4,0,20.928571428571427,21.333333333333332,33.0,53.0,0.0,0.0,10
2025-12-03,TRUE_TREND,10:03:00,10:31:00,TREND_LONG,PARTIAL_TP,long,47662.0,47721.0,59.0,28,33,-0.10480617437147555,1.2613105433934937,127.38689456606517,195.9794198259915,6,0,32.285714285714285,32.46666666666667,81.0,59.0,-58.0,0.0,10
2025-12-03,FALSE_TREND,11:18:00,11:57:00,TREND_LONG,EXIT_FLAT,long,47791.0,47714.0,-154.0,39,108,-1.7493598090277775,1.0668109512444315,72.59913429253356,316.9326464846454,2,3,23.714285714285715,23.266666666666666,49.0,46.0,-77.0,0.0,11
2025-12-03,TRUE_TREND,12:21:00,13:11:00,TREND_LONG,PARTIAL_TP,long,47865.0,47921.0,56.0,50,171,-0.17940914157246846,-0.9258468831167425,157.22032519480126,387.89335699500225,8,0,17.285714285714285,17.0,30.0,56.0,-17.0,0.0,12
2025-12-03,FALSE_TREND,15:10:00,15:58:00,TREND_LONG,EXIT_FLAT,long,48028.0,47965.0,-126.0,48,340,-1.33330078125,1.4916654709462895,20.108564107365964,550.787961124377,4,0,10.142857142857142,9.466666666666667,29.0,0.0,-63.0,0.0,15
2025-12-04,FALSE_TREND,09:50:00,10:21:00,TREND_SHORT,EXIT_FLAT,short,47900.0,47965.0,-130.0,31,20,-11.78441592945772,7.999999999999999,22.449345128676214,236.99310873314244,1,5,34.07142857142857,34.0,-46.0,38.0,-65.0,0.0,9
2025-12-04,FALSE_TREND,12:09:00,12:27:00,TREND_SHORT,EXIT_FLAT,short,47856.0,47919.0,-126.0,18,159,-0.8749588294759987,-1.0365146985588363,40.121749691839796,277.9367625403538,0,9,15.785714285714286,15.2,-41.0,9.0,-63.0,0.0,12
2025-12-04,FALSE_TREND,14:19:00,14:35:00,TREND_SHORT,EXIT_FLAT,short,47825.0,47901.0,-152.0,16,289,-0.058784190513387555,-1.729987481214609,77.06747808705404,307.8840646573153,0,8,15.214285714285714,14.866666666666667,-73.0,48.0,-76.0,0.0,14
2025-12-05,TRUE_TREND,09:53:00,10:02:00,TREND_LONG,PARTIAL_TP,long,48091.0,48143.0,52.0,9,23,-9.999755859375,6.249961779792049,40.500687963743985,159.9930522362556,4,4,31.928571428571427,31.733333333333334,35.0,52.0,-21.0,0.0,9
2025-12-05,FALSE_TREND,11:40:00,11:56:00,TREND_SHORT,EXIT_FLAT,short,47940.0,48000.0,-120.0,16,130,-4.199764034157079,-1.8093228766181169,119.37911021659966,251.9716047123802,0,5,23.571428571428573,23.133333333333333,-52.0,9.0,-60.0,0.0,11
2025-12-08,TRUE_TREND,10:59:00,11:01:00,TREND_SHORT,PARTIAL_TP,short,47826.0,47765.0,61.0,2,89,-1.4636193643997915,-1.4483229014107497,45.59961625854339,214.96426915651682,0,8,15.5,15.066666666666666,-24.0,61.0,0.0,0.0,10
2025-12-08,FALSE_TREND,12:26:00,12:54:00,TREND_SHORT,EXIT_FLAT,short,47762.0,47826.0,-128.0,28,176,-1.6248221446242905,-2.315663835272342,48.61008798392868,289.92934115579556,3,2,14.0,13.933333333333334,-19.0,0.0,-64.0,0.0,12
2025-12-08,TRUE_TREND,13:27:00,13:35:00,TREND_SHORT,PARTIAL_TP,short,47738.0,47686.0,52.0,8,237,-0.49462330840816315,0.05453003981140595,87.64517067297857,299.9048514568931,1,3,13.071428571428571,12.2,-29.0,52.0,0.0,0.0,13
2025-12-09,FALSE_TREND,09:51:00,10:06:00,TREND_LONG,EXIT_FLAT,long,47957.0,47896.0,-122.0,15,21,1.600710227272727,4.265770427489178,60.41882102272939,194.99042316142004,6,1,31.571428571428573,31.266666666666666,97.0,44.0,-61.0,0.0,9
2025-12-09,TRUE_TREND,12:36:00,12:46:00,TREND_SHORT,PARTIAL_TP,short,47749.0,47690.0,59.0,10,186,-17.999951171875,-0.858620808811644,82.99980468749709,255.92703361807799,2,7,20.071428571428573,19.4,-86.0,59.0,0.0,0.0,12
2025-12-09,FALSE_TREND,13:45:00,13:48:00,TREND_SHORT,EARLY_HARD_STOP,short,47601.0,47645.0,-88.0,3,255,-2.423003159878093,2.4999755859375,56.620744914835086,405.895566895495,0,6,14.714285714285714,13.733333333333333,-20.0,0.0,-44.0,0.0,13
2025-12-09,FALSE_TREND,15:58:00,16:00:00,TREND_SHORT,SESSION_EXIT,short,47595.0,47614.0,-38.0,2,388,-0.4285489979036734,0.022724211660479644,62.42996212997241,419.834913711893,2,3,15.642857142857142,15.533333333333333,-36.0,0.0,-24.0,0.0,15
2025-12-10,TRUE_TREND,09:55:00,09:57:00,TREND_LONG,PARTIAL_TP,long,47670.0,47721.0,51.0,2,25,-0.6665893554687496,-1.4994512648809517,63.998902529761835,177.9855401602763,4,0,29.928571428571427,29.933333333333334,22.0,51.0,0.0,0.0,9
2025-12-10,TRUE_TREND,14:33:00,14:35:00,TREND_LONG,PARTIAL_TP,long,47975.0,48055.0,80.0,2,303,-0.4001359675480769,0.22225822816456453,220.00210297478043,480.77397104215197,4,4,36.57142857142857,35.6,139.0,80.0,0.0,0.0,14
2025-12-10,TRUE_TREND,14:54:00,14:58:00,TREND_LONG,PARTIAL_TP,long,48093.0,48147.0,54.0,4,324,-0.23415529863261098,31.999999999999996,4.0,616.7579891811838,6,0,53.714285714285715,58.46666666666667,119.0,54.0,0.0,0.0,14
2025-12-11,TRUE_TREND,10:24:00,10:27:00,TREND_LONG,PARTIAL_TP,long,48480.0,48531.0,51.0,3,54,9.165919411945811,9.840609595889138,143.1895973944629,321.9629555090505,2,2,29.285714285714285,29.6,51.0,51.0,0.0,0.0,10
2025-12-12,TRUE_TREND,10:13:00,10:28:00,TREND_SHORT,PARTIAL_TP,short,48778.0,48700.0,78.0,15,43,-6.1430227568655305,-3.3751056305026124,5.393656539876247,155.9860381342005,0,6,29.071428571428573,28.933333333333334,-28.0,78.0,-6.0,0.0,10
2025-12-12,TRUE_TREND,10:56:00,10:58:00,TREND_SHORT,PARTIAL_TP,short,48635.0,48543.0,92.0,2,86,3.714106758004926,0.16637920673076914,204.85517433805217,276.9610231977931,1,8,30.928571428571427,30.066666666666666,-92.0,92.0,-8.0,0.0,10
2025-12-12,FALSE_TREND,11:21:00,11:25:00,TREND_SHORT,EARLY_HARD_STOP,short,48421.0,48486.0,-130.0,4,111,-8.664672335084335,1.8570312500000001,546.2934467016821,495.9464796119646,3,2,39.42857142857143,39.06666666666667,-65.0,0.0,-65.0,0.0,11
2025-12-12,FALSE_TREND,11:37:00,11:44:00,TREND_SHORT,EXIT_FLAT,short,48388.0,48467.0,-158.0,7,127,-11.99951171875,1.0,12.0009765625,526.9371717014365,1,5,35.42857142857143,34.86666666666667,-48.0,24.0,-79.0,0.0,11
2025-12-15,TRUE_TREND,09:59:00,10:14:00,TREND_SHORT,PARTIAL_TP,short,48503.0,48452.0,51.0,15,29,-9.428902420343135,6.99969482421875,20.571097579653724,209.98816045974672,1,6,30.714285714285715,29.866666666666667,-16.0,51.0,-31.0,0.0,9
2025-12-15,FALSE_TREND,11:46:00,11:50:00,TREND_SHORT,EARLY_HARD_STOP,short,48347.0,48389.0,-84.0,4,136,0.5741353849085363,-5.52929608007733,77.76226818213036,368.94124107520474,1,3,27.928571428571427,26.266666666666666,-38.0,7.0,-42.0,0.0,11
2025-12-15,FALSE_TREND,12:50:00,13:03:00,TREND_SHORT,EXIT_FLAT,short,48324.0,48405.0,-162.0,13,200,2.2627076522163723,-17.157607886904767,48.84071460037376,391.9131770968597,3,2,23.714285714285715,22.6,-108.0,11.0,-81.0,0.0,12
2025-12-16,FALSE_TREND,10:03:00,10:05:00,TREND_SHORT,EARLY_HARD_STOP,short,48291.0,48339.0,-96.0,2,33,-0.32419093999647547,1.2492053462009807,181.1097087200469,193.98305347408314,1,6,34.714285714285715,33.2,-106.0,0.0,-48.0,0.0,10
2025-12-16,TRUE_TREND,10:15:00,10:21:00,TREND_SHORT,PARTIAL_TP,short,48279.0,48213.0,66.0,6,45,-2.9998199261528304,0.3989213423295454,122.0043217723287,205.97649350196298,3,3,42.42857142857143,40.2,-59.0,66.0,0.0,0.0,10
2025-12-16,TRUE_TREND,12:27:00,12:43:00,TREND_SHORT,PARTIAL_TP,short,48140.0,48080.0,60.0,16,177,-0.12472914851916375,-1.2070670215201431,30.121064469705743,356.90433399191534,1,8,17.428571428571427,15.133333333333333,-75.0,60.0,-46.0,0.0,12
2025-12-17,FALSE_TREND,09:50:00,09:53:00,TREND_LONG,EARLY_HARD_STOP,long,48350.0,48309.0,-82.0,3,20,7.500244140625,2.8003981817336308,50.199601818269,180.98891080173053,2,3,36.07142857142857,36.2,96.0,0.0,-41.0,0.0,9
2025-12-17,FALSE_TREND,09:57:00,10:01:00,TREND_LONG,EARLY_HARD_STOP,long,48379.0,48326.0,-106.0,4,27,-2.799525669642857,-0.3330566406250002,68.66611328125146,207.98502965205262,4,2,35.142857142857146,33.666666666666664,61.0,0.0,-53.0,0.0,9
2025-12-17,TRUE_TREND,10:41:00,10:45:00,TREND_SHORT,PARTIAL_TP,short,48182.0,48126.0,56.0,4,71,-7.999090576171875,-2.5912542849170923,53.99909057617333,234.98059387979447,0,6,28.928571428571427,27.533333333333335,-39.0,56.0,0.0,0.0,10
2025-12-17,FALSE_TREND,11:51:00,11:53:00,TREND_SHORT,EARLY_HARD_STOP,short,47977.0,48024.0,-94.0,2,141,-0.9999662482180373,-0.5335892427884615,76.66505262201099,434.9417818252841,3,2,27.0,25.4,-55.0,0.0,-47.0,0.0,11
2025-12-17,FALSE_TREND,13:40:00,14:49:00,TREND_SHORT,EXIT_FLAT,short,47930.0,47991.0,-122.0,69,250,-0.33356639963297563,0.8751953124999998,51.00086330110207,481.88134590385744,3,2,15.642857142857142,14.666666666666666,-38.0,16.0,-61.0,0.0,13
2025-12-17,FALSE_TREND,15:53:00,16:00:00,TREND_SHORT,SESSION_EXIT,short,47903.0,47923.0,-40.0,7,383,0.36500189067580613,-0.36618536562928655,94.34593924614455,501.80760294451466,3,6,18.642857142857142,18.2,-45.0,17.0,-20.0,0.0,15
2025-12-18,TRUE_TREND,10:37:00,10:44:00,TREND_LONG,PARTIAL_TP,long,48329.0,48380.0,51.0,7,67,0.9347283796416106,8.000627790178571,7.499363897710282,288.97380697641347,6,2,27.642857142857142,26.933333333333334,96.0,51.0,-10.0,0.0,10
2025-12-18,TRUE_TREND,12:09:00,12:15:00,TREND_SHORT,PARTIAL_TP,short,48025.0,47958.0,67.0,6,159,-1.2504463751128054,-3.202440313463134,37.50602555034129,363.95416214011493,0,9,24.928571428571427,19.733333333333334,-140.0,67.0,0.0,0.0,12
2025-12-22,TRUE_TREND,11:10:00,12:39:00,TREND_LONG,CHOP_TP,long,48713.0,48726.0,26.0,89,100,1.6001763687783461,1.5346225470935766,15.879481722804485,189.9705718220721,7,1,17.428571428571427,16.866666666666667,31.0,44.0,-29.0,0.0,11
2025-12-22,FALSE_TREND,12:53:00,13:21:00,TREND_LONG,EXIT_FLAT,long,48780.0,48719.0,-122.0,28,203,-0.5711507161458333,1.1110570567695635,48.230870916871936,255.94026078350726,2,0,13.0,13.0,30.0,0.0,-61.0,0.0,12
2025-12-23,TRUE_TREND,09:50:00,10:35:00,TREND_LONG,PARTIAL_TP,long,48700.0,48766.0,66.0,45,20,-5.000244140625,0.5,51.500244140625,149.99333484355157,4,0,28.285714285714285,27.2,45.0,66.0,-53.0,0.0,9
2025-12-23,FALSE_TREND,13:07:00,16:00:00,TREND_LONG,SESSION_EXIT,long,48801.0,48741.0,-120.0,173,217,-0.07322547095935296,0.7440998656515885,27.784767820303387,249.92768268381042,4,2,8.428571428571429,8.133333333333333,23.0,48.0,-60.0,0.0,13
2025-12-24,TRUE_TREND,10:15:00,10:35:00,TREND_LONG,CHOP_TP,long,48899.0,48923.0,48.0,20,45,6.841244904892685e-05,4.348627408596839,10.311766613143845,221.98057443220023,6,2,14.428571428571429,13.8,27.0,34.0,-16.0,0.0,10
2025-12-24,TRUE_TREND,11:14:00,11:38:00,TREND_LONG,PARTIAL_TP,long,48978.0,49032.0,54.0,24,104,-0.16663721613672777,2.669686874345694,13.352565068045806,297.95510545733123,3,1,10.928571428571429,11.2,26.0,54.0,-18.0,0.0,11
2025-12-26,FALSE_TREND,12:10:00,15:35:00,TREND_SHORT,EXIT_FLAT,short,48912.0,48972.0,-120.0,205,160,-1.0901238155825248,0.2776589759310385,28.52836133524397,160.96697511006641,0,2,11.5,10.866666666666667,-16.0,34.0,-60.0,0.0,12
2025-12-29,TRUE_TREND,10:04:00,10:50:00,TREND_SHORT,PARTIAL_TP,short,48803.0,48745.0,58.0,46,34,-1.9996744791666667,0.15354352678571442,64.00358072916424,184.98835927993787,0,5,23.714285714285715,24.933333333333334,-40.0,58.0,-16.0,0.0,10
2025-12-29,FALSE_TREND,11:38:00,13:33:00,TREND_SHORT,EXIT_FLAT,short,48711.0,48771.0,-120.0,115,128,-0.7144022481424825,0.5836195054945055,43.43142282521876,275.9552009118197,5,5,13.142857142857142,12.933333333333334,-45.0,43.0,-60.0,0.0,11
2025-12-31,FALSE_TREND,10:55:00,11:50:00,TREND_SHORT,EXIT_FLAT,short,48451.0,48517.0,-132.0,55,85,-2.0755497243410446,0.9999267578125001,34.57827343101235,218.9676971866138,0,6,11.285714285714286,11.4,-11.0,4.0,-66.0,0.0,10
2025-12-31,TRUE_TREND,14:53:00,15:01:00,TREND_SHORT,PARTIAL_TP,short,48436.0,48386.0,50.0,8,323,-0.3369184158291578,0.004832538967211153,117.18535233133298,229.87724937284656,0,7,10.785714285714286,10.333333333333334,-28.0,50.0,-3.0,0.0,14
2025-12-31,FALSE_TREND,15:58:00,16:00:00,TREND_SHORT,SESSION_EXIT,short,48347.0,48371.0,-48.0,2,388,-0.33694053021879256,-8.466748768464968e-05,183.267074275107,319.8525472401743,1,7,18.5,17.8,-23.0,8.0,-24.0,0.0,15
2026-01-02,FALSE_TREND,11:15:00,11:44:00,TREND_LONG,EXIT_FLAT,long,48467.0,48396.0,-142.0,29,105,0.4413832552428992,3.857217684659092,17.15929858592426,378.947964693034,6,0,32.5,32.4,44.0,38.0,-71.0,0.0,11
2026-01-02,FALSE_TREND,12:30:00,12:35:00,TREND_LONG,EARLY_HARD_STOP,long,48509.0,48468.0,-82.0,5,180,4.999946314452056,-0.6325624526700215,136.03817848467588,430.9041147835378,3,3,21.0,21.133333333333333,45.0,0.0,-41.0,0.0,12
2026-01-02,TRUE_TREND,14:13:00,14:29:00,TREND_LONG,PARTIAL_TP,long,48526.0,48577.0,51.0,16,283,0.7332022268237878,-0.3426621115621501,136.89302815178962,449.84389417711645,6,0,22.928571428571427,22.666666666666668,69.0,51.0,-13.0,0.0,14
2026-01-05,TRUE_TREND,10:01:00,10:25:00,TREND_LONG,PARTIAL_TP,long,49208.0,49266.0,58.0,24,31,5.875992838541666,2.44406013501892,43.00691756966262,538.9748067689579,7,1,42.357142857142854,42.0,67.0,58.0,-28.0,0.0,10
2026-01-05,FALSE_TREND,11:22:00,11:35:00,TREND_LONG,EXIT_FLAT,long,49338.0,49268.0,-140.0,13,112,0.00024414062500001334,2.301124191331363,49.18870505819359,671.9089791976294,3,2,19.714285714285715,19.133333333333333,37.0,5.0,-70.0,0.0,11
2026-01-05,TRUE_TREND,11:58:00,12:44:00,TREND_LONG,CHOP_TP,long,49370.0,49392.0,44.0,46,148,-8.326672684688674e-17,1.8672079617965933,61.926925157458754,706.8797224235677,6,0,15.5,15.466666666666667,9.0,34.0,-19.0,0.0,11
2026-01-05,TRUE_TREND,12:47:00,14:02:00,TREND_LONG,CHOP_TP,long,49422.0,49453.0,62.0,75,197,-0.07399105949197862,1.769608300273617,29.39207274965156,752.839900873616,4,0,14.357142857142858,13.8,25.0,37.0,-44.0,0.0,12
2026-01-06,TRUE_TREND,10:02:00,10:12:00,TREND_LONG,PARTIAL_TP,long,49357.0,49409.0,52.0,10,32,2.700528231534091,0.5835115131578951,77.66595394736942,225.97920152830193,7,4,35.57142857142857,35.53333333333333,112.0,52.0,0.0,0.0,10
2026-01-06,TRUE_TREND,11:24:00,12:01:00,TREND_LONG,PARTIAL_TP,long,49457.0,49508.0,51.0,37,114,1.6003159366833624,-0.629104262672811,89.61491935484082,317.92590532881877,3,3,15.428571428571429,15.266666666666667,44.0,51.0,-31.0,0.0,11
2026-01-06,TRUE_TREND,12:46:00,13:40:00,TREND_LONG,PARTIAL_TP,long,49638.0,49688.0,50.0,54,196,-0.5712650844029017,3.085982878680493,19.84102727917343,498.8726091293356,3,2,12.0,11.8,27.0,50.0,-9.0,0.0,12
2026-01-06,TRUE_TREND,13:59:00,14:17:00,TREND_LONG,CHOP_TP,long,49707.0,49736.0,58.0,18,269,-0.9999733664772728,2.015434755897428,8.947177465641289,569.8251625034172,5,2,8.357142857142858,8.066666666666666,17.0,38.0,0.0,0.0,13
2026-01-07,TRUE_TREND,09:50:00,10:00:00,TREND_SHORT,PARTIAL_TP,short,49659.0,49574.0,85.0,10,20,-16.66513671875,3.000203450520833,8.339860026040697,222.9864104625958,0,6,30.928571428571427,32.13333333333333,-62.0,85.0,0.0,0.0,9
2026-01-07,TRUE_TREND,13:21:00,14:23:00,TREND_SHORT,PARTIAL_TP,short,49437.0,49387.0,50.0,62,231,0.7041384188941183,4.0,258.51451983595325,438.8354945244864,1,7,13.928571428571429,13.266666666666667,-26.0,50.0,-45.0,0.0,13
2026-01-07,FALSE_TREND,15:06:00,15:24:00,TREND_LONG,EXIT_FLAT,long,49376.0,49314.0,-124.0,18,336,-14.99951171875,0.024938071646341414,0.0009765625,509.76039410226804,1,3,12.357142857142858,11.933333333333334,-4.0,0.0,-62.0,0.0,15
2026-01-07,TRUE_TREND,15:30:00,15:35:00,TREND_SHORT,PARTIAL_TP,short,49264.0,49214.0,50.0,5,360,-2.375513237847222,4.0,64.2448676215281,611.7432283771195,0,8,16.285714285714285,16.2,-40.0,50.0,0.0,0.0,15
2026-01-08,TRUE_TREND,10:05:00,10:09:00,TREND_LONG,PARTIAL_TP,long,49333.0,49387.0,54.0,4,35,0.00016165340647988913,18.49983723958333,11.000325520835759,336.9785135374841,5,0,33.07142857142857,32.8,49.0,54.0,-1.0,0.0,10
2026-01-09,FALSE_TREND,10:05:00,10:12:00,TREND_SHORT,EXIT_FLAT,short,49428.0,49495.0,-134.0,7,35,-3.1994873046875023,-8.876041666666667,82.60102539062791,248.98633340877132,4,4,47.142857142857146,47.06666666666667,-164.0,4.0,-67.0,0.0,10
2026-01-09,FALSE_TREND,10:26:00,10:40:00,TREND_LONG,EXIT_FLAT,long,49668.0,49603.0,-130.0,14,56,2.0009448659521905,21.06647135416667,14.332356770835759,272.9925454515105,7,1,33.642857142857146,34.8,101.0,17.0,-65.0,0.0,10
2026-01-09,FALSE_TREND,11:15:00,11:34:00,TREND_LONG,EXIT_FLAT,long,49699.0,49634.0,-130.0,19,105,-0.043642677497687334,1.0998807924695322,127.01113939080824,293.9722526952464,7,2,21.571428571428573,20.733333333333334,67.0,25.0,-65.0,0.0,11
2026-01-09,TRUE_TREND,11:48:00,12:36:00,TREND_LONG,CHOP_TP,long,49742.0,49773.0,62.0,48,138,-0.15974646736365478,2.1023343073374905,74.57628171111719,335.95858610401774,5,2,19.214285714285715,18.666666666666668,33.0,46.0,-1.0,0.0,11
2026-01-12,FALSE_TREND,09:53:00,10:09:00,TREND_LONG,EXIT_FLAT,long,49535.0,49465.0,-140.0,16,23,-0.7502092633928572,16.0,11.000837053572468,323.98802021364827,1,2,40.714285714285715,39.666666666666664,39.0,25.0,-70.0,0.0,9
2026-01-12,TRUE_TREND,10:44:00,10:55:00,TREND_LONG,PARTIAL_TP,long,49568.0,49632.0,64.0,11,74,4.000516825511044,0.8638329541484023,39.357345467251434,356.95407741127565,6,1,23.5,23.266666666666666,36.0,64.0,-2.0,0.0,10
2026-01-12,FALSE_TREND,11:45:00,12:12:00,TREND_LONG,EXIT_FLAT,long,49685.0,49623.0,-124.0,27,135,-0.28558422270275297,2.866652259134755,17.40112378748745,472.91347919683903,3,3,11.714285714285714,11.866666666666667,22.0,23.0,-62.0,0.0,11
2026-01-12,TRUE_TREND,13:08:00,13:43:00,TREND_LONG,CHOP_TP,long,49716.0,49743.0,54.0,35,218,0.5001590925762911,1.2943830162920011,36.77735516519169,507.8582390089068,7,2,10.928571428571429,9.8,17.0,35.0,0.0,0.0,13
2026-01-12,TRUE_TREND,13:48:00,15:07:00,TREND_LONG,CHOP_TP,long,49757.0,49798.0,82.0,79,258,-0.9999471028645833,1.294465778942417,61.98432330632204,550.8316172490668,2,3,8.357142857142858,8.133333333333333,14.0,41.0,-36.0,0.0,13
2026-01-12,FALSE_TREND,15:50:00,16:00:00,TREND_LONG,SESSION_EXIT,long,49821.0,49795.0,-52.0,10,380,-1.999993896484375,0.9999340931604143,66.02227651177964,609.7504207086167,5,1,12.071428571428571,11.6,9.0,29.0,-26.0,0.0,15
2026-01-13,FALSE_TREND,10:10:00,10:33:00,TREND_SHORT,EXIT_FLAT,short,49454.0,49521.0,-134.0,23,40,-14.99969482421875,6.499546595982143,36.000008719311154,362.9774319195494,3,3,32.57142857142857,32.46666666666667,-65.0,30.0,-67.0,0.0,10
2026-01-13,FALSE_TREND,11:27:00,11:28:00,TREND_SHORT,EARLY_HARD_STOP,short,49459.0,49503.0,-88.0,1,117,-1.5237486099745592,-1.000145188934949,53.38047598569392,401.93398830083606,1,6,25.785714285714285,24.8,-72.0,0.0,-44.0,0.0,11
2026-01-13,FALSE_TREND,13:09:00,13:32:00,TREND_SHORT,EXIT_FLAT,short,49407.0,49471.0,-128.0,23,219,-0.7571884477188818,-0.4616710168447436,51.17892128988751,408.8764395963808,0,7,20.571428571428573,20.133333333333333,-18.0,9.0,-64.0,0.0,13
2026-01-13,TRUE_TREND,14:47:00,15:27:00,TREND_SHORT,PARTIAL_TP,short,49393.0,49327.0,66.0,40,317,0.5998990114365913,-0.42315956453971676,66.59838418298023,425.8211477094228,1,3,13.214285714285714,12.4,-40.0,66.0,-27.0,0.0,14
2026-01-14,FALSE_TREND,10:00:00,10:06:00,TREND_SHORT,EXIT_FLAT,short,49178.0,49242.0,-128.0,6,30,-6.8743519176136365,-3.9999189897017042,28.382857998934924,249.99141608738864,0,2,44.57142857142857,46.06666666666667,-93.0,0.0,-64.0,0.0,10
2026-01-14,FALSE_TREND,10:30:00,10:42:00,TREND_SHORT,EXIT_FLAT,short,49145.0,49212.0,-134.0,12,60,0.4616063772593641,-0.8892304002192978,157.92586146763642,256.98021973131836,0,4,35.357142857142854,36.46666666666667,-153.0,46.0,-67.0,0.0,10
2026-01-14,FALSE_TREND,11:51:00,12:02:00,TREND_SHORT,EXIT_FLAT,short,49072.0,49133.0,-122.0,11,141,-14.999755859375,0.2730358023451198,26.017457410234783,328.94998962622776,0,7,25.428571428571427,24.666666666666668,-34.0,8.0,-61.0,0.0,11
2026-01-15,TRUE_TREND,10:09:00,10:19:00,TREND_LONG,PARTIAL_TP,long,49613.0,49664.0,51.0,10,39,3.4167472956730767,2.899648684627885,29.22434377518948,192.98441865477798,3,0,28.714285714285715,28.6,57.0,51.0,-33.0,0.0,10
2026-01-15,FALSE_TREND,11:13:00,12:59:00,TREND_LONG,EXIT_FLAT,long,49749.0,49687.0,-124.0,106,103,-3.500213623046875,1.4040458465764285,137.63186147734086,329.95884925228165,4,1,19.571428571428573,19.0,8.0,21.0,-62.0,0.0,11
2026-01-15,FALSE_TREND,13:35:00,14:28:00,TREND_LONG,EXIT_FLAT,long,49788.0,49724.0,-128.0,53,245,-2.666485595703125,-0.4137156500456974,114.48004775159643,367.9021171593413,6,1,11.785714285714286,11.6,23.0,0.0,-64.0,0.0,13
2026-01-16,TRUE_TREND,09:52:00,10:00:00,TREND_SHORT,PARTIAL_TP,short,49565.0,49510.0,55.0,8,22,3.9992784288194447,0.14311581566220233,104.99820285373426,237.99150771792483,3,3,36.642857142857146,35.13333333333333,-62.0,55.0,0.0,0.0,9
2026-01-19,TRUE_TREND,09:50:00,11:14:00,TREND_LONG,PARTIAL_TP,long,49150.0,49203.0,53.0,84,20,-0.578840350387688,3.463006036931817,37.68496981534554,81.99810277484357,6,0,14.142857142857142,13.866666666666667,56.0,53.0,-56.0,0.0,9
2026-01-20,FALSE_TREND,10:10:00,10:13:00,TREND_SHORT,EARLY_HARD_STOP,short,48776.0,48826.0,-100.0,3,40,-2.2497399959252986,-3.263223290200829,25.003120048895653,213.98672418715432,3,3,43.07142857142857,43.06666666666667,-87.0,13.0,-50.0,0.0,10
2026-01-20,TRUE_TREND,10:22:00,10:25:00,TREND_LONG,PARTIAL_TP,long,48969.0,49045.0,76.0,3,52,21.002838134765625,8.125640513457899,41.74871897308185,214.993872682011,7,0,39.57142857142857,41.333333333333336,102.0,76.0,0.0,0.0,10
2026-01-20,TRUE_TREND,13:43:00,13:50:00,TREND_SHORT,PARTIAL_TP,short,48756.0,48701.0,55.0,7,253,-1.7410020727040818,-0.9124257445198151,69.06621446640202,352.9040056083104,0,9,21.285714285714285,20.333333333333332,-55.0,55.0,0.0,0.0,13
2026-01-20,FALSE_TREND,15:00:00,15:25:00,TREND_SHORT,EXIT_FLAT,short,48615.0,48681.0,-132.0,25,330,-0.5001373601555272,-0.0001631142436593826,70.99752751720371,483.86468875821447,4,2,19.928571428571427,20.066666666666666,-35.0,0.0,-66.0,0.0,15
2026-01-21,TRUE_TREND,10:00:00,10:15:00,TREND_LONG,PARTIAL_TP,long,49004.0,49057.0,53.0,15,30,-2.9998779296875,4.462236937846685,62.22657837292354,265.97725648818596,3,4,33.285714285714285,32.8,71.0,53.0,-24.0,0.0,10
2026-01-21,TRUE_TREND,14:28:00,14:30:00,TREND_LONG,PARTIAL_TP,long,49201.0,49286.0,85.0,2,298,1.7804388299962692,0.6664595751186689,56.099440309735655,465.77408118377934,7,0,38.0,36.6,221.0,85.0,0.0,0.0,14
2026-01-23,FALSE_TREND,12:56:00,14:03:00,TREND_SHORT,EXIT_FLAT,short,49160.0,49232.0,-144.0,67,206,-0.24414426457228328,-0.15921512315632616,181.21018280495628,230.93877571680787,1,4,22.214285714285715,22.6,-52.0,38.0,-72.0,0.0,12
2026-01-26,FALSE_TREND,10:13:00,10:43:00,TREND_LONG,EXIT_FLAT,long,49491.0,49419.0,-144.0,30,43,3.4996493252840915,-1.1778099333934295,65.31503588127089,194.9840356938439,5,2,21.785714285714285,21.066666666666666,58.0,35.0,-72.0,0.0,10
2026-01-26,TRUE_TREND,13:18:00,13:28:00,TREND_LONG,PARTIAL_TP,long,49537.0,49590.0,53.0,10,228,0.7693128459577272,0.38068320552520724,35.7669364939793,238.9153520525433,4,0,10.714285714285714,10.266666666666667,32.0,53.0,-1.0,0.0,13
2026-01-26,FALSE_TREND,15:20:00,15:59:00,TREND_LONG,EXIT_FLAT,long,49624.0,49561.0,-126.0,39,350,-2.0,0.6923010884318552,102.54003986478347,328.87005799778126,5,2,9.785714285714286,9.666666666666666,11.0,18.0,-63.0,0.0,15
2026-01-27,FALSE_TREND,10:05:00,10:09:00,TREND_SHORT,EARLY_HARD_STOP,short,49073.0,49114.0,-82.0,4,35,-9.124688137383451,-2.333349609375,1.503742351400433,198.98837104452105,0,9,26.571428571428573,26.733333333333334,-95.0,0.0,-41.0,0.0,10
2026-01-27,FALSE_TREND,10:16:00,10:45:00,TREND_SHORT,EXIT_FLAT,short,49058.0,49121.0,-126.0,29,46,-6.333290069941946,1.3000799005681816,34.33512739701837,216.98460869323026,3,1,25.357142857142858,25.266666666666666,-44.0,8.0,-63.0,0.0,10
2026-01-27,FALSE_TREND,13:02:00,13:30:00,TREND_SHORT,EXIT_FLAT,short,49031.0,49096.0,-130.0,28,212,-3.0844301362357336,-1.0000138548007473,72.75441089885862,290.9726376067774,0,8,14.0,13.933333333333334,-48.0,15.0,-65.0,0.0,13
2026-01-28,TRUE_TREND,09:51:00,10:10:00,TREND_SHORT,PARTIAL_TP,short,49127.0,49062.0,65.0,19,21,-5.5707217261904765,4.399720982142857,42.86845238094975,176.99370506337436,2,4,35.42857142857143,35.06666666666667,-66.0,65.0,-48.0,0.0,9
2026-01-28,FALSE_TREND,14:30:00,14:33:00,TREND_LONG,EARLY_HARD_STOP,long,49228.0,49143.0,-170.0,3,300,-5.00048828125,-0.8048311444323849,5.360901035404822,250.90126935639273,3,3,32.142857142857146,30.666666666666668,82.0,13.0,-85.0,0.0,14
2026-01-29,FALSE_TREND,10:00:00,10:02:00,TREND_SHORT,EARLY_HARD_STOP,short,49032.0,49073.0,-82.0,2,30,1.9996981534090912,-1.7770755652225378,154.00511252663273,418.98522751875134,4,2,56.57142857142857,59.266666666666666,-217.0,0.0,-41.0,0.0,10
2026-01-29,TRUE_TREND,10:27:00,10:31:00,TREND_SHORT,PARTIAL_TP,short,49001.0,48923.0,78.0,4,57,-0.5997845566063597,1.3331846767798405,117.5318618506717,444.9652844709417,2,3,45.357142857142854,46.0,-91.0,78.0,0.0,0.0,10
2026-01-30,FALSE_TREND,09:54:00,10:06:00,TREND_SHORT,EXIT_FLAT,short,48983.0,49056.0,-146.0,12,24,-2.000119850852273,10.5,79.99976029829122,203.98694439526298,0,4,46.285714285714285,45.46666666666667,-17.0,8.0,-73.0,0.0,9
2026-01-30,FALSE_TREND,10:30:00,10:35:00,TREND_SHORT,EARLY_HARD_STOP,short,48951.0,49016.0,-130.0,5,60,0.4335690320426707,-6.732848044002758,63.81859287800762,229.96456341812882,1,5,35.357142857142854,34.53333333333333,-92.0,0.0,-65.0,0.0,10
2026-01-30,FALSE_TREND,10:57:00,11:00:00,TREND_LONG,EARLY_HARD_STOP,long,48950.0,48900.0,-100.0,3,87,-17.748974609374997,5.9998779296875,1.4938476562529104,246.94777768528002,0,9,29.357142857142858,28.4,-46.0,0.0,-50.0,0.0,10
2026-01-30,FALSE_TREND,11:05:00,11:06:00,TREND_SHORT,EARLY_HARD_STOP,short,48874.0,48920.0,-92.0,1,95,-9.833217075892858,2.6666015625,15.16748046875,302.942804111648,0,6,29.214285714285715,29.466666666666665,-26.0,0.0,-46.0,0.0,11
2026-01-30,TRUE_TREND,11:09:00,11:17:00,TREND_SHORT,PARTIAL_TP,short,48848.0,48798.0,50.0,8,99,-4.554829545454546,0.6665710449218754,48.896874999998545,328.94031732482836,0,4,29.857142857142858,29.666666666666668,-48.0,50.0,-6.0,0.0,11
2026-01-30,TRUE_TREND,12:05:00,12:07:00,TREND_SHORT,PARTIAL_TP,short,48709.0,48652.0,57.0,2,155,0.29606620592948724,-2.7773934347587717,75.22430849886587,482.9055024136105,2,6,30.5,29.8,-56.0,57.0,0.0,0.0,12
2026-01-30,FALSE_TREND,13:20:00,13:25:00,TREND_SHORT,EARLY_HARD_STOP,short,48611.0,48666.0,-110.0,5,230,-1.0302432925924356,-0.5173781037678987,98.57856524815725,559.8588752389551,0,8,24.642857142857142,24.866666666666667,-64.0,36.0,-55.0,0.0,13
2026-02-02,FALSE_TREND,09:51:00,09:54:00,TREND_LONG,EARLY_HARD_STOP,long,49308.0,49266.0,-84.0,3,21,-2.7496337890625004,15.554509943181818,19.345880681816197,504.983843681257,6,0,42.5,43.333333333333336,54.0,0.0,-42.0,0.0,9
2026-02-02,TRUE_TREND,10:14:00,10:32:00,TREND_LONG,PARTIAL_TP,long,49310.0,49366.0,56.0,18,44,11.020661609711905,2.499592483477766,49.41095502972166,508.9652640162749,10,0,28.0,30.6,26.0,56.0,-11.0,0.0,10
2026-02-02,TRUE_TREND,10:53:00,11:16:00,TREND_LONG,PARTIAL_TP,long,49432.0,49487.0,55.0,23,83,-0.7501395089285714,26.99945068359375,22.996677943636314,620.9337592962911,4,2,21.857142857142858,21.866666666666667,37.0,55.0,-27.0,0.0,10
2026-02-02,FALSE_TREND,12:55:00,13:20:00,TREND_LONG,EXIT_FLAT,long,49531.0,49461.0,-140.0,25,205,-0.6000755673363095,0.8731881442546469,65.49677217161661,719.8352060905236,4,1,12.0,11.666666666666666,25.0,3.0,-70.0,0.0,12
2026-02-03,TRUE_TREND,11:41:00,12:12:00,TREND_SHORT,PARTIAL_TP,short,49399.0,49277.0,122.0,31,131,-1.5999579742556058,-0.8438071587977917,19.06416580209043,374.8987679525162,2,5,26.642857142857142,25.8,-45.0,122.0,-38.0,0.0,11
2026-02-03,FALSE_TREND,14:07:00,14:11:00,TREND_SHORT,EARLY_HARD_STOP,short,48947.0,48993.0,-92.0,4,277,-2.0714962809416844,7.999999999999999,94.21354090964451,819.7745673395475,0,7,30.857142857142858,29.733333333333334,-48.0,4.0,-46.0,0.0,14
2026-02-04,TRUE_TREND,09:57:00,10:00:00,TREND_SHORT,PARTIAL_TP,short,49481.0,49415.0,66.0,3,27,-26.832903180803573,0.3457580740295586,24.336774553572468,257.99545518271043,2,6,52.357142857142854,50.6,-82.0,66.0,0.0,0.0,9
2026-02-04,FALSE_TREND,10:23:00,10:34:00,TREND_LONG,EXIT_FLAT,long,49712.0,49614.0,-196.0,11,53,12.000699655633223,14.449133247936958,126.43739545174321,379.9880698784327,5,0,53.714285714285715,53.46666666666667,64.0,14.0,-98.0,0.0,10
2026-02-04,FALSE_TREND,13:15:00,13:25:00,TREND_SHORT,EXIT_FLAT,short,49261.0,49346.0,-170.0,10,225,-2.9999972592351023,3.999639892578125,196.9999671108235,502.9113763486239,2,4,35.714285714285715,36.4,-31.0,42.0,-85.0,0.0,13
2026-02-05,TRUE_TREND,10:06:00,10:11:00,TREND_SHORT,PARTIAL_TP,short,49172.0,49110.0,62.0,5,36,-2.9996744791666674,12.999674479166666,72.00065104166424,272.98762453268864,1,7,55.07142857142857,55.6,-44.0,62.0,-18.0,0.0,10
2026-02-06,FALSE_TREND,09:52:00,09:54:00,TREND_LONG,EARLY_HARD_STOP,long,49729.0,49685.0,-88.0,2,22,-8.199965704055058,34.999755859375,11.000732421875,442.9783693246645,5,1,43.0,42.666666666666664,88.0,0.0,-44.0,0.0,9
2026-02-06,FALSE_TREND,10:00:00,10:03:00,TREND_LONG,EARLY_HARD_STOP,long,49763.0,49711.0,-104.0,3,30,-0.16643415178571405,7.428058416193182,59.291357421876455,488.9705035945808,4,0,42.714285714285715,43.266666666666666,86.0,0.0,-52.0,0.0,10
2026-02-06,FALSE_TREND,10:10:00,10:12:00,TREND_LONG,EARLY_HARD_STOP,long,49850.0,49804.0,-92.0,2,40,-3.499414062499999,6.732822223349568,55.610733309658826,562.9606713495523,2,2,46.214285714285715,46.06666666666667,90.0,0.0,-46.0,0.0,10
2026-02-06,FALSE_TREND,10:41:00,10:50:00,TREND_LONG,EXIT_FLAT,long,49863.0,49765.0,-196.0,9,71,1.5630031463654546,2.9997506009615384,56.00423978365143,582.9301917690755,4,0,30.142857142857142,30.666666666666668,32.0,36.0,-98.0,0.0,10
2026-02-06,TRUE_TREND,11:39:00,11:54:00,TREND_LONG,CHOP_TP,long,49934.0,49962.0,56.0,15,129,-0.3334228515625002,-1.3694034787210336,111.0637068206197,639.8731654731673,7,0,22.214285714285715,22.0,31.0,36.0,0.0,0.0,11
2026-02-06,FALSE_TREND,12:07:00,12:12:00,TREND_LONG,EARLY_HARD_STOP,long,49992.0,49950.0,-84.0,5,157,-0.33322197094298245,-0.28578958882913963,51.57316054307012,699.8456354178561,6,1,19.214285714285715,18.666666666666668,46.0,0.0,-42.0,0.0,12
2026-02-06,TRUE_TREND,12:45:00,12:51:00,TREND_LONG,PARTIAL_TP,long,49999.0,50059.0,60.0,6,195,-0.3601470122466216,21.999755859375,4.004163587414951,707.8082732823459,5,1,17.857142857142858,17.733333333333334,50.0,60.0,0.0,0.0,12
2026-02-06,TRUE_TREND,13:38:00,14:31:00,TREND_LONG,CHOP_TP,long,50070.0,50082.0,24.0,53,248,0.7501148897058825,0.03998802264808362,48.12026350173983,781.7561630265336,7,1,12.357142857142858,12.0,25.0,30.0,-41.0,0.0,13
2026-02-06,TRUE_TREND,14:48:00,15:32:00,TREND_LONG,CHOP_TP,long,50112.0,50130.0,36.0,44,318,-0.29408501939015735,0.5383745987261612,56.46953691719682,818.687338135489,3,4,11.642857142857142,11.733333333333333,48.0,22.0,-29.0,0.0,14
2026-02-06,TRUE_TREND,15:38:00,15:50:00,TREND_LONG,PARTIAL_TP,long,50142.0,50231.0,89.0,12,368,-1.3997256324404763,0.16704192929717188,55.65916141405614,849.6381774048423,3,2,12.357142857142858,11.666666666666666,9.0,89.0,-5.0,0.0,15
2026-02-09,FALSE_TREND,09:50:00,09:54:00,TREND_SHORT,EARLY_HARD_STOP,short,49929.0,49996.0,-134.0,4,20,-14.333157995975379,2.499999999999998,35.66789402817085,230.99200172757992,0,8,42.714285714285715,44.86666666666667,-82.0,0.0,-67.0,0.0,9
2026-02-09,TRUE_TREND,10:21:00,10:30:00,TREND_LONG,PARTIAL_TP,long,50162.0,50222.0,60.0,9,51,1.2253994719076655,3.692353642451299,26.4611708603843,259.98737121195154,7,2,24.571428571428573,24.266666666666666,45.0,60.0,-11.0,0.0,10
2026-02-10,TRUE_TREND,09:51:00,09:58:00,TREND_LONG,PARTIAL_TP,long,50544.0,50607.0,63.0,7,21,-1.9999999999999991,14.158916655040922,34.364333379831805,253.99083250120748,2,2,44.5,44.06666666666667,108.0,63.0,0.0,0.0,9
2026-02-10,TRUE_TREND,13:27:00,13:46:00,TREND_SHORT,PARTIAL_TP,short,50293.0,50243.0,50.0,19,237,-7.501424028446977e-05,-0.16144418682678768,189.78781059090397,322.90876088703953,1,7,24.0,23.466666666666665,-64.0,50.0,-8.0,0.0,13
2026-02-11,TRUE_TREND,10:06:00,10:09:00,TREND_SHORT,PARTIAL_TP,short,50321.0,50257.0,64.0,3,36,-8.799106530975878,1.0,37.017869380484626,276.97853105326067,0,5,36.285714285714285,36.13333333333333,-72.0,64.0,0.0,0.0,10
2026-02-12,FALSE_TREND,10:21:00,10:22:00,TREND_SHORT,EARLY_HARD_STOP,short,50338.0,50402.0,-128.0,1,51,-0.38436746348505435,0.2855493369222689,114.40915957377001,184.95212749210623,4,2,33.642857142857146,33.46666666666667,-107.0,0.0,-64.0,0.0,10
2026-02-12,TRUE_TREND,10:33:00,10:38:00,TREND_SHORT,PARTIAL_TP,short,50325.0,50264.0,61.0,5,63,-1.0717251378750399,2.9995361328125,116.70894751825108,198.93963916349458,0,5,33.214285714285715,33.0,-44.0,61.0,0.0,0.0,10
2026-02-12,FALSE_TREND,15:51:00,15:54:00,TREND_SHORT,EARLY_HARD_STOP,short,49500.0,49552.0,-104.0,3,381,1.830836477180557,-4.799439058545023,156.24932973032992,1027.6086947915464,0,8,27.571428571428573,26.866666666666667,-109.0,0.0,-52.0,0.0,15
2026-02-13,FALSE_TREND,10:09:00,10:14:00,TREND_LONG,EARLY_HARD_STOP,long,49568.0,49479.0,-178.0,5,39,1.500715816722197,2.9327303661861244,131.77597559229616,417.9815304318763,6,0,68.21428571428571,70.73333333333333,109.0,30.0,-89.0,0.0,10
2026-02-13,TRUE_TREND,10:30:00,10:36:00,TREND_LONG,PARTIAL_TP,long,49625.0,49681.0,56.0,6,60,8.890125621448862,2.1519120981670943,86.93661531283578,474.96716517400637,5,3,55.57142857142857,61.06666666666667,135.0,56.0,-24.0,0.0,10
2026-02-13,FALSE_TREND,11:17:00,11:19:00,TREND_LONG,EARLY_HARD_STOP,long,49679.0,49629.0,-100.0,2,107,2.7858303931451616,-5.106021765506629,58.815126468667586,542.9350143806078,3,4,34.0,33.13333333333333,92.0,0.0,-50.0,0.0,11
2026-02-13,TRUE_TREND,11:40:00,12:05:00,TREND_LONG,PARTIAL_TP,long,49708.0,49758.0,50.0,25,130,-0.22720952090538526,0.07063279857397493,154.8698752228156,554.9192809428641,3,1,36.285714285714285,37.93333333333333,45.0,50.0,-27.0,0.0,11
2026-02-13,FALSE_TREND,13:18:00,13:40:00,TREND_LONG,EXIT_FLAT,long,49789.0,49724.0,-130.0,22,228,2.687862263703453,18.499837239583336,50.49951171875,641.8522432256868,6,0,24.428571428571427,23.733333333333334,22.0,27.0,-65.0,0.0,13
2026-02-16,FALSE_TREND,09:56:00,10:22:00,TREND_LONG,EXIT_FLAT,long,49724.0,49662.0,-124.0,26,26,-0.04198505108173076,7.799853515625,23.80895958533074,102.9980618354457,8,1,17.285714285714285,17.666666666666668,62.0,7.0,-62.0,0.0,9
2026-02-16,TRUE_TREND,10:31:00,11:01:00,TREND_SHORT,PARTIAL_TP,short,49619.0,49563.0,56.0,30,61,-4.428303435126746,0.13933887871492906,19.862234732594516,119.99397016273724,0,6,14.214285714285714,13.6,-26.0,56.0,-21.0,0.0,10
2026-02-17,TRUE_TREND,09:50:00,09:57:00,TREND_SHORT,PARTIAL_TP,short,49500.0,49441.0,59.0,7,20,1.0006890190972215,0.0006731305803569539,151.012932477679,296.98900247245183,2,4,71.21428571428571,69.73333333333333,-95.0,59.0,-23.0,0.0,9
2026-02-18,FALSE_TREND,10:01:00,10:03:00,TREND_LONG,EARLY_HARD_STOP,long,49884.0,49833.0,-102.0,2,31,-0.49979654947916624,0.0002868652343750444,48.999426269532705,400.9848571476614,7,0,42.785714285714285,43.93333333333333,59.0,0.0,-51.0,0.0,10
2026-02-18,TRUE_TREND,10:05:00,10:16:00,TREND_LONG,PARTIAL_TP,long,49903.0,49954.0,51.0,11,35,-10.9998779296875,6.399972824823289,49.60016305105819,415.9828381796615,5,0,39.714285714285715,39.333333333333336,59.0,51.0,-39.0,0.0,10
2026-02-19,FALSE_TREND,10:24:00,10:26:00,TREND_LONG,EARLY_HARD_STOP,long,49622.0,49567.0,-110.0,2,54,0.7008638181835234,2.666258624532948,106.88625281379063,221.97871816833504,6,0,40.857142857142854,41.53333333333333,67.0,0.0,-55.0,0.0,10
2026-02-19,FALSE_TREND,10:33:00,10:51:00,TREND_LONG,EXIT_FLAT,long,49632.0,49566.0,-132.0,18,63,-1.2508463541666668,33.498982747395836,26.008805338540697,231.974727755216,2,6,38.714285714285715,38.333333333333336,92.0,36.0,-66.0,0.0,10
2026-02-19,FALSE_TREND,11:49:00,11:54:00,TREND_SHORT,EARLY_HARD_STOP,short,49412.0,49465.0,-106.0,5,139,-3.500329002339572,-2.2634283022992783,18.38763854651188,278.97029413629207,0,9,21.857142857142858,22.8,-30.0,24.0,-53.0,0.0,11
2026-02-19,FALSE_TREND,12:05:00,12:16:00,TREND_SHORT,EXIT_FLAT,short,49369.0,49433.0,-128.0,11,155,-3.4860269499853422,1.0832881717891483,57.13973050014465,311.9632001676291,0,6,28.214285714285715,28.2,-64.0,0.0,-64.0,0.0,12
2026-02-19,FALSE_TREND,12:53:00,12:55:00,TREND_SHORT,EARLY_HARD_STOP,short,49344.0,49397.0,-106.0,2,203,-2.0558155980603448,0.06496873373901482,113.38602842133696,332.94191833596415,0,8,26.071428571428573,25.466666666666665,-33.0,0.0,-53.0,0.0,12
2026-02-19,TRUE_TREND,13:02:00,13:26:00,TREND_SHORT,CHOP_TP,short,49318.0,49294.0,48.0,24,212,-4.296042052775194,-0.00010986328125017764,73.07915894449252,356.9379279971763,2,4,26.214285714285715,27.466666666666665,-38.0,49.0,-57.0,0.0,13
2026-02-20,TRUE_TREND,09:58:00,10:00:00,TREND_LONG,PARTIAL_TP,long,49360.0,49437.0,77.0,2,28,4.444901899857954,3.874750114889706,105.12524988510995,156.9904738135083,3,2,40.92857142857143,39.266666666666666,39.0,77.0,0.0,0.0,9
2026-02-23,TRUE_TREND,09:53:00,09:57:00,TREND_SHORT,PARTIAL_TP,short,49338.0,49283.0,55.0,4,23,-20.002086821056547,4.999674479166667,35.99582635788829,432.9779191322159,1,6,55.357142857142854,54.333333333333336,-74.0,55.0,-3.0,0.0,9
2026-02-23,FALSE_TREND,12:37:00,12:42:00,TREND_SHORT,EARLY_HARD_STOP,short,48825.0,48870.0,-90.0,5,187,-2.0000170158617423,-3.1365093487524702,25.000068063447543,944.8133161772857,0,7,17.785714285714285,18.4,-50.0,5.0,-45.0,0.0,12
2026-02-23,FALSE_TREND,14:43:00,14:48:00,TREND_SHORT,EARLY_HARD_STOP,short,48807.0,48870.0,-126.0,5,313,-1.3332031911260114,-3.4659083513629194,19.229629188128456,964.6868529642525,0,4,16.714285714285715,18.066666666666666,-25.0,0.0,-63.0,0.0,14
2026-02-23,FALSE_TREND,15:53:00,15:59:00,TREND_SHORT,EXIT_FLAT,short,48792.0,48863.0,-142.0,6,383,-1.301467467172843,0.03222486769843807,82.09602206297859,978.616595642372,5,4,22.928571428571427,22.333333333333332,-83.0,8.0,-71.0,0.0,15
2026-02-24,FALSE_TREND,13:03:00,14:19:00,TREND_LONG,EXIT_FLAT,long,49315.0,49255.0,-120.0,76,213,0.00660596067469836,-0.3842725263169486,74.75836241751676,518.8797693048036,6,1,11.857142857142858,11.933333333333334,50.0,25.0,-60.0,0.0,13
2026-02-25,TRUE_TREND,09:58:00,10:06:00,TREND_SHORT,PARTIAL_TP,short,49331.0,49279.0,52.0,8,28,-0.7690444162240612,-10.834351312546502,54.54051142153912,162.9895500384664,1,6,32.642857142857146,31.866666666666667,-61.0,52.0,-5.0,0.0,9
2026-02-25,TRUE_TREND,11:48:00,12:42:00,TREND_LONG,PARTIAL_TP,long,49476.0,49527.0,51.0,54,138,1.6212182312508479,1.863923915621529,50.05379355302284,246.97275553564396,7,3,17.142857142857142,16.6,51.0,51.0,-43.0,0.0,11
2026-02-26,TRUE_TREND,09:57:00,10:09:00,TREND_SHORT,PARTIAL_TP,short,49649.0,49591.0,58.0,12,27,-7.352888752643327,2.7998151506696427,48.94222494713176,224.98731281623623,5,2,39.42857142857143,39.266666666666666,-81.0,58.0,-22.0,0.0,9
2026-02-26,FALSE_TREND,12:50:00,13:17:00,TREND_SHORT,EXIT_FLAT,short,49279.0,49339.0,-120.0,27,200,-9.999674479166666,-2.345012175679107,180.9046200457742,610.87756799606,1,7,18.0,18.133333333333333,-20.0,2.0,-60.0,0.0,12
2026-03-02,TRUE_TREND,10:02:00,10:04:00,TREND_LONG,PARTIAL_TP,long,48806.0,48864.0,58.0,2,32,-0.3574660528273809,-4.199409233344779,143.0015709063082,380.9772681179966,5,2,49.642857142857146,48.53333333333333,105.0,58.0,0.0,0.0,10
2026-03-02,TRUE_TREND,11:44:00,12:16:00,TREND_LONG,PARTIAL_TP,long,48972.0,49024.0,52.0,32,134,-0.031557974534555486,0.24537084222774355,239.98735537884204,546.9048104227477,9,0,34.5,34.733333333333334,124.0,52.0,-45.0,0.0,11
2026-03-02,TRUE_TREND,14:20:00,14:30:00,TREND_LONG,PARTIAL_TP,long,49048.0,49111.0,63.0,10,290,7.500743129797148,-0.3393649255310586,37.78729851062235,622.7939928552369,7,2,24.428571428571427,24.0,54.0,63.0,-20.0,0.0,14
2026-03-03,FALSE_TREND,10:08:00,10:12:00,TREND_SHORT,EARLY_HARD_STOP,short,47786.0,47858.0,-144.0,4,38,-18.0008544921875,0.1107969341856062,58.9991455078125,417.9652629402626,2,1,54.57142857142857,54.06666666666667,-73.0,2.0,-72.0,0.0,10
2026-03-03,FALSE_TREND,10:20:00,10:31:00,TREND_SHORT,EXIT_FLAT,short,47734.0,47794.0,-120.0,11,50,-23.498604910714285,8.0,9.506975446434808,465.95223654285655,2,2,48.214285714285715,49.733333333333334,-101.0,37.0,-60.0,0.0,10
2026-03-03,TRUE_TREND,11:43:00,11:46:00,TREND_LONG,PARTIAL_TP,long,48199.0,48309.0,110.0,3,133,7.962501414027149,8.098979048295456,213.11380629595806,527.9185853346935,4,0,40.0,39.0,73.0,110.0,-2.0,0.0,11
2026-03-04,TRUE_TREND,10:20:00,10:26:00,TREND_LONG,PARTIAL_TP,long,48816.0,48872.0,56.0,6,50,10.077351280549523,22.000366210937496,282.2324200525836,418.97998985969025,8,1,41.142857142857146,42.6,66.0,56.0,0.0,0.0,10
2026-03-04,FALSE_TREND,11:02:00,11:11:00,TREND_LONG,EXIT_FLAT,long,48884.0,48817.0,-134.0,9,92,8.923407273065475,-0.1431440659138944,62.44148296612548,502.95727556305064,7,0,30.357142857142858,30.066666666666666,55.0,18.0,-67.0,0.0,11
2026-03-05,FALSE_TREND,10:08:00,10:10:00,TREND_SHORT,EARLY_HARD_STOP,short,48268.0,48321.0,-106.0,2,38,8.435205307580476,-7.910879495260599,215.4816424606397,286.9713221271377,2,6,43.142857142857146,41.93333333333333,-145.0,0.0,-53.0,0.0,10
2026-03-05,TRUE_TREND,10:19:00,10:24:00,TREND_SHORT,PARTIAL_TP,short,48259.0,48172.0,87.0,5,49,-0.0003197079613095344,1.4997965494791665,88.99872116815095,307.9608068376474,1,2,45.57142857142857,44.8,-81.0,87.0,0.0,0.0,10
2026-03-05,TRUE_TREND,12:16:00,12:26:00,TREND_SHORT,PARTIAL_TP,short,47918.0,47868.0,50.0,10,166,2.5596608934776537,-0.6670961236390924,172.38173847445432,643.8489631815537,0,5,37.714285714285715,36.266666666666666,-47.0,50.0,0.0,0.0,12
2026-03-05,TRUE_TREND,13:18:00,13:26:00,TREND_SHORT,PARTIAL_TP,short,47783.0,47719.0,64.0,8,228,-1.333188055051566,-0.7499999999999998,54.33711056866014,778.78969565242,0,7,29.785714285714285,29.066666666666666,-72.0,64.0,-2.0,0.0,13
2026-03-05,FALSE_TREND,14:16:00,14:20:00,TREND_SHORT,EARLY_HARD_STOP,short,47704.0,47746.0,-84.0,4,286,-0.07718030144186583,0.00018028846153846046,65.84563939712098,849.7113093277076,1,4,24.785714285714285,24.4,-13.0,0.0,-42.0,0.0,14
2026-03-05,TRUE_TREND,14:25:00,14:30:00,TREND_SHORT,PARTIAL_TP,short,47687.0,47630.0,57.0,5,295,-5.499755859375001,19.999267578125,31.501220703125,867.7256483442616,1,3,30.214285714285715,29.2,-59.0,57.0,-1.0,0.0,14
2026-03-06,TRUE_TREND,10:22:00,10:31:00,TREND_LONG,PARTIAL_TP,long,47367.0,47417.0,50.0,9,52,4.118188240677838,11.999623081140351,103.28860904277826,345.98614929679024,7,0,47.07142857142857,46.46666666666667,64.0,50.0,-39.0,0.0,10
2026-03-06,FALSE_TREND,11:00:00,11:09:00,TREND_LONG,EXIT_FLAT,long,47512.0,47449.0,-126.0,9,90,-8.9998779296875,-0.3545273753795545,211.83621900303115,494.9632654516463,5,2,40.857142857142854,40.2,73.0,29.0,-63.0,0.0,11
2026-03-06,FALSE_TREND,13:13:00,13:22:00,TREND_LONG,EXIT_FLAT,long,47570.0,47490.0,-160.0,9,223,5.667350347454321,23.00048828125,159.6739917557934,556.8831720441376,5,1,39.214285714285715,37.86666666666667,116.0,1.0,-80.0,0.0,13
2026-03-06,FALSE_TREND,15:01:00,15:10:00,TREND_LONG,EXIT_FLAT,long,47587.0,47525.0,-124.0,9,331,-0.444269557174073,1.7855412452182506,87.01053884928842,569.8181338058712,6,0,23.5,23.8,29.0,3.0,-62.0,0.0,15
2026-03-09,TRUE_TREND,09:50:00,09:53:00,TREND_SHORT,PARTIAL_TP,short,46810.0,46745.0,65.0,3,20,1.142513760653409,0.5721391950334821,131.57502940784616,319.9742358572403,1,3,61.5,60.06666666666667,-41.0,65.0,-4.0,0.0,9
2026-03-09,FALSE_TREND,10:05:00,10:16:00,TREND_SHORT,EXIT_FLAT,short,46702.0,46764.0,-124.0,11,35,5.060626019488323,13.8001953125,148.02477276141144,427.95491253420914,3,1,70.85714285714286,70.0,-149.0,44.0,-62.0,0.0,10
2026-03-09,TRUE_TREND,11:15:00,11:26:00,TREND_LONG,PARTIAL_TP,long,47141.0,47199.0,58.0,11,105,3.061973008404485,3.9998368112664475,180.3687374644942,502.9111132323742,3,3,33.92857142857143,33.53333333333333,38.0,58.0,-27.0,0.0,11
2026-03-09,FALSE_TREND,12:26:00,12:29:00,TREND_LONG,EARLY_HARD_STOP,long,47269.0,47211.0,-116.0,3,176,1.6577616335527088,1.053925280316301,40.79412143202353,630.8196499208934,3,4,31.642857142857142,33.13333333333333,166.0,0.0,-58.0,0.0,12
2026-03-09,FALSE_TREND,12:45:00,13:02:00,TREND_LONG,EXIT_FLAT,long,47278.0,47194.0,-168.0,17,195,-0.16616296600877192,7.285691481370192,36.2860107421875,647.7951739420823,4,2,27.642857142857142,27.066666666666666,47.0,27.0,-84.0,0.0,12
2026-03-09,TRUE_TREND,15:19:00,15:20:00,TREND_LONG,PARTIAL_TP,long,47418.0,47492.0,74.0,1,349,0.8349296558587959,1.4999602944010966,42.44163457019749,786.596788919851,4,2,34.07142857142857,33.6,208.0,74.0,0.0,0.0,15
2026-03-09,TRUE_TREND,15:32:00,15:37:00,TREND_LONG,PARTIAL_TP,long,47769.0,47872.0,103.0,5,362,-21.9993896484375,3.33131103515625,116.67475585937791,1130.5800421406748,7,0,87.0,83.8,91.0,103.0,-16.0,0.0,15
2026-03-10,FALSE_TREND,09:52:00,09:53:00,TREND_SHORT,EARLY_HARD_STOP,short,47556.0,47629.0,-146.0,1,22,-14.09999785370879,-1.4532180059312338e-05,31.800025755488605,276.9838048391539,0,3,61.785714285714285,62.93333333333333,-43.0,0.0,-73.0,0.0,9
2026-03-10,FALSE_TREND,09:56:00,10:05:00,TREND_SHORT,EXIT_FLAT,short,47534.0,47632.0,-196.0,9,26,-10.284586840492777,0.33294677734375,75.44661055211327,285.98056577983516,1,5,58.07142857142857,58.733333333333334,-46.0,47.0,-98.0,0.0,9
2026-03-10,TRUE_TREND,10:34:00,10:40:00,TREND_LONG,PARTIAL_TP,long,47840.0,47895.0,55.0,6,64,12.231775336585967,15.857421875000004,189.37308740427397,370.973277794561,7,0,33.92857142857143,36.13333333333333,102.0,55.0,-1.0,0.0,10
2026-03-11,TRUE_TREND,10:24:00,10:27:00,TREND_SHORT,PARTIAL_TP,short,47399.0,47337.0,62.0,3,54,-4.788332676820728,-6.635285500919117,101.33906591933192,352.9702005772051,1,4,50.857142857142854,50.53333333333333,-153.0,62.0,0.0,0.0,10
2026-03-11,FALSE_TREND,11:18:00,11:23:00,TREND_SHORT,EARLY_HARD_STOP,short,47339.0,47406.0,-134.0,5,108,-0.9665992183509958,-10.637442908653847,88.57186018697394,431.93983882822795,1,7,38.92857142857143,40.06666666666667,-51.0,0.0,-67.0,0.0,11
2026-03-11,TRUE_TREND,11:29:00,11:48:00,TREND_SHORT,PARTIAL_TP,short,47316.0,47259.0,57.0,19,119,-0.967094565047325,21.9989013671875,366.6637141183601,432.933654088607,5,1,39.357142857142854,39.8,-110.0,57.0,-23.0,0.0,11
2026-03-12,FALSE_TREND,10:03:00,10:05:00,TREND_LONG,EARLY_HARD_STOP,long,47020.0,46975.0,-90.0,2,33,-0.999838109959893,22.00111607142857,96.9966517857174,195.99692365478404,4,3,42.92857142857143,44.93333333333333,193.0,0.0,-45.0,0.0,10
2026-03-12,FALSE_TREND,10:12:00,10:16:00,TREND_LONG,EARLY_HARD_STOP,long,47040.0,46986.0,-108.0,4,42,-1.4284290132068453,12.998730468749999,44.00634765625,223.99296839589806,3,3,47.142857142857146,45.13333333333333,53.0,0.0,-54.0,0.0,10
2026-03-12,TRUE_TREND,10:27:00,10:29:00,TREND_SHORT,PARTIAL_TP,short,46823.0,46769.0,54.0,2,57,-11.00048828125,-6.143212707060621,52.00048828125,227.9934078527367,0,5,36.57142857142857,36.666666666666664,-38.0,54.0,0.0,0.0,10
2026-03-12,FALSE_TREND,11:13:00,11:17:00,TREND_SHORT,EARLY_HARD_STOP,short,46750.0,46804.0,-108.0,4,103,-7.418037743747036,-2.38141899604302,1.2870190811663633,301.97319210144633,1,7,31.571428571428573,30.933333333333334,-68.0,0.0,-54.0,0.0,11
2026-03-12,FALSE_TREND,11:36:00,11:37:00,TREND_SHORT,EARLY_HARD_STOP,short,46734.0,46776.0,-84.0,1,126,-8.7503173828125,-10.578652808779763,3.486275809154904,323.96308415212843,1,6,32.57142857142857,31.8,-79.0,0.0,-42.0,0.0,11
2026-03-12,FALSE_TREND,12:21:00,12:24:00,TREND_LONG,EARLY_HARD_STOP,long,47079.0,47007.0,-144.0,3,171,1.583907076502476,21.500732421875004,43.09152441640617,364.9806631623869,7,1,42.07142857142857,43.266666666666666,115.0,3.0,-72.0,0.0,12
2026-03-12,FALSE_TREND,15:56:00,16:00:00,TREND_SHORT,SESSION_EXIT,short,46724.0,46726.0,-4.0,4,386,1.5475474759648242,-0.6051778382215356,27.8894342018757,400.9059525529665,0,6,25.214285714285715,25.466666666666665,-43.0,10.0,-2.0,0.0,15
2026-03-13,TRUE_TREND,10:08:00,10:17:00,TREND_SHORT,PARTIAL_TP,short,46914.0,46834.0,80.0,9,38,-6.999837239583334,-5.000625290237107,6.00048828125,254.98376962334441,2,5,45.714285714285715,44.6,-31.0,80.0,-8.0,0.0,10
2026-03-13,FALSE_TREND,10:46:00,10:48:00,TREND_SHORT,EARLY_HARD_STOP,short,46814.0,46855.0,-82.0,2,76,-3.834003220942983,-1.2110465430459485,102.52883782426215,352.9580715836564,1,6,40.57142857142857,40.333333333333336,-62.0,0.0,-41.0,0.0,10
2026-03-13,FALSE_TREND,10:56:00,11:12:00,TREND_SHORT,EXIT_FLAT,short,46765.0,46843.0,-156.0,16,86,-9.500039527529763,0.7497070312500003,59.99992094493791,406.95130898339994,3,2,39.07142857142857,39.666666666666664,-100.0,40.0,-78.0,0.0,10
2026-03-13,FALSE_TREND,11:26:00,11:43:00,TREND_LONG,EXIT_FLAT,long,46726.0,46678.0,-96.0,17,116,-44.500439453125,-15.001988002232142,89.50131835936918,451.9310210692638,0,7,29.357142857142858,30.0,-106.0,38.0,-48.0,0.0,11
2026-03-13,FALSE_TREND,12:16:00,12:21:00,TREND_SHORT,EARLY_HARD_STOP,short,46665.0,46727.0,-124.0,5,166,-2.2798029556650246,-1.2864990234375,144.72019704433478,499.897207841248,3,2,34.642857142857146,36.2,-101.0,0.0,-62.0,0.0,12
2026-03-13,FALSE_TREND,12:44:00,12:50:00,TREND_SHORT,EXIT_FLAT,short,46662.0,46735.0,-146.0,6,194,1.8460514162561579,0.9999887461837806,109.76841133004928,503.8782725151832,2,1,36.285714285714285,34.666666666666664,-52.0,20.0,-73.0,0.0,12
2026-03-13,FALSE_TREND,15:38:00,16:00:00,TREND_SHORT,SESSION_EXIT,short,46576.0,46579.0,-6.0,22,368,-0.1790491073946215,-2.952358086963532,66.96630743051355,589.760602567847,2,2,20.357142857142858,20.133333333333333,-33.0,43.0,-22.0,0.0,15
2026-03-16,FALSE_TREND,10:10:00,10:11:00,TREND_LONG,EARLY_HARD_STOP,long,47215.0,47167.0,-96.0,1,40,-2.7140997023809526,3.6472602348823044,85.41095906047121,332.98727769647667,2,2,39.0,39.53333333333333,114.0,0.0,-48.0,0.0,10
2026-03-16,FALSE_TREND,10:47:00,10:51:00,TREND_SHORT,EARLY_HARD_STOP,short,46864.0,46959.0,-190.0,4,77,-20.99932861328125,-12.165619913162585,221.48295592400245,353.98528977615206,0,10,34.42857142857143,34.4,-74.0,0.0,-95.0,0.0,10
2026-03-16,FALSE_TREND,12:25:00,12:40:00,TREND_SHORT,EXIT_FLAT,short,46873.0,46935.0,-124.0,15,175,0.11447952119430695,-3.2047409887832727,142.6291562840488,362.9463276841125,1,6,32.785714285714285,28.8,-118.0,14.0,-62.0,0.0,12
2026-03-17,TRUE_TREND,10:11:00,10:16:00,TREND_SHORT,PARTIAL_TP,short,47250.0,47200.0,50.0,5,41,-10.0,-4.7223665990584935,36.0,206.986096621069,1,3,30.857142857142858,29.8,-69.0,50.0,-13.0,0.0,10
2026-03-17,FALSE_TREND,15:56:00,16:00:00,TREND_SHORT,SESSION_EXIT,short,47018.0,47039.0,-42.0,4,386,-0.08861497619696646,-0.045021514702823257,111.08560769975884,438.820694617767,2,8,15.214285714285714,13.933333333333334,-47.0,8.0,-21.0,0.0,15
2026-03-18,TRUE_TREND,10:11:00,10:13:00,TREND_SHORT,PARTIAL_TP,short,46703.0,46649.0,54.0,2,41,14.498590959821428,9.821149553571427,182.959221540179,208.97447946675675,1,4,46.5,43.733333333333334,-80.0,54.0,0.0,0.0,10
2026-03-18,FALSE_TREND,10:49:00,11:00:00,TREND_SHORT,EXIT_FLAT,short,46567.0,46681.0,-228.0,11,79,3.821568080357143,-7.500610351562499,43.28627232142753,358.9421532583292,0,4,25.214285714285715,22.266666666666666,-6.0,22.0,-114.0,0.0,10
2026-03-18,FALSE_TREND,12:01:00,12:13:00,TREND_SHORT,EXIT_FLAT,short,46543.0,46612.0,-138.0,12,151,-1.8296699770207523,0.1764260268475596,69.02749121790112,365.8809036077655,3,3,24.642857142857142,23.8,-62.0,0.0,-69.0,0.0,12
2026-03-18,FALSE_TREND,13:31:00,13:34:00,TREND_SHORT,EARLY_HARD_STOP,short,46508.0,46560.0,-104.0,3,241,-0.5370202690722669,-0.3158856670673077,82.62667318732565,402.8043415802167,1,5,12.928571428571429,7.933333333333334,-59.0,0.0,-52.0,0.0,13
2026-03-18,TRUE_TREND,14:32:00,14:34:00,TREND_SHORT,PARTIAL_TP,short,46505.0,46445.0,60.0,2,302,2.4003422521488935,-1.8638171403192476,29.804107025789563,404.7524495725884,5,2,17.857142857142858,15.133333333333333,-31.0,60.0,0.0,0.0,14
2026-03-19,FALSE_TREND,09:50:00,09:52:00,TREND_LONG,EARLY_HARD_STOP,long,46059.0,46015.0,-88.0,2,20,-0.24924316406250008,7.555087002840908,56.89404296875,257.98978007541155,4,0,42.857142857142854,41.53333333333333,60.0,11.0,-44.0,0.0,9
2026-03-19,FALSE_TREND,13:08:00,13:19:00,TREND_SHORT,EXIT_FLAT,short,45768.0,45831.0,-126.0,11,218,0.00018601168539796118,-0.08452737633311144,213.0271189484556,319.8085101605466,0,6,8.928571428571429,2.0,-63.0,13.0,-63.0,0.0,13
2026-03-23,TRUE_TREND,09:58:00,10:02:00,TREND_LONG,PARTIAL_TP,long,46817.0,46884.0,67.0,4,28,-5.248486328125,6.999954522824754,144.00050024892698,350.9851407504393,5,0,63.07142857142857,64.2,30.0,67.0,0.0,0.0,9
2026-03-23,FALSE_TREND,10:21:00,10:26:00,TREND_LONG,EARLY_HARD_STOP,long,46889.0,46846.0,-86.0,5,51,8.50001183712121,11.666259765625,42.333740234375,420.970281392576,7,0,45.214285714285715,45.8,66.0,28.0,-43.0,0.0,10
2026-03-23,TRUE_TREND,11:01:00,11:02:00,TREND_LONG,PARTIAL_TP,long,46946.0,47012.0,66.0,1,91,5.166658630818565,2.571364524147727,27.284865120360337,477.94443918645993,3,1,37.357142857142854,40.86666666666667,57.0,66.0,0.0,0.0,11
2026-03-24,TRUE_TREND,10:00:00,10:04:00,TREND_LONG,PARTIAL_TP,long,46230.0,46287.0,57.0,4,30,1.0,34.99871826171875,2.9974365234375,207.98335559383122,6,0,47.285714285714285,47.4,94.0,57.0,-15.0,0.0,10
2026-03-24,FALSE_TREND,10:42:00,10:45:00,TREND_LONG,EARLY_HARD_STOP,long,46454.0,46381.0,-146.0,3,72,-1.5003553602430555,14.3335693359375,53.3357042100688,414.94656252593995,2,3,42.357142857142854,41.266666666666666,81.0,22.0,-73.0,0.0,10
2026-03-24,TRUE_TREND,10:52:00,11:01:00,TREND_LONG,PARTIAL_TP,long,46534.0,46590.0,56.0,9,82,-36.999658203125,-1.5834021935096156,204.16728891225648,574.9378021807715,5,3,72.42857142857143,70.53333333333333,112.0,56.0,-34.0,0.0,10
2026-03-25,TRUE_TREND,09:53:00,10:00:00,TREND_SHORT,PARTIAL_TP,short,46701.0,46650.0,51.0,7,23,-10.51073774857955,12.99945068359375,123.38188476562937,342.98722310951416,0,6,46.142857142857146,45.2,-124.0,51.0,-14.0,0.0,9
2026-03-25,FALSE_TREND,10:07:00,10:09:00,TREND_SHORT,EARLY_HARD_STOP,short,46634.0,46678.0,-88.0,2,37,-13.499837239583332,14.0,36.50048828125,410.97909228136996,1,3,46.92857142857143,48.266666666666666,-85.0,15.0,-44.0,0.0,10
2026-03-25,FALSE_TREND,11:16:00,11:20:00,TREND_SHORT,EARLY_HARD_STOP,short,46530.0,46584.0,-108.0,4,106,-17.749072265625,-11.46252680759804,158.745361328125,507.93901927569095,0,9,44.714285714285715,43.733333333333334,-162.0,46.0,-54.0,0.0,11
2026-03-26,TRUE_TREND,09:51:00,09:59:00,TREND_LONG,PARTIAL_TP,long,46747.0,46800.0,53.0,8,21,-7.500195312500001,21.49947497587988,67.00636120282434,334.9874412783174,7,0,52.214285714285715,51.2,66.0,53.0,-46.0,0.0,9
2026-03-26,FALSE_TREND,10:34:00,10:36:00,TREND_LONG,EARLY_HARD_STOP,long,46815.0,46770.0,-90.0,2,64,5.200009300595238,3.000518120659722,51.00207248263905,403.95744011504576,3,2,29.5,29.6,83.0,0.0,-45.0,0.0,10
2026-03-26,TRUE_TREND,13:22:00,13:55:00,TREND_SHORT,PARTIAL_TP,short,46297.0,46245.0,52.0,33,232,-0.9999564174330715,0.040985413696728645,104.0110745554266,556.8869723235621,0,6,20.642857142857142,19.333333333333332,-63.0,52.0,-34.0,0.0,13
2026-03-26,FALSE_TREND,15:12:00,15:17:00,TREND_SHORT,EARLY_HARD_STOP,short,46221.0,46269.0,-96.0,5,342,0.05338962979999612,-4.133474372414982,54.178794090599695,630.8102252297103,0,7,17.642857142857142,17.466666666666665,-37.0,4.0,-48.0,0.0,15
2026-03-27,FALSE_TREND,09:56:00,10:00:00,TREND_SHORT,EARLY_HARD_STOP,short,45723.0,45788.0,-130.0,4,26,3.539215959821429,0.8890111019736839,212.77671155428106,306.98008628073876,3,6,43.714285714285715,43.2,-93.0,20.0,-65.0,0.0,9
2026-03-27,FALSE_TREND,12:11:00,12:14:00,TREND_SHORT,EARLY_HARD_STOP,short,45701.0,45742.0,-82.0,3,161,1.3785611063980023,-3.7806470340491467,192.87107761753578,338.8766880143812,2,8,25.142857142857142,25.133333333333333,-63.0,0.0,-41.0,0.0,12
2026-03-27,TRUE_TREND,13:20:00,13:28:00,TREND_SHORT,PARTIAL_TP,short,45678.0,45625.0,53.0,8,230,1.217142924002776,0.11746487657563022,156.82285801204125,350.8238400572227,0,5,27.642857142857142,32.13333333333333,-35.0,53.0,-5.0,0.0,13
2026-03-30,FALSE_TREND,09:50:00,09:51:00,TREND_SHORT,EARLY_HARD_STOP,short,45575.0,45630.0,-110.0,1,20,-31.7484619140625,-19.0,1.7423095703125,295.9898121896258,0,5,43.92857142857143,43.86666666666667,-125.0,0.0,-55.0,0.0,9
2026-03-30,FALSE_TREND,09:55:00,10:03:00,TREND_SHORT,EXIT_FLAT,short,45574.0,45635.0,-122.0,8,25,-10.624767696496212,0.6670654296875,58.42058475378144,310.9868157925375,0,4,43.714285714285715,44.733333333333334,-1.0,22.0,-61.0,0.0,9
2026-03-31,FALSE_TREND,09:53:00,10:08:00,TREND_LONG,EXIT_FLAT,long,46088.0,46023.0,-130.0,15,23,0.0,20.572957356770832,196.01070149739098,313.98409707648534,5,1,51.142857142857146,52.46666666666667,99.0,26.0,-65.0,0.0,9
2026-03-31,FALSE_TREND,10:51:00,11:01:00,TREND_SHORT,EXIT_FLAT,short,45764.0,45837.0,-146.0,10,81,-13.998746004971592,-4.2758896364516366,225.9862060546875,373.952291386282,0,9,33.57142857142857,34.4,-85.0,31.0,-73.0,0.0,10
2026-03-31,TRUE_TREND,12:39:00,12:40:00,TREND_LONG,PARTIAL_TP,long,46203.0,46349.0,146.0,1,189,0.3625680519424071,0.8051377333603896,179.8979951523288,483.9045824589266,3,4,34.42857142857143,33.4,202.0,146.0,0.0,0.0,12
2026-03-31,TRUE_TREND,15:36:00,15:48:00,TREND_LONG,PARTIAL_TP,long,46560.0,46618.0,58.0,12,366,1.0646907156459744,1.5633613805215079,40.92235514619097,863.7390050626491,4,1,22.357142857142858,22.133333333333333,26.0,58.0,-3.0,0.0,15
2026-04-01,TRUE_TREND,10:51:00,11:16:00,TREND_LONG,CHOP_TP,long,46976.0,47003.0,54.0,25,81,1.4792850718544517,12.713978160511362,70.52232091529731,281.97648763348116,4,0,46.142857142857146,45.666666666666664,61.0,37.0,-1.0,0.0,10
2026-04-02,TRUE_TREND,09:53:00,09:58:00,TREND_LONG,PARTIAL_TP,long,46282.0,46340.0,58.0,5,23,3.3851841517857144,15.399088541666668,25.19270833333576,184.99198424251517,6,1,47.785714285714285,48.2,66.0,58.0,0.0,0.0,9
2026-04-06,FALSE_TREND,09:59:00,10:01:00,TREND_LONG,EARLY_HARD_STOP,long,46819.0,46777.0,-84.0,2,29,4.000685073390152,5.0,6.998629853216698,258.9860031193166,4,1,36.857142857142854,38.0,93.0,0.0,-42.0,0.0,9
2026-04-06,FALSE_TREND,10:21:00,10:22:00,TREND_LONG,EARLY_HARD_STOP,long,46922.0,46881.0,-82.0,1,51,3.8465015076754385,28.99959309895833,61.99918619791424,362.9745982439199,7,0,40.5,40.266666666666666,74.0,0.0,-41.0,0.0,10
2026-04-07,FALSE_TREND,10:06:00,10:19:00,TREND_SHORT,EXIT_FLAT,short,46471.0,46553.0,-164.0,13,36,-1.0375139508928573,-5.816813151041667,135.32009393601038,366.9809516135065,0,5,40.57142857142857,41.0,-74.0,12.0,-82.0,0.0,10
2026-04-07,FALSE_TREND,11:05:00,11:15:00,TREND_SHORT,EXIT_FLAT,short,46441.0,46550.0,-218.0,10,95,1.2104400162623066,-8.869025148571048,110.74650210326217,401.94973334568203,0,7,36.07142857142857,36.266666666666666,-99.0,2.0,-109.0,0.0,11
2026-04-08,FALSE_TREND,09:53:00,10:00:00,TREND_SHORT,EXIT_FLAT,short,48078.0,48143.0,-130.0,7,23,-16.33357631138393,-2.454366783034485,43.60861206564732,195.99700645931443,3,3,52.5,52.666666666666664,-149.0,2.0,-65.0,0.0,9
2026-04-08,TRUE_TREND,10:29:00,10:35:00,TREND_SHORT,PARTIAL_TP,short,48005.0,47914.0,91.0,6,59,-10.749337332589286,8.499755859375002,18.003731863842404,259.9790455497641,1,3,31.428571428571427,31.2,-62.0,91.0,0.0,0.0,10
2026-04-08,FALSE_TREND,10:47:00,10:56:00,TREND_LONG,EXIT_FLAT,long,47904.0,47805.0,-198.0,9,77,-17.9990234375,1.5713253929501487,22.001953125,390.97006509498897,1,3,35.214285714285715,34.53333333333333,-41.0,39.0,-99.0,0.0,10
2026-04-09,FALSE_TREND,09:53:00,10:15:00,TREND_LONG,EXIT_FLAT,long,48074.0,48005.0,-138.0,22,23,-4.50008544921875,6.332938058035715,21.836751883376564,173.9848718047433,3,2,27.571428571428573,28.333333333333332,23.0,19.0,-69.0,0.0,9
2026-04-09,TRUE_TREND,11:32:00,11:47:00,TREND_LONG,PARTIAL_TP,long,48177.0,48230.0,53.0,15,122,2.400331355203888,-0.5207656594123367,94.58143846354506,294.9197546273863,4,3,27.571428571428573,27.333333333333332,111.0,53.0,-6.0,0.0,11
2026-04-09,TRUE_TREND,12:52:00,13:06:00,TREND_LONG,PARTIAL_TP,long,48457.0,48508.0,51.0,14,202,-0.00012007732780612142,0.6000291255482455,66.00561808399652,545.8671346404226,5,0,17.571428571428573,17.466666666666665,58.0,51.0,-12.0,0.0,12
2026-04-10,FALSE_TREND,09:55:00,09:58:00,TREND_SHORT,EARLY_HARD_STOP,short,48190.0,48232.0,-84.0,3,25,-10.207321213942306,-5.0,4.816969651445106,297.98979276113823,0,3,29.428571428571427,29.733333333333334,-12.0,0.0,-42.0,0.0,9
2026-04-10,TRUE_TREND,11:57:00,12:35:00,TREND_SHORT,PARTIAL_TP,short,48160.0,48110.0,50.0,38,147,-7.752589512538243,-1.030953407962266,66.92807265265583,299.9399811206604,1,8,18.5,18.066666666666666,-30.0,50.0,-18.0,0.0,11
2026-04-13,FALSE_TREND,10:00:00,10:01:00,TREND_LONG,EARLY_HARD_STOP,long,47973.0,47898.0,-150.0,1,30,-0.22222049597537943,5.104009073247354,149.64788204778597,264.979320398088,1,3,51.357142857142854,49.2,140.0,0.0,-75.0,0.0,10
2026-04-13,TRUE_TREND,12:20:00,12:30:00,TREND_LONG,PARTIAL_TP,long,47998.0,48055.0,57.0,10,170,2.239008799577031,1.3331936149042758,7.32089191085106,329.87209259008523,5,1,21.285714285714285,25.666666666666668,51.0,57.0,-9.0,0.0,12
2026-04-14,FALSE_TREND,10:09:00,10:25:00,TREND_LONG,EXIT_FLAT,long,48673.0,48604.0,-138.0,16,39,-0.30742521367521397,2.815365334535256,95.76951998196455,288.9834509981665,7,1,23.714285714285715,23.733333333333334,54.0,31.0,-69.0,0.0,10
2026-04-14,FALSE_TREND,11:26:00,12:55:00,TREND_LONG,EXIT_FLAT,long,48738.0,48668.0,-140.0,89,116,-0.10544020432692311,1.5141507902413684,62.66874814408948,352.9490112382555,6,0,20.214285714285715,20.066666666666666,30.0,27.0,-70.0,0.0,11
2026-04-15,TRUE_TREND,09:51:00,10:03:00,TREND_SHORT,PARTIAL_TP,short,48641.0,48582.0,59.0,12,21,-11.499348346452068,0.2499023437499998,92.50716818902583,276.9908597708345,0,6,38.714285714285715,38.8,-37.0,59.0,-28.0,0.0,9
2026-04-16,TRUE_TREND,09:53:00,10:02:00,TREND_SHORT,PARTIAL_TP,short,48658.0,48603.0,55.0,9,23,-9.165897578983516,1.4993408203124994,48.843331473217404,215.99218307022238,0,6,34.785714285714285,34.8,-65.0,55.0,0.0,0.0,9
2026-04-17,TRUE_TREND,09:57:00,10:04:00,TREND_LONG,PARTIAL_TP,long,49515.0,49575.0,60.0,7,27,-2.0524108427807803,15.933475703983516,102.59871866415051,302.98100423335563,10,0,45.285714285714285,45.6,121.0,60.0,-5.0,0.0,9
2026-04-17,TRUE_TREND,10:33:00,10:49:00,TREND_LONG,PARTIAL_TP,long,49770.0,49834.0,64.0,16,63,-2.3330078125,5.271893511761676,54.465384347095096,530.9556765445013,4,1,30.571428571428573,29.6,71.0,64.0,-23.0,0.0,10
2026-04-17,TRUE_TREND,11:55:00,12:30:00,TREND_LONG,CHOP_TP,long,49844.0,49866.0,44.0,35,145,4.333626730400219,0.21116842955221862,67.08728397254163,610.8979856059304,7,0,20.928571428571427,21.533333333333335,21.0,46.0,-18.0,0.0,11
2026-04-17,FALSE_TREND,12:45:00,13:08:00,TREND_LONG,EXIT_FLAT,long,49918.0,49801.0,-234.0,23,195,-5.9998779296875,1.9997892460547835,55.016438807724626,680.8628081554562,5,0,13.071428571428571,13.4,20.0,3.0,-117.0,0.0,12
2026-04-21,FALSE_TREND,09:50:00,09:59:00,TREND_LONG,EXIT_FLAT,long,50036.0,49976.0,-120.0,9,20,-5.5,17.598685128348215,21.407889229907596,217.984188600356,6,0,36.642857142857146,36.46666666666667,81.0,3.0,-60.0,0.0,9
2026-04-21,TRUE_TREND,10:37:00,10:45:00,TREND_SHORT,PARTIAL_TP,short,49834.0,49781.0,53.0,8,67,-8.821428571428571,-1.2356256055285941,42.285714285717404,221.96088778124977,0,5,23.142857142857142,23.266666666666666,-49.0,53.0,-1.0,0.0,10
2026-04-21,FALSE_TREND,15:42:00,16:00:00,TREND_SHORT,SESSION_EXIT,short,49301.0,49307.0,-12.0,18,372,1.6998542213612233,-3.707494365985577,134.9176569794945,758.7070745002275,0,8,33.92857142857143,32.666666666666664,-175.0,40.0,-58.0,0.0,15
2026-04-22,FALSE_TREND,09:57:00,10:33:00,TREND_LONG,EXIT_FLAT,long,49765.0,49703.0,-124.0,36,27,1.2007190479951744,7.428676060267857,29.856619698664872,153.99455286304874,6,1,34.857142857142854,34.0,68.0,41.0,-62.0,0.0,9
2026-04-22,TRUE_TREND,12:28:00,14:02:00,TREND_SHORT,CHOP_TP,short,49609.0,49583.0,52.0,94,178,-2.6666155367779742,-0.5571724025792288,37.25181745811278,200.94594762483757,1,3,12.5,11.933333333333334,-36.0,31.0,-49.0,0.0,12
2026-04-22,TRUE_TREND,14:07:00,14:23:00,TREND_SHORT,PARTIAL_TP,short,49570.0,49519.0,51.0,16,277,-2.499730894619361,-0.04489473128556185,4.736013719899347,241.90446557111136,2,3,8.857142857142858,8.666666666666666,-13.0,51.0,-4.0,0.0,14
2026-04-23,TRUE_TREND,10:08:00,10:12:00,TREND_LONG,PARTIAL_TP,long,49531.0,49597.0,66.0,4,38,0.8463477639590993,-2.999788613019221,106.99852029114118,158.97726522353332,3,2,31.0,30.333333333333332,54.0,66.0,0.0,0.0,10
2026-04-23,FALSE_TREND,10:50:00,11:08:00,TREND_LONG,EXIT_FLAT,long,49671.0,49607.0,-128.0,18,80,1.0141225961556293e-05,2.6106543602881493,61.67214767654514,285.94833007448324,5,0,21.357142857142858,20.333333333333332,14.0,31.0,-64.0,0.0,10
2026-04-23,TRUE_TREND,13:36:00,13:40:00,TREND_SHORT,PARTIAL_TP,short,49250.0,49194.0,56.0,4,246,1.0002333278700466,0.33378262362637345,111.00637689133146,466.89045989186707,1,3,42.92857142857143,41.6,-37.0,56.0,-5.0,0.0,13
2026-04-24,FALSE_TREND,10:01:00,10:04:00,TREND_SHORT,EARLY_HARD_STOP,short,49264.0,49306.0,-84.0,3,31,-11.0,-2.5000976562499995,29.0,268.99051477872126,1,3,34.42857142857143,34.6,-35.0,0.0,-42.0,0.0,10
2026-04-27,TRUE_TREND,11:01:00,11:22:00,TREND_SHORT,PARTIAL_TP,short,49259.0,49194.0,65.0,21,91,-2.107689950980392,-2.120043152377137,27.16927083333576,269.96810058849223,1,7,17.214285714285715,16.8,-65.0,65.0,0.0,0.0,11
2026-04-28,TRUE_TREND,09:59:00,10:13:00,TREND_SHORT,PARTIAL_TP,short,49364.0,49310.0,54.0,14,29,-1.5550348455255683,2.99970703125,80.88993030894926,183.98991157260753,2,3,39.57142857142857,38.266666666666666,-57.0,54.0,-2.0,0.0,9
2026-04-30,FALSE_TREND,10:00:00,10:03:00,TREND_LONG,EARLY_HARD_STOP,long,49435.0,49393.0,-84.0,3,30,-1.7499755859375,10.49951171875,10.001953125,250.97767559783824,5,0,33.142857142857146,32.86666666666667,64.0,0.0,-42.0,0.0,10
2026-04-30,TRUE_TREND,14:16:00,14:39:00,TREND_LONG,PARTIAL_TP,long,49807.0,49861.0,54.0,23,286,-4.0,1.382510921919922,58.02198666976619,623.7806041054646,7,2,12.928571428571429,12.733333333333333,15.0,54.0,-20.0,0.0,14
2026-05-01,TRUE_TREND,11:28:00,12:03:00,TREND_SHORT,PARTIAL_TP,short,49853.0,49798.0,55.0,35,118,-3.8181016460908492,0.8330426897321429,19.369088065825053,289.9488953934633,0,4,16.642857142857142,16.933333333333334,-12.0,55.0,-37.0,0.0,11
2026-05-01,TRUE_TREND,12:11:00,12:29:00,TREND_SHORT,PARTIAL_TP,short,49782.0,49727.0,55.0,18,161,-2.7108838967276325,0.14993214793019488,51.091887463233434,355.92304243573017,2,4,15.0,15.133333333333333,-30.0,55.0,-23.0,0.0,12
2026-05-01,TRUE_TREND,15:58:00,16:00:00,TREND_SHORT,SESSION_EXIT,short,49666.0,49653.0,26.0,2,388,-1.156169827372754,0.9998099190848214,76.21402810526342,473.7865628470681,0,3,16.428571428571427,15.666666666666666,-19.0,25.0,0.0,0.0,15
2026-05-05,FALSE_TREND,10:10:00,10:13:00,TREND_LONG,EARLY_HARD_STOP,long,49359.0,49313.0,-92.0,3,40,5.273272114415323,2.572021484375,49.860107421875,237.9896338247563,4,3,28.857142857142858,28.8,93.0,8.0,-46.0,0.0,10
2026-05-05,FALSE_TREND,10:59:00,11:32:00,TREND_LONG,EXIT_FLAT,long,49382.0,49315.0,-134.0,33,89,-0.40602641269576006,1.9997916214417848,64.00812676377245,258.97082124600274,7,1,18.357142857142858,18.0,54.0,39.0,-67.0,0.0,10
2026-05-05,TRUE_TREND,15:13:00,15:47:00,TREND_LONG,CHOP_TP,long,49442.0,49467.0,50.0,34,343,-1.0,0.3609139180542944,102.25222201008728,323.8733028532224,6,0,9.5,9.2,14.0,32.0,-5.0,0.0,15
2026-05-06,TRUE_TREND,10:19:00,10:58:00,TREND_LONG,PARTIAL_TP,long,50001.0,50057.0,56.0,39,49,-0.3331815973291255,0.5912188876313054,143.52646535720123,210.98238111279352,4,3,33.5,33.93333333333333,107.0,56.0,-37.0,0.0,10
2026-05-06,FALSE_TREND,15:07:00,15:59:00,TREND_LONG,EXIT_FLAT,long,50093.0,50026.0,-134.0,52,337,0.519832301038801,-0.125187241429445,113.89877966154017,290.87882506283495,9,0,12.214285714285714,12.066666666666666,31.0,38.0,-67.0,0.0,15
2026-05-07,TRUE_TREND,10:09:00,10:15:00,TREND_SHORT,PARTIAL_TP,short,49945.0,49882.0,63.0,6,39,-17.49852294921875,-0.00031960227272725353,5.504431152337929,304.9735117131204,6,1,27.428571428571427,27.266666666666666,-55.0,63.0,0.0,0.0,10
2026-05-07,FALSE_TREND,14:45:00,15:07:00,TREND_SHORT,EXIT_FLAT,short,49640.0,49701.0,-122.0,22,315,-0.6248385773205837,-1.4284923833434007,98.01623371393362,656.7860561093767,0,5,28.142857142857142,27.133333333333333,-46.0,16.0,-61.0,0.0,14
2026-05-08,FALSE_TREND,10:10:00,10:14:00,TREND_SHORT,EARLY_HARD_STOP,short,49746.0,49786.0,-80.0,4,40,-2.1362970932062737,-2.6673034667968754,38.54665232228581,222.98425301467796,1,2,28.714285714285715,28.733333333333334,-38.0,0.0,-40.0,0.0,10
2026-05-08,TRUE_TREND,11:08:00,12:56:00,TREND_SHORT,PARTIAL_TP,short,49717.0,49666.0,51.0,108,98,-1.3270430906737698,-3.6670730218142626,34.16983655180229,236.96141982325935,2,7,20.357142857142858,19.666666666666668,-41.0,51.0,-55.0,0.0,11
2026-05-08,FALSE_TREND,14:51:00,15:37:00,TREND_SHORT,EXIT_FLAT,short,49623.0,49683.0,-120.0,46,321,0.2448562078939372,2.0,144.48766660258843,326.8736302596444,0,7,11.214285714285714,10.6,-37.0,33.0,-60.0,0.0,14
2026-05-11,FALSE_TREND,09:50:00,10:03:00,TREND_LONG,EXIT_FLAT,long,49764.0,49699.0,-130.0,13,20,16.08258463541667,15.553458658854165,47.65109049478633,203.99659915410302,6,0,44.214285714285715,43.93333333333333,60.0,39.0,-65.0,0.0,9
2026-05-11,FALSE_TREND,10:28:00,10:31:00,TREND_LONG,EARLY_HARD_STOP,long,49807.0,49753.0,-108.0,3,58,-0.1781515788562189,4.157561373992038,86.63657939012046,250.9836761335173,8,1,25.428571428571427,24.533333333333335,67.0,0.0,-54.0,0.0,10
2026-05-11,TRUE_TREND,13:42:00,14:03:00,TREND_LONG,PARTIAL_TP,long,49818.0,49868.0,50.0,21,252,0.34511313711717173,0.08325263305014005,102.56851539576019,261.9177004755911,3,0,13.428571428571429,12.666666666666666,16.0,50.0,-12.0,0.0,13
2026-05-12,TRUE_TREND,13:03:00,14:18:00,TREND_LONG,CHOP_TP,long,49788.0,49802.0,28.0,75,213,1.122951886894032,1.740704944462409,89.80221852140676,399.8917081177715,7,1,19.785714285714285,19.4,80.0,32.0,-40.0,0.0,13
2026-05-12,TRUE_TREND,14:22:00,15:08:00,TREND_LONG,CHOP_TP,long,49831.0,49879.0,96.0,46,292,-0.07403330176767678,1.6980059790536812,36.452941707495484,434.8480599092072,6,1,14.357142857142858,14.533333333333333,22.0,48.0,0.0,0.0,14
2026-05-12,FALSE_TREND,15:13:00,16:00:00,TREND_LONG,SESSION_EXIT,long,49895.0,49862.0,-66.0,47,343,-1.333251953125,1.657537412029827,20.08147005720093,497.81988191661367,3,1,13.071428571428571,12.933333333333334,16.0,16.0,-35.0,0.0,15
2026-05-15,FALSE_TREND,11:44:00,12:23:00,TREND_SHORT,EXIT_FLAT,short,49617.0,49677.0,-120.0,39,134,-0.000248640965789098,-1.5880422241855376,30.302525081468048,248.94045762286987,0,9,23.428571428571427,24.133333333333333,-50.0,23.0,-60.0,0.0,11
