date,time,trade_type,entry_price,exit_price,direction,contracts,realized_pl,bars_held,line_hit,blocked,day_type,session_date
2023-12-19,09:46:00,TREND_LONG,38160.0,38160.0,long,2,0.0,0,,False,TREND,2023-12-19
2023-12-19,10:00:00,CHOP_TP,38172.0,38172.0,long,0,24.0,14,,False,CHOP,2023-12-19
2023-12-19,10:10:00,CHOP_BUY,38155.0,38155.0,long,2,0.0,0,,False,CHOP,2023-12-19
2023-12-19,10:30:00,SESSION_EXIT,38155.0,38155.0,long,0,0.0,20,,False,CHOP,2023-12-19
2024-01-10,09:58:00,CHOP_BUY,38240.0,38240.0,long,2,0.0,0,,False,CHOP,2024-01-10
2024-01-10,10:02:00,EXIT_FLAT,38150.0,38150.0,long,0,-180.0,4,,False,TREND,2024-01-10
2024-01-10,10:03:00,TREND_SHORT,38150.0,38150.0,short,2,0.0,0,,False,TREND,2024-01-10
2024-01-10,10:30:00,SESSION_EXIT,38150.0,38150.0,short,0,0.0,27,,False,CHOP,2024-01-10
2024-02-13,09:47:00,CHOP_SELL,38898.0,38898.0,short,2,0.0,0,,False,CHOP,2024-02-13
2024-02-13,09:53:00,PARTIAL_TP,38781.0,38781.0,short,1,117.0,6,,False,TREND,2024-02-13
2024-02-13,10:41:00,SESSION_EXIT,38762.0,38762.0,short,0,136.0,54,,False,CHOP,2024-02-13
2024-02-22,09:48:00,TREND_LONG,39388.0,39388.0,long,2,0.0,0,,False,TREND,2024-02-22
2024-02-22,09:51:00,PARTIAL_TP,39438.0,39438.0,long,1,50.0,3,,False,TREND,2024-02-22
2024-02-22,10:30:00,SESSION_EXIT,39368.0,39368.0,long,0,-20.0,42,,False,TREND,2024-02-22
2024-02-26,09:43:00,TREND_LONG,39700.0,39700.0,long,2,0.0,0,,False,TREND,2024-02-26
2024-02-26,10:30:00,SESSION_EXIT,39646.0,39646.0,long,0,-108.0,47,,False,TREND,2024-02-26
2024-02-27,09:51:00,TREND_SHORT,39400.0,39400.0,short,2,0.0,0,,False,TREND,2024-02-27
2024-02-27,10:30:00,SESSION_EXIT,39420.0,39420.0,short,0,-40.0,39,,False,CHOP,2024-02-27
2024-02-28,09:46:00,TREND_LONG,39280.0,39280.0,long,2,0.0,0,,False,TREND,2024-02-28
2024-02-28,10:30:00,SESSION_EXIT,39304.0,39304.0,long,0,48.0,44,,False,TREND,2024-02-28
2024-02-29,09:54:00,TREND_SHORT,39463.0,39463.0,short,2,0.0,0,,False,TREND,2024-02-29
2024-02-29,10:06:00,CHOP_TP,39450.0,39450.0,short,0,26.0,12,,False,CHOP,2024-02-29
2024-02-29,10:07:00,TREND_SHORT,39440.0,39440.0,short,2,0.0,0,,False,TREND,2024-02-29
2024-02-29,10:11:00,PARTIAL_TP,39385.0,39385.0,short,1,55.0,4,,False,TREND,2024-02-29
2024-02-29,10:30:00,SESSION_EXIT,39418.0,39418.0,short,0,22.0,23,,False,TREND,2024-02-29
2024-03-01,09:42:00,TREND_SHORT,39401.0,39401.0,short,2,0.0,0,,False,TREND,2024-03-01
2024-03-01,09:53:00,PARTIAL_TP,39348.0,39348.0,short,1,53.0,11,,False,TREND,2024-03-01
2024-03-01,10:14:00,CHOP_TP,39359.0,39359.0,short,0,42.0,32,,False,CHOP,2024-03-01
2024-03-01,10:28:00,TREND_LONG,39491.0,39491.0,long,2,0.0,0,,False,TREND,2024-03-01
2024-03-01,10:30:00,SESSION_EXIT,39493.0,39493.0,long,0,4.0,2,,False,TREND,2024-03-01
2024-03-04,09:50:00,TREND_LONG,39486.0,39486.0,long,2,0.0,0,,False,TREND,2024-03-04
2024-03-04,10:30:00,SESSION_EXIT,39500.0,39500.0,long,0,28.0,40,,False,TREND,2024-03-04
2024-03-05,09:52:00,TREND_SHORT,39226.0,39226.0,short,2,0.0,0,,False,TREND,2024-03-05
2024-03-05,10:00:00,EXIT_FLAT,39300.0,39300.0,short,0,-148.0,8,,False,TREND,2024-03-05
2024-03-05,10:04:00,TREND_LONG,39336.0,39336.0,long,2,0.0,0,,False,TREND,2024-03-05
2024-03-05,10:08:00,EXIT_FLAT,39271.0,39271.0,long,0,-130.0,4,,False,TREND,2024-03-05
2024-03-05,10:24:00,CHOP_BUY,39265.0,39265.0,long,2,0.0,0,,False,CHOP,2024-03-05
2024-03-05,10:30:00,SESSION_EXIT,39275.0,39275.0,long,0,20.0,6,,False,TREND,2024-03-05
2024-03-06,09:48:00,TREND_SHORT,39150.0,39150.0,short,2,0.0,0,,False,TREND,2024-03-06
2024-03-06,10:11:00,EXIT_FLAT,39210.0,39210.0,short,0,-120.0,23,,False,TREND,2024-03-06
2024-03-06,10:50:00,CHOP_SELL,39190.0,39190.0,short,2,0.0,0,,False,CHOP,2024-03-06
2024-03-06,10:51:00,SESSION_EXIT,39206.0,39206.0,short,0,-32.0,1,,False,CHOP,2024-03-06
2024-03-07,09:45:00,TREND_SHORT,39292.0,39292.0,short,2,0.0,0,,False,TREND,2024-03-07
2024-03-07,10:30:00,SESSION_EXIT,39300.0,39300.0,short,0,-16.0,45,,False,TREND,2024-03-07
2024-03-08,09:44:00,TREND_LONG,39350.0,39350.0,long,2,0.0,0,,False,TREND,2024-03-08
2024-03-08,09:47:00,PARTIAL_TP,39408.0,39408.0,long,1,58.0,3,,False,TREND,2024-03-08
2024-03-08,10:30:00,SESSION_EXIT,39316.0,39316.0,long,0,-34.0,46,,False,TREND,2024-03-08
2024-03-11,10:00:00,TREND_SHORT,39056.0,39056.0,short,2,0.0,0,,False,TREND,2024-03-11
2024-03-11,10:07:00,PARTIAL_TP,38992.0,38992.0,short,1,64.0,7,,False,TREND,2024-03-11
2024-03-11,10:19:00,CHOP_TP,39001.0,39001.0,short,0,55.0,19,,False,CHOP,2024-03-11
2024-03-11,10:27:00,TREND_SHORT,38940.0,38940.0,short,2,0.0,0,,False,TREND,2024-03-11
2024-03-11,10:30:00,SESSION_EXIT,38980.0,38980.0,short,0,-80.0,3,,False,TREND,2024-03-11
2024-03-12,10:05:00,CHOP_SELL,39279.0,39279.0,short,2,0.0,0,,False,CHOP,2024-03-12
2024-03-12,10:22:00,EXIT_FLAT,39348.0,39348.0,short,0,-138.0,17,,False,TREND,2024-03-12
2024-03-12,10:23:00,TREND_LONG,39367.0,39367.0,long,2,0.0,0,,False,TREND,2024-03-12
2024-03-12,10:29:00,PARTIAL_TP,39423.0,39423.0,long,1,56.0,6,,False,TREND,2024-03-12
2024-03-12,11:10:00,SESSION_EXIT,39471.0,39471.0,long,0,104.0,47,,False,CHOP,2024-03-12
2024-03-13,10:06:00,TREND_LONG,39573.0,39573.0,long,2,0.0,0,,False,TREND,2024-03-13
2024-03-13,10:23:00,PARTIAL_TP,39625.0,39625.0,long,1,52.0,17,,False,TREND,2024-03-13
2024-03-13,10:30:00,SESSION_EXIT,39619.0,39619.0,long,0,46.0,24,,False,TREND,2024-03-13
2024-03-14,09:46:00,TREND_SHORT,39523.0,39523.0,short,2,0.0,0,,False,TREND,2024-03-14
2024-03-14,09:48:00,PARTIAL_TP,39461.0,39461.0,short,1,62.0,2,,False,TREND,2024-03-14
2024-03-14,10:50:00,SESSION_EXIT,39428.0,39428.0,short,0,95.0,64,,False,CHOP,2024-03-14
2024-03-15,09:53:00,TREND_SHORT,39173.0,39173.0,short,2,0.0,0,,False,TREND,2024-03-15
2024-03-15,10:14:00,EXIT_FLAT,39234.0,39234.0,short,0,-122.0,21,,False,TREND,2024-03-15
2024-03-15,12:04:00,CHOP_BUY,39189.0,39189.0,long,2,0.0,0,,False,CHOP,2024-03-15
2024-03-15,12:05:00,SESSION_EXIT,39181.0,39181.0,long,0,-16.0,1,,False,TREND,2024-03-15
2024-03-18,09:47:00,TREND_SHORT,39209.0,39209.0,short,2,0.0,0,,False,TREND,2024-03-18
2024-03-18,10:08:00,EXIT_FLAT,39271.0,39271.0,short,0,-124.0,21,,False,TREND,2024-03-18
2024-03-18,10:17:00,CHOP_BUY,39273.0,39273.0,long,2,0.0,0,,False,CHOP,2024-03-18
2024-03-18,10:30:00,SESSION_EXIT,39303.0,39303.0,long,0,60.0,13,,False,TREND,2024-03-18
2024-03-19,10:03:00,TREND_LONG,39300.0,39300.0,long,2,0.0,0,,False,TREND,2024-03-19
2024-03-19,10:30:00,SESSION_EXIT,39302.0,39302.0,long,0,4.0,27,,False,TREND,2024-03-19
2024-03-20,09:48:00,TREND_LONG,39514.0,39514.0,long,2,0.0,0,,False,TREND,2024-03-20
2024-03-20,10:29:00,PARTIAL_TP,39566.0,39566.0,long,1,52.0,41,,False,TREND,2024-03-20
2024-03-20,10:31:00,SESSION_EXIT,39552.0,39552.0,long,0,38.0,43,,False,TREND,2024-03-20
2024-03-21,09:58:00,TREND_LONG,40195.0,40195.0,long,2,0.0,0,,False,TREND,2024-03-21
2024-03-21,10:17:00,PARTIAL_TP,40248.0,40248.0,long,1,53.0,19,,False,TREND,2024-03-21
2024-03-21,11:03:00,SESSION_EXIT,40233.0,40233.0,long,0,38.0,65,,False,TREND,2024-03-21
2024-03-22,09:43:00,TREND_SHORT,40154.0,40154.0,short,2,0.0,0,,False,TREND,2024-03-22
2024-03-22,10:11:00,PARTIAL_TP,40099.0,40099.0,short,1,55.0,28,,False,TREND,2024-03-22
2024-03-22,11:48:00,SESSION_EXIT,40020.0,40020.0,short,0,134.0,125,,False,CHOP,2024-03-22
2024-03-25,09:43:00,CHOP_SELL,39784.0,39784.0,short,2,0.0,0,,False,CHOP,2024-03-25
2024-03-25,10:30:00,SESSION_EXIT,39758.0,39758.0,short,0,52.0,47,,False,TREND,2024-03-25
2024-03-26,09:51:00,CHOP_SELL,39718.0,39718.0,short,2,0.0,0,,False,CHOP,2024-03-26
2024-03-26,10:30:00,SESSION_EXIT,39760.0,39760.0,short,0,-84.0,39,,False,TREND,2024-03-26
2024-03-27,09:48:00,TREND_LONG,39974.0,39974.0,long,2,0.0,0,,False,TREND,2024-03-27
2024-03-27,10:06:00,EXIT_FLAT,39911.0,39911.0,long,0,-126.0,18,,False,TREND,2024-03-27
2024-03-27,10:44:00,CHOP_BUY,39891.0,39891.0,long,2,0.0,0,,False,CHOP,2024-03-27
2024-03-27,10:45:00,SESSION_EXIT,39891.0,39891.0,long,0,0.0,1,,False,TREND,2024-03-27
2024-03-28,09:51:00,TREND_SHORT,40144.0,40144.0,short,2,0.0,0,,False,TREND,2024-03-28
2024-03-28,10:30:00,SESSION_EXIT,40117.0,40117.0,short,0,54.0,39,,False,TREND,2024-03-28
2024-04-01,09:45:00,TREND_SHORT,40044.0,40044.0,short,2,0.0,0,,False,TREND,2024-04-01
2024-04-01,09:49:00,PARTIAL_TP,39989.0,39989.0,short,1,55.0,4,,False,TREND,2024-04-01
2024-04-01,10:02:00,CHOP_TP,39974.0,39974.0,short,0,70.0,17,,False,CHOP,2024-04-01
2024-04-01,10:04:00,TREND_SHORT,39961.0,39961.0,short,2,0.0,0,,False,TREND,2024-04-01
2024-04-01,10:30:00,SESSION_EXIT,39924.0,39924.0,short,0,74.0,26,,False,TREND,2024-04-01
2024-04-02,09:45:00,TREND_SHORT,39435.0,39435.0,short,2,0.0,0,,False,TREND,2024-04-02
2024-04-02,09:58:00,CHOP_TP,39407.0,39407.0,short,0,56.0,13,,False,CHOP,2024-04-02
2024-04-02,12:01:00,CHOP_BUY,39409.0,39409.0,long,2,0.0,0,,False,CHOP,2024-04-02
2024-04-02,12:02:00,SESSION_EXIT,39409.0,39409.0,long,0,0.0,1,,False,TREND,2024-04-02
2024-04-03,09:43:00,TREND_LONG,39517.0,39517.0,long,2,0.0,0,,False,TREND,2024-04-03
2024-04-03,10:00:00,PARTIAL_TP,39569.0,39569.0,long,1,52.0,17,,False,TREND,2024-04-03
2024-04-03,10:16:00,CHOP_TP,39575.0,39575.0,long,0,58.0,33,,False,CHOP,2024-04-03
2024-04-03,10:21:00,CHOP_BUY,39569.0,39569.0,long,2,0.0,0,,False,CHOP,2024-04-03
2024-04-03,10:30:00,SESSION_EXIT,39567.0,39567.0,long,0,-4.0,9,,False,TREND,2024-04-03
2024-04-04,09:44:00,TREND_SHORT,39674.0,39674.0,short,2,0.0,0,,False,TREND,2024-04-04
2024-04-04,09:51:00,PARTIAL_TP,39610.0,39610.0,short,1,64.0,7,,False,TREND,2024-04-04
2024-04-04,10:12:00,CHOP_TP,39630.0,39630.0,short,0,44.0,28,,False,CHOP,2024-04-04
2024-04-04,10:18:00,CHOP_BUY,39613.0,39613.0,long,2,0.0,0,,False,CHOP,2024-04-04
2024-04-04,10:30:00,SESSION_EXIT,39621.0,39621.0,long,0,16.0,12,,False,TREND,2024-04-04
2024-04-05,09:44:00,CHOP_BUY,38996.0,38996.0,long,2,0.0,0,,False,CHOP,2024-04-05
2024-04-05,10:12:00,PARTIAL_TP,39062.0,39062.0,long,1,66.0,28,,False,TREND,2024-04-05
2024-04-05,10:30:00,SESSION_EXIT,39007.0,39007.0,long,0,11.0,46,,False,TREND,2024-04-05
2024-04-08,09:45:00,TREND_LONG,39319.0,39319.0,long,2,0.0,0,,False,TREND,2024-04-08
2024-04-08,09:59:00,EXIT_FLAT,39245.0,39245.0,long,0,-148.0,14,,False,TREND,2024-04-08
2024-04-08,10:02:00,TREND_SHORT,39226.0,39226.0,short,2,0.0,0,,False,TREND,2024-04-08
2024-04-08,10:30:00,SESSION_EXIT,39286.0,39286.0,short,0,-120.0,28,,False,TREND,2024-04-08
2024-04-09,09:46:00,TREND_SHORT,39205.0,39205.0,short,2,0.0,0,,False,TREND,2024-04-09
2024-04-09,09:52:00,PARTIAL_TP,39139.0,39139.0,short,1,66.0,6,,False,TREND,2024-04-09
2024-04-09,11:25:00,SESSION_EXIT,38992.0,38992.0,short,0,213.0,99,,False,CHOP,2024-04-09
2024-04-10,10:33:00,TREND_LONG,38832.0,38832.0,long,2,0.0,0,,False,TREND,2024-04-10
2024-04-10,10:34:00,SESSION_EXIT,38831.0,38831.0,long,0,-2.0,1,,False,TREND,2024-04-10
2024-04-11,09:46:00,TREND_SHORT,38658.0,38658.0,short,2,0.0,0,,False,TREND,2024-04-11
2024-04-11,10:04:00,PARTIAL_TP,38599.0,38599.0,short,1,59.0,18,,False,TREND,2024-04-11
2024-04-11,11:03:00,SESSION_EXIT,38540.0,38540.0,short,0,118.0,77,,False,CHOP,2024-04-11
2024-04-12,09:46:00,TREND_LONG,38551.0,38551.0,long,2,0.0,0,,False,TREND,2024-04-12
2024-04-12,09:52:00,EXIT_FLAT,38475.0,38475.0,long,0,-152.0,6,,False,TREND,2024-04-12
2024-04-12,10:00:00,CHOP_BUY,38501.0,38501.0,long,2,0.0,0,,False,CHOP,2024-04-12
2024-04-12,10:08:00,EXIT_FLAT,38411.0,38411.0,long,0,-180.0,8,,False,TREND,2024-04-12
2024-04-12,10:35:00,TREND_SHORT,38388.0,38388.0,short,2,0.0,0,,False,TREND,2024-04-12
2024-04-12,10:36:00,SESSION_EXIT,38354.0,38354.0,short,0,68.0,1,,False,TREND,2024-04-12
2024-04-15,09:45:00,TREND_SHORT,38580.0,38580.0,short,2,0.0,0,,False,TREND,2024-04-15
2024-04-15,10:05:00,PARTIAL_TP,38529.0,38529.0,short,1,51.0,20,,False,TREND,2024-04-15
2024-04-15,10:46:00,SESSION_EXIT,38320.0,38320.0,short,0,260.0,61,,False,CHOP,2024-04-15
2024-04-16,09:42:00,TREND_SHORT,38086.0,38086.0,short,2,0.0,0,,False,TREND,2024-04-16
2024-04-16,09:56:00,EXIT_FLAT,38151.0,38151.0,short,0,-130.0,14,,False,TREND,2024-04-16
2024-04-16,10:02:00,CHOP_BUY,38084.0,38084.0,long,2,0.0,0,,False,CHOP,2024-04-16
2024-04-16,10:14:00,PARTIAL_TP,38149.0,38149.0,long,1,65.0,12,,False,TREND,2024-04-16
2024-04-16,10:30:00,SESSION_EXIT,38051.0,38051.0,long,0,-33.0,28,,False,TREND,2024-04-16
2024-04-17,09:42:00,TREND_LONG,38225.0,38225.0,long,2,0.0,0,,False,TREND,2024-04-17
2024-04-17,10:00:00,EXIT_FLAT,38164.0,38164.0,long,0,-122.0,18,,False,TREND,2024-04-17
2024-04-17,10:12:00,TREND_SHORT,38099.0,38099.0,short,2,0.0,0,,False,TREND,2024-04-17
2024-04-17,10:30:00,SESSION_EXIT,38096.0,38096.0,short,0,6.0,18,,False,TREND,2024-04-17
2024-04-18,09:56:00,TREND_LONG,38174.0,38174.0,long,2,0.0,0,,False,TREND,2024-04-18
2024-04-18,10:17:00,PARTIAL_TP,38236.0,38236.0,long,1,62.0,21,,False,TREND,2024-04-18
2024-04-18,10:32:00,SESSION_EXIT,38223.0,38223.0,long,0,49.0,36,,False,TREND,2024-04-18
2024-04-19,09:44:00,TREND_LONG,38165.0,38165.0,long,2,0.0,0,,False,TREND,2024-04-19
2024-04-19,10:07:00,PARTIAL_TP,38216.0,38216.0,long,1,51.0,23,,False,TREND,2024-04-19
2024-04-19,10:30:00,SESSION_EXIT,38191.0,38191.0,long,0,26.0,46,,False,TREND,2024-04-19
2024-04-22,11:13:00,TREND_SHORT,38238.0,38238.0,short,2,0.0,0,,False,TREND,2024-04-22
2024-04-22,11:14:00,SESSION_EXIT,38228.0,38228.0,short,0,20.0,1,,False,TREND,2024-04-22
2024-04-23,09:45:00,TREND_LONG,38633.0,38633.0,long,2,0.0,0,,False,TREND,2024-04-23
2024-04-23,10:30:00,SESSION_EXIT,38628.0,38628.0,long,0,-10.0,45,,False,TREND,2024-04-23
2024-04-24,10:08:00,TREND_LONG,38737.0,38737.0,long,2,0.0,0,,False,TREND,2024-04-24
2024-04-24,10:17:00,EXIT_FLAT,38665.0,38665.0,long,0,-144.0,9,,False,TREND,2024-04-24
2024-04-24,10:23:00,CHOP_SELL,38688.0,38688.0,short,2,0.0,0,,False,CHOP,2024-04-24
2024-04-24,10:30:00,SESSION_EXIT,38693.0,38693.0,short,0,-10.0,7,,False,TREND,2024-04-24
2024-04-25,09:48:00,TREND_SHORT,38061.0,38061.0,short,2,0.0,0,,False,TREND,2024-04-25
2024-04-25,09:52:00,PARTIAL_TP,38006.0,38006.0,short,1,55.0,4,,False,TREND,2024-04-25
2024-04-25,10:30:00,SESSION_EXIT,38026.0,38026.0,short,0,35.0,42,,False,TREND,2024-04-25
2024-04-26,09:44:00,TREND_LONG,38390.0,38390.0,long,2,0.0,0,,False,TREND,2024-04-26
2024-04-26,09:51:00,PARTIAL_TP,38442.0,38442.0,long,1,52.0,7,,False,TREND,2024-04-26
2024-04-26,10:30:00,SESSION_EXIT,38440.0,38440.0,long,0,50.0,46,,False,TREND,2024-04-26
2024-04-29,10:48:00,TREND_SHORT,38479.0,38479.0,short,2,0.0,0,,False,TREND,2024-04-29
2024-04-29,10:49:00,SESSION_EXIT,38472.0,38472.0,short,0,14.0,1,,False,TREND,2024-04-29
2024-04-30,09:53:00,TREND_SHORT,38353.0,38353.0,short,2,0.0,0,,False,TREND,2024-04-30
2024-04-30,10:17:00,EXIT_FLAT,38424.0,38424.0,short,0,-142.0,24,,False,TREND,2024-04-30
2024-04-30,10:18:00,TREND_LONG,38430.0,38430.0,long,2,0.0,0,,False,TREND,2024-04-30
2024-04-30,10:29:00,EXIT_FLAT,38361.0,38361.0,long,0,-138.0,11,,False,TREND,2024-04-30
2024-04-30,10:46:00,TREND_LONG,38439.0,38439.0,long,2,0.0,0,,False,TREND,2024-04-30
2024-04-30,10:47:00,SESSION_EXIT,38426.0,38426.0,long,0,-26.0,1,,False,TREND,2024-04-30
2024-05-01,09:53:00,CHOP_SELL,38007.0,38007.0,short,2,0.0,0,,False,CHOP,2024-05-01
2024-05-01,10:30:00,SESSION_EXIT,38042.0,38042.0,short,0,-70.0,37,,False,TREND,2024-05-01
2024-05-02,09:43:00,TREND_SHORT,38156.0,38156.0,short,2,0.0,0,,False,TREND,2024-05-02
2024-05-02,10:02:00,PARTIAL_TP,38099.0,38099.0,short,1,57.0,19,,False,TREND,2024-05-02
2024-05-02,10:30:00,SESSION_EXIT,38212.0,38212.0,short,0,-56.0,47,,False,TREND,2024-05-02
2024-05-03,10:04:00,TREND_SHORT,38808.0,38808.0,short,2,0.0,0,,False,TREND,2024-05-03
2024-05-03,10:12:00,PARTIAL_TP,38755.0,38755.0,short,1,53.0,8,,False,TREND,2024-05-03
2024-05-03,11:00:00,SESSION_EXIT,38708.0,38708.0,short,0,100.0,56,,False,CHOP,2024-05-03
2024-05-06,09:43:00,CHOP_SELL,38985.0,38985.0,short,2,0.0,0,,False,CHOP,2024-05-06
2024-05-06,09:58:00,PARTIAL_TP,38934.0,38934.0,short,1,51.0,15,,False,TREND,2024-05-06
2024-05-06,10:30:00,SESSION_EXIT,38945.0,38945.0,short,0,40.0,47,,False,TREND,2024-05-06
2024-05-07,09:52:00,TREND_LONG,39085.0,39085.0,long,2,0.0,0,,False,TREND,2024-05-07
2024-05-07,10:24:00,CHOP_TP,39113.0,39113.0,long,0,56.0,32,,False,CHOP,2024-05-07
2024-05-07,10:26:00,CHOP_BUY,39123.0,39123.0,long,2,0.0,0,,False,CHOP,2024-05-07
2024-05-07,10:30:00,SESSION_EXIT,39111.0,39111.0,long,0,-24.0,4,,False,TREND,2024-05-07
2024-05-08,10:25:00,TREND_LONG,39051.0,39051.0,long,2,0.0,0,,False,TREND,2024-05-08
2024-05-08,10:30:00,SESSION_EXIT,39041.0,39041.0,long,0,-20.0,5,,False,TREND,2024-05-08
2024-05-09,09:43:00,TREND_LONG,39182.0,39182.0,long,2,0.0,0,,False,TREND,2024-05-09
2024-05-09,09:51:00,PARTIAL_TP,39236.0,39236.0,long,1,54.0,8,,False,TREND,2024-05-09
2024-05-09,10:21:00,CHOP_TP,39310.0,39310.0,long,0,128.0,38,,False,CHOP,2024-05-09
2024-05-09,10:22:00,TREND_LONG,39331.0,39331.0,long,2,0.0,0,,False,TREND,2024-05-09
2024-05-09,10:30:00,SESSION_EXIT,39356.0,39356.0,long,0,50.0,8,,False,TREND,2024-05-09
2024-05-10,09:52:00,CHOP_SELL,39682.0,39682.0,short,2,0.0,0,,False,CHOP,2024-05-10
2024-05-10,10:16:00,CHOP_TP,39666.0,39666.0,short,0,32.0,24,,False,CHOP,2024-05-10
2024-05-10,10:18:00,CHOP_BUY,39673.0,39673.0,long,2,0.0,0,,False,CHOP,2024-05-10
2024-05-10,10:30:00,SESSION_EXIT,39639.0,39639.0,long,0,-68.0,12,,False,TREND,2024-05-10
2024-05-13,10:09:00,CHOP_SELL,39745.0,39745.0,short,2,0.0,0,,False,CHOP,2024-05-13
2024-05-13,10:27:00,CHOP_TP,39716.0,39716.0,short,0,58.0,18,,False,CHOP,2024-05-13
2024-05-13,10:31:00,TREND_SHORT,39690.0,39690.0,short,2,0.0,0,,False,TREND,2024-05-13
2024-05-13,10:32:00,SESSION_EXIT,39697.0,39697.0,short,0,-14.0,1,,False,TREND,2024-05-13
2024-05-14,09:59:00,CHOP_BUY,39610.0,39610.0,long,2,0.0,0,,False,CHOP,2024-05-14
2024-05-14,10:11:00,PARTIAL_TP,39667.0,39667.0,long,1,57.0,12,,False,TREND,2024-05-14
2024-05-14,10:30:00,SESSION_EXIT,39623.0,39623.0,long,0,13.0,31,,False,TREND,2024-05-14
2024-05-15,09:42:00,CHOP_BUY,39881.0,39881.0,long,2,0.0,0,,False,CHOP,2024-05-15
2024-05-15,09:53:00,EXIT_FLAT,39815.0,39815.0,long,0,-132.0,11,,False,TREND,2024-05-15
2024-05-15,09:54:00,TREND_SHORT,39816.0,39816.0,short,2,0.0,0,,False,TREND,2024-05-15
2024-05-15,10:30:00,SESSION_EXIT,39838.0,39838.0,short,0,-44.0,36,,False,TREND,2024-05-15
2024-05-16,09:43:00,TREND_SHORT,40025.0,40025.0,short,2,0.0,0,,False,TREND,2024-05-16
2024-05-16,10:10:00,EXIT_FLAT,40094.0,40094.0,short,0,-138.0,27,,False,TREND,2024-05-16
2024-05-16,10:12:00,TREND_LONG,40105.0,40105.0,long,2,0.0,0,,False,TREND,2024-05-16
2024-05-16,10:30:00,SESSION_EXIT,40136.0,40136.0,long,0,62.0,18,,False,CHOP,2024-05-16
2024-05-17,09:44:00,CHOP_SELL,40000.0,40000.0,short,2,0.0,0,,False,CHOP,2024-05-17
2024-05-17,10:30:00,SESSION_EXIT,40025.0,40025.0,short,0,-50.0,46,,False,TREND,2024-05-17
2024-05-20,09:47:00,CHOP_BUY,40073.0,40073.0,long,2,0.0,0,,False,CHOP,2024-05-20
2024-05-20,09:56:00,PARTIAL_TP,40127.0,40127.0,long,1,54.0,9,,False,TREND,2024-05-20
2024-05-20,10:41:00,SESSION_EXIT,40192.0,40192.0,long,0,119.0,54,,False,CHOP,2024-05-20
2024-05-21,10:06:00,TREND_LONG,39995.0,39995.0,long,2,0.0,0,,False,TREND,2024-05-21
2024-05-21,10:30:00,SESSION_EXIT,39993.0,39993.0,long,0,-4.0,24,,False,TREND,2024-05-21
2024-05-22,09:42:00,TREND_LONG,40002.0,40002.0,long,2,0.0,0,,False,TREND,2024-05-22
2024-05-22,10:30:00,SESSION_EXIT,39992.0,39992.0,long,0,-20.0,48,,False,TREND,2024-05-22
2024-05-23,09:47:00,TREND_SHORT,39599.0,39599.0,short,2,0.0,0,,False,TREND,2024-05-23
2024-05-23,09:51:00,PARTIAL_TP,39545.0,39545.0,short,1,54.0,4,,False,TREND,2024-05-23
2024-05-23,10:05:00,CHOP_TP,39552.0,39552.0,short,0,47.0,18,,False,CHOP,2024-05-23
2024-05-23,10:21:00,TREND_SHORT,39512.0,39512.0,short,2,0.0,0,,False,TREND,2024-05-23
2024-05-23,10:30:00,SESSION_EXIT,39471.0,39471.0,short,0,82.0,9,,False,TREND,2024-05-23
2024-05-24,09:50:00,TREND_SHORT,39184.0,39184.0,short,2,0.0,0,,False,TREND,2024-05-24
2024-05-24,10:30:00,SESSION_EXIT,39205.0,39205.0,short,0,-42.0,40,,False,TREND,2024-05-24
2024-05-27,09:53:00,TREND_SHORT,39109.0,39109.0,short,2,0.0,0,,False,TREND,2024-05-27
2024-05-27,10:30:00,SESSION_EXIT,39108.0,39108.0,short,0,2.0,37,,False,TREND,2024-05-27
2024-05-28,09:44:00,TREND_LONG,39082.0,39082.0,long,2,0.0,0,,False,TREND,2024-05-28
2024-05-28,09:56:00,EXIT_FLAT,39020.0,39020.0,long,0,-124.0,12,,False,TREND,2024-05-28
2024-05-28,10:05:00,CHOP_BUY,39003.0,39003.0,long,2,0.0,0,,False,CHOP,2024-05-28
2024-05-28,10:30:00,SESSION_EXIT,39012.0,39012.0,long,0,18.0,25,,False,TREND,2024-05-28
2024-05-29,10:07:00,TREND_LONG,38635.0,38635.0,long,2,0.0,0,,False,TREND,2024-05-29
2024-05-29,10:30:00,SESSION_EXIT,38616.0,38616.0,long,0,-38.0,23,,False,TREND,2024-05-29
2024-05-30,09:49:00,TREND_SHORT,38172.0,38172.0,short,2,0.0,0,,False,TREND,2024-05-30
2024-05-30,10:11:00,CHOP_TP,38152.0,38152.0,short,0,40.0,22,,False,CHOP,2024-05-30
2024-05-30,10:14:00,TREND_SHORT,38121.0,38121.0,short,2,0.0,0,,False,TREND,2024-05-30
2024-05-30,10:30:00,SESSION_EXIT,38175.0,38175.0,short,0,-108.0,16,,False,TREND,2024-05-30
2024-05-31,09:54:00,TREND_SHORT,38240.0,38240.0,short,2,0.0,0,,False,TREND,2024-05-31
2024-05-31,10:30:00,SESSION_EXIT,38236.0,38236.0,short,0,8.0,36,,False,TREND,2024-05-31
2024-06-03,09:48:00,TREND_SHORT,38730.0,38730.0,short,2,0.0,0,,False,TREND,2024-06-03
2024-06-03,09:55:00,PARTIAL_TP,38680.0,38680.0,short,1,50.0,7,,False,TREND,2024-06-03
2024-06-03,10:30:00,SESSION_EXIT,38694.0,38694.0,short,0,36.0,42,,False,TREND,2024-06-03
2024-06-04,09:44:00,TREND_LONG,38647.0,38647.0,long,2,0.0,0,,False,TREND,2024-06-04
2024-06-04,10:00:00,PARTIAL_TP,38708.0,38708.0,long,1,61.0,16,,False,TREND,2024-06-04
2024-06-04,10:37:00,SESSION_EXIT,38689.0,38689.0,long,0,42.0,53,,False,TREND,2024-06-04
2024-06-05,09:45:00,CHOP_BUY,38813.0,38813.0,long,2,0.0,0,,False,CHOP,2024-06-05
2024-06-05,09:53:00,EXIT_FLAT,38743.0,38743.0,long,0,-140.0,8,,False,TREND,2024-06-05
2024-06-05,09:59:00,TREND_LONG,38737.0,38737.0,long,2,0.0,0,,False,TREND,2024-06-05
2024-06-05,10:05:00,EXIT_FLAT,38677.0,38677.0,long,0,-120.0,6,,False,TREND,2024-06-05
2024-06-05,10:09:00,TREND_SHORT,38629.0,38629.0,short,2,0.0,0,,False,TREND,2024-06-05
2024-06-05,10:23:00,EXIT_FLAT,38691.0,38691.0,short,0,-124.0,14,,False,TREND,2024-06-05
2024-06-05,11:34:00,CHOP_BUY,38810.0,38810.0,long,2,0.0,0,,False,CHOP,2024-06-05
2024-06-05,11:35:00,SESSION_EXIT,38819.0,38819.0,long,0,18.0,1,,False,TREND,2024-06-05
2024-06-06,09:42:00,TREND_LONG,38945.0,38945.0,long,2,0.0,0,,False,TREND,2024-06-06
2024-06-06,09:46:00,PARTIAL_TP,38999.0,38999.0,long,1,54.0,4,,False,TREND,2024-06-06
2024-06-06,10:15:00,CHOP_TP,39047.0,39047.0,long,0,102.0,33,,False,CHOP,2024-06-06
2024-06-06,11:43:00,CHOP_SELL,38929.0,38929.0,short,2,0.0,0,,False,CHOP,2024-06-06
2024-06-06,11:44:00,SESSION_EXIT,38921.0,38921.0,short,0,16.0,1,,False,TREND,2024-06-06
2024-06-07,09:43:00,TREND_LONG,38939.0,38939.0,long,2,0.0,0,,False,TREND,2024-06-07
2024-06-07,09:47:00,EXIT_FLAT,38878.0,38878.0,long,0,-122.0,4,,False,TREND,2024-06-07
2024-06-07,10:00:00,TREND_LONG,38935.0,38935.0,long,2,0.0,0,,False,TREND,2024-06-07
2024-06-07,10:14:00,PARTIAL_TP,38987.0,38987.0,long,1,52.0,14,,False,TREND,2024-06-07
2024-06-07,11:06:00,SESSION_EXIT,38983.0,38983.0,long,0,48.0,66,,False,TREND,2024-06-07
2024-06-10,09:51:00,TREND_LONG,38859.0,38859.0,long,2,0.0,0,,False,TREND,2024-06-10
2024-06-10,10:30:00,SESSION_EXIT,38820.0,38820.0,long,0,-78.0,39,,False,TREND,2024-06-10
2024-06-11,09:42:00,TREND_SHORT,38588.0,38588.0,short,2,0.0,0,,False,TREND,2024-06-11
2024-06-11,09:46:00,PARTIAL_TP,38535.0,38535.0,short,1,53.0,4,,False,TREND,2024-06-11
2024-06-11,10:24:00,EXIT_FLAT,38648.0,38648.0,short,0,-60.0,42,,False,TREND,2024-06-11
2024-06-11,11:51:00,CHOP_BUY,38714.0,38714.0,long,2,0.0,0,,False,CHOP,2024-06-11
2024-06-11,11:52:00,SESSION_EXIT,38710.0,38710.0,long,0,-8.0,1,,False,TREND,2024-06-11
2024-06-12,10:05:00,TREND_SHORT,39046.0,39046.0,short,2,0.0,0,,False,TREND,2024-06-12
2024-06-12,10:11:00,PARTIAL_TP,38987.0,38987.0,short,1,59.0,6,,False,TREND,2024-06-12
2024-06-12,10:30:00,SESSION_EXIT,39002.0,39002.0,short,0,44.0,25,,False,TREND,2024-06-12
2024-06-13,09:42:00,CHOP_SELL,38587.0,38587.0,short,2,0.0,0,,False,CHOP,2024-06-13
2024-06-13,09:45:00,PARTIAL_TP,38525.0,38525.0,short,1,62.0,3,,False,TREND,2024-06-13
2024-06-13,10:48:00,SESSION_EXIT,38481.0,38481.0,short,0,106.0,66,,False,CHOP,2024-06-13
2024-06-14,09:51:00,TREND_SHORT,38415.0,38415.0,short,2,0.0,0,,False,TREND,2024-06-14
2024-06-14,10:05:00,PARTIAL_TP,38365.0,38365.0,short,1,50.0,14,,False,TREND,2024-06-14
2024-06-14,10:35:00,SESSION_EXIT,38375.0,38375.0,short,0,40.0,44,,False,TREND,2024-06-14
2024-06-17,09:50:00,TREND_LONG,38576.0,38576.0,long,2,0.0,0,,False,TREND,2024-06-17
2024-06-17,09:59:00,EXIT_FLAT,38499.0,38499.0,long,0,-154.0,9,,False,TREND,2024-06-17
2024-06-17,10:57:00,TREND_LONG,38587.0,38587.0,long,2,0.0,0,,False,TREND,2024-06-17
2024-06-17,10:58:00,SESSION_EXIT,38590.0,38590.0,long,0,6.0,1,,False,TREND,2024-06-17
2024-06-18,10:24:00,TREND_SHORT,38787.0,38787.0,short,2,0.0,0,,False,TREND,2024-06-18
2024-06-18,10:30:00,SESSION_EXIT,38802.0,38802.0,short,0,-30.0,6,,False,TREND,2024-06-18
2024-06-19,09:48:00,CHOP_SELL,38829.0,38829.0,short,2,0.0,0,,False,CHOP,2024-06-19
2024-06-19,10:12:00,CHOP_TP,38818.0,38818.0,short,0,22.0,24,,False,CHOP,2024-06-19
2024-06-19,10:14:00,CHOP_BUY,38816.0,38816.0,long,2,0.0,0,,False,CHOP,2024-06-19
2024-06-19,10:30:00,SESSION_EXIT,38797.0,38797.0,long,0,-38.0,16,,False,TREND,2024-06-19
2024-06-20,09:43:00,TREND_LONG,38902.0,38902.0,long,2,0.0,0,,False,TREND,2024-06-20
2024-06-20,09:48:00,PARTIAL_TP,38970.0,38970.0,long,1,68.0,5,,False,TREND,2024-06-20
2024-06-20,09:57:00,CHOP_TP,38952.0,38952.0,long,0,50.0,14,,False,CHOP,2024-06-20
2024-06-20,10:10:00,CHOP_BUY,38945.0,38945.0,long,2,0.0,0,,False,CHOP,2024-06-20
2024-06-20,10:16:00,CHOP_TP,38983.0,38983.0,long,0,76.0,6,,False,CHOP,2024-06-20
2024-06-20,10:17:00,TREND_LONG,39018.0,39018.0,long,2,0.0,0,,False,TREND,2024-06-20
2024-06-20,10:30:00,SESSION_EXIT,38982.0,38982.0,long,0,-72.0,13,,False,TREND,2024-06-20
2024-06-24,09:48:00,TREND_LONG,39740.0,39740.0,long,2,0.0,0,,False,TREND,2024-06-24
2024-06-24,09:52:00,PARTIAL_TP,39797.0,39797.0,long,1,57.0,4,,False,TREND,2024-06-24
2024-06-24,10:19:00,CHOP_TP,39887.0,39887.0,long,0,147.0,31,,False,CHOP,2024-06-24
2024-06-24,10:21:00,TREND_LONG,39910.0,39910.0,long,2,0.0,0,,False,TREND,2024-06-24
2024-06-24,10:30:00,SESSION_EXIT,39904.0,39904.0,long,0,-12.0,9,,False,TREND,2024-06-24
2024-06-25,09:56:00,TREND_SHORT,39705.0,39705.0,short,2,0.0,0,,False,TREND,2024-06-25
2024-06-25,10:09:00,PARTIAL_TP,39639.0,39639.0,short,1,66.0,13,,False,TREND,2024-06-25
2024-06-25,10:30:00,SESSION_EXIT,39703.0,39703.0,short,0,2.0,34,,False,TREND,2024-06-25
2024-06-26,10:08:00,CHOP_SELL,39347.0,39347.0,short,2,0.0,0,,False,CHOP,2024-06-26
2024-06-26,10:30:00,SESSION_EXIT,39376.0,39376.0,short,0,-58.0,22,,False,TREND,2024-06-26
2024-06-27,10:19:00,TREND_LONG,39578.0,39578.0,long,2,0.0,0,,False,TREND,2024-06-27
2024-06-27,10:30:00,SESSION_EXIT,39585.0,39585.0,long,0,14.0,11,,False,TREND,2024-06-27
2024-06-28,10:12:00,TREND_LONG,39804.0,39804.0,long,2,0.0,0,,False,TREND,2024-06-28
2024-06-28,10:16:00,EXIT_FLAT,39740.0,39740.0,long,0,-128.0,4,,False,TREND,2024-06-28
2024-06-28,12:51:00,CHOP_SELL,39538.0,39538.0,short,2,0.0,0,,False,CHOP,2024-06-28
2024-06-28,12:52:00,SESSION_EXIT,39536.0,39536.0,short,0,4.0,1,,False,TREND,2024-06-28
2024-07-01,09:46:00,TREND_LONG,39762.0,39762.0,long,2,0.0,0,,False,TREND,2024-07-01
2024-07-01,10:01:00,EXIT_FLAT,39700.0,39700.0,long,0,-124.0,15,,False,TREND,2024-07-01
2024-07-01,10:14:00,TREND_SHORT,39549.0,39549.0,short,2,0.0,0,,False,TREND,2024-07-01
2024-07-01,10:30:00,SESSION_EXIT,39523.0,39523.0,short,0,52.0,16,,False,TREND,2024-07-01
2024-07-02,10:29:00,CHOP_SELL,39499.0,39499.0,short,2,0.0,0,,False,CHOP,2024-07-02
2024-07-02,10:30:00,SESSION_EXIT,39498.0,39498.0,short,0,2.0,1,,False,TREND,2024-07-02
2024-07-03,09:51:00,TREND_SHORT,39671.0,39671.0,short,2,0.0,0,,False,TREND,2024-07-03
2024-07-03,10:30:00,SESSION_EXIT,39678.0,39678.0,short,0,-14.0,39,,False,TREND,2024-07-03
2024-07-04,09:49:00,TREND_SHORT,39677.0,39677.0,short,2,0.0,0,,False,TREND,2024-07-04
2024-07-04,10:30:00,SESSION_EXIT,39631.0,39631.0,short,0,92.0,41,,False,TREND,2024-07-04
2024-07-05,09:43:00,TREND_LONG,39668.0,39668.0,long,2,0.0,0,,False,TREND,2024-07-05
2024-07-05,09:47:00,EXIT_FLAT,39600.0,39600.0,long,0,-136.0,4,,False,TREND,2024-07-05
2024-07-05,10:08:00,TREND_SHORT,39510.0,39510.0,short,2,0.0,0,,False,TREND,2024-07-05
2024-07-05,10:30:00,SESSION_EXIT,39528.0,39528.0,short,0,-36.0,22,,False,TREND,2024-07-05
2024-07-08,09:47:00,TREND_LONG,39998.0,39998.0,long,2,0.0,0,,False,TREND,2024-07-08
2024-07-08,09:56:00,EXIT_FLAT,39925.0,39925.0,long,0,-146.0,9,,False,TREND,2024-07-08
2024-07-08,10:38:00,CHOP_SELL,39864.0,39864.0,short,2,0.0,0,,False,CHOP,2024-07-08
2024-07-08,10:39:00,SESSION_EXIT,39867.0,39867.0,short,0,-6.0,1,,False,TREND,2024-07-08
2024-07-09,09:42:00,TREND_SHORT,39552.0,39552.0,short,2,0.0,0,,False,TREND,2024-07-09
2024-07-09,09:58:00,PARTIAL_TP,39502.0,39502.0,short,1,50.0,16,,False,TREND,2024-07-09
2024-07-09,10:30:00,SESSION_EXIT,39512.0,39512.0,short,0,40.0,48,,False,TREND,2024-07-09
2024-07-10,11:08:00,TREND_LONG,39668.0,39668.0,long,2,0.0,0,,False,TREND,2024-07-10
2024-07-10,11:09:00,SESSION_EXIT,39664.0,39664.0,long,0,-8.0,1,,False,TREND,2024-07-10
2024-07-11,09:51:00,TREND_LONG,40086.0,40086.0,long,2,0.0,0,,False,TREND,2024-07-11
2024-07-11,10:05:00,PARTIAL_TP,40140.0,40140.0,long,1,54.0,14,,False,TREND,2024-07-11
2024-07-11,10:30:00,SESSION_EXIT,40084.0,40084.0,long,0,-2.0,39,,False,TREND,2024-07-11
2024-07-12,10:17:00,TREND_LONG,40241.0,40241.0,long,2,0.0,0,,False,TREND,2024-07-12
2024-07-12,10:30:00,SESSION_EXIT,40277.0,40277.0,long,0,72.0,13,,False,TREND,2024-07-12
2024-07-15,09:43:00,TREND_SHORT,40495.0,40495.0,short,2,0.0,0,,False,TREND,2024-07-15
2024-07-15,09:57:00,PARTIAL_TP,40440.0,40440.0,short,1,55.0,14,,False,TREND,2024-07-15
2024-07-15,10:30:00,SESSION_EXIT,40484.0,40484.0,short,0,11.0,47,,False,TREND,2024-07-15
2024-07-16,09:44:00,TREND_LONG,40767.0,40767.0,long,2,0.0,0,,False,TREND,2024-07-16
2024-07-16,09:47:00,PARTIAL_TP,40834.0,40834.0,long,1,67.0,3,,False,TREND,2024-07-16
2024-07-16,11:00:00,SESSION_EXIT,41098.0,41098.0,long,0,331.0,76,,False,CHOP,2024-07-16
2024-07-17,09:51:00,TREND_LONG,41357.0,41357.0,long,2,0.0,0,,False,TREND,2024-07-17
2024-07-17,10:14:00,PARTIAL_TP,41411.0,41411.0,long,1,54.0,23,,False,TREND,2024-07-17
2024-07-17,10:30:00,SESSION_EXIT,41400.0,41400.0,long,0,43.0,39,,False,TREND,2024-07-17
2024-07-18,09:44:00,TREND_LONG,41545.0,41545.0,long,2,0.0,0,,False,TREND,2024-07-18
2024-07-18,09:59:00,PARTIAL_TP,41602.0,41602.0,long,1,57.0,15,,False,TREND,2024-07-18
2024-07-18,10:32:00,SESSION_EXIT,41609.0,41609.0,long,0,64.0,48,,False,CHOP,2024-07-18
2024-07-19,10:27:00,TREND_SHORT,40645.0,40645.0,short,2,0.0,0,,False,TREND,2024-07-19
2024-07-19,10:30:00,SESSION_EXIT,40628.0,40628.0,short,0,34.0,3,,False,TREND,2024-07-19
2024-07-22,09:44:00,TREND_SHORT,40630.0,40630.0,short,2,0.0,0,,False,TREND,2024-07-22
2024-07-22,09:57:00,PARTIAL_TP,40561.0,40561.0,short,1,69.0,13,,False,TREND,2024-07-22
2024-07-22,10:30:00,SESSION_EXIT,40638.0,40638.0,short,0,-8.0,46,,False,TREND,2024-07-22
2024-07-23,10:03:00,TREND_LONG,40717.0,40717.0,long,2,0.0,0,,False,TREND,2024-07-23
2024-07-23,10:30:00,SESSION_EXIT,40730.0,40730.0,long,0,26.0,27,,False,TREND,2024-07-23
2024-07-24,09:51:00,TREND_SHORT,40405.0,40405.0,short,2,0.0,0,,False,TREND,2024-07-24
2024-07-24,09:53:00,PARTIAL_TP,40353.0,40353.0,short,1,52.0,2,,False,TREND,2024-07-24
2024-07-24,11:14:00,SESSION_EXIT,40235.0,40235.0,short,0,170.0,83,,False,CHOP,2024-07-24
2024-07-25,09:44:00,TREND_LONG,40201.0,40201.0,long,2,0.0,0,,False,TREND,2024-07-25
2024-07-25,09:54:00,PARTIAL_TP,40270.0,40270.0,long,1,69.0,10,,False,TREND,2024-07-25
2024-07-25,10:37:00,SESSION_EXIT,40297.0,40297.0,long,0,96.0,53,,False,CHOP,2024-07-25
2024-07-26,09:43:00,TREND_LONG,40649.0,40649.0,long,2,0.0,0,,False,TREND,2024-07-26
2024-07-26,09:48:00,PARTIAL_TP,40716.0,40716.0,long,1,67.0,5,,False,TREND,2024-07-26
2024-07-26,10:00:00,CHOP_TP,40738.0,40738.0,long,0,89.0,17,,False,CHOP,2024-07-26
2024-07-26,10:01:00,TREND_LONG,40763.0,40763.0,long,2,0.0,0,,False,TREND,2024-07-26
2024-07-26,10:09:00,EXIT_FLAT,40695.0,40695.0,long,0,-136.0,8,,False,TREND,2024-07-26
2024-07-26,10:26:00,TREND_LONG,40803.0,40803.0,long,2,0.0,0,,False,TREND,2024-07-26
2024-07-26,10:30:00,SESSION_EXIT,40749.0,40749.0,long,0,-108.0,4,,False,TREND,2024-07-26
2024-07-29,10:31:00,TREND_SHORT,40664.0,40664.0,short,2,0.0,0,,False,TREND,2024-07-29
2024-07-29,10:32:00,SESSION_EXIT,40642.0,40642.0,short,0,44.0,1,,False,TREND,2024-07-29
2024-07-30,09:45:00,TREND_LONG,40957.0,40957.0,long,2,0.0,0,,False,TREND,2024-07-30
2024-07-30,09:57:00,CHOP_TP,40982.0,40982.0,long,0,50.0,12,,False,CHOP,2024-07-30
2024-07-30,10:01:00,TREND_SHORT,40956.0,40956.0,short,2,0.0,0,,False,TREND,2024-07-30
2024-07-30,10:09:00,PARTIAL_TP,40902.0,40902.0,short,1,54.0,8,,False,TREND,2024-07-30
2024-07-30,10:32:00,SESSION_EXIT,40914.0,40914.0,short,0,42.0,31,,False,TREND,2024-07-30
2024-07-31,09:54:00,TREND_SHORT,40921.0,40921.0,short,2,0.0,0,,False,TREND,2024-07-31
2024-07-31,09:56:00,PARTIAL_TP,40862.0,40862.0,short,1,59.0,2,,False,TREND,2024-07-31
2024-07-31,10:11:00,EXIT_FLAT,41000.0,41000.0,short,0,-79.0,17,,False,TREND,2024-07-31
2024-07-31,10:15:00,TREND_LONG,41047.0,41047.0,long,2,0.0,0,,False,TREND,2024-07-31
2024-07-31,10:30:00,PARTIAL_TP,41105.0,41105.0,long,1,58.0,15,,False,TREND,2024-07-31
2024-07-31,10:40:00,SESSION_EXIT,41125.0,41125.0,long,0,78.0,25,,False,CHOP,2024-07-31
2024-08-01,09:45:00,TREND_SHORT,41159.0,41159.0,short,2,0.0,0,,False,TREND,2024-08-01
2024-08-01,09:50:00,PARTIAL_TP,41090.0,41090.0,short,1,69.0,5,,False,TREND,2024-08-01
2024-08-01,13:54:00,SESSION_EXIT,40417.0,40417.0,short,0,742.0,249,,False,CHOP,2024-08-01
2024-08-02,10:06:00,TREND_SHORT,39992.0,39992.0,short,2,0.0,0,,False,TREND,2024-08-02
2024-08-02,10:10:00,PARTIAL_TP,39934.0,39934.0,short,1,58.0,4,,False,TREND,2024-08-02
2024-08-02,11:12:00,SESSION_EXIT,39611.0,39611.0,short,0,381.0,66,,False,CHOP,2024-08-02
2024-08-05,09:47:00,TREND_LONG,38846.0,38846.0,long,2,0.0,0,,False,TREND,2024-08-05
2024-08-05,09:50:00,PARTIAL_TP,38938.0,38938.0,long,1,92.0,3,,False,TREND,2024-08-05
2024-08-05,09:59:00,EXIT_FLAT,38777.0,38777.0,long,0,-69.0,12,,False,TREND,2024-08-05
2024-08-05,10:00:00,TREND_LONG,39075.0,39075.0,long,2,0.0,0,,False,TREND,2024-08-05
2024-08-05,10:03:00,EXIT_FLAT,38995.0,38995.0,long,0,-160.0,3,,False,TREND,2024-08-05
2024-08-05,12:23:00,TREND_LONG,39124.0,39124.0,long,2,0.0,0,,False,TREND,2024-08-05
2024-08-05,12:24:00,SESSION_EXIT,39117.0,39117.0,long,0,-14.0,1,,False,TREND,2024-08-05
2024-08-06,09:47:00,TREND_LONG,38988.0,38988.0,long,2,0.0,0,,False,TREND,2024-08-06
2024-08-06,09:51:00,PARTIAL_TP,39061.0,39061.0,long,1,73.0,4,,False,TREND,2024-08-06
2024-08-06,10:21:00,CHOP_TP,39208.0,39208.0,long,0,220.0,34,,False,CHOP,2024-08-06
2024-08-06,10:25:00,TREND_LONG,39283.0,39283.0,long,2,0.0,0,,False,TREND,2024-08-06
2024-08-06,10:29:00,EXIT_FLAT,39185.0,39185.0,long,0,-196.0,4,,False,TREND,2024-08-06
2024-08-06,10:46:00,TREND_LONG,39325.0,39325.0,long,2,0.0,0,,False,TREND,2024-08-06
2024-08-06,10:47:00,SESSION_EXIT,39363.0,39363.0,long,0,76.0,1,,False,TREND,2024-08-06
2024-08-07,09:43:00,TREND_LONG,39456.0,39456.0,long,2,0.0,0,,False,TREND,2024-08-07
2024-08-07,09:56:00,PARTIAL_TP,39542.0,39542.0,long,1,86.0,13,,False,TREND,2024-08-07
2024-08-07,10:30:00,SESSION_EXIT,39439.0,39439.0,long,0,-17.0,47,,False,TREND,2024-08-07
2024-08-08,09:46:00,TREND_LONG,39290.0,39290.0,long,2,0.0,0,,False,TREND,2024-08-08
2024-08-08,09:48:00,EXIT_FLAT,39198.0,39198.0,long,0,-184.0,2,,False,TREND,2024-08-08
2024-08-08,09:52:00,TREND_LONG,39314.0,39314.0,long,2,0.0,0,,False,TREND,2024-08-08
2024-08-08,09:54:00,PARTIAL_TP,39372.0,39372.0,long,1,58.0,2,,False,TREND,2024-08-08
2024-08-08,10:21:00,CHOP_TP,39386.0,39386.0,long,0,72.0,29,,False,CHOP,2024-08-08
2024-08-08,10:25:00,TREND_LONG,39455.0,39455.0,long,2,0.0,0,,False,TREND,2024-08-08
2024-08-08,10:30:00,SESSION_EXIT,39456.0,39456.0,long,0,2.0,5,,False,TREND,2024-08-08
2024-08-09,09:49:00,TREND_SHORT,39375.0,39375.0,short,2,0.0,0,,False,TREND,2024-08-09
2024-08-09,09:54:00,EXIT_FLAT,39445.0,39445.0,short,0,-140.0,5,,False,TREND,2024-08-09
2024-08-09,10:03:00,TREND_LONG,39550.0,39550.0,long,2,0.0,0,,False,TREND,2024-08-09
2024-08-09,10:30:00,SESSION_EXIT,39507.0,39507.0,long,0,-86.0,27,,False,TREND,2024-08-09
2024-08-12,09:44:00,TREND_SHORT,39491.0,39491.0,short,2,0.0,0,,False,TREND,2024-08-12
2024-08-12,09:49:00,PARTIAL_TP,39430.0,39430.0,short,1,61.0,5,,False,TREND,2024-08-12
2024-08-12,10:30:00,SESSION_EXIT,39528.0,39528.0,short,0,-37.0,46,,False,TREND,2024-08-12
2024-08-13,09:45:00,TREND_LONG,39725.0,39725.0,long,2,0.0,0,,False,TREND,2024-08-13
2024-08-13,09:55:00,EXIT_FLAT,39619.0,39619.0,long,0,-212.0,10,,False,TREND,2024-08-13
2024-08-13,10:05:00,TREND_SHORT,39531.0,39531.0,short,2,0.0,0,,False,TREND,2024-08-13
2024-08-13,10:27:00,EXIT_FLAT,39596.0,39596.0,short,0,-130.0,22,,False,TREND,2024-08-13
2024-08-13,11:03:00,CHOP_BUY,39653.0,39653.0,long,2,0.0,0,,False,CHOP,2024-08-13
2024-08-13,11:04:00,SESSION_EXIT,39663.0,39663.0,long,0,20.0,1,,False,TREND,2024-08-13
2024-08-14,09:43:00,TREND_LONG,39945.0,39945.0,long,2,0.0,0,,False,TREND,2024-08-14
2024-08-14,10:05:00,EXIT_FLAT,39878.0,39878.0,long,0,-134.0,22,,False,TREND,2024-08-14
2024-08-14,10:34:00,TREND_SHORT,39851.0,39851.0,short,2,0.0,0,,False,TREND,2024-08-14
2024-08-14,10:35:00,SESSION_EXIT,39870.0,39870.0,short,0,-38.0,1,,False,TREND,2024-08-14
2024-08-15,09:59:00,TREND_SHORT,40506.0,40506.0,short,2,0.0,0,,False,TREND,2024-08-15
2024-08-15,10:04:00,PARTIAL_TP,40456.0,40456.0,short,1,50.0,5,,False,TREND,2024-08-15
2024-08-15,10:30:00,SESSION_EXIT,40495.0,40495.0,short,0,11.0,31,,False,TREND,2024-08-15
2024-08-16,09:43:00,TREND_SHORT,40624.0,40624.0,short,2,0.0,0,,False,TREND,2024-08-16
2024-08-16,10:00:00,EXIT_FLAT,40712.0,40712.0,short,0,-176.0,17,,False,TREND,2024-08-16
2024-08-16,10:29:00,TREND_SHORT,40612.0,40612.0,short,2,0.0,0,,False,TREND,2024-08-16
2024-08-16,10:30:00,SESSION_EXIT,40592.0,40592.0,short,0,40.0,1,,False,TREND,2024-08-16
2024-08-19,09:58:00,CHOP_SELL,40878.0,40878.0,short,2,0.0,0,,False,CHOP,2024-08-19
2024-08-19,10:07:00,EXIT_FLAT,40945.0,40945.0,short,0,-134.0,9,,False,TREND,2024-08-19
2024-08-19,10:41:00,TREND_LONG,40965.0,40965.0,long,2,0.0,0,,False,TREND,2024-08-19
2024-08-19,10:42:00,SESSION_EXIT,40969.0,40969.0,long,0,8.0,1,,False,TREND,2024-08-19
2024-08-20,10:41:00,CHOP_SELL,40987.0,40987.0,short,2,0.0,0,,False,CHOP,2024-08-20
2024-08-20,10:42:00,SESSION_EXIT,40990.0,40990.0,short,0,-6.0,1,,False,TREND,2024-08-20
2024-08-21,10:06:00,TREND_SHORT,40954.0,40954.0,short,2,0.0,0,,False,TREND,2024-08-21
2024-08-21,10:14:00,PARTIAL_TP,40902.0,40902.0,short,1,52.0,8,,False,TREND,2024-08-21
2024-08-21,10:30:00,SESSION_EXIT,40992.0,40992.0,short,0,-38.0,24,,False,TREND,2024-08-21
2024-08-22,09:50:00,TREND_SHORT,40983.0,40983.0,short,2,0.0,0,,False,TREND,2024-08-22
2024-08-22,10:09:00,PARTIAL_TP,40933.0,40933.0,short,1,50.0,19,,False,TREND,2024-08-22
2024-08-22,10:22:00,CHOP_TP,40899.0,40899.0,short,0,84.0,32,,False,CHOP,2024-08-22
2024-08-22,11:19:00,TREND_SHORT,40841.0,40841.0,short,2,0.0,0,,False,TREND,2024-08-22
2024-08-22,11:20:00,SESSION_EXIT,40826.0,40826.0,short,0,30.0,1,,False,TREND,2024-08-22
2024-08-23,09:50:00,TREND_SHORT,40967.0,40967.0,short,2,0.0,0,,False,TREND,2024-08-23
2024-08-23,10:00:00,EXIT_FLAT,41077.0,41077.0,short,0,-220.0,10,,False,TREND,2024-08-23
2024-08-23,10:09:00,TREND_LONG,41151.0,41151.0,long,2,0.0,0,,False,TREND,2024-08-23
2024-08-23,10:12:00,PARTIAL_TP,41209.0,41209.0,long,1,58.0,3,,False,TREND,2024-08-23
2024-08-23,10:32:00,SESSION_EXIT,41194.0,41194.0,long,0,43.0,23,,False,TREND,2024-08-23
2024-08-26,09:45:00,TREND_LONG,41448.0,41448.0,long,2,0.0,0,,False,TREND,2024-08-26
2024-08-26,10:15:00,CHOP_TP,41467.0,41467.0,long,0,38.0,30,,False,CHOP,2024-08-26
2024-08-26,10:17:00,CHOP_BUY,41469.0,41469.0,long,2,0.0,0,,False,CHOP,2024-08-26
2024-08-26,10:30:00,SESSION_EXIT,41505.0,41505.0,long,0,72.0,13,,False,TREND,2024-08-26
2024-08-27,09:43:00,TREND_LONG,41338.0,41338.0,long,2,0.0,0,,False,TREND,2024-08-27
2024-08-27,09:57:00,EXIT_FLAT,41273.0,41273.0,long,0,-130.0,14,,False,TREND,2024-08-27
2024-08-27,10:57:00,CHOP_BUY,41313.0,41313.0,long,2,0.0,0,,False,CHOP,2024-08-27
2024-08-27,10:58:00,SESSION_EXIT,41317.0,41317.0,long,0,8.0,1,,False,TREND,2024-08-27
2024-08-28,09:50:00,TREND_LONG,41386.0,41386.0,long,2,0.0,0,,False,TREND,2024-08-28
2024-08-28,09:53:00,PARTIAL_TP,41439.0,41439.0,long,1,53.0,3,,False,TREND,2024-08-28
2024-08-28,10:30:00,SESSION_EXIT,41336.0,41336.0,long,0,-50.0,40,,False,TREND,2024-08-28
2024-08-29,09:46:00,TREND_SHORT,41220.0,41220.0,short,2,0.0,0,,False,TREND,2024-08-29
2024-08-29,09:56:00,EXIT_FLAT,41293.0,41293.0,short,0,-146.0,10,,False,TREND,2024-08-29
2024-08-29,10:52:00,CHOP_SELL,41431.0,41431.0,short,2,0.0,0,,False,CHOP,2024-08-29
2024-08-29,10:53:00,SESSION_EXIT,41432.0,41432.0,short,0,-2.0,1,,False,TREND,2024-08-29
2024-08-30,09:47:00,TREND_SHORT,41457.0,41457.0,short,2,0.0,0,,False,TREND,2024-08-30
2024-08-30,10:10:00,EXIT_FLAT,41531.0,41531.0,short,0,-148.0,23,,False,TREND,2024-08-30
2024-08-30,11:20:00,TREND_SHORT,41407.0,41407.0,short,2,0.0,0,,False,TREND,2024-08-30
2024-08-30,11:21:00,SESSION_EXIT,41416.0,41416.0,short,0,-18.0,1,,False,TREND,2024-08-30
2024-09-02,10:00:00,TREND_SHORT,41588.0,41588.0,short,2,0.0,0,,False,TREND,2024-09-02
2024-09-02,10:30:00,SESSION_EXIT,41583.0,41583.0,short,0,10.0,30,,False,TREND,2024-09-02
2024-09-03,09:47:00,TREND_SHORT,41364.0,41364.0,short,2,0.0,0,,False,TREND,2024-09-03
2024-09-03,09:50:00,PARTIAL_TP,41308.0,41308.0,short,1,56.0,3,,False,TREND,2024-09-03
2024-09-03,10:14:00,CHOP_TP,41162.0,41162.0,short,0,202.0,27,,False,CHOP,2024-09-03
2024-09-03,10:58:00,CHOP_SELL,41177.0,41177.0,short,2,0.0,0,,False,CHOP,2024-09-03
2024-09-03,10:59:00,SESSION_EXIT,41192.0,41192.0,short,0,-30.0,1,,False,TREND,2024-09-03
2024-09-04,10:08:00,TREND_LONG,41152.0,41152.0,long,2,0.0,0,,False,TREND,2024-09-04
2024-09-04,10:17:00,EXIT_FLAT,41088.0,41088.0,long,0,-128.0,9,,False,TREND,2024-09-04
2024-09-04,10:28:00,CHOP_BUY,41120.0,41120.0,long,2,0.0,0,,False,CHOP,2024-09-04
2024-09-04,10:30:00,SESSION_EXIT,41160.0,41160.0,long,0,80.0,2,,False,TREND,2024-09-04
2024-09-05,10:47:00,TREND_SHORT,40911.0,40911.0,short,2,0.0,0,,False,TREND,2024-09-05
2024-09-05,10:48:00,SESSION_EXIT,40896.0,40896.0,short,0,30.0,1,,False,TREND,2024-09-05
2024-09-06,10:13:00,TREND_SHORT,40836.0,40836.0,short,2,0.0,0,,False,TREND,2024-09-06
2024-09-06,10:23:00,PARTIAL_TP,40773.0,40773.0,short,1,63.0,10,,False,TREND,2024-09-06
2024-09-06,11:01:00,SESSION_EXIT,40798.0,40798.0,short,0,38.0,48,,False,TREND,2024-09-06
2024-09-09,09:44:00,CHOP_BUY,40663.0,40663.0,long,2,0.0,0,,False,CHOP,2024-09-09
2024-09-09,09:49:00,PARTIAL_TP,40714.0,40714.0,long,1,51.0,5,,False,TREND,2024-09-09
2024-09-09,13:28:00,SESSION_EXIT,40996.0,40996.0,long,0,333.0,224,,False,CHOP,2024-09-09
2024-09-10,09:57:00,TREND_SHORT,40771.0,40771.0,short,2,0.0,0,,False,TREND,2024-09-10
2024-09-10,10:06:00,PARTIAL_TP,40706.0,40706.0,short,1,65.0,9,,False,TREND,2024-09-10
2024-09-10,10:54:00,SESSION_EXIT,40672.0,40672.0,short,0,99.0,57,,False,CHOP,2024-09-10
2024-09-11,09:43:00,TREND_SHORT,40333.0,40333.0,short,2,0.0,0,,False,TREND,2024-09-11
2024-09-11,09:57:00,PARTIAL_TP,40276.0,40276.0,short,1,57.0,14,,False,TREND,2024-09-11
2024-09-11,10:43:00,SESSION_EXIT,40065.0,40065.0,short,0,268.0,60,,False,CHOP,2024-09-11
2024-09-12,09:42:00,TREND_SHORT,40838.0,40838.0,short,2,0.0,0,,False,TREND,2024-09-12
2024-09-12,09:48:00,PARTIAL_TP,40757.0,40757.0,short,1,81.0,6,,False,TREND,2024-09-12
2024-09-12,09:57:00,CHOP_TP,40759.0,40759.0,short,0,79.0,15,,False,CHOP,2024-09-12
2024-09-12,09:59:00,TREND_SHORT,40737.0,40737.0,short,2,0.0,0,,False,TREND,2024-09-12
2024-09-12,10:12:00,EXIT_FLAT,40825.0,40825.0,short,0,-176.0,13,,False,TREND,2024-09-12
2024-09-12,12:18:00,CHOP_BUY,40845.0,40845.0,long,2,0.0,0,,False,CHOP,2024-09-12
2024-09-12,12:19:00,SESSION_EXIT,40853.0,40853.0,long,0,16.0,1,,False,TREND,2024-09-12
2024-09-13,09:47:00,TREND_LONG,41320.0,41320.0,long,2,0.0,0,,False,TREND,2024-09-13
2024-09-13,09:58:00,PARTIAL_TP,41376.0,41376.0,long,1,56.0,11,,False,TREND,2024-09-13
2024-09-13,10:30:00,SESSION_EXIT,41366.0,41366.0,long,0,46.0,43,,False,TREND,2024-09-13
2024-09-16,09:52:00,TREND_LONG,41757.0,41757.0,long,2,0.0,0,,False,TREND,2024-09-16
2024-09-16,10:03:00,EXIT_FLAT,41694.0,41694.0,long,0,-126.0,11,,False,TREND,2024-09-16
2024-09-16,10:11:00,CHOP_BUY,41696.0,41696.0,long,2,0.0,0,,False,CHOP,2024-09-16
2024-09-16,10:26:00,EXIT_FLAT,41625.0,41625.0,long,0,-142.0,15,,False,TREND,2024-09-16
2024-09-16,10:30:00,TREND_SHORT,41565.0,41565.0,short,2,0.0,0,,False,TREND,2024-09-16
2024-09-16,10:31:00,SESSION_EXIT,41557.0,41557.0,short,0,16.0,1,,False,TREND,2024-09-16
2024-09-17,09:55:00,TREND_SHORT,41706.0,41706.0,short,2,0.0,0,,False,TREND,2024-09-17
2024-09-17,10:06:00,EXIT_FLAT,41766.0,41766.0,short,0,-120.0,11,,False,TREND,2024-09-17
2024-09-17,10:12:00,TREND_LONG,41827.0,41827.0,long,2,0.0,0,,False,TREND,2024-09-17
2024-09-17,10:28:00,CHOP_TP,41845.0,41845.0,long,0,36.0,16,,False,CHOP,2024-09-17
2024-09-17,11:39:00,CHOP_SELL,41822.0,41822.0,short,2,0.0,0,,False,CHOP,2024-09-17
2024-09-17,11:40:00,SESSION_EXIT,41818.0,41818.0,short,0,8.0,1,,False,TREND,2024-09-17
2024-09-18,09:55:00,TREND_SHORT,41520.0,41520.0,short,2,0.0,0,,False,TREND,2024-09-18
2024-09-18,10:06:00,EXIT_FLAT,41581.0,41581.0,short,0,-122.0,11,,False,TREND,2024-09-18
2024-09-18,10:27:00,CHOP_BUY,41564.0,41564.0,long,2,0.0,0,,False,CHOP,2024-09-18
2024-09-18,10:30:00,SESSION_EXIT,41556.0,41556.0,long,0,-16.0,3,,False,TREND,2024-09-18
2024-09-19,09:45:00,TREND_SHORT,41948.0,41948.0,short,2,0.0,0,,False,TREND,2024-09-19
2024-09-19,09:51:00,PARTIAL_TP,41895.0,41895.0,short,1,53.0,6,,False,TREND,2024-09-19
2024-09-19,09:58:00,EXIT_FLAT,42018.0,42018.0,short,0,-70.0,13,,False,TREND,2024-09-19
2024-09-19,11:08:00,TREND_SHORT,41853.0,41853.0,short,2,0.0,0,,False,TREND,2024-09-19
2024-09-19,11:09:00,SESSION_EXIT,41874.0,41874.0,short,0,-42.0,1,,False,TREND,2024-09-19
2024-09-23,09:58:00,TREND_SHORT,42404.0,42404.0,short,2,0.0,0,,False,TREND,2024-09-23
2024-09-23,10:08:00,EXIT_FLAT,42466.0,42466.0,short,0,-124.0,10,,False,TREND,2024-09-23
2024-09-23,11:37:00,CHOP_SELL,42489.0,42489.0,short,2,0.0,0,,False,CHOP,2024-09-23
2024-09-23,11:38:00,SESSION_EXIT,42495.0,42495.0,short,0,-12.0,1,,False,TREND,2024-09-23
2024-09-24,10:00:00,TREND_SHORT,42491.0,42491.0,short,2,0.0,0,,False,TREND,2024-09-24
2024-09-24,10:10:00,EXIT_FLAT,42553.0,42553.0,short,0,-124.0,10,,False,TREND,2024-09-24
2024-09-24,10:57:00,TREND_LONG,42608.0,42608.0,long,2,0.0,0,,False,TREND,2024-09-24
2024-09-24,10:58:00,SESSION_EXIT,42600.0,42600.0,long,0,-16.0,1,,False,TREND,2024-09-24
2024-09-25,09:50:00,TREND_SHORT,42493.0,42493.0,short,2,0.0,0,,False,TREND,2024-09-25
2024-09-25,10:20:00,PARTIAL_TP,42428.0,42428.0,short,1,65.0,30,,False,TREND,2024-09-25
2024-09-25,10:42:00,SESSION_EXIT,42443.0,42443.0,short,0,50.0,52,,False,TREND,2024-09-25
2024-09-26,10:08:00,TREND_SHORT,42457.0,42457.0,short,2,0.0,0,,False,TREND,2024-09-26
2024-09-26,10:30:00,SESSION_EXIT,42437.0,42437.0,short,0,40.0,22,,False,TREND,2024-09-26
2024-09-27,10:00:00,TREND_LONG,42758.0,42758.0,long,2,0.0,0,,False,TREND,2024-09-27
2024-09-27,10:15:00,PARTIAL_TP,42818.0,42818.0,long,1,60.0,15,,False,TREND,2024-09-27
2024-09-27,10:50:00,SESSION_EXIT,42872.0,42872.0,long,0,114.0,50,,False,CHOP,2024-09-27
2024-09-30,09:58:00,CHOP_SELL,42460.0,42460.0,short,2,0.0,0,,False,CHOP,2024-09-30
2024-09-30,10:05:00,EXIT_FLAT,42541.0,42541.0,short,0,-162.0,7,,False,TREND,2024-09-30
2024-09-30,10:42:00,TREND_LONG,42614.0,42614.0,long,2,0.0,0,,False,TREND,2024-09-30
2024-09-30,10:43:00,SESSION_EXIT,42609.0,42609.0,long,0,-10.0,1,,False,TREND,2024-09-30
2024-10-01,10:09:00,TREND_SHORT,42313.0,42313.0,short,2,0.0,0,,False,TREND,2024-10-01
2024-10-01,10:30:00,SESSION_EXIT,42284.0,42284.0,short,0,58.0,21,,False,TREND,2024-10-01
2024-10-02,10:44:00,TREND_LONG,42515.0,42515.0,long,2,0.0,0,,False,TREND,2024-10-02
2024-10-02,10:45:00,SESSION_EXIT,42512.0,42512.0,long,0,-6.0,1,,False,TREND,2024-10-02
2024-10-03,09:44:00,TREND_SHORT,42227.0,42227.0,short,2,0.0,0,,False,TREND,2024-10-03
2024-10-03,09:48:00,PARTIAL_TP,42174.0,42174.0,short,1,53.0,4,,False,TREND,2024-10-03
2024-10-03,10:02:00,EXIT_FLAT,42333.0,42333.0,short,0,-106.0,18,,False,TREND,2024-10-03
2024-10-03,10:10:00,TREND_LONG,42419.0,42419.0,long,2,0.0,0,,False,TREND,2024-10-03
2024-10-03,10:13:00,EXIT_FLAT,42334.0,42334.0,long,0,-170.0,3,,False,TREND,2024-10-03
2024-10-03,10:34:00,CHOP_SELL,42332.0,42332.0,short,2,0.0,0,,False,CHOP,2024-10-03
2024-10-03,10:35:00,SESSION_EXIT,42340.0,42340.0,short,0,-16.0,1,,False,TREND,2024-10-03
2024-10-04,09:53:00,CHOP_SELL,42580.0,42580.0,short,2,0.0,0,,False,CHOP,2024-10-04
2024-10-04,09:56:00,PARTIAL_TP,42511.0,42511.0,short,1,69.0,3,,False,TREND,2024-10-04
2024-10-04,12:46:00,SESSION_EXIT,42534.0,42534.0,short,0,46.0,173,,False,TREND,2024-10-04
2024-10-07,09:42:00,TREND_LONG,42536.0,42536.0,long,2,0.0,0,,False,TREND,2024-10-07
2024-10-07,10:16:00,PARTIAL_TP,42586.0,42586.0,long,1,50.0,34,,False,TREND,2024-10-07
2024-10-07,10:30:00,SESSION_EXIT,42513.0,42513.0,long,0,-23.0,48,,False,TREND,2024-10-07
2024-10-08,11:50:00,CHOP_SELL,42314.0,42314.0,short,2,0.0,0,,False,CHOP,2024-10-08
2024-10-08,11:51:00,SESSION_EXIT,42320.0,42320.0,short,0,-12.0,1,,False,CHOP,2024-10-08
2024-10-09,09:45:00,TREND_LONG,42521.0,42521.0,long,2,0.0,0,,False,TREND,2024-10-09
2024-10-09,10:10:00,PARTIAL_TP,42581.0,42581.0,long,1,60.0,25,,False,TREND,2024-10-09
2024-10-09,10:25:00,EXIT_FLAT,42456.0,42456.0,long,0,-65.0,40,,False,TREND,2024-10-09
2024-10-09,11:12:00,TREND_LONG,42609.0,42609.0,long,2,0.0,0,,False,TREND,2024-10-09
2024-10-09,11:13:00,SESSION_EXIT,42600.0,42600.0,long,0,-18.0,1,,False,TREND,2024-10-09
2024-10-10,10:49:00,TREND_SHORT,42652.0,42652.0,short,2,0.0,0,,False,TREND,2024-10-10
2024-10-10,10:50:00,SESSION_EXIT,42673.0,42673.0,short,0,-42.0,1,,False,TREND,2024-10-10
2024-10-11,10:06:00,TREND_LONG,42957.0,42957.0,long,2,0.0,0,,False,TREND,2024-10-11
2024-10-11,10:15:00,PARTIAL_TP,43011.0,43011.0,long,1,54.0,9,,False,TREND,2024-10-11
2024-10-11,10:49:00,SESSION_EXIT,43051.0,43051.0,long,0,94.0,43,,False,CHOP,2024-10-11
2024-10-14,09:49:00,TREND_LONG,43119.0,43119.0,long,2,0.0,0,,False,TREND,2024-10-14
2024-10-14,10:30:00,SESSION_EXIT,43154.0,43154.0,long,0,70.0,41,,False,TREND,2024-10-14
2024-10-15,09:44:00,TREND_SHORT,43052.0,43052.0,short,2,0.0,0,,False,TREND,2024-10-15
2024-10-15,09:47:00,EXIT_FLAT,43114.0,43114.0,short,0,-124.0,3,,False,TREND,2024-10-15
2024-10-15,09:57:00,TREND_SHORT,43042.0,43042.0,short,2,0.0,0,,False,TREND,2024-10-15
2024-10-15,10:12:00,EXIT_FLAT,43102.0,43102.0,short,0,-120.0,15,,False,TREND,2024-10-15
2024-10-15,13:32:00,CHOP_BUY,43156.0,43156.0,long,2,0.0,0,,False,CHOP,2024-10-15
2024-10-15,13:33:00,SESSION_EXIT,43162.0,43162.0,long,0,12.0,1,,False,TREND,2024-10-15
2024-10-16,09:44:00,TREND_LONG,43099.0,43099.0,long,2,0.0,0,,False,TREND,2024-10-16
2024-10-16,09:47:00,PARTIAL_TP,43150.0,43150.0,long,1,51.0,3,,False,TREND,2024-10-16
2024-10-16,10:58:00,SESSION_EXIT,43189.0,43189.0,long,0,90.0,74,,False,CHOP,2024-10-16
2024-10-17,10:08:00,TREND_SHORT,43434.0,43434.0,short,2,0.0,0,,False,TREND,2024-10-17
2024-10-17,10:30:00,SESSION_EXIT,43442.0,43442.0,short,0,-16.0,22,,False,TREND,2024-10-17
2024-10-18,09:54:00,TREND_SHORT,43301.0,43301.0,short,2,0.0,0,,False,TREND,2024-10-18
2024-10-18,10:10:00,EXIT_FLAT,43367.0,43367.0,short,0,-132.0,16,,False,TREND,2024-10-18
2024-10-18,11:59:00,CHOP_BUY,43437.0,43437.0,long,2,0.0,0,,False,CHOP,2024-10-18
2024-10-18,12:00:00,SESSION_EXIT,43447.0,43447.0,long,0,20.0,1,,False,CHOP,2024-10-18
2024-10-21,09:42:00,TREND_SHORT,43447.0,43447.0,short,2,0.0,0,,False,TREND,2024-10-21
2024-10-21,10:07:00,PARTIAL_TP,43397.0,43397.0,short,1,50.0,25,,False,TREND,2024-10-21
2024-10-21,10:12:00,CHOP_TP,43413.0,43413.0,short,0,34.0,30,,False,CHOP,2024-10-21
2024-10-21,10:25:00,TREND_SHORT,43391.0,43391.0,short,2,0.0,0,,False,TREND,2024-10-21
2024-10-21,10:30:00,SESSION_EXIT,43358.0,43358.0,short,0,66.0,5,,False,TREND,2024-10-21
2024-10-22,09:43:00,TREND_SHORT,42983.0,42983.0,short,2,0.0,0,,False,TREND,2024-10-22
2024-10-22,10:30:00,SESSION_EXIT,42970.0,42970.0,short,0,26.0,47,,False,TREND,2024-10-22
2024-10-23,09:57:00,TREND_LONG,42942.0,42942.0,long,2,0.0,0,,False,TREND,2024-10-23
2024-10-23,10:03:00,PARTIAL_TP,42998.0,42998.0,long,1,56.0,6,,False,TREND,2024-10-23
2024-10-23,10:10:00,CHOP_TP,42964.0,42964.0,long,0,22.0,13,,False,CHOP,2024-10-23
2024-10-23,10:40:00,CHOP_SELL,42934.0,42934.0,short,2,0.0,0,,False,CHOP,2024-10-23
2024-10-23,10:41:00,SESSION_EXIT,42940.0,42940.0,short,0,-12.0,1,,False,TREND,2024-10-23
2024-10-24,09:45:00,TREND_SHORT,42571.0,42571.0,short,2,0.0,0,,False,TREND,2024-10-24
2024-10-24,09:54:00,EXIT_FLAT,42645.0,42645.0,short,0,-148.0,9,,False,TREND,2024-10-24
2024-10-24,10:04:00,CHOP_BUY,42647.0,42647.0,long,2,0.0,0,,False,CHOP,2024-10-24
2024-10-24,10:30:00,SESSION_EXIT,42638.0,42638.0,long,0,-18.0,26,,False,TREND,2024-10-24
2024-10-25,09:45:00,CHOP_SELL,42727.0,42727.0,short,2,0.0,0,,False,CHOP,2024-10-25
2024-10-25,10:07:00,EXIT_FLAT,42791.0,42791.0,short,0,-128.0,22,,False,TREND,2024-10-25
2024-10-25,10:08:00,TREND_LONG,42805.0,42805.0,long,2,0.0,0,,False,TREND,2024-10-25
2024-10-25,10:30:00,SESSION_EXIT,42759.0,42759.0,long,0,-92.0,22,,False,TREND,2024-10-25
2024-10-28,09:43:00,TREND_LONG,42665.0,42665.0,long,2,0.0,0,,False,TREND,2024-10-28
2024-10-28,09:59:00,EXIT_FLAT,42600.0,42600.0,long,0,-130.0,16,,False,TREND,2024-10-28
2024-10-28,10:18:00,CHOP_SELL,42587.0,42587.0,short,2,0.0,0,,False,CHOP,2024-10-28
2024-10-28,10:26:00,EXIT_FLAT,42656.0,42656.0,short,0,-138.0,8,,False,TREND,2024-10-28
2024-10-28,10:45:00,CHOP_SELL,42652.0,42652.0,short,2,0.0,0,,False,CHOP,2024-10-28
2024-10-28,10:46:00,SESSION_EXIT,42650.0,42650.0,short,0,4.0,1,,False,TREND,2024-10-28
2024-10-29,09:50:00,TREND_LONG,42477.0,42477.0,long,2,0.0,0,,False,TREND,2024-10-29
2024-10-29,10:02:00,PARTIAL_TP,42529.0,42529.0,long,1,52.0,12,,False,TREND,2024-10-29
2024-10-29,10:57:00,SESSION_EXIT,42611.0,42611.0,long,0,134.0,67,,False,CHOP,2024-10-29
2024-10-30,09:44:00,CHOP_SELL,42410.0,42410.0,short,2,0.0,0,,False,CHOP,2024-10-30
2024-10-30,09:52:00,EXIT_FLAT,42484.0,42484.0,short,0,-148.0,8,,False,TREND,2024-10-30
2024-10-30,10:01:00,TREND_LONG,42567.0,42567.0,long,2,0.0,0,,False,TREND,2024-10-30
2024-10-30,10:14:00,PARTIAL_TP,42618.0,42618.0,long,1,51.0,13,,False,TREND,2024-10-30
2024-10-30,10:30:00,SESSION_EXIT,42562.0,42562.0,long,0,-5.0,29,,False,TREND,2024-10-30
2024-10-31,09:46:00,CHOP_SELL,42099.0,42099.0,short,2,0.0,0,,False,CHOP,2024-10-31
2024-10-31,09:48:00,PARTIAL_TP,42045.0,42045.0,short,1,54.0,2,,False,TREND,2024-10-31
2024-10-31,10:16:00,CHOP_TP,42086.0,42086.0,short,0,13.0,30,,False,CHOP,2024-10-31
2024-10-31,10:28:00,TREND_SHORT,42018.0,42018.0,short,2,0.0,0,,False,TREND,2024-10-31
2024-10-31,10:30:00,SESSION_EXIT,42019.0,42019.0,short,0,-2.0,2,,False,TREND,2024-10-31
2024-11-01,09:55:00,CHOP_SELL,42239.0,42239.0,short,2,0.0,0,,False,CHOP,2024-11-01
2024-11-01,10:06:00,EXIT_FLAT,42278.0,42278.0,short,0,-78.0,11,,False,TREND,2024-11-01
2024-11-01,10:12:00,TREND_LONG,42338.0,42338.0,long,2,0.0,0,,False,TREND,2024-11-01
2024-11-01,10:22:00,PARTIAL_TP,42397.0,42397.0,long,1,59.0,10,,False,TREND,2024-11-01
2024-11-01,10:37:00,SESSION_EXIT,42387.0,42387.0,long,0,49.0,25,,False,TREND,2024-11-01
2024-11-04,09:45:00,CHOP_BUY,42085.0,42085.0,long,2,0.0,0,,False,CHOP,2024-11-04
2024-11-04,10:06:00,PARTIAL_TP,42146.0,42146.0,long,1,61.0,21,,False,TREND,2024-11-04
2024-11-04,10:10:00,CHOP_TP,42114.0,42114.0,long,0,29.0,25,,False,CHOP,2024-11-04
2024-11-04,10:19:00,CHOP_BUY,42096.0,42096.0,long,2,0.0,0,,False,CHOP,2024-11-04
2024-11-04,10:30:00,SESSION_EXIT,42088.0,42088.0,long,0,-16.0,11,,False,TREND,2024-11-04
2024-11-05,09:48:00,TREND_LONG,42066.0,42066.0,long,2,0.0,0,,False,TREND,2024-11-05
2024-11-05,09:55:00,PARTIAL_TP,42136.0,42136.0,long,1,70.0,7,,False,TREND,2024-11-05
2024-11-05,10:13:00,CHOP_TP,42209.0,42209.0,long,0,143.0,25,,False,CHOP,2024-11-05
2024-11-05,10:15:00,CHOP_BUY,42193.0,42193.0,long,2,0.0,0,,False,CHOP,2024-11-05
2024-11-05,10:19:00,CHOP_TP,42217.0,42217.0,long,0,48.0,4,,False,CHOP,2024-11-05
2024-11-05,10:22:00,TREND_LONG,42225.0,42225.0,long,2,0.0,0,,False,TREND,2024-11-05
2024-11-05,10:24:00,PARTIAL_TP,42276.0,42276.0,long,1,51.0,2,,False,TREND,2024-11-05
2024-11-05,10:30:00,SESSION_EXIT,42244.0,42244.0,long,0,19.0,8,,False,TREND,2024-11-05
2024-11-06,09:55:00,TREND_SHORT,43560.0,43560.0,short,2,0.0,0,,False,TREND,2024-11-06
2024-11-06,10:01:00,EXIT_FLAT,43624.0,43624.0,short,0,-128.0,6,,False,TREND,2024-11-06
2024-11-06,10:23:00,TREND_LONG,43747.0,43747.0,long,2,0.0,0,,False,TREND,2024-11-06
2024-11-06,10:30:00,SESSION_EXIT,43767.0,43767.0,long,0,40.0,7,,False,TREND,2024-11-06
2024-11-07,09:52:00,TREND_LONG,43962.0,43962.0,long,2,0.0,0,,False,TREND,2024-11-07
2024-11-07,10:04:00,EXIT_FLAT,43900.0,43900.0,long,0,-124.0,12,,False,TREND,2024-11-07
2024-11-07,10:11:00,CHOP_SELL,43932.0,43932.0,short,2,0.0,0,,False,CHOP,2024-11-07
2024-11-07,10:30:00,SESSION_EXIT,43933.0,43933.0,short,0,-2.0,19,,False,TREND,2024-11-07
2024-11-08,10:01:00,TREND_LONG,44040.0,44040.0,long,2,0.0,0,,False,TREND,2024-11-08
2024-11-08,10:23:00,PARTIAL_TP,44095.0,44095.0,long,1,55.0,22,,False,TREND,2024-11-08
2024-11-08,10:43:00,SESSION_EXIT,44131.0,44131.0,long,0,91.0,42,,False,CHOP,2024-11-08
2024-11-11,09:42:00,TREND_LONG,44576.0,44576.0,long,2,0.0,0,,False,TREND,2024-11-11
2024-11-11,09:46:00,EXIT_FLAT,44516.0,44516.0,long,0,-120.0,4,,False,TREND,2024-11-11
2024-11-11,09:58:00,TREND_LONG,44607.0,44607.0,long,2,0.0,0,,False,TREND,2024-11-11
2024-11-11,10:09:00,EXIT_FLAT,44538.0,44538.0,long,0,-138.0,11,,False,TREND,2024-11-11
2024-11-11,10:26:00,CHOP_BUY,44535.0,44535.0,long,2,0.0,0,,False,CHOP,2024-11-11
2024-11-11,10:30:00,SESSION_EXIT,44516.0,44516.0,long,0,-38.0,4,,False,TREND,2024-11-11
2024-11-12,09:51:00,TREND_SHORT,44458.0,44458.0,short,2,0.0,0,,False,TREND,2024-11-12
2024-11-12,10:02:00,PARTIAL_TP,44406.0,44406.0,short,1,52.0,11,,False,TREND,2024-11-12
2024-11-12,10:20:00,CHOP_TP,44381.0,44381.0,short,0,77.0,29,,False,CHOP,2024-11-12
2024-11-12,10:26:00,TREND_SHORT,44326.0,44326.0,short,2,0.0,0,,False,TREND,2024-11-12
2024-11-12,10:30:00,SESSION_EXIT,44313.0,44313.0,short,0,26.0,4,,False,TREND,2024-11-12
2024-11-13,09:53:00,TREND_SHORT,44098.0,44098.0,short,2,0.0,0,,False,TREND,2024-11-13
2024-11-13,10:04:00,PARTIAL_TP,44040.0,44040.0,short,1,58.0,11,,False,TREND,2024-11-13
2024-11-13,10:30:00,SESSION_EXIT,44093.0,44093.0,short,0,5.0,37,,False,TREND,2024-11-13
2024-11-14,09:43:00,TREND_SHORT,44037.0,44037.0,short,2,0.0,0,,False,TREND,2024-11-14
2024-11-14,09:49:00,EXIT_FLAT,44136.0,44136.0,short,0,-198.0,6,,False,TREND,2024-11-14
2024-11-14,10:12:00,TREND_SHORT,44038.0,44038.0,short,2,0.0,0,,False,TREND,2024-11-14
2024-11-14,10:30:00,SESSION_EXIT,44085.0,44085.0,short,0,-94.0,18,,False,TREND,2024-11-14
2024-11-15,09:55:00,TREND_SHORT,43676.0,43676.0,short,2,0.0,0,,False,TREND,2024-11-15
2024-11-15,10:00:00,PARTIAL_TP,43623.0,43623.0,short,1,53.0,5,,False,TREND,2024-11-15
2024-11-15,10:50:00,SESSION_EXIT,43635.0,43635.0,short,0,41.0,55,,False,TREND,2024-11-15
2024-11-18,10:21:00,TREND_SHORT,43449.0,43449.0,short,2,0.0,0,,False,TREND,2024-11-18
2024-11-18,10:30:00,SESSION_EXIT,43503.0,43503.0,short,0,-108.0,9,,False,TREND,2024-11-18
2024-11-19,09:50:00,TREND_SHORT,43080.0,43080.0,short,2,0.0,0,,False,TREND,2024-11-19
2024-11-19,09:55:00,EXIT_FLAT,43142.0,43142.0,short,0,-124.0,5,,False,TREND,2024-11-19
2024-11-19,10:29:00,TREND_LONG,43228.0,43228.0,long,2,0.0,0,,False,TREND,2024-11-19
2024-11-19,10:30:00,SESSION_EXIT,43216.0,43216.0,long,0,-24.0,1,,False,TREND,2024-11-19
2024-11-20,10:05:00,TREND_SHORT,43288.0,43288.0,short,2,0.0,0,,False,TREND,2024-11-20
2024-11-20,10:10:00,PARTIAL_TP,43210.0,43210.0,short,1,78.0,5,,False,TREND,2024-11-20
2024-11-20,10:30:00,SESSION_EXIT,43260.0,43260.0,short,0,28.0,25,,False,TREND,2024-11-20
2024-11-21,10:13:00,TREND_LONG,43696.0,43696.0,long,2,0.0,0,,False,TREND,2024-11-21
2024-11-21,10:23:00,EXIT_FLAT,43627.0,43627.0,long,0,-138.0,10,,False,TREND,2024-11-21
2024-11-21,10:47:00,TREND_LONG,43719.0,43719.0,long,2,0.0,0,,False,TREND,2024-11-21
2024-11-21,10:48:00,SESSION_EXIT,43712.0,43712.0,long,0,-14.0,1,,False,TREND,2024-11-21
2024-11-22,09:48:00,TREND_LONG,44302.0,44302.0,long,2,0.0,0,,False,TREND,2024-11-22
2024-11-22,09:52:00,EXIT_FLAT,44232.0,44232.0,long,0,-140.0,4,,False,TREND,2024-11-22
2024-11-22,10:18:00,CHOP_SELL,44211.0,44211.0,short,2,0.0,0,,False,CHOP,2024-11-22
2024-11-22,10:22:00,PARTIAL_TP,44143.0,44143.0,short,1,68.0,4,,False,TREND,2024-11-22
2024-11-22,10:30:00,SESSION_EXIT,44175.0,44175.0,short,0,36.0,12,,False,TREND,2024-11-22
2024-11-25,09:49:00,CHOP_SELL,44880.0,44880.0,short,2,0.0,0,,False,CHOP,2024-11-25
2024-11-25,10:02:00,CHOP_TP,44837.0,44837.0,short,0,86.0,13,,False,CHOP,2024-11-25
2024-11-25,11:37:00,TREND_SHORT,44719.0,44719.0,short,2,0.0,0,,False,TREND,2024-11-25
2024-11-25,11:38:00,SESSION_EXIT,44698.0,44698.0,short,0,42.0,1,,False,TREND,2024-11-25
2024-11-26,10:03:00,TREND_SHORT,44616.0,44616.0,short,2,0.0,0,,False,TREND,2024-11-26
2024-11-26,10:24:00,CHOP_TP,44573.0,44573.0,short,0,86.0,21,,False,CHOP,2024-11-26
2024-11-26,10:25:00,TREND_SHORT,44552.0,44552.0,short,2,0.0,0,,False,TREND,2024-11-26
2024-11-26,10:30:00,SESSION_EXIT,44586.0,44586.0,short,0,-68.0,5,,False,TREND,2024-11-26
2024-11-27,11:01:00,TREND_SHORT,44967.0,44967.0,short,2,0.0,0,,False,TREND,2024-11-27
2024-11-27,11:02:00,SESSION_EXIT,44966.0,44966.0,short,0,2.0,1,,False,TREND,2024-11-27
2024-11-28,09:42:00,TREND_SHORT,44880.0,44880.0,short,2,0.0,0,,False,TREND,2024-11-28
2024-11-28,09:53:00,EXIT_FLAT,44916.0,44916.0,short,0,-72.0,11,,False,TREND,2024-11-28
2024-11-28,09:59:00,CHOP_BUY,44904.0,44904.0,long,2,0.0,0,,False,CHOP,2024-11-28
2024-11-28,10:16:00,CHOP_TP,44918.0,44918.0,long,0,28.0,17,,False,CHOP,2024-11-28
2024-11-28,10:17:00,TREND_LONG,44930.0,44930.0,long,2,0.0,0,,False,TREND,2024-11-28
2024-11-28,10:30:00,SESSION_EXIT,44915.0,44915.0,long,0,-30.0,13,,False,TREND,2024-11-28
2024-11-29,10:44:00,CHOP_SELL,44983.0,44983.0,short,2,0.0,0,,False,CHOP,2024-11-29
2024-11-29,10:45:00,SESSION_EXIT,44985.0,44985.0,short,0,-4.0,1,,False,TREND,2024-11-29
2024-12-02,09:49:00,CHOP_SELL,44929.0,44929.0,short,2,0.0,0,,False,CHOP,2024-12-02
2024-12-02,09:54:00,PARTIAL_TP,44874.0,44874.0,short,1,55.0,5,,False,TREND,2024-12-02
2024-12-02,10:27:00,CHOP_TP,44848.0,44848.0,short,0,81.0,38,,False,CHOP,2024-12-02
2024-12-02,12:06:00,CHOP_BUY,44908.0,44908.0,long,2,0.0,0,,False,CHOP,2024-12-02
2024-12-02,12:07:00,SESSION_EXIT,44906.0,44906.0,long,0,-4.0,1,,False,TREND,2024-12-02
2024-12-03,09:42:00,TREND_SHORT,44791.0,44791.0,short,2,0.0,0,,False,TREND,2024-12-03
2024-12-03,10:30:00,SESSION_EXIT,44758.0,44758.0,short,0,66.0,48,,False,TREND,2024-12-03
2024-12-04,09:43:00,CHOP_BUY,45103.0,45103.0,long,2,0.0,0,,False,CHOP,2024-12-04
2024-12-04,10:02:00,EXIT_FLAT,45040.0,45040.0,long,0,-126.0,19,,False,TREND,2024-12-04
2024-12-04,10:05:00,TREND_SHORT,44987.0,44987.0,short,2,0.0,0,,False,TREND,2024-12-04
2024-12-04,10:13:00,PARTIAL_TP,44937.0,44937.0,short,1,50.0,8,,False,TREND,2024-12-04
2024-12-04,10:21:00,CHOP_TP,44958.0,44958.0,short,0,29.0,16,,False,CHOP,2024-12-04
2024-12-04,12:12:00,CHOP_BUY,45026.0,45026.0,long,2,0.0,0,,False,CHOP,2024-12-04
2024-12-04,12:13:00,SESSION_EXIT,45025.0,45025.0,long,0,-2.0,1,,False,TREND,2024-12-04
2024-12-05,10:36:00,TREND_SHORT,44997.0,44997.0,short,2,0.0,0,,False,TREND,2024-12-05
2024-12-05,10:37:00,SESSION_EXIT,44979.0,44979.0,short,0,36.0,1,,False,TREND,2024-12-05
2024-12-06,09:45:00,TREND_SHORT,44894.0,44894.0,short,2,0.0,0,,False,TREND,2024-12-06
2024-12-06,10:30:00,SESSION_EXIT,44895.0,44895.0,short,0,-2.0,45,,False,TREND,2024-12-06
2024-12-09,09:54:00,TREND_SHORT,44689.0,44689.0,short,2,0.0,0,,False,TREND,2024-12-09
2024-12-09,10:13:00,EXIT_FLAT,44756.0,44756.0,short,0,-134.0,19,,False,TREND,2024-12-09
2024-12-09,10:40:00,CHOP_BUY,44701.0,44701.0,long,2,0.0,0,,False,CHOP,2024-12-09
2024-12-09,10:41:00,SESSION_EXIT,44707.0,44707.0,long,0,12.0,1,,False,TREND,2024-12-09
2024-12-10,10:27:00,TREND_LONG,44430.0,44430.0,long,2,0.0,0,,False,TREND,2024-12-10
2024-12-10,10:30:00,SESSION_EXIT,44436.0,44436.0,long,0,12.0,3,,False,TREND,2024-12-10
2024-12-11,09:48:00,TREND_SHORT,44344.0,44344.0,short,2,0.0,0,,False,TREND,2024-12-11
2024-12-11,09:56:00,PARTIAL_TP,44293.0,44293.0,short,1,51.0,8,,False,TREND,2024-12-11
2024-12-11,10:30:00,SESSION_EXIT,44315.0,44315.0,short,0,29.0,42,,False,TREND,2024-12-11
2024-12-12,09:42:00,TREND_LONG,44253.0,44253.0,long,2,0.0,0,,False,TREND,2024-12-12
2024-12-12,09:56:00,EXIT_FLAT,44193.0,44193.0,long,0,-120.0,14,,False,TREND,2024-12-12
2024-12-12,10:04:00,TREND_SHORT,44148.0,44148.0,short,2,0.0,0,,False,TREND,2024-12-12
2024-12-12,10:30:00,SESSION_EXIT,44171.0,44171.0,short,0,-46.0,26,,False,TREND,2024-12-12
2024-12-13,09:52:00,CHOP_SELL,43981.0,43981.0,short,2,0.0,0,,False,CHOP,2024-12-13
2024-12-13,09:57:00,PARTIAL_TP,43923.0,43923.0,short,1,58.0,5,,False,TREND,2024-12-13
2024-12-13,10:30:00,SESSION_EXIT,43953.0,43953.0,short,0,28.0,38,,False,TREND,2024-12-13
2024-12-16,09:50:00,TREND_LONG,43913.0,43913.0,long,2,0.0,0,,False,TREND,2024-12-16
2024-12-16,10:07:00,PARTIAL_TP,43982.0,43982.0,long,1,69.0,17,,False,TREND,2024-12-16
2024-12-16,10:22:00,EXIT_FLAT,43852.0,43852.0,long,0,-61.0,32,,False,TREND,2024-12-16
2024-12-16,12:03:00,TREND_SHORT,43824.0,43824.0,short,2,0.0,0,,False,TREND,2024-12-16
2024-12-16,12:04:00,SESSION_EXIT,43829.0,43829.0,short,0,-10.0,1,,False,TREND,2024-12-16
2024-12-17,10:10:00,TREND_SHORT,43453.0,43453.0,short,2,0.0,0,,False,TREND,2024-12-17
2024-12-17,10:16:00,EXIT_FLAT,43519.0,43519.0,short,0,-132.0,6,,False,TREND,2024-12-17
2024-12-17,10:38:00,CHOP_BUY,43499.0,43499.0,long,2,0.0,0,,False,CHOP,2024-12-17
2024-12-17,10:39:00,SESSION_EXIT,43499.0,43499.0,long,0,0.0,1,,False,TREND,2024-12-17
2024-12-18,09:51:00,TREND_LONG,43584.0,43584.0,long,2,0.0,0,,False,TREND,2024-12-18
2024-12-18,10:21:00,PARTIAL_TP,43634.0,43634.0,long,1,50.0,30,,False,TREND,2024-12-18
2024-12-18,10:30:00,SESSION_EXIT,43631.0,43631.0,long,0,47.0,39,,False,TREND,2024-12-18
2024-12-19,09:49:00,TREND_SHORT,42625.0,42625.0,short,2,0.0,0,,False,TREND,2024-12-19
2024-12-19,09:54:00,PARTIAL_TP,42568.0,42568.0,short,1,57.0,5,,False,TREND,2024-12-19
2024-12-19,10:21:00,CHOP_TP,42522.0,42522.0,short,0,103.0,32,,False,CHOP,2024-12-19
2024-12-19,10:22:00,TREND_SHORT,42472.0,42472.0,short,2,0.0,0,,False,TREND,2024-12-19
2024-12-19,10:30:00,SESSION_EXIT,42485.0,42485.0,short,0,-26.0,8,,False,TREND,2024-12-19
2024-12-23,09:46:00,TREND_SHORT,43090.0,43090.0,short,2,0.0,0,,False,TREND,2024-12-23
2024-12-23,09:49:00,PARTIAL_TP,43024.0,43024.0,short,1,66.0,3,,False,TREND,2024-12-23
2024-12-23,10:31:00,SESSION_EXIT,43045.0,43045.0,short,0,45.0,45,,False,TREND,2024-12-23
2024-12-24,10:02:00,TREND_LONG,43355.0,43355.0,long,2,0.0,0,,False,TREND,2024-12-24
2024-12-24,10:12:00,PARTIAL_TP,43424.0,43424.0,long,1,69.0,10,,False,TREND,2024-12-24
2024-12-24,12:04:00,SESSION_EXIT,43534.0,43534.0,long,0,179.0,122,,False,CHOP,2024-12-24
2024-12-26,09:53:00,TREND_SHORT,43484.0,43484.0,short,2,0.0,0,,False,TREND,2024-12-26
2024-12-26,09:57:00,EXIT_FLAT,43552.0,43552.0,short,0,-136.0,4,,False,TREND,2024-12-26
2024-12-26,10:02:00,TREND_LONG,43599.0,43599.0,long,2,0.0,0,,False,TREND,2024-12-26
2024-12-26,10:30:00,SESSION_EXIT,43582.0,43582.0,long,0,-34.0,28,,False,TREND,2024-12-26
2024-12-27,09:47:00,TREND_LONG,43554.0,43554.0,long,2,0.0,0,,False,TREND,2024-12-27
2024-12-27,10:01:00,EXIT_FLAT,43448.0,43448.0,long,0,-212.0,14,,False,TREND,2024-12-27
2024-12-27,10:12:00,TREND_SHORT,43376.0,43376.0,short,2,0.0,0,,False,TREND,2024-12-27
2024-12-27,10:17:00,PARTIAL_TP,43313.0,43313.0,short,1,63.0,5,,False,TREND,2024-12-27
2024-12-27,10:40:00,SESSION_EXIT,43235.0,43235.0,short,0,141.0,28,,False,CHOP,2024-12-27
2024-12-30,09:49:00,TREND_SHORT,42696.0,42696.0,short,2,0.0,0,,False,TREND,2024-12-30
2024-12-30,10:00:00,PARTIAL_TP,42641.0,42641.0,short,1,55.0,11,,False,TREND,2024-12-30
2024-12-30,10:14:00,CHOP_TP,42647.0,42647.0,short,0,49.0,25,,False,CHOP,2024-12-30
2024-12-30,10:16:00,TREND_SHORT,42607.0,42607.0,short,2,0.0,0,,False,TREND,2024-12-30
2024-12-30,10:30:00,SESSION_EXIT,42624.0,42624.0,short,0,-34.0,14,,False,TREND,2024-12-30
2024-12-31,09:59:00,TREND_LONG,43057.0,43057.0,long,2,0.0,0,,False,TREND,2024-12-31
2024-12-31,10:07:00,EXIT_FLAT,42977.0,42977.0,long,0,-160.0,8,,False,TREND,2024-12-31
2024-12-31,10:34:00,TREND_SHORT,42941.0,42941.0,short,2,0.0,0,,False,TREND,2024-12-31
2024-12-31,10:35:00,SESSION_EXIT,42970.0,42970.0,short,0,-58.0,1,,False,TREND,2024-12-31
2025-01-02,09:55:00,TREND_LONG,43189.0,43189.0,long,2,0.0,0,,False,TREND,2025-01-02
2025-01-02,10:03:00,EXIT_FLAT,43129.0,43129.0,long,0,-120.0,8,,False,TREND,2025-01-02
2025-01-02,10:22:00,TREND_SHORT,42969.0,42969.0,short,2,0.0,0,,False,TREND,2025-01-02
2025-01-02,10:30:00,PARTIAL_TP,42908.0,42908.0,short,1,61.0,8,,False,TREND,2025-01-02
2025-01-02,10:36:00,SESSION_EXIT,42941.0,42941.0,short,0,28.0,14,,False,TREND,2025-01-02
2025-01-03,09:47:00,TREND_SHORT,42838.0,42838.0,short,2,0.0,0,,False,TREND,2025-01-03
2025-01-03,09:51:00,PARTIAL_TP,42788.0,42788.0,short,1,50.0,4,,False,TREND,2025-01-03
2025-01-03,10:30:00,SESSION_EXIT,42860.0,42860.0,short,0,-22.0,43,,False,TREND,2025-01-03
2025-01-06,09:46:00,TREND_LONG,43194.0,43194.0,long,2,0.0,0,,False,TREND,2025-01-06
2025-01-06,09:55:00,PARTIAL_TP,43261.0,43261.0,long,1,67.0,9,,False,TREND,2025-01-06
2025-01-06,10:38:00,SESSION_EXIT,43233.0,43233.0,long,0,39.0,52,,False,TREND,2025-01-06
2025-01-07,09:44:00,TREND_SHORT,43135.0,43135.0,short,2,0.0,0,,False,TREND,2025-01-07
2025-01-07,10:01:00,PARTIAL_TP,43011.0,43011.0,short,1,124.0,17,,False,TREND,2025-01-07
2025-01-07,12:02:00,SESSION_EXIT,42943.0,42943.0,short,0,192.0,138,,False,CHOP,2025-01-07
2025-01-08,09:43:00,TREND_SHORT,42670.0,42670.0,short,2,0.0,0,,False,TREND,2025-01-08
2025-01-08,09:53:00,PARTIAL_TP,42619.0,42619.0,short,1,51.0,10,,False,TREND,2025-01-08
2025-01-08,10:30:00,SESSION_EXIT,42620.0,42620.0,short,0,50.0,47,,False,TREND,2025-01-08
2025-01-10,09:47:00,TREND_SHORT,42504.0,42504.0,short,2,0.0,0,,False,TREND,2025-01-10
2025-01-10,10:00:00,PARTIAL_TP,42387.0,42387.0,short,1,117.0,13,,False,TREND,2025-01-10
2025-01-10,10:12:00,CHOP_TP,42279.0,42279.0,short,0,225.0,25,,False,CHOP,2025-01-10
2025-01-10,10:13:00,TREND_SHORT,42238.0,42238.0,short,2,0.0,0,,False,TREND,2025-01-10
2025-01-10,10:20:00,EXIT_FLAT,42310.0,42310.0,short,0,-144.0,7,,False,TREND,2025-01-10
2025-01-10,11:02:00,TREND_SHORT,42233.0,42233.0,short,2,0.0,0,,False,TREND,2025-01-10
2025-01-10,11:03:00,SESSION_EXIT,42224.0,42224.0,short,0,18.0,1,,False,TREND,2025-01-10
2025-01-13,09:47:00,TREND_LONG,42283.0,42283.0,long,2,0.0,0,,False,TREND,2025-01-13
2025-01-13,09:56:00,PARTIAL_TP,42357.0,42357.0,long,1,74.0,9,,False,TREND,2025-01-13
2025-01-13,10:30:00,SESSION_EXIT,42295.0,42295.0,long,0,12.0,43,,False,TREND,2025-01-13
2025-01-14,09:51:00,TREND_SHORT,42641.0,42641.0,short,2,0.0,0,,False,TREND,2025-01-14
2025-01-14,09:57:00,PARTIAL_TP,42583.0,42583.0,short,1,58.0,6,,False,TREND,2025-01-14
2025-01-14,10:08:00,EXIT_FLAT,42706.0,42706.0,short,0,-65.0,17,,False,TREND,2025-01-14
2025-01-14,10:16:00,CHOP_BUY,42715.0,42715.0,long,2,0.0,0,,False,CHOP,2025-01-14
2025-01-14,10:30:00,SESSION_EXIT,42677.0,42677.0,long,0,-76.0,14,,False,TREND,2025-01-14
2025-01-15,09:48:00,TREND_LONG,43468.0,43468.0,long,2,0.0,0,,False,TREND,2025-01-15
2025-01-15,10:30:00,SESSION_EXIT,43460.0,43460.0,long,0,-16.0,42,,False,TREND,2025-01-15
2025-01-16,09:46:00,TREND_SHORT,43381.0,43381.0,short,2,0.0,0,,False,TREND,2025-01-16
2025-01-16,10:01:00,PARTIAL_TP,43324.0,43324.0,short,1,57.0,15,,False,TREND,2025-01-16
2025-01-16,10:14:00,CHOP_TP,43353.0,43353.0,short,0,28.0,28,,False,CHOP,2025-01-16
2025-01-16,10:46:00,CHOP_SELL,43380.0,43380.0,short,2,0.0,0,,False,CHOP,2025-01-16
2025-01-16,10:47:00,SESSION_EXIT,43387.0,43387.0,short,0,-14.0,1,,False,CHOP,2025-01-16
2025-01-17,09:48:00,TREND_LONG,43712.0,43712.0,long,2,0.0,0,,False,TREND,2025-01-17
2025-01-17,10:30:00,SESSION_EXIT,43712.0,43712.0,long,0,0.0,42,,False,TREND,2025-01-17
2025-01-20,09:51:00,CHOP_SELL,43983.0,43983.0,short,2,0.0,0,,False,CHOP,2025-01-20
2025-01-20,10:00:00,PARTIAL_TP,43928.0,43928.0,short,1,55.0,9,,False,TREND,2025-01-20
2025-01-20,12:13:00,SESSION_EXIT,43854.0,43854.0,short,0,129.0,142,,False,CHOP,2025-01-20
2025-01-21,09:43:00,TREND_LONG,43961.0,43961.0,long,2,0.0,0,,False,TREND,2025-01-21
2025-01-21,09:46:00,PARTIAL_TP,44021.0,44021.0,long,1,60.0,3,,False,TREND,2025-01-21
2025-01-21,10:12:00,EXIT_FLAT,43901.0,43901.0,long,0,-60.0,29,,False,TREND,2025-01-21
2025-01-21,10:59:00,TREND_LONG,44043.0,44043.0,long,2,0.0,0,,False,TREND,2025-01-21
2025-01-21,11:00:00,SESSION_EXIT,44034.0,44034.0,long,0,-18.0,1,,False,TREND,2025-01-21
2025-01-22,10:03:00,CHOP_BUY,44350.0,44350.0,long,2,0.0,0,,False,CHOP,2025-01-22
2025-01-22,10:30:00,SESSION_EXIT,44339.0,44339.0,long,0,-22.0,27,,False,TREND,2025-01-22
2025-01-23,09:46:00,TREND_LONG,44479.0,44479.0,long,2,0.0,0,,False,TREND,2025-01-23
2025-01-23,10:30:00,SESSION_EXIT,44422.0,44422.0,long,0,-114.0,44,,False,TREND,2025-01-23
2025-01-24,09:45:00,CHOP_BUY,44692.0,44692.0,long,2,0.0,0,,False,CHOP,2025-01-24
2025-01-24,09:49:00,EXIT_FLAT,44632.0,44632.0,long,0,-120.0,4,,False,TREND,2025-01-24
2025-01-24,09:52:00,TREND_SHORT,44616.0,44616.0,short,2,0.0,0,,False,TREND,2025-01-24
2025-01-24,10:17:00,EXIT_FLAT,44678.0,44678.0,short,0,-124.0,25,,False,TREND,2025-01-24
2025-01-24,10:41:00,CHOP_BUY,44653.0,44653.0,long,2,0.0,0,,False,CHOP,2025-01-24
2025-01-24,10:42:00,SESSION_EXIT,44643.0,44643.0,long,0,-20.0,1,,False,TREND,2025-01-24
2025-01-27,10:24:00,TREND_LONG,44553.0,44553.0,long,2,0.0,0,,False,TREND,2025-01-27
2025-01-27,10:30:00,SESSION_EXIT,44551.0,44551.0,long,0,-4.0,6,,False,TREND,2025-01-27
2025-01-28,09:46:00,TREND_SHORT,44843.0,44843.0,short,2,0.0,0,,False,TREND,2025-01-28
2025-01-28,10:03:00,EXIT_FLAT,44937.0,44937.0,short,0,-188.0,17,,False,TREND,2025-01-28
2025-01-28,10:12:00,TREND_LONG,44987.0,44987.0,long,2,0.0,0,,False,TREND,2025-01-28
2025-01-28,10:24:00,PARTIAL_TP,45037.0,45037.0,long,1,50.0,12,,False,TREND,2025-01-28
2025-01-28,10:30:00,SESSION_EXIT,45034.0,45034.0,long,0,47.0,18,,False,TREND,2025-01-28
2025-01-29,10:07:00,TREND_LONG,45108.0,45108.0,long,2,0.0,0,,False,TREND,2025-01-29
2025-01-29,10:12:00,EXIT_FLAT,45045.0,45045.0,long,0,-126.0,5,,False,TREND,2025-01-29
2025-01-29,10:41:00,TREND_LONG,45128.0,45128.0,long,2,0.0,0,,False,TREND,2025-01-29
2025-01-29,10:42:00,SESSION_EXIT,45131.0,45131.0,long,0,6.0,1,,False,TREND,2025-01-29
2025-01-30,09:48:00,TREND_LONG,44977.0,44977.0,long,2,0.0,0,,False,TREND,2025-01-30
2025-01-30,09:56:00,PARTIAL_TP,45044.0,45044.0,long,1,67.0,8,,False,TREND,2025-01-30
2025-01-30,10:29:00,EXIT_FLAT,44917.0,44917.0,long,0,-60.0,41,,False,TREND,2025-01-30
2025-01-30,10:50:00,CHOP_SELL,45015.0,45015.0,short,2,0.0,0,,False,CHOP,2025-01-30
2025-01-30,10:51:00,SESSION_EXIT,45008.0,45008.0,short,0,14.0,1,,False,TREND,2025-01-30
2025-01-31,09:46:00,TREND_SHORT,45087.0,45087.0,short,2,0.0,0,,False,TREND,2025-01-31
2025-01-31,10:03:00,CHOP_TP,45063.0,45063.0,short,0,48.0,17,,False,CHOP,2025-01-31
2025-01-31,10:26:00,TREND_LONG,45089.0,45089.0,long,2,0.0,0,,False,TREND,2025-01-31
2025-01-31,10:30:00,SESSION_EXIT,45093.0,45093.0,long,0,8.0,4,,False,TREND,2025-01-31
2025-02-03,09:53:00,TREND_SHORT,44053.0,44053.0,short,2,0.0,0,,False,TREND,2025-02-03
2025-02-03,10:21:00,EXIT_FLAT,44164.0,44164.0,short,0,-222.0,28,,False,TREND,2025-02-03
2025-02-03,10:24:00,TREND_LONG,44357.0,44357.0,long,2,0.0,0,,False,TREND,2025-02-03
2025-02-03,10:29:00,PARTIAL_TP,44475.0,44475.0,long,1,118.0,5,,False,TREND,2025-02-03
2025-02-03,11:45:00,SESSION_EXIT,44641.0,44641.0,long,0,284.0,81,,False,CHOP,2025-02-03
2025-02-04,10:09:00,TREND_LONG,44574.0,44574.0,long,2,0.0,0,,False,TREND,2025-02-04
2025-02-04,10:30:00,SESSION_EXIT,44544.0,44544.0,long,0,-60.0,21,,False,TREND,2025-02-04
2025-02-05,09:55:00,TREND_SHORT,44631.0,44631.0,short,2,0.0,0,,False,TREND,2025-02-05
2025-02-05,09:57:00,PARTIAL_TP,44580.0,44580.0,short,1,51.0,2,,False,TREND,2025-02-05
2025-02-05,10:30:00,SESSION_EXIT,44667.0,44667.0,short,0,-36.0,35,,False,TREND,2025-02-05
2025-02-06,09:51:00,TREND_SHORT,45007.0,45007.0,short,2,0.0,0,,False,TREND,2025-02-06
2025-02-06,10:19:00,PARTIAL_TP,44957.0,44957.0,short,1,50.0,28,,False,TREND,2025-02-06
2025-02-06,11:24:00,SESSION_EXIT,44921.0,44921.0,short,0,86.0,93,,False,CHOP,2025-02-06
2025-02-07,09:42:00,CHOP_BUY,44878.0,44878.0,long,2,0.0,0,,False,CHOP,2025-02-07
2025-02-07,09:55:00,PARTIAL_TP,44933.0,44933.0,long,1,55.0,13,,False,TREND,2025-02-07
2025-02-07,10:04:00,EXIT_FLAT,44781.0,44781.0,long,0,-97.0,22,,False,TREND,2025-02-07
2025-02-07,10:13:00,TREND_SHORT,44737.0,44737.0,short,2,0.0,0,,False,TREND,2025-02-07
2025-02-07,10:30:00,SESSION_EXIT,44748.0,44748.0,short,0,-22.0,17,,False,TREND,2025-02-07
2025-02-10,11:16:00,TREND_SHORT,44468.0,44468.0,short,2,0.0,0,,False,TREND,2025-02-10
2025-02-10,11:17:00,SESSION_EXIT,44455.0,44455.0,short,0,26.0,1,,False,TREND,2025-02-10
2025-02-11,09:49:00,CHOP_BUY,44478.0,44478.0,long,2,0.0,0,,False,CHOP,2025-02-11
2025-02-11,10:08:00,EXIT_FLAT,44437.0,44437.0,long,0,-82.0,19,,False,TREND,2025-02-11
2025-02-11,10:36:00,TREND_LONG,44531.0,44531.0,long,2,0.0,0,,False,TREND,2025-02-11
2025-02-11,10:37:00,SESSION_EXIT,44542.0,44542.0,long,0,22.0,1,,False,TREND,2025-02-11
2025-02-12,09:42:00,TREND_SHORT,44191.0,44191.0,short,2,0.0,0,,False,TREND,2025-02-12
2025-02-12,09:46:00,EXIT_FLAT,44271.0,44271.0,short,0,-160.0,4,,False,TREND,2025-02-12
2025-02-12,10:14:00,CHOP_BUY,44263.0,44263.0,long,2,0.0,0,,False,CHOP,2025-02-12
2025-02-12,10:17:00,PARTIAL_TP,44313.0,44313.0,long,1,50.0,3,,False,TREND,2025-02-12
2025-02-12,10:50:00,SESSION_EXIT,44429.0,44429.0,long,0,166.0,36,,False,CHOP,2025-02-12
2025-02-13,11:11:00,TREND_LONG,44622.0,44622.0,long,2,0.0,0,,False,TREND,2025-02-13
2025-02-13,11:12:00,SESSION_EXIT,44627.0,44627.0,long,0,10.0,1,,False,TREND,2025-02-13
2025-02-14,10:05:00,TREND_LONG,44848.0,44848.0,long,2,0.0,0,,False,TREND,2025-02-14
2025-02-14,10:19:00,EXIT_FLAT,44777.0,44777.0,long,0,-142.0,14,,False,TREND,2025-02-14
2025-02-14,10:26:00,TREND_SHORT,44726.0,44726.0,short,2,0.0,0,,False,TREND,2025-02-14
2025-02-14,10:30:00,SESSION_EXIT,44726.0,44726.0,short,0,0.0,4,,False,TREND,2025-02-14
2025-02-17,10:13:00,TREND_SHORT,44685.0,44685.0,short,2,0.0,0,,False,TREND,2025-02-17
2025-02-17,10:30:00,SESSION_EXIT,44682.0,44682.0,short,0,6.0,17,,False,TREND,2025-02-17
2025-02-18,09:59:00,TREND_SHORT,44497.0,44497.0,short,2,0.0,0,,False,TREND,2025-02-18
2025-02-18,10:28:00,EXIT_FLAT,44558.0,44558.0,short,0,-122.0,29,,False,TREND,2025-02-18
2025-02-18,10:51:00,TREND_LONG,44625.0,44625.0,long,2,0.0,0,,False,TREND,2025-02-18
2025-02-18,10:52:00,SESSION_EXIT,44640.0,44640.0,long,0,30.0,1,,False,TREND,2025-02-18
2025-02-19,10:07:00,TREND_LONG,44528.0,44528.0,long,2,0.0,0,,False,TREND,2025-02-19
2025-02-19,10:30:00,SESSION_EXIT,44508.0,44508.0,long,0,-40.0,23,,False,TREND,2025-02-19
2025-02-20,09:58:00,TREND_SHORT,44401.0,44401.0,short,2,0.0,0,,False,TREND,2025-02-20
2025-02-20,10:00:00,PARTIAL_TP,44305.0,44305.0,short,1,96.0,2,,False,TREND,2025-02-20
2025-02-20,10:22:00,CHOP_TP,44313.0,44313.0,short,0,88.0,24,,False,CHOP,2025-02-20
2025-02-20,10:36:00,TREND_SHORT,44229.0,44229.0,short,2,0.0,0,,False,TREND,2025-02-20
2025-02-20,10:37:00,SESSION_EXIT,44211.0,44211.0,short,0,36.0,1,,False,TREND,2025-02-20
2025-02-21,09:46:00,CHOP_SELL,43967.0,43967.0,short,2,0.0,0,,False,CHOP,2025-02-21
2025-02-21,09:49:00,PARTIAL_TP,43895.0,43895.0,short,1,72.0,3,,False,TREND,2025-02-21
2025-02-21,10:35:00,SESSION_EXIT,43881.0,43881.0,short,0,86.0,49,,False,CHOP,2025-02-21
2025-02-24,09:43:00,TREND_SHORT,43583.0,43583.0,short,2,0.0,0,,False,TREND,2025-02-24
2025-02-24,09:57:00,PARTIAL_TP,43529.0,43529.0,short,1,54.0,14,,False,TREND,2025-02-24
2025-02-24,10:30:00,SESSION_EXIT,43561.0,43561.0,short,0,22.0,47,,False,TREND,2025-02-24
2025-02-25,09:53:00,TREND_SHORT,43607.0,43607.0,short,2,0.0,0,,False,TREND,2025-02-25
2025-02-25,10:00:00,PARTIAL_TP,43540.0,43540.0,short,1,67.0,7,,False,TREND,2025-02-25
2025-02-25,10:43:00,SESSION_EXIT,43557.0,43557.0,short,0,50.0,50,,False,TREND,2025-02-25
2025-02-26,09:49:00,TREND_LONG,43768.0,43768.0,long,2,0.0,0,,False,TREND,2025-02-26
2025-02-26,10:09:00,PARTIAL_TP,43832.0,43832.0,long,1,64.0,20,,False,TREND,2025-02-26
2025-02-26,11:23:00,SESSION_EXIT,43852.0,43852.0,long,0,84.0,94,,False,CHOP,2025-02-26
2025-02-27,09:46:00,TREND_LONG,43733.0,43733.0,long,2,0.0,0,,False,TREND,2025-02-27
2025-02-27,09:50:00,EXIT_FLAT,43672.0,43672.0,long,0,-122.0,4,,False,TREND,2025-02-27
2025-02-27,10:14:00,TREND_LONG,43733.0,43733.0,long,2,0.0,0,,False,TREND,2025-02-27
2025-02-27,10:19:00,PARTIAL_TP,43798.0,43798.0,long,1,65.0,5,,False,TREND,2025-02-27
2025-02-27,10:23:00,SPIKE_EXIT,43936.0,43936.0,long,0,203.0,9,,False,TREND,2025-02-27
2025-02-27,14:32:00,TREND_SHORT,43474.0,43474.0,short,2,0.0,0,,False,TREND,2025-02-27
2025-02-27,14:33:00,SESSION_EXIT,43455.0,43455.0,short,0,38.0,1,,False,TREND,2025-02-27
2025-02-28,09:52:00,TREND_LONG,43446.0,43446.0,long,2,0.0,0,,False,TREND,2025-02-28
2025-02-28,10:00:00,PARTIAL_TP,43530.0,43530.0,long,1,84.0,8,,False,TREND,2025-02-28
2025-02-28,10:43:00,SESSION_EXIT,43491.0,43491.0,long,0,45.0,51,,False,TREND,2025-02-28
2025-03-03,09:57:00,TREND_SHORT,43968.0,43968.0,short,2,0.0,0,,False,TREND,2025-03-03
2025-03-03,10:00:00,PARTIAL_TP,43882.0,43882.0,short,1,86.0,3,,False,TREND,2025-03-03
2025-03-03,10:30:00,SESSION_EXIT,43944.0,43944.0,short,0,24.0,33,,False,TREND,2025-03-03
2025-03-04,09:43:00,TREND_SHORT,42811.0,42811.0,short,2,0.0,0,,False,TREND,2025-03-04
2025-03-04,09:52:00,PARTIAL_TP,42745.0,42745.0,short,1,66.0,9,,False,TREND,2025-03-04
2025-03-04,12:03:00,SESSION_EXIT,42610.0,42610.0,short,0,201.0,140,,False,CHOP,2025-03-04
2025-03-05,11:11:00,TREND_SHORT,42518.0,42518.0,short,2,0.0,0,,False,TREND,2025-03-05
2025-03-05,11:12:00,SESSION_EXIT,42521.0,42521.0,short,0,-6.0,1,,False,TREND,2025-03-05
2025-03-06,09:43:00,TREND_SHORT,42475.0,42475.0,short,2,0.0,0,,False,TREND,2025-03-06
2025-03-06,09:49:00,EXIT_FLAT,42542.0,42542.0,short,0,-134.0,6,,False,TREND,2025-03-06
2025-03-06,10:05:00,TREND_LONG,42679.0,42679.0,long,2,0.0,0,,False,TREND,2025-03-06
2025-03-06,10:08:00,PARTIAL_TP,42735.0,42735.0,long,1,56.0,3,,False,TREND,2025-03-06
2025-03-06,10:29:00,CHOP_TP,42828.0,42828.0,long,0,149.0,24,,False,CHOP,2025-03-06
2025-03-06,10:33:00,TREND_LONG,42845.0,42845.0,long,2,0.0,0,,False,TREND,2025-03-06
2025-03-06,10:34:00,SESSION_EXIT,42845.0,42845.0,long,0,0.0,1,,False,TREND,2025-03-06
2025-03-07,09:43:00,TREND_LONG,42614.0,42614.0,long,2,0.0,0,,False,TREND,2025-03-07
2025-03-07,09:47:00,PARTIAL_TP,42698.0,42698.0,long,1,84.0,4,,False,TREND,2025-03-07
2025-03-07,10:17:00,EXIT_FLAT,42554.0,42554.0,long,0,-60.0,34,,False,TREND,2025-03-07
2025-03-07,10:37:00,TREND_SHORT,42411.0,42411.0,short,2,0.0,0,,False,TREND,2025-03-07
2025-03-07,10:38:00,SESSION_EXIT,42410.0,42410.0,short,0,2.0,1,,False,TREND,2025-03-07
2025-03-10,09:51:00,CHOP_BUY,42497.0,42497.0,long,2,0.0,0,,False,CHOP,2025-03-10
2025-03-10,09:55:00,PARTIAL_TP,42549.0,42549.0,long,1,52.0,4,,False,TREND,2025-03-10
2025-03-10,10:30:00,SESSION_EXIT,42488.0,42488.0,long,0,-9.0,39,,False,TREND,2025-03-10
2025-03-11,10:00:00,TREND_LONG,41793.0,41793.0,long,2,0.0,0,,False,TREND,2025-03-11
2025-03-11,10:02:00,EXIT_FLAT,41620.0,41620.0,long,0,-346.0,2,,False,TREND,2025-03-11
2025-03-11,10:03:00,TREND_SHORT,41591.0,41591.0,short,2,0.0,0,,False,TREND,2025-03-11
2025-03-11,10:06:00,EXIT_FLAT,41652.0,41652.0,short,0,-122.0,3,,False,TREND,2025-03-11
2025-03-11,10:17:00,TREND_SHORT,41519.0,41519.0,short,2,0.0,0,,False,TREND,2025-03-11
2025-03-11,10:20:00,EXIT_FLAT,41588.0,41588.0,short,0,-138.0,3,,False,TREND,2025-03-11
2025-03-11,10:27:00,TREND_SHORT,41491.0,41491.0,short,2,0.0,0,,False,TREND,2025-03-11
2025-03-11,10:30:00,SESSION_EXIT,41513.0,41513.0,short,0,-44.0,3,,False,TREND,2025-03-11
2025-03-12,09:42:00,TREND_SHORT,41504.0,41504.0,short,2,0.0,0,,False,TREND,2025-03-12
2025-03-12,09:43:00,PARTIAL_TP,41454.0,41454.0,short,1,50.0,1,,False,TREND,2025-03-12
2025-03-12,11:58:00,SESSION_EXIT,41357.0,41357.0,short,0,147.0,136,,False,CHOP,2025-03-12
2025-03-13,09:50:00,TREND_SHORT,41216.0,41216.0,short,2,0.0,0,,False,TREND,2025-03-13
2025-03-13,10:05:00,EXIT_FLAT,41283.0,41283.0,short,0,-134.0,15,,False,TREND,2025-03-13
2025-03-13,10:14:00,TREND_LONG,41384.0,41384.0,long,2,0.0,0,,False,TREND,2025-03-13
2025-03-13,10:28:00,EXIT_FLAT,41313.0,41313.0,long,0,-142.0,14,,False,TREND,2025-03-13
2025-03-13,11:08:00,TREND_SHORT,41150.0,41150.0,short,2,0.0,0,,False,TREND,2025-03-13
2025-03-13,11:09:00,SESSION_EXIT,41143.0,41143.0,short,0,14.0,1,,False,TREND,2025-03-13
2025-03-14,09:49:00,TREND_LONG,41246.0,41246.0,long,2,0.0,0,,False,TREND,2025-03-14
2025-03-14,10:00:00,EXIT_FLAT,41112.0,41112.0,long,0,-268.0,11,,False,TREND,2025-03-14
2025-03-14,10:52:00,TREND_LONG,41313.0,41313.0,long,2,0.0,0,,False,TREND,2025-03-14
2025-03-14,10:53:00,SESSION_EXIT,41293.0,41293.0,long,0,-40.0,1,,False,TREND,2025-03-14
2025-03-17,13:12:00,TREND_LONG,41808.0,41808.0,long,2,0.0,0,,False,TREND,2025-03-17
2025-03-17,13:13:00,SESSION_EXIT,41808.0,41808.0,long,0,0.0,1,,False,TREND,2025-03-17
2025-03-18,10:00:00,TREND_SHORT,41624.0,41624.0,short,2,0.0,0,,False,TREND,2025-03-18
2025-03-18,10:26:00,EXIT_FLAT,41686.0,41686.0,short,0,-124.0,26,,False,TREND,2025-03-18
2025-03-18,10:37:00,CHOP_BUY,41700.0,41700.0,long,2,0.0,0,,False,CHOP,2025-03-18
2025-03-18,10:38:00,SESSION_EXIT,41697.0,41697.0,long,0,-6.0,1,,False,TREND,2025-03-18
2025-03-19,09:47:00,TREND_LONG,41830.0,41830.0,long,2,0.0,0,,False,TREND,2025-03-19
2025-03-19,10:30:00,SESSION_EXIT,41855.0,41855.0,long,0,50.0,43,,False,TREND,2025-03-19
2025-03-20,09:42:00,TREND_LONG,41817.0,41817.0,long,2,0.0,0,,False,TREND,2025-03-20
2025-03-20,09:51:00,PARTIAL_TP,41868.0,41868.0,long,1,51.0,9,,False,TREND,2025-03-20
2025-03-20,12:04:00,SESSION_EXIT,42164.0,42164.0,long,0,347.0,142,,False,CHOP,2025-03-20
2025-03-24,09:57:00,TREND_LONG,42828.0,42828.0,long,2,0.0,0,,False,TREND,2025-03-24
2025-03-24,10:30:00,SESSION_EXIT,42834.0,42834.0,long,0,12.0,33,,False,TREND,2025-03-24
2025-03-25,09:49:00,TREND_SHORT,42879.0,42879.0,short,2,0.0,0,,False,TREND,2025-03-25
2025-03-25,10:30:00,SESSION_EXIT,42945.0,42945.0,short,0,-132.0,41,,False,TREND,2025-03-25
2025-03-26,11:25:00,TREND_SHORT,42969.0,42969.0,short,2,0.0,0,,False,TREND,2025-03-26
2025-03-26,11:26:00,SESSION_EXIT,42972.0,42972.0,short,0,-6.0,1,,False,TREND,2025-03-26
2025-03-27,09:56:00,TREND_LONG,42690.0,42690.0,long,2,0.0,0,,False,TREND,2025-03-27
2025-03-27,10:14:00,PARTIAL_TP,42750.0,42750.0,long,1,60.0,18,,False,TREND,2025-03-27
2025-03-27,11:28:00,SESSION_EXIT,42740.0,42740.0,long,0,50.0,92,,False,TREND,2025-03-27
2025-03-28,09:43:00,TREND_SHORT,42401.0,42401.0,short,2,0.0,0,,False,TREND,2025-03-28
2025-03-28,09:52:00,PARTIAL_TP,42346.0,42346.0,short,1,55.0,9,,False,TREND,2025-03-28
2025-03-28,11:08:00,SESSION_EXIT,42015.0,42015.0,short,0,386.0,85,,False,CHOP,2025-03-28
2025-03-31,09:55:00,TREND_LONG,41677.0,41677.0,long,2,0.0,0,,False,TREND,2025-03-31
2025-03-31,10:01:00,PARTIAL_TP,41741.0,41741.0,long,1,64.0,6,,False,TREND,2025-03-31
2025-03-31,10:30:00,SESSION_EXIT,41720.0,41720.0,long,0,43.0,35,,False,TREND,2025-03-31
2025-04-01,09:42:00,TREND_SHORT,41955.0,41955.0,short,2,0.0,0,,False,TREND,2025-04-01
2025-04-01,09:47:00,EXIT_FLAT,42025.0,42025.0,short,0,-140.0,5,,False,TREND,2025-04-01
2025-04-01,10:04:00,TREND_SHORT,41915.0,41915.0,short,2,0.0,0,,False,TREND,2025-04-01
2025-04-01,10:08:00,PARTIAL_TP,41862.0,41862.0,short,1,53.0,4,,False,TREND,2025-04-01
2025-04-01,10:30:00,SESSION_EXIT,41881.0,41881.0,short,0,34.0,26,,False,TREND,2025-04-01
2025-04-02,10:01:00,TREND_LONG,42151.0,42151.0,long,2,0.0,0,,False,TREND,2025-04-02
2025-04-02,10:17:00,PARTIAL_TP,42204.0,42204.0,long,1,53.0,16,,False,TREND,2025-04-02
2025-04-02,11:37:00,SESSION_EXIT,42415.0,42415.0,long,0,264.0,96,,False,CHOP,2025-04-02
2025-04-03,09:46:00,TREND_SHORT,41248.0,41248.0,short,2,0.0,0,,False,TREND,2025-04-03
2025-04-03,09:53:00,PARTIAL_TP,41185.0,41185.0,short,1,63.0,7,,False,TREND,2025-04-03
2025-04-03,11:36:00,SESSION_EXIT,41071.0,41071.0,short,0,177.0,110,,False,CHOP,2025-04-03
2025-04-04,09:59:00,TREND_LONG,39808.0,39808.0,long,2,0.0,0,,False,TREND,2025-04-04
2025-04-04,10:01:00,EXIT_FLAT,39725.0,39725.0,long,0,-166.0,2,,False,TREND,2025-04-04
2025-04-04,10:15:00,TREND_SHORT,39491.0,39491.0,short,2,0.0,0,,False,TREND,2025-04-04
2025-04-04,10:28:00,PARTIAL_TP,39435.0,39435.0,short,1,56.0,13,,False,TREND,2025-04-04
2025-04-04,10:30:00,SESSION_EXIT,39451.0,39451.0,short,0,40.0,15,,False,TREND,2025-04-04
2025-04-07,09:42:00,TREND_SHORT,36870.0,36870.0,short,2,0.0,0,,False,TREND,2025-04-07
2025-04-07,09:44:00,EXIT_FLAT,36963.0,36963.0,short,0,-186.0,2,,False,TREND,2025-04-07
2025-04-07,09:56:00,TREND_LONG,37465.0,37465.0,long,2,0.0,0,,False,TREND,2025-04-07
2025-04-07,09:58:00,PARTIAL_TP,37586.0,37586.0,long,1,121.0,2,,False,TREND,2025-04-07
2025-04-07,10:38:00,SESSION_EXIT,37515.0,37515.0,long,0,50.0,42,,False,TREND,2025-04-07
2025-04-08,10:00:00,TREND_LONG,39526.0,39526.0,long,2,0.0,0,,False,TREND,2025-04-08
2025-04-08,10:03:00,PARTIAL_TP,39582.0,39582.0,long,1,56.0,3,,False,TREND,2025-04-08
2025-04-08,10:30:00,SESSION_EXIT,39527.0,39527.0,long,0,1.0,30,,False,TREND,2025-04-08
2025-04-09,09:56:00,TREND_LONG,38061.0,38061.0,long,2,0.0,0,,False,TREND,2025-04-09
2025-04-09,09:59:00,EXIT_FLAT,37982.0,37982.0,long,0,-158.0,3,,False,TREND,2025-04-09
2025-04-09,10:00:00,TREND_LONG,38130.0,38130.0,long,2,0.0,0,,False,TREND,2025-04-09
2025-04-09,10:05:00,EXIT_FLAT,38034.0,38034.0,long,0,-192.0,5,,False,TREND,2025-04-09
2025-04-09,12:57:00,TREND_LONG,38216.0,38216.0,long,2,0.0,0,,False,TREND,2025-04-09
2025-04-09,12:58:00,SESSION_EXIT,38161.0,38161.0,long,0,-110.0,1,,False,TREND,2025-04-09
2025-04-10,10:01:00,TREND_SHORT,39867.0,39867.0,short,2,0.0,0,,False,TREND,2025-04-10
2025-04-10,10:02:00,EXIT_FLAT,39937.0,39937.0,short,0,-140.0,1,,False,TREND,2025-04-10
2025-04-10,10:11:00,TREND_SHORT,39820.0,39820.0,short,2,0.0,0,,False,TREND,2025-04-10
2025-04-10,10:15:00,EXIT_FLAT,39900.0,39900.0,short,0,-160.0,4,,False,TREND,2025-04-10
2025-04-10,10:30:00,CHOP_BUY,39913.0,39913.0,long,2,0.0,0,,False,CHOP,2025-04-10
2025-04-10,10:31:00,PARTIAL_TP,40009.0,40009.0,long,1,96.0,1,,False,TREND,2025-04-10
2025-04-10,10:43:00,SESSION_EXIT,39952.0,39952.0,long,0,39.0,13,,False,TREND,2025-04-10
2025-04-11,09:45:00,TREND_LONG,39848.0,39848.0,long,2,0.0,0,,False,TREND,2025-04-11
2025-04-11,09:46:00,PARTIAL_TP,39915.0,39915.0,long,1,67.0,1,,False,TREND,2025-04-11
2025-04-11,10:00:00,EXIT_FLAT,39780.0,39780.0,long,0,-68.0,15,,False,TREND,2025-04-11
2025-04-11,10:30:00,TREND_LONG,39561.0,39561.0,long,2,0.0,0,,False,TREND,2025-04-11
2025-04-11,10:31:00,SESSION_EXIT,39594.0,39594.0,long,0,66.0,1,,False,TREND,2025-04-11
2025-04-14,09:43:00,TREND_SHORT,40699.0,40699.0,short,2,0.0,0,,False,TREND,2025-04-14
2025-04-14,09:44:00,EXIT_FLAT,40782.0,40782.0,short,0,-166.0,1,,False,TREND,2025-04-14
2025-04-14,10:52:00,TREND_LONG,40982.0,40982.0,long,2,0.0,0,,False,TREND,2025-04-14
2025-04-14,10:53:00,SESSION_EXIT,40973.0,40973.0,long,0,-18.0,1,,False,TREND,2025-04-14
2025-04-15,09:51:00,TREND_LONG,40946.0,40946.0,long,2,0.0,0,,False,TREND,2025-04-15
2025-04-15,09:57:00,EXIT_FLAT,40886.0,40886.0,long,0,-120.0,6,,False,TREND,2025-04-15
2025-04-15,10:11:00,TREND_LONG,40982.0,40982.0,long,2,0.0,0,,False,TREND,2025-04-15
2025-04-15,10:14:00,EXIT_FLAT,40894.0,40894.0,long,0,-176.0,3,,False,TREND,2025-04-15
2025-04-15,13:22:00,TREND_SHORT,40674.0,40674.0,short,2,0.0,0,,False,TREND,2025-04-15
2025-04-15,13:23:00,SESSION_EXIT,40657.0,40657.0,short,0,34.0,1,,False,TREND,2025-04-15
2025-04-16,09:46:00,TREND_SHORT,40341.0,40341.0,short,2,0.0,0,,False,TREND,2025-04-16
2025-04-16,09:53:00,PARTIAL_TP,40282.0,40282.0,short,1,59.0,7,,False,TREND,2025-04-16
2025-04-16,10:30:00,SESSION_EXIT,40356.0,40356.0,short,0,-15.0,44,,False,TREND,2025-04-16
2025-04-17,09:55:00,TREND_LONG,39423.0,39423.0,long,2,0.0,0,,False,TREND,2025-04-17
2025-04-17,10:09:00,EXIT_FLAT,39356.0,39356.0,long,0,-134.0,14,,False,TREND,2025-04-17
2025-04-17,10:18:00,TREND_SHORT,39285.0,39285.0,short,2,0.0,0,,False,TREND,2025-04-17
2025-04-17,10:29:00,PARTIAL_TP,39229.0,39229.0,short,1,56.0,11,,False,TREND,2025-04-17
2025-04-17,10:32:00,SESSION_EXIT,39235.0,39235.0,short,0,50.0,14,,False,TREND,2025-04-17
2025-04-21,09:46:00,TREND_SHORT,38813.0,38813.0,short,2,0.0,0,,False,TREND,2025-04-21
2025-04-21,09:57:00,PARTIAL_TP,38744.0,38744.0,short,1,69.0,11,,False,TREND,2025-04-21
2025-04-21,10:28:00,CHOP_TP,38585.0,38585.0,short,0,228.0,42,,False,CHOP,2025-04-21
2025-04-21,10:32:00,TREND_SHORT,38532.0,38532.0,short,2,0.0,0,,False,TREND,2025-04-21
2025-04-21,10:33:00,SESSION_EXIT,38536.0,38536.0,short,0,-8.0,1,,False,TREND,2025-04-21
2025-04-22,10:06:00,TREND_LONG,38971.0,38971.0,long,2,0.0,0,,False,TREND,2025-04-22
2025-04-22,10:21:00,PARTIAL_TP,39023.0,39023.0,long,1,52.0,15,,False,TREND,2025-04-22
2025-04-22,10:30:00,SESSION_EXIT,38990.0,38990.0,long,0,19.0,24,,False,TREND,2025-04-22
2025-04-23,11:28:00,TREND_SHORT,40008.0,40008.0,short,2,0.0,0,,False,TREND,2025-04-23
2025-04-23,11:29:00,SESSION_EXIT,40055.0,40055.0,short,0,-94.0,1,,False,TREND,2025-04-23
2025-04-24,09:51:00,TREND_LONG,39739.0,39739.0,long,2,0.0,0,,False,TREND,2025-04-24
2025-04-24,09:58:00,PARTIAL_TP,39793.0,39793.0,long,1,54.0,7,,False,TREND,2025-04-24
2025-04-24,12:06:00,SESSION_EXIT,40032.0,40032.0,long,0,293.0,135,,False,CHOP,2025-04-24
2025-04-25,09:46:00,TREND_SHORT,40112.0,40112.0,short,2,0.0,0,,False,TREND,2025-04-25
2025-04-25,09:52:00,PARTIAL_TP,40056.0,40056.0,short,1,56.0,6,,False,TREND,2025-04-25
2025-04-25,11:06:00,SESSION_EXIT,40063.0,40063.0,short,0,49.0,80,,False,TREND,2025-04-25
2025-04-28,10:00:00,TREND_SHORT,40336.0,40336.0,short,2,0.0,0,,False,TREND,2025-04-28
2025-04-28,10:04:00,EXIT_FLAT,40410.0,40410.0,short,0,-148.0,4,,False,TREND,2025-04-28
2025-04-28,10:52:00,CHOP_SELL,40413.0,40413.0,short,2,0.0,0,,False,CHOP,2025-04-28
2025-04-28,10:53:00,SESSION_EXIT,40382.0,40382.0,short,0,62.0,1,,False,TREND,2025-04-28
2025-04-29,09:50:00,TREND_LONG,40557.0,40557.0,long,2,0.0,0,,False,TREND,2025-04-29
2025-04-29,09:59:00,EXIT_FLAT,40494.0,40494.0,long,0,-126.0,9,,False,TREND,2025-04-29
2025-04-29,10:06:00,TREND_LONG,40601.0,40601.0,long,2,0.0,0,,False,TREND,2025-04-29
2025-04-29,10:11:00,EXIT_FLAT,40525.0,40525.0,long,0,-152.0,5,,False,TREND,2025-04-29
2025-04-29,10:27:00,TREND_SHORT,40368.0,40368.0,short,2,0.0,0,,False,TREND,2025-04-29
2025-04-29,10:30:00,SESSION_EXIT,40390.0,40390.0,short,0,-44.0,3,,False,TREND,2025-04-29
2025-04-30,09:53:00,TREND_SHORT,39955.0,39955.0,short,2,0.0,0,,False,TREND,2025-04-30
2025-04-30,09:56:00,PARTIAL_TP,39898.0,39898.0,short,1,57.0,3,,False,TREND,2025-04-30
2025-04-30,10:10:00,EXIT_FLAT,40015.0,40015.0,short,0,-60.0,17,,False,TREND,2025-04-30
2025-04-30,11:12:00,TREND_LONG,40375.0,40375.0,long,2,0.0,0,,False,TREND,2025-04-30
2025-04-30,11:13:00,SESSION_EXIT,40387.0,40387.0,long,0,24.0,1,,False,TREND,2025-04-30
2025-05-01,09:51:00,TREND_LONG,41053.0,41053.0,long,2,0.0,0,,False,TREND,2025-05-01
2025-05-01,09:58:00,EXIT_FLAT,40972.0,40972.0,long,0,-162.0,7,,False,TREND,2025-05-01
2025-05-01,10:06:00,TREND_SHORT,41042.0,41042.0,short,2,0.0,0,,False,TREND,2025-05-01
2025-05-01,10:10:00,PARTIAL_TP,40984.0,40984.0,short,1,58.0,4,,False,TREND,2025-05-01
2025-05-01,10:23:00,EXIT_FLAT,41103.0,41103.0,short,0,-61.0,17,,False,TREND,2025-05-01
2025-05-01,10:55:00,TREND_LONG,41137.0,41137.0,long,2,0.0,0,,False,TREND,2025-05-01
2025-05-01,10:56:00,SESSION_EXIT,41143.0,41143.0,long,0,12.0,1,,False,TREND,2025-05-01
2025-05-02,09:47:00,TREND_SHORT,41256.0,41256.0,short,2,0.0,0,,False,TREND,2025-05-02
2025-05-02,09:51:00,PARTIAL_TP,41182.0,41182.0,short,1,74.0,4,,False,TREND,2025-05-02
2025-05-02,10:16:00,EXIT_FLAT,41329.0,41329.0,short,0,-73.0,29,,False,TREND,2025-05-02
2025-05-02,10:22:00,CHOP_BUY,41283.0,41283.0,long,2,0.0,0,,False,CHOP,2025-05-02
2025-05-02,10:26:00,PARTIAL_TP,41349.0,41349.0,long,1,66.0,4,,False,TREND,2025-05-02
2025-05-02,10:31:00,SESSION_EXIT,41311.0,41311.0,long,0,28.0,9,,False,TREND,2025-05-02
2025-05-05,09:57:00,TREND_LONG,41280.0,41280.0,long,2,0.0,0,,False,TREND,2025-05-05
2025-05-05,10:01:00,PARTIAL_TP,41355.0,41355.0,long,1,75.0,4,,False,TREND,2025-05-05
2025-05-05,10:28:00,CHOP_TP,41338.0,41338.0,long,0,58.0,31,,False,CHOP,2025-05-05
2025-05-05,10:37:00,CHOP_SELL,41379.0,41379.0,short,2,0.0,0,,False,CHOP,2025-05-05
2025-05-05,10:38:00,SESSION_EXIT,41398.0,41398.0,short,0,-38.0,1,,False,TREND,2025-05-05
2025-05-06,09:49:00,TREND_SHORT,40908.0,40908.0,short,2,0.0,0,,False,TREND,2025-05-06
2025-05-06,10:04:00,EXIT_FLAT,40971.0,40971.0,short,0,-126.0,15,,False,TREND,2025-05-06
2025-05-06,10:12:00,TREND_LONG,41056.0,41056.0,long,2,0.0,0,,False,TREND,2025-05-06
2025-05-06,10:19:00,PARTIAL_TP,41112.0,41112.0,long,1,56.0,7,,False,TREND,2025-05-06
2025-05-06,11:44:00,SESSION_EXIT,41104.0,41104.0,long,0,48.0,92,,False,TREND,2025-05-06
2025-05-07,09:44:00,TREND_LONG,41163.0,41163.0,long,2,0.0,0,,False,TREND,2025-05-07
2025-05-07,09:49:00,EXIT_FLAT,41078.0,41078.0,long,0,-170.0,5,,False,TREND,2025-05-07
2025-05-07,09:56:00,CHOP_BUY,41141.0,41141.0,long,2,0.0,0,,False,CHOP,2025-05-07
2025-05-07,10:08:00,CHOP_TP,41159.0,41159.0,long,0,36.0,12,,False,CHOP,2025-05-07
2025-05-07,10:54:00,TREND_SHORT,41043.0,41043.0,short,2,0.0,0,,False,TREND,2025-05-07
2025-05-07,10:55:00,SESSION_EXIT,41037.0,41037.0,short,0,12.0,1,,False,TREND,2025-05-07
2025-05-08,09:45:00,CHOP_SELL,41408.0,41408.0,short,2,0.0,0,,False,CHOP,2025-05-08
2025-05-08,09:49:00,PARTIAL_TP,41353.0,41353.0,short,1,55.0,4,,False,TREND,2025-05-08
2025-05-08,10:30:00,SESSION_EXIT,41437.0,41437.0,short,0,-29.0,45,,False,TREND,2025-05-08
2025-05-09,09:44:00,TREND_SHORT,41494.0,41494.0,short,2,0.0,0,,False,TREND,2025-05-09
2025-05-09,10:08:00,EXIT_FLAT,41570.0,41570.0,short,0,-152.0,24,,False,TREND,2025-05-09
2025-05-09,10:20:00,TREND_SHORT,41460.0,41460.0,short,2,0.0,0,,False,TREND,2025-05-09
2025-05-09,10:26:00,PARTIAL_TP,41403.0,41403.0,short,1,57.0,6,,False,TREND,2025-05-09
2025-05-09,11:21:00,SESSION_EXIT,41332.0,41332.0,short,0,128.0,61,,False,CHOP,2025-05-09
2025-05-12,10:26:00,TREND_SHORT,42284.0,42284.0,short,2,0.0,0,,False,TREND,2025-05-12
2025-05-12,10:30:00,PARTIAL_TP,42228.0,42228.0,short,1,56.0,4,,False,TREND,2025-05-12
2025-05-12,10:32:00,SESSION_EXIT,42247.0,42247.0,short,0,37.0,6,,False,TREND,2025-05-12
2025-05-13,10:13:00,TREND_LONG,42394.0,42394.0,long,2,0.0,0,,False,TREND,2025-05-13
2025-05-13,10:17:00,PARTIAL_TP,42460.0,42460.0,long,1,66.0,4,,False,TREND,2025-05-13
2025-05-13,10:30:00,SESSION_EXIT,42375.0,42375.0,long,0,-19.0,17,,False,TREND,2025-05-13
2025-05-14,09:47:00,TREND_SHORT,42237.0,42237.0,short,2,0.0,0,,False,TREND,2025-05-14
2025-05-14,10:08:00,EXIT_FLAT,42298.0,42298.0,short,0,-122.0,21,,False,TREND,2025-05-14
2025-05-14,10:30:00,CHOP_SELL,42307.0,42307.0,short,2,0.0,0,,False,CHOP,2025-05-14
2025-05-14,10:31:00,SESSION_EXIT,42316.0,42316.0,short,0,-18.0,1,,False,TREND,2025-05-14
2025-05-15,10:01:00,TREND_LONG,42050.0,42050.0,long,2,0.0,0,,False,TREND,2025-05-15
2025-05-15,10:13:00,EXIT_FLAT,41989.0,41989.0,long,0,-122.0,12,,False,TREND,2025-05-15
2025-05-15,10:59:00,TREND_LONG,42063.0,42063.0,long,2,0.0,0,,False,TREND,2025-05-15
2025-05-15,11:00:00,SESSION_EXIT,42070.0,42070.0,long,0,14.0,1,,False,TREND,2025-05-15
2025-05-16,09:59:00,TREND_LONG,42460.0,42460.0,long,2,0.0,0,,False,TREND,2025-05-16
2025-05-16,10:30:00,SESSION_EXIT,42436.0,42436.0,long,0,-48.0,31,,False,TREND,2025-05-16
2025-05-19,09:47:00,TREND_LONG,42634.0,42634.0,long,2,0.0,0,,False,TREND,2025-05-19
2025-05-19,09:56:00,PARTIAL_TP,42685.0,42685.0,long,1,51.0,9,,False,TREND,2025-05-19
2025-05-19,10:33:00,SESSION_EXIT,42711.0,42711.0,long,0,77.0,46,,False,CHOP,2025-05-19
2025-05-20,09:43:00,TREND_SHORT,42784.0,42784.0,short,2,0.0,0,,False,TREND,2025-05-20
2025-05-20,10:05:00,EXIT_FLAT,42846.0,42846.0,short,0,-124.0,22,,False,TREND,2025-05-20
2025-05-20,10:19:00,CHOP_BUY,42785.0,42785.0,long,2,0.0,0,,False,CHOP,2025-05-20
2025-05-20,10:30:00,SESSION_EXIT,42785.0,42785.0,long,0,0.0,11,,False,TREND,2025-05-20
2025-05-21,09:54:00,TREND_LONG,42472.0,42472.0,long,2,0.0,0,,False,TREND,2025-05-21
2025-05-21,10:25:00,EXIT_FLAT,42411.0,42411.0,long,0,-122.0,31,,False,TREND,2025-05-21
2025-05-21,10:33:00,TREND_SHORT,42350.0,42350.0,short,2,0.0,0,,False,TREND,2025-05-21
2025-05-21,10:34:00,SESSION_EXIT,42349.0,42349.0,short,0,2.0,1,,False,TREND,2025-05-21
2025-05-22,09:53:00,TREND_LONG,41964.0,41964.0,long,2,0.0,0,,False,TREND,2025-05-22
2025-05-22,10:24:00,EXIT_FLAT,41874.0,41874.0,long,0,-180.0,31,,False,TREND,2025-05-22
2025-05-22,10:37:00,TREND_SHORT,41837.0,41837.0,short,2,0.0,0,,False,TREND,2025-05-22
2025-05-22,10:38:00,SESSION_EXIT,41828.0,41828.0,short,0,18.0,1,,False,TREND,2025-05-22
2025-05-23,09:42:00,CHOP_SELL,41537.0,41537.0,short,2,0.0,0,,False,CHOP,2025-05-23
2025-05-23,10:02:00,EXIT_FLAT,41601.0,41601.0,short,0,-128.0,20,,False,TREND,2025-05-23
2025-05-23,10:04:00,TREND_LONG,41639.0,41639.0,long,2,0.0,0,,False,TREND,2025-05-23
2025-05-23,10:19:00,EXIT_FLAT,41576.0,41576.0,long,0,-126.0,15,,False,TREND,2025-05-23
2025-05-23,10:32:00,CHOP_SELL,41632.0,41632.0,short,2,0.0,0,,False,CHOP,2025-05-23
2025-05-23,10:33:00,SESSION_EXIT,41651.0,41651.0,short,0,-38.0,1,,False,TREND,2025-05-23
2025-05-26,09:42:00,TREND_LONG,42162.0,42162.0,long,2,0.0,0,,False,TREND,2025-05-26
2025-05-26,10:03:00,EXIT_FLAT,42096.0,42096.0,long,0,-132.0,21,,False,TREND,2025-05-26
2025-05-26,10:05:00,TREND_SHORT,42088.0,42088.0,short,2,0.0,0,,False,TREND,2025-05-26
2025-05-26,10:30:00,SESSION_EXIT,42074.0,42074.0,short,0,28.0,25,,False,TREND,2025-05-26
2025-05-27,10:19:00,TREND_LONG,42116.0,42116.0,long,2,0.0,0,,False,TREND,2025-05-27
2025-05-27,10:30:00,SESSION_EXIT,42158.0,42158.0,long,0,84.0,11,,False,TREND,2025-05-27
2025-05-28,09:53:00,TREND_SHORT,42393.0,42393.0,short,2,0.0,0,,False,TREND,2025-05-28
2025-05-28,10:30:00,SESSION_EXIT,42358.0,42358.0,short,0,70.0,37,,False,TREND,2025-05-28
2025-05-29,09:54:00,TREND_LONG,42290.0,42290.0,long,2,0.0,0,,False,TREND,2025-05-29
2025-05-29,09:56:00,EXIT_FLAT,42211.0,42211.0,long,0,-158.0,2,,False,TREND,2025-05-29
2025-05-29,10:07:00,TREND_SHORT,42134.0,42134.0,short,2,0.0,0,,False,TREND,2025-05-29
2025-05-29,10:15:00,EXIT_FLAT,42211.0,42211.0,short,0,-154.0,8,,False,TREND,2025-05-29
2025-05-29,11:33:00,TREND_SHORT,42102.0,42102.0,short,2,0.0,0,,False,TREND,2025-05-29
2025-05-29,11:34:00,SESSION_EXIT,42105.0,42105.0,short,0,-6.0,1,,False,TREND,2025-05-29
2025-05-30,09:45:00,TREND_LONG,42253.0,42253.0,long,2,0.0,0,,False,TREND,2025-05-30
2025-05-30,09:49:00,EXIT_FLAT,42188.0,42188.0,long,0,-130.0,4,,False,TREND,2025-05-30
2025-05-30,10:01:00,TREND_LONG,42266.0,42266.0,long,2,0.0,0,,False,TREND,2025-05-30
2025-05-30,10:12:00,PARTIAL_TP,42329.0,42329.0,long,1,63.0,11,,False,TREND,2025-05-30
2025-05-30,10:26:00,CHOP_TP,42305.0,42305.0,long,0,39.0,25,,False,CHOP,2025-05-30
2025-05-30,10:36:00,CHOP_BUY,42315.0,42315.0,long,2,0.0,0,,False,CHOP,2025-05-30
2025-05-30,10:37:00,SESSION_EXIT,42331.0,42331.0,long,0,32.0,1,,False,TREND,2025-05-30
2025-06-02,09:50:00,TREND_SHORT,42099.0,42099.0,short,2,0.0,0,,False,TREND,2025-06-02
2025-06-02,09:52:00,PARTIAL_TP,42032.0,42032.0,short,1,67.0,2,,False,TREND,2025-06-02
2025-06-02,10:30:00,SESSION_EXIT,42116.0,42116.0,short,0,-17.0,40,,False,TREND,2025-06-02
2025-06-03,09:58:00,TREND_SHORT,42301.0,42301.0,short,2,0.0,0,,False,TREND,2025-06-03
2025-06-03,10:26:00,EXIT_FLAT,42367.0,42367.0,short,0,-132.0,28,,False,TREND,2025-06-03
2025-06-03,10:57:00,CHOP_BUY,42415.0,42415.0,long,2,0.0,0,,False,CHOP,2025-06-03
2025-06-03,10:58:00,SESSION_EXIT,42417.0,42417.0,long,0,4.0,1,,False,CHOP,2025-06-03
2025-06-04,15:40:00,TREND_SHORT,42536.0,42536.0,short,2,0.0,0,,False,TREND,2025-06-04
2025-06-04,15:41:00,SESSION_EXIT,42547.0,42547.0,short,0,-22.0,1,,False,TREND,2025-06-04
2025-06-05,09:45:00,TREND_SHORT,42391.0,42391.0,short,2,0.0,0,,False,TREND,2025-06-05
2025-06-05,09:56:00,PARTIAL_TP,42332.0,42332.0,short,1,59.0,11,,False,TREND,2025-06-05
2025-06-05,10:29:00,EXIT_FLAT,42452.0,42452.0,short,0,-61.0,44,,False,TREND,2025-06-05
2025-06-05,11:11:00,CHOP_BUY,42558.0,42558.0,long,2,0.0,0,,False,CHOP,2025-06-05
2025-06-05,11:12:00,SESSION_EXIT,42555.0,42555.0,long,0,-6.0,1,,False,TREND,2025-06-05
2025-06-06,09:44:00,TREND_LONG,42957.0,42957.0,long,2,0.0,0,,False,TREND,2025-06-06
2025-06-06,09:51:00,EXIT_FLAT,42883.0,42883.0,long,0,-148.0,7,,False,TREND,2025-06-06
2025-06-06,10:06:00,CHOP_BUY,42915.0,42915.0,long,2,0.0,0,,False,CHOP,2025-06-06
2025-06-06,10:30:00,SESSION_EXIT,42861.0,42861.0,long,0,-108.0,24,,False,TREND,2025-06-06
2025-06-09,10:03:00,TREND_SHORT,42662.0,42662.0,short,2,0.0,0,,False,TREND,2025-06-09
2025-06-09,10:30:00,SESSION_EXIT,42701.0,42701.0,short,0,-78.0,27,,False,TREND,2025-06-09
2025-06-10,09:46:00,TREND_SHORT,42769.0,42769.0,short,2,0.0,0,,False,TREND,2025-06-10
2025-06-10,10:30:00,SESSION_EXIT,42809.0,42809.0,short,0,-80.0,44,,False,TREND,2025-06-10
2025-06-11,09:52:00,TREND_LONG,42946.0,42946.0,long,2,0.0,0,,False,TREND,2025-06-11
2025-06-11,10:16:00,PARTIAL_TP,42998.0,42998.0,long,1,52.0,24,,False,TREND,2025-06-11
2025-06-11,10:43:00,SESSION_EXIT,43029.0,43029.0,long,0,83.0,51,,False,CHOP,2025-06-11
2025-06-12,10:03:00,TREND_LONG,42778.0,42778.0,long,2,0.0,0,,False,TREND,2025-06-12
2025-06-12,10:17:00,PARTIAL_TP,42860.0,42860.0,long,1,82.0,14,,False,TREND,2025-06-12
2025-06-12,10:47:00,SESSION_EXIT,42930.0,42930.0,long,0,152.0,44,,False,CHOP,2025-06-12
2025-06-13,09:47:00,TREND_SHORT,42445.0,42445.0,short,2,0.0,0,,False,TREND,2025-06-13
2025-06-13,09:54:00,PARTIAL_TP,42386.0,42386.0,short,1,59.0,7,,False,TREND,2025-06-13
2025-06-13,10:17:00,CHOP_TP,42359.0,42359.0,short,0,86.0,30,,False,CHOP,2025-06-13
2025-06-13,10:28:00,TREND_SHORT,42283.0,42283.0,short,2,0.0,0,,False,TREND,2025-06-13
2025-06-13,10:30:00,SESSION_EXIT,42272.0,42272.0,short,0,22.0,2,,False,TREND,2025-06-13
2025-06-16,09:45:00,TREND_LONG,42557.0,42557.0,long,2,0.0,0,,False,TREND,2025-06-16
2025-06-16,09:53:00,PARTIAL_TP,42614.0,42614.0,long,1,57.0,8,,False,TREND,2025-06-16
2025-06-16,10:38:00,SESSION_EXIT,42686.0,42686.0,long,0,129.0,53,,False,CHOP,2025-06-16
2025-06-17,10:00:00,TREND_LONG,42441.0,42441.0,long,2,0.0,0,,False,TREND,2025-06-17
2025-06-17,10:12:00,PARTIAL_TP,42493.0,42493.0,long,1,52.0,12,,False,TREND,2025-06-17
2025-06-17,10:35:00,SESSION_EXIT,42480.0,42480.0,long,0,39.0,35,,False,CHOP,2025-06-17
2025-06-18,09:48:00,TREND_LONG,42299.0,42299.0,long,2,0.0,0,,False,TREND,2025-06-18
2025-06-18,09:58:00,PARTIAL_TP,42349.0,42349.0,long,1,50.0,10,,False,TREND,2025-06-18
2025-06-18,11:01:00,SESSION_EXIT,42490.0,42490.0,long,0,191.0,73,,False,CHOP,2025-06-18
2025-06-19,09:43:00,TREND_SHORT,41861.0,41861.0,short,2,0.0,0,,False,TREND,2025-06-19
2025-06-19,09:48:00,PARTIAL_TP,41769.0,41769.0,short,1,92.0,5,,False,TREND,2025-06-19
2025-06-19,10:18:00,CHOP_TP,41849.0,41849.0,short,0,12.0,35,,False,CHOP,2025-06-19
2025-06-19,10:20:00,CHOP_BUY,41853.0,41853.0,long,2,0.0,0,,False,CHOP,2025-06-19
2025-06-19,10:30:00,SESSION_EXIT,41861.0,41861.0,long,0,16.0,10,,False,TREND,2025-06-19
2025-06-23,09:47:00,TREND_LONG,42592.0,42592.0,long,2,0.0,0,,False,TREND,2025-06-23
2025-06-23,09:55:00,PARTIAL_TP,42644.0,42644.0,long,1,52.0,8,,False,TREND,2025-06-23
2025-06-23,10:37:00,SESSION_EXIT,42632.0,42632.0,long,0,40.0,50,,False,TREND,2025-06-23
2025-06-24,09:56:00,TREND_SHORT,43177.0,43177.0,short,2,0.0,0,,False,TREND,2025-06-24
2025-06-24,10:07:00,CHOP_TP,43155.0,43155.0,short,0,44.0,11,,False,CHOP,2025-06-24
2025-06-24,10:08:00,TREND_SHORT,43124.0,43124.0,short,2,0.0,0,,False,TREND,2025-06-24
2025-06-24,10:20:00,EXIT_FLAT,43193.0,43193.0,short,0,-138.0,12,,False,TREND,2025-06-24
2025-06-24,10:41:00,CHOP_BUY,43247.0,43247.0,long,2,0.0,0,,False,CHOP,2025-06-24
2025-06-24,10:42:00,SESSION_EXIT,43264.0,43264.0,long,0,34.0,1,,False,TREND,2025-06-24
2025-06-25,09:49:00,TREND_SHORT,43340.0,43340.0,short,2,0.0,0,,False,TREND,2025-06-25
2025-06-25,10:30:00,SESSION_EXIT,43324.0,43324.0,short,0,32.0,41,,False,TREND,2025-06-25
2025-06-26,10:31:00,TREND_LONG,43575.0,43575.0,long,2,0.0,0,,False,TREND,2025-06-26
2025-06-26,10:32:00,SESSION_EXIT,43574.0,43574.0,long,0,-2.0,1,,False,TREND,2025-06-26
2025-06-27,09:53:00,TREND_LONG,43940.0,43940.0,long,2,0.0,0,,False,TREND,2025-06-27
2025-06-27,10:00:00,PARTIAL_TP,43995.0,43995.0,long,1,55.0,7,,False,TREND,2025-06-27
2025-06-27,12:42:00,SESSION_EXIT,44264.0,44264.0,long,0,324.0,169,,False,CHOP,2025-06-27
2025-06-30,10:05:00,TREND_SHORT,44263.0,44263.0,short,2,0.0,0,,False,TREND,2025-06-30
2025-06-30,10:30:00,SESSION_EXIT,44276.0,44276.0,short,0,-26.0,25,,False,TREND,2025-06-30
2025-07-01,10:13:00,TREND_LONG,44568.0,44568.0,long,2,0.0,0,,False,TREND,2025-07-01
2025-07-01,10:26:00,PARTIAL_TP,44628.0,44628.0,long,1,60.0,13,,False,TREND,2025-07-01
2025-07-01,10:39:00,SESSION_EXIT,44658.0,44658.0,long,0,90.0,26,,False,CHOP,2025-07-01
2025-07-02,09:53:00,CHOP_SELL,44692.0,44692.0,short,2,0.0,0,,False,CHOP,2025-07-02
2025-07-02,10:21:00,CHOP_TP,44676.0,44676.0,short,0,32.0,28,,False,CHOP,2025-07-02
2025-07-02,11:25:00,TREND_LONG,44809.0,44809.0,long,2,0.0,0,,False,TREND,2025-07-02
2025-07-02,11:26:00,SESSION_EXIT,44819.0,44819.0,long,0,20.0,1,,False,TREND,2025-07-02
2025-07-03,09:42:00,TREND_LONG,44989.0,44989.0,long,2,0.0,0,,False,TREND,2025-07-03
2025-07-03,09:54:00,PARTIAL_TP,45042.0,45042.0,long,1,53.0,12,,False,TREND,2025-07-03
2025-07-03,10:10:00,CHOP_TP,45056.0,45056.0,long,0,67.0,28,,False,CHOP,2025-07-03
2025-07-03,10:17:00,TREND_LONG,45077.0,45077.0,long,2,0.0,0,,False,TREND,2025-07-03
2025-07-03,10:30:00,SESSION_EXIT,45075.0,45075.0,long,0,-4.0,13,,False,TREND,2025-07-03
2025-07-04,09:43:00,TREND_LONG,44889.0,44889.0,long,2,0.0,0,,False,TREND,2025-07-04
2025-07-04,10:30:00,SESSION_EXIT,44914.0,44914.0,long,0,50.0,47,,False,TREND,2025-07-04
2025-07-07,09:45:00,CHOP_SELL,45021.0,45021.0,short,2,0.0,0,,False,CHOP,2025-07-07
2025-07-07,10:02:00,PARTIAL_TP,44969.0,44969.0,short,1,52.0,17,,False,TREND,2025-07-07
2025-07-07,10:49:00,SESSION_EXIT,44885.0,44885.0,short,0,136.0,64,,False,CHOP,2025-07-07
2025-07-08,09:45:00,TREND_LONG,44676.0,44676.0,long,2,0.0,0,,False,TREND,2025-07-08
2025-07-08,09:59:00,EXIT_FLAT,44612.0,44612.0,long,0,-128.0,14,,False,TREND,2025-07-08
2025-07-08,10:05:00,TREND_SHORT,44553.0,44553.0,short,2,0.0,0,,False,TREND,2025-07-08
2025-07-08,10:30:00,SESSION_EXIT,44569.0,44569.0,short,0,-32.0,25,,False,TREND,2025-07-08
2025-07-09,09:49:00,TREND_LONG,44826.0,44826.0,long,2,0.0,0,,False,TREND,2025-07-09
2025-07-09,09:55:00,EXIT_FLAT,44757.0,44757.0,long,0,-138.0,6,,False,TREND,2025-07-09
2025-07-09,10:27:00,TREND_SHORT,44673.0,44673.0,short,2,0.0,0,,False,TREND,2025-07-09
2025-07-09,10:30:00,PARTIAL_TP,44612.0,44612.0,short,1,61.0,3,,False,TREND,2025-07-09
2025-07-09,12:35:00,SESSION_EXIT,44555.0,44555.0,short,0,118.0,128,,False,CHOP,2025-07-09
2025-07-10,09:47:00,TREND_LONG,44712.0,44712.0,long,2,0.0,0,,False,TREND,2025-07-10
2025-07-10,09:56:00,PARTIAL_TP,44763.0,44763.0,long,1,51.0,9,,False,TREND,2025-07-10
2025-07-10,10:32:00,SESSION_EXIT,44840.0,44840.0,long,0,128.0,45,,False,CHOP,2025-07-10
2025-07-11,09:45:00,TREND_SHORT,44544.0,44544.0,short,2,0.0,0,,False,TREND,2025-07-11
2025-07-11,09:55:00,EXIT_FLAT,44623.0,44623.0,short,0,-158.0,10,,False,TREND,2025-07-11
2025-07-11,10:22:00,TREND_LONG,44670.0,44670.0,long,2,0.0,0,,False,TREND,2025-07-11
2025-07-11,10:30:00,SESSION_EXIT,44656.0,44656.0,long,0,-28.0,8,,False,TREND,2025-07-11
2025-07-14,09:45:00,TREND_LONG,44625.0,44625.0,long,2,0.0,0,,False,TREND,2025-07-14
2025-07-14,10:00:00,EXIT_FLAT,44555.0,44555.0,long,0,-140.0,15,,False,TREND,2025-07-14
2025-07-14,13:14:00,CHOP_SELL,44652.0,44652.0,short,2,0.0,0,,False,CHOP,2025-07-14
2025-07-14,13:15:00,SESSION_EXIT,44648.0,44648.0,short,0,8.0,1,,False,TREND,2025-07-14
2025-07-15,10:04:00,TREND_SHORT,44517.0,44517.0,short,2,0.0,0,,False,TREND,2025-07-15
2025-07-15,10:30:00,SESSION_EXIT,44471.0,44471.0,short,0,92.0,26,,False,TREND,2025-07-15
2025-07-16,09:47:00,TREND_SHORT,44300.0,44300.0,short,2,0.0,0,,False,TREND,2025-07-16
2025-07-16,10:30:00,SESSION_EXIT,44303.0,44303.0,short,0,-6.0,43,,False,TREND,2025-07-16
2025-07-17,09:49:00,TREND_LONG,44694.0,44694.0,long,2,0.0,0,,False,TREND,2025-07-17
2025-07-17,09:55:00,EXIT_FLAT,44619.0,44619.0,long,0,-150.0,6,,False,TREND,2025-07-17
2025-07-17,10:37:00,CHOP_BUY,44483.0,44483.0,long,2,0.0,0,,False,CHOP,2025-07-17
2025-07-17,10:38:00,SESSION_EXIT,44474.0,44474.0,long,0,-18.0,1,,False,TREND,2025-07-17
2025-07-18,09:44:00,TREND_SHORT,44621.0,44621.0,short,2,0.0,0,,False,TREND,2025-07-18
2025-07-18,10:05:00,PARTIAL_TP,44555.0,44555.0,short,1,66.0,21,,False,TREND,2025-07-18
2025-07-18,11:17:00,SESSION_EXIT,44553.0,44553.0,short,0,68.0,93,,False,CHOP,2025-07-18
2025-07-21,09:43:00,TREND_SHORT,44578.0,44578.0,short,2,0.0,0,,False,TREND,2025-07-21
2025-07-21,09:54:00,EXIT_FLAT,44647.0,44647.0,short,0,-138.0,11,,False,TREND,2025-07-21
2025-07-21,09:56:00,TREND_LONG,44687.0,44687.0,long,2,0.0,0,,False,TREND,2025-07-21
2025-07-21,10:30:00,SESSION_EXIT,44713.0,44713.0,long,0,52.0,34,,False,TREND,2025-07-21
2025-07-22,11:38:00,CHOP_SELL,44553.0,44553.0,short,2,0.0,0,,False,CHOP,2025-07-22
2025-07-22,11:39:00,SESSION_EXIT,44534.0,44534.0,short,0,38.0,1,,False,TREND,2025-07-22
2025-07-23,09:42:00,TREND_SHORT,44902.0,44902.0,short,2,0.0,0,,False,TREND,2025-07-23
2025-07-23,09:51:00,PARTIAL_TP,44851.0,44851.0,short,1,51.0,9,,False,TREND,2025-07-23
2025-07-23,10:30:00,SESSION_EXIT,44929.0,44929.0,short,0,-27.0,48,,False,TREND,2025-07-23
2025-07-24,09:47:00,TREND_LONG,44939.0,44939.0,long,2,0.0,0,,False,TREND,2025-07-24
2025-07-24,10:00:00,PARTIAL_TP,44996.0,44996.0,long,1,57.0,13,,False,TREND,2025-07-24
2025-07-24,11:07:00,SESSION_EXIT,45076.0,45076.0,long,0,137.0,80,,False,CHOP,2025-07-24
2025-07-25,10:01:00,TREND_SHORT,44872.0,44872.0,short,2,0.0,0,,False,TREND,2025-07-25
2025-07-25,10:04:00,PARTIAL_TP,44821.0,44821.0,short,1,51.0,3,,False,TREND,2025-07-25
2025-07-25,10:18:00,EXIT_FLAT,44935.0,44935.0,short,0,-63.0,17,,False,TREND,2025-07-25
2025-07-25,10:43:00,TREND_LONG,44987.0,44987.0,long,2,0.0,0,,False,TREND,2025-07-25
2025-07-25,10:44:00,SESSION_EXIT,44984.0,44984.0,long,0,-6.0,1,,False,TREND,2025-07-25
2025-07-28,09:52:00,TREND_SHORT,44989.0,44989.0,short,2,0.0,0,,False,TREND,2025-07-28
2025-07-28,10:05:00,EXIT_FLAT,45071.0,45071.0,short,0,-164.0,13,,False,TREND,2025-07-28
2025-07-28,10:14:00,TREND_LONG,45099.0,45099.0,long,2,0.0,0,,False,TREND,2025-07-28
2025-07-28,10:30:00,SESSION_EXIT,45094.0,45094.0,long,0,-10.0,16,,False,TREND,2025-07-28
2025-07-29,09:49:00,TREND_SHORT,44951.0,44951.0,short,2,0.0,0,,False,TREND,2025-07-29
2025-07-29,10:30:00,SESSION_EXIT,44971.0,44971.0,short,0,-40.0,41,,False,TREND,2025-07-29
2025-07-30,09:49:00,TREND_SHORT,44758.0,44758.0,short,2,0.0,0,,False,TREND,2025-07-30
2025-07-30,09:59:00,EXIT_FLAT,44825.0,44825.0,short,0,-134.0,10,,False,TREND,2025-07-30
2025-07-30,10:19:00,TREND_LONG,44871.0,44871.0,long,2,0.0,0,,False,TREND,2025-07-30
2025-07-30,10:30:00,SESSION_EXIT,44884.0,44884.0,long,0,26.0,11,,False,TREND,2025-07-30
2025-07-31,09:53:00,TREND_LONG,44741.0,44741.0,long,2,0.0,0,,False,TREND,2025-07-31
2025-07-31,10:11:00,EXIT_FLAT,44679.0,44679.0,long,0,-124.0,18,,False,TREND,2025-07-31
2025-07-31,10:59:00,TREND_SHORT,44582.0,44582.0,short,2,0.0,0,,False,TREND,2025-07-31
2025-07-31,11:00:00,SESSION_EXIT,44604.0,44604.0,short,0,-44.0,1,,False,TREND,2025-07-31
2025-08-01,09:42:00,TREND_SHORT,43662.0,43662.0,short,2,0.0,0,,False,TREND,2025-08-01
2025-08-01,09:48:00,PARTIAL_TP,43609.0,43609.0,short,1,53.0,6,,False,TREND,2025-08-01
2025-08-01,09:57:00,CHOP_TP,43601.0,43601.0,short,0,61.0,15,,False,CHOP,2025-08-01
2025-08-01,10:00:00,TREND_SHORT,43520.0,43520.0,short,2,0.0,0,,False,TREND,2025-08-01
2025-08-01,10:10:00,EXIT_FLAT,43609.0,43609.0,short,0,-178.0,10,,False,TREND,2025-08-01
2025-08-01,12:25:00,CHOP_BUY,43845.0,43845.0,long,2,0.0,0,,False,CHOP,2025-08-01
2025-08-01,12:26:00,SESSION_EXIT,43855.0,43855.0,long,0,20.0,1,,False,TREND,2025-08-01
2025-08-04,09:45:00,CHOP_BUY,44051.0,44051.0,long,2,0.0,0,,False,CHOP,2025-08-04
2025-08-04,09:57:00,PARTIAL_TP,44119.0,44119.0,long,1,68.0,12,,False,TREND,2025-08-04
2025-08-04,10:24:00,CHOP_TP,44131.0,44131.0,long,0,80.0,39,,False,CHOP,2025-08-04
2025-08-04,10:26:00,TREND_LONG,44159.0,44159.0,long,2,0.0,0,,False,TREND,2025-08-04
2025-08-04,10:30:00,SESSION_EXIT,44141.0,44141.0,long,0,-36.0,4,,False,TREND,2025-08-04
2025-08-05,09:56:00,TREND_SHORT,44271.0,44271.0,short,2,0.0,0,,False,TREND,2025-08-05
2025-08-05,10:04:00,PARTIAL_TP,44214.0,44214.0,short,1,57.0,8,,False,TREND,2025-08-05
2025-08-05,11:51:00,SESSION_EXIT,44148.0,44148.0,short,0,123.0,115,,False,CHOP,2025-08-05
2025-08-06,10:23:00,TREND_SHORT,44143.0,44143.0,short,2,0.0,0,,False,TREND,2025-08-06
2025-08-06,10:30:00,SESSION_EXIT,44157.0,44157.0,short,0,-28.0,7,,False,TREND,2025-08-06
2025-08-07,09:45:00,TREND_SHORT,44467.0,44467.0,short,2,0.0,0,,False,TREND,2025-08-07
2025-08-07,10:03:00,PARTIAL_TP,44395.0,44395.0,short,1,72.0,18,,False,TREND,2025-08-07
2025-08-07,14:26:00,SESSION_EXIT,43948.0,43948.0,short,0,519.0,281,,False,CHOP,2025-08-07
2025-08-08,09:43:00,TREND_SHORT,44148.0,44148.0,short,2,0.0,0,,False,TREND,2025-08-08
2025-08-08,09:51:00,EXIT_FLAT,44210.0,44210.0,short,0,-124.0,8,,False,TREND,2025-08-08
2025-08-08,09:56:00,TREND_LONG,44261.0,44261.0,long,2,0.0,0,,False,TREND,2025-08-08
2025-08-08,10:04:00,PARTIAL_TP,44316.0,44316.0,long,1,55.0,8,,False,TREND,2025-08-08
2025-08-08,10:15:00,CHOP_TP,44316.0,44316.0,long,0,55.0,19,,False,CHOP,2025-08-08
2025-08-08,11:39:00,TREND_SHORT,44138.0,44138.0,short,2,0.0,0,,False,TREND,2025-08-08
2025-08-08,11:40:00,SESSION_EXIT,44126.0,44126.0,short,0,24.0,1,,False,TREND,2025-08-08
2025-08-11,09:45:00,TREND_SHORT,44270.0,44270.0,short,2,0.0,0,,False,TREND,2025-08-11
2025-08-11,09:51:00,PARTIAL_TP,44211.0,44211.0,short,1,59.0,6,,False,TREND,2025-08-11
2025-08-11,12:07:00,SESSION_EXIT,44230.0,44230.0,short,0,40.0,142,,False,TREND,2025-08-11
2025-08-12,09:44:00,TREND_SHORT,44219.0,44219.0,short,2,0.0,0,,False,TREND,2025-08-12
2025-08-12,09:53:00,EXIT_FLAT,44304.0,44304.0,short,0,-170.0,9,,False,TREND,2025-08-12
2025-08-12,10:02:00,TREND_LONG,44395.0,44395.0,long,2,0.0,0,,False,TREND,2025-08-12
2025-08-12,10:05:00,PARTIAL_TP,44447.0,44447.0,long,1,52.0,3,,False,TREND,2025-08-12
2025-08-12,10:37:00,SESSION_EXIT,44440.0,44440.0,long,0,45.0,35,,False,TREND,2025-08-12
2025-08-13,09:44:00,TREND_LONG,44836.0,44836.0,long,2,0.0,0,,False,TREND,2025-08-13
2025-08-13,09:47:00,PARTIAL_TP,44888.0,44888.0,long,1,52.0,3,,False,TREND,2025-08-13
2025-08-13,10:30:00,SESSION_EXIT,44844.0,44844.0,long,0,8.0,46,,False,TREND,2025-08-13
2025-08-14,10:03:00,TREND_LONG,44928.0,44928.0,long,2,0.0,0,,False,TREND,2025-08-14
2025-08-14,10:23:00,EXIT_FLAT,44865.0,44865.0,long,0,-126.0,20,,False,TREND,2025-08-14
2025-08-14,10:46:00,TREND_LONG,44964.0,44964.0,long,2,0.0,0,,False,TREND,2025-08-14
2025-08-14,10:47:00,SESSION_EXIT,44971.0,44971.0,long,0,14.0,1,,False,TREND,2025-08-14
2025-08-15,09:56:00,TREND_SHORT,45113.0,45113.0,short,2,0.0,0,,False,TREND,2025-08-15
2025-08-15,10:12:00,PARTIAL_TP,45063.0,45063.0,short,1,50.0,16,,False,TREND,2025-08-15
2025-08-15,11:01:00,SESSION_EXIT,45018.0,45018.0,short,0,95.0,65,,False,CHOP,2025-08-15
2025-08-18,09:46:00,TREND_LONG,45078.0,45078.0,long,2,0.0,0,,False,TREND,2025-08-18
2025-08-18,09:54:00,EXIT_FLAT,45017.0,45017.0,long,0,-122.0,8,,False,TREND,2025-08-18
2025-08-18,09:58:00,TREND_SHORT,44959.0,44959.0,short,2,0.0,0,,False,TREND,2025-08-18
2025-08-18,10:13:00,EXIT_FLAT,45020.0,45020.0,short,0,-122.0,15,,False,TREND,2025-08-18
2025-08-18,14:18:00,TREND_SHORT,44945.0,44945.0,short,2,0.0,0,,False,TREND,2025-08-18
2025-08-18,14:19:00,SESSION_EXIT,44954.0,44954.0,short,0,-18.0,1,,False,TREND,2025-08-18
2025-08-19,09:57:00,CHOP_SELL,45128.0,45128.0,short,2,0.0,0,,False,CHOP,2025-08-19
2025-08-19,10:03:00,EXIT_FLAT,45205.0,45205.0,short,0,-154.0,6,,False,TREND,2025-08-19
2025-08-19,10:26:00,TREND_LONG,45240.0,45240.0,long,2,0.0,0,,False,TREND,2025-08-19
2025-08-19,10:30:00,SESSION_EXIT,45254.0,45254.0,long,0,28.0,4,,False,TREND,2025-08-19
2025-08-20,09:51:00,TREND_SHORT,45007.0,45007.0,short,2,0.0,0,,False,TREND,2025-08-20
2025-08-20,09:54:00,PARTIAL_TP,44956.0,44956.0,short,1,51.0,3,,False,TREND,2025-08-20
2025-08-20,10:20:00,CHOP_TP,44943.0,44943.0,short,0,64.0,29,,False,CHOP,2025-08-20
2025-08-20,10:28:00,TREND_SHORT,44872.0,44872.0,short,2,0.0,0,,False,TREND,2025-08-20
2025-08-20,10:30:00,SESSION_EXIT,44836.0,44836.0,short,0,72.0,2,,False,TREND,2025-08-20
2025-08-21,10:01:00,TREND_LONG,44843.0,44843.0,long,2,0.0,0,,False,TREND,2025-08-21
2025-08-21,10:06:00,PARTIAL_TP,44912.0,44912.0,long,1,69.0,5,,False,TREND,2025-08-21
2025-08-21,10:24:00,CHOP_TP,44932.0,44932.0,long,0,89.0,23,,False,CHOP,2025-08-21
2025-08-21,10:52:00,CHOP_BUY,44874.0,44874.0,long,2,0.0,0,,False,CHOP,2025-08-21
2025-08-21,10:53:00,SESSION_EXIT,44866.0,44866.0,long,0,-16.0,1,,False,TREND,2025-08-21
2025-08-22,09:43:00,TREND_LONG,45211.0,45211.0,long,2,0.0,0,,False,TREND,2025-08-22
2025-08-22,09:53:00,CHOP_TP,45230.0,45230.0,long,0,38.0,10,,False,CHOP,2025-08-22
2025-08-22,10:00:00,TREND_LONG,45476.0,45476.0,long,2,0.0,0,,False,TREND,2025-08-22
2025-08-22,10:01:00,PARTIAL_TP,45529.0,45529.0,long,1,53.0,1,,False,TREND,2025-08-22
2025-08-22,11:56:00,SESSION_EXIT,45790.0,45790.0,long,0,314.0,116,,False,CHOP,2025-08-22
2025-08-25,10:01:00,TREND_SHORT,45561.0,45561.0,short,2,0.0,0,,False,TREND,2025-08-25
2025-08-25,10:12:00,PARTIAL_TP,45508.0,45508.0,short,1,53.0,11,,False,TREND,2025-08-25
2025-08-25,10:30:00,SESSION_EXIT,45516.0,45516.0,short,0,45.0,29,,False,TREND,2025-08-25
2025-08-26,09:53:00,TREND_LONG,45383.0,45383.0,long,2,0.0,0,,False,TREND,2025-08-26
2025-08-26,10:30:00,SESSION_EXIT,45344.0,45344.0,long,0,-78.0,37,,False,TREND,2025-08-26
2025-08-27,09:43:00,TREND_LONG,45599.0,45599.0,long,2,0.0,0,,False,TREND,2025-08-27
2025-08-27,10:30:00,SESSION_EXIT,45580.0,45580.0,long,0,-38.0,47,,False,TREND,2025-08-27
2025-08-28,09:46:00,TREND_SHORT,45537.0,45537.0,short,2,0.0,0,,False,TREND,2025-08-28
2025-08-28,10:30:00,SESSION_EXIT,45544.0,45544.0,short,0,-14.0,44,,False,TREND,2025-08-28
2025-08-29,09:43:00,TREND_LONG,45665.0,45665.0,long,2,0.0,0,,False,TREND,2025-08-29
2025-08-29,09:50:00,EXIT_FLAT,45593.0,45593.0,long,0,-144.0,7,,False,TREND,2025-08-29
2025-08-29,10:02:00,TREND_SHORT,45560.0,45560.0,short,2,0.0,0,,False,TREND,2025-08-29
2025-08-29,10:04:00,PARTIAL_TP,45504.0,45504.0,short,1,56.0,2,,False,TREND,2025-08-29
2025-08-29,10:30:00,SESSION_EXIT,45510.0,45510.0,short,0,50.0,28,,False,TREND,2025-08-29
2025-09-01,09:45:00,TREND_LONG,45576.0,45576.0,long,2,0.0,0,,False,TREND,2025-09-01
2025-09-01,10:04:00,CHOP_TP,45599.0,45599.0,long,0,46.0,19,,False,CHOP,2025-09-01
2025-09-01,10:14:00,CHOP_BUY,45598.0,45598.0,long,2,0.0,0,,False,CHOP,2025-09-01
2025-09-01,10:30:00,SESSION_EXIT,45618.0,45618.0,long,0,40.0,16,,False,TREND,2025-09-01
2025-09-02,09:51:00,TREND_LONG,45219.0,45219.0,long,2,0.0,0,,False,TREND,2025-09-02
2025-09-02,09:56:00,PARTIAL_TP,45269.0,45269.0,long,1,50.0,5,,False,TREND,2025-09-02
2025-09-02,10:15:00,CHOP_TP,45284.0,45284.0,long,0,65.0,24,,False,CHOP,2025-09-02
2025-09-02,12:01:00,CHOP_SELL,45065.0,45065.0,short,2,0.0,0,,False,CHOP,2025-09-02
2025-09-02,12:02:00,SESSION_EXIT,45049.0,45049.0,short,0,32.0,1,,False,TREND,2025-09-02
2025-09-03,09:48:00,TREND_SHORT,45231.0,45231.0,short,2,0.0,0,,False,TREND,2025-09-03
2025-09-03,09:57:00,PARTIAL_TP,45174.0,45174.0,short,1,57.0,9,,False,TREND,2025-09-03
2025-09-03,10:30:00,SESSION_EXIT,45217.0,45217.0,short,0,14.0,42,,False,TREND,2025-09-03
2025-09-04,09:57:00,TREND_LONG,45401.0,45401.0,long,2,0.0,0,,False,TREND,2025-09-04
2025-09-04,10:05:00,EXIT_FLAT,45341.0,45341.0,long,0,-120.0,8,,False,TREND,2025-09-04
2025-09-04,10:31:00,TREND_LONG,45435.0,45435.0,long,2,0.0,0,,False,TREND,2025-09-04
2025-09-04,10:32:00,SESSION_EXIT,45429.0,45429.0,long,0,-12.0,1,,False,TREND,2025-09-04
2025-09-05,10:09:00,TREND_SHORT,45676.0,45676.0,short,2,0.0,0,,False,TREND,2025-09-05
2025-09-05,10:14:00,PARTIAL_TP,45609.0,45609.0,short,1,67.0,5,,False,TREND,2025-09-05
2025-09-05,13:53:00,SESSION_EXIT,45366.0,45366.0,short,0,310.0,224,,False,CHOP,2025-09-05
2025-09-08,09:43:00,TREND_SHORT,45359.0,45359.0,short,2,0.0,0,,False,TREND,2025-09-08
2025-09-08,10:27:00,EXIT_FLAT,45425.0,45425.0,short,0,-132.0,44,,False,TREND,2025-09-08
2025-09-08,10:55:00,TREND_LONG,45506.0,45506.0,long,2,0.0,0,,False,TREND,2025-09-08
2025-09-08,10:56:00,SESSION_EXIT,45512.0,45512.0,long,0,12.0,1,,False,TREND,2025-09-08
2025-09-09,09:45:00,TREND_SHORT,45512.0,45512.0,short,2,0.0,0,,False,TREND,2025-09-09
2025-09-09,10:02:00,EXIT_FLAT,45577.0,45577.0,short,0,-130.0,17,,False,TREND,2025-09-09
2025-09-09,10:11:00,TREND_LONG,45619.0,45619.0,long,2,0.0,0,,False,TREND,2025-09-09
2025-09-09,10:20:00,EXIT_FLAT,45557.0,45557.0,long,0,-124.0,9,,False,TREND,2025-09-09
2025-09-09,10:32:00,TREND_SHORT,45494.0,45494.0,short,2,0.0,0,,False,TREND,2025-09-09
2025-09-09,10:33:00,SESSION_EXIT,45490.0,45490.0,short,0,8.0,1,,False,TREND,2025-09-09
2025-09-10,09:48:00,TREND_LONG,45740.0,45740.0,long,2,0.0,0,,False,TREND,2025-09-10
2025-09-10,09:51:00,EXIT_FLAT,45644.0,45644.0,long,0,-192.0,3,,False,TREND,2025-09-10
2025-09-10,10:33:00,TREND_SHORT,45607.0,45607.0,short,2,0.0,0,,False,TREND,2025-09-10
2025-09-10,10:34:00,SESSION_EXIT,45597.0,45597.0,short,0,20.0,1,,False,TREND,2025-09-10
2025-09-11,09:46:00,TREND_LONG,45795.0,45795.0,long,2,0.0,0,,False,TREND,2025-09-11
2025-09-11,09:52:00,PARTIAL_TP,45866.0,45866.0,long,1,71.0,6,,False,TREND,2025-09-11
2025-09-11,12:52:00,SESSION_EXIT,46099.0,46099.0,long,0,304.0,186,,False,CHOP,2025-09-11
2025-09-12,09:51:00,CHOP_BUY,46053.0,46053.0,long,2,0.0,0,,False,CHOP,2025-09-12
2025-09-12,10:25:00,EXIT_FLAT,45984.0,45984.0,long,0,-138.0,34,,False,TREND,2025-09-12
2025-09-12,10:35:00,TREND_SHORT,45962.0,45962.0,short,2,0.0,0,,False,TREND,2025-09-12
2025-09-12,10:36:00,SESSION_EXIT,45958.0,45958.0,short,0,8.0,1,,False,TREND,2025-09-12
2025-09-15,09:55:00,TREND_LONG,45970.0,45970.0,long,2,0.0,0,,False,TREND,2025-09-15
2025-09-15,10:03:00,EXIT_FLAT,45904.0,45904.0,long,0,-132.0,8,,False,TREND,2025-09-15
2025-09-15,10:32:00,TREND_LONG,45980.0,45980.0,long,2,0.0,0,,False,TREND,2025-09-15
2025-09-15,10:33:00,SESSION_EXIT,45982.0,45982.0,long,0,4.0,1,,False,TREND,2025-09-15
2025-09-16,09:50:00,CHOP_BUY,45801.0,45801.0,long,2,0.0,0,,False,CHOP,2025-09-16
2025-09-16,10:00:00,EXIT_FLAT,45741.0,45741.0,long,0,-120.0,10,,False,TREND,2025-09-16
2025-09-16,11:07:00,CHOP_SELL,45763.0,45763.0,short,2,0.0,0,,False,CHOP,2025-09-16
2025-09-16,11:08:00,SESSION_EXIT,45758.0,45758.0,short,0,10.0,1,,False,TREND,2025-09-16
2025-09-17,10:55:00,TREND_LONG,46108.0,46108.0,long,2,0.0,0,,False,TREND,2025-09-17
2025-09-17,10:56:00,SESSION_EXIT,46089.0,46089.0,long,0,-38.0,1,,False,TREND,2025-09-17
2025-09-18,09:45:00,TREND_SHORT,45995.0,45995.0,short,2,0.0,0,,False,TREND,2025-09-18
2025-09-18,09:50:00,EXIT_FLAT,46110.0,46110.0,short,0,-230.0,5,,False,TREND,2025-09-18
2025-09-18,10:00:00,TREND_LONG,46137.0,46137.0,long,2,0.0,0,,False,TREND,2025-09-18
2025-09-18,10:06:00,PARTIAL_TP,46187.0,46187.0,long,1,50.0,6,,False,TREND,2025-09-18
2025-09-18,10:51:00,SESSION_EXIT,46182.0,46182.0,long,0,45.0,51,,False,TREND,2025-09-18
2025-09-22,09:53:00,TREND_LONG,46499.0,46499.0,long,2,0.0,0,,False,TREND,2025-09-22
2025-09-22,10:07:00,PARTIAL_TP,46561.0,46561.0,long,1,62.0,14,,False,TREND,2025-09-22
2025-09-22,11:56:00,SESSION_EXIT,46660.0,46660.0,long,0,161.0,123,,False,CHOP,2025-09-22
2025-09-23,09:45:00,TREND_LONG,46961.0,46961.0,long,2,0.0,0,,False,TREND,2025-09-23
2025-09-23,09:49:00,PARTIAL_TP,47011.0,47011.0,long,1,50.0,4,,False,TREND,2025-09-23
2025-09-23,10:03:00,CHOP_TP,46976.0,46976.0,long,0,15.0,18,,False,CHOP,2025-09-23
2025-09-23,10:10:00,TREND_LONG,47051.0,47051.0,long,2,0.0,0,,False,TREND,2025-09-23
2025-09-23,10:18:00,EXIT_FLAT,46975.0,46975.0,long,0,-152.0,8,,False,TREND,2025-09-23
2025-09-23,10:43:00,CHOP_SELL,46920.0,46920.0,short,2,0.0,0,,False,CHOP,2025-09-23
2025-09-23,10:44:00,SESSION_EXIT,46923.0,46923.0,short,0,-6.0,1,,False,TREND,2025-09-23
2025-09-24,09:51:00,TREND_SHORT,46645.0,46645.0,short,2,0.0,0,,False,TREND,2025-09-24
2025-09-24,10:30:00,SESSION_EXIT,46664.0,46664.0,short,0,-38.0,39,,False,TREND,2025-09-24
2025-09-25,10:10:00,TREND_LONG,46400.0,46400.0,long,2,0.0,0,,False,TREND,2025-09-25
2025-09-25,10:30:00,SESSION_EXIT,46371.0,46371.0,long,0,-58.0,20,,False,TREND,2025-09-25
2025-09-26,09:46:00,TREND_LONG,46624.0,46624.0,long,2,0.0,0,,False,TREND,2025-09-26
2025-09-26,10:03:00,EXIT_FLAT,46556.0,46556.0,long,0,-136.0,17,,False,TREND,2025-09-26
2025-09-26,10:24:00,TREND_SHORT,46416.0,46416.0,short,2,0.0,0,,False,TREND,2025-09-26
2025-09-26,10:30:00,SESSION_EXIT,46388.0,46388.0,short,0,56.0,6,,False,TREND,2025-09-26
2025-09-29,09:49:00,TREND_SHORT,46494.0,46494.0,short,2,0.0,0,,False,TREND,2025-09-29
2025-09-29,10:30:00,SESSION_EXIT,46504.0,46504.0,short,0,-20.0,41,,False,TREND,2025-09-29
2025-09-30,09:59:00,TREND_LONG,46652.0,46652.0,long,2,0.0,0,,False,TREND,2025-09-30
2025-09-30,10:05:00,EXIT_FLAT,46592.0,46592.0,long,0,-120.0,6,,False,TREND,2025-09-30
2025-09-30,10:09:00,TREND_SHORT,46557.0,46557.0,short,2,0.0,0,,False,TREND,2025-09-30
2025-09-30,10:16:00,EXIT_FLAT,46627.0,46627.0,short,0,-140.0,7,,False,TREND,2025-09-30
2025-09-30,10:33:00,TREND_SHORT,46506.0,46506.0,short,2,0.0,0,,False,TREND,2025-09-30
2025-09-30,10:34:00,SESSION_EXIT,46499.0,46499.0,short,0,14.0,1,,False,TREND,2025-09-30
2025-10-01,10:02:00,CHOP_SELL,46573.0,46573.0,short,2,0.0,0,,False,CHOP,2025-10-01
2025-10-01,10:06:00,EXIT_FLAT,46642.0,46642.0,short,0,-138.0,4,,False,TREND,2025-10-01
2025-10-01,11:23:00,TREND_LONG,46736.0,46736.0,long,2,0.0,0,,False,TREND,2025-10-01
2025-10-01,11:24:00,SESSION_EXIT,46740.0,46740.0,long,0,8.0,1,,False,TREND,2025-10-01
2025-10-02,09:53:00,TREND_LONG,46842.0,46842.0,long,2,0.0,0,,False,TREND,2025-10-02
2025-10-02,10:02:00,EXIT_FLAT,46782.0,46782.0,long,0,-120.0,9,,False,TREND,2025-10-02
2025-10-02,10:11:00,TREND_SHORT,46691.0,46691.0,short,2,0.0,0,,False,TREND,2025-10-02
2025-10-02,10:17:00,PARTIAL_TP,46636.0,46636.0,short,1,55.0,6,,False,TREND,2025-10-02
2025-10-02,10:30:00,SESSION_EXIT,46676.0,46676.0,short,0,15.0,19,,False,TREND,2025-10-02
2025-10-03,09:46:00,TREND_LONG,46995.0,46995.0,long,2,0.0,0,,False,TREND,2025-10-03
2025-10-03,09:54:00,PARTIAL_TP,47063.0,47063.0,long,1,68.0,8,,False,TREND,2025-10-03
2025-10-03,12:33:00,SESSION_EXIT,47290.0,47290.0,long,0,295.0,167,,False,CHOP,2025-10-03
2025-10-06,09:43:00,TREND_SHORT,46976.0,46976.0,short,2,0.0,0,,False,TREND,2025-10-06
2025-10-06,09:51:00,PARTIAL_TP,46926.0,46926.0,short,1,50.0,8,,False,TREND,2025-10-06
2025-10-06,10:49:00,SESSION_EXIT,46927.0,46927.0,short,0,49.0,66,,False,TREND,2025-10-06
2025-10-07,09:49:00,TREND_SHORT,46972.0,46972.0,short,2,0.0,0,,False,TREND,2025-10-07
2025-10-07,10:24:00,PARTIAL_TP,46918.0,46918.0,short,1,54.0,35,,False,TREND,2025-10-07
2025-10-07,10:48:00,SESSION_EXIT,46883.0,46883.0,short,0,89.0,59,,False,CHOP,2025-10-07
2025-10-08,11:13:00,TREND_LONG,46993.0,46993.0,long,2,0.0,0,,False,TREND,2025-10-08
2025-10-08,11:14:00,SESSION_EXIT,46988.0,46988.0,long,0,-10.0,1,,False,TREND,2025-10-08
2025-10-09,09:51:00,TREND_SHORT,46768.0,46768.0,short,2,0.0,0,,False,TREND,2025-10-09
2025-10-09,09:54:00,PARTIAL_TP,46702.0,46702.0,short,1,66.0,3,,False,TREND,2025-10-09
2025-10-09,11:18:00,SESSION_EXIT,46718.0,46718.0,short,0,50.0,87,,False,TREND,2025-10-09
2025-10-10,09:44:00,TREND_LONG,46862.0,46862.0,long,2,0.0,0,,False,TREND,2025-10-10
2025-10-10,09:50:00,EXIT_FLAT,46774.0,46774.0,long,0,-176.0,6,,False,TREND,2025-10-10
2025-10-10,10:01:00,TREND_SHORT,46705.0,46705.0,short,2,0.0,0,,False,TREND,2025-10-10
2025-10-10,10:08:00,EXIT_FLAT,46771.0,46771.0,short,0,-132.0,7,,False,TREND,2025-10-10
2025-10-10,10:37:00,CHOP_BUY,46762.0,46762.0,long,2,0.0,0,,False,CHOP,2025-10-10
2025-10-10,10:38:00,SESSION_EXIT,46750.0,46750.0,long,0,-24.0,1,,False,TREND,2025-10-10
2025-10-13,09:59:00,TREND_LONG,46220.0,46220.0,long,2,0.0,0,,False,TREND,2025-10-13
2025-10-13,10:02:00,EXIT_FLAT,46141.0,46141.0,long,0,-158.0,3,,False,TREND,2025-10-13
2025-10-13,10:33:00,CHOP_SELL,46155.0,46155.0,short,2,0.0,0,,False,CHOP,2025-10-13
2025-10-13,10:34:00,SESSION_EXIT,46174.0,46174.0,short,0,-38.0,1,,False,TREND,2025-10-13
2025-10-14,09:43:00,TREND_SHORT,45729.0,45729.0,short,2,0.0,0,,False,TREND,2025-10-14
2025-10-14,09:52:00,EXIT_FLAT,45805.0,45805.0,short,0,-152.0,9,,False,TREND,2025-10-14
2025-10-14,10:04:00,TREND_LONG,45970.0,45970.0,long,2,0.0,0,,False,TREND,2025-10-14
2025-10-14,10:13:00,PARTIAL_TP,46020.0,46020.0,long,1,50.0,9,,False,TREND,2025-10-14
2025-10-14,15:07:00,SESSION_EXIT,46678.0,46678.0,long,0,708.0,303,,False,CHOP,2025-10-14
2025-10-15,09:55:00,TREND_LONG,46824.0,46824.0,long,2,0.0,0,,False,TREND,2025-10-15
2025-10-15,10:04:00,PARTIAL_TP,46877.0,46877.0,long,1,53.0,9,,False,TREND,2025-10-15
2025-10-15,10:30:00,SESSION_EXIT,46847.0,46847.0,long,0,23.0,35,,False,TREND,2025-10-15
2025-10-16,09:45:00,TREND_LONG,46628.0,46628.0,long,2,0.0,0,,False,TREND,2025-10-16
2025-10-16,09:47:00,EXIT_FLAT,46537.0,46537.0,long,0,-182.0,2,,False,TREND,2025-10-16
2025-10-16,10:04:00,TREND_SHORT,46525.0,46525.0,short,2,0.0,0,,False,TREND,2025-10-16
2025-10-16,10:11:00,PARTIAL_TP,46466.0,46466.0,short,1,59.0,7,,False,TREND,2025-10-16
2025-10-16,10:26:00,CHOP_TP,46498.0,46498.0,short,0,27.0,22,,False,CHOP,2025-10-16
2025-10-16,10:43:00,TREND_LONG,46627.0,46627.0,long,2,0.0,0,,False,TREND,2025-10-16
2025-10-16,10:44:00,SESSION_EXIT,46614.0,46614.0,long,0,-26.0,1,,False,TREND,2025-10-16
2025-10-17,09:53:00,TREND_LONG,46349.0,46349.0,long,2,0.0,0,,False,TREND,2025-10-17
2025-10-17,09:59:00,EXIT_FLAT,46250.0,46250.0,long,0,-198.0,6,,False,TREND,2025-10-17
2025-10-17,10:15:00,TREND_LONG,46412.0,46412.0,long,2,0.0,0,,False,TREND,2025-10-17
2025-10-17,10:16:00,EXIT_FLAT,46350.0,46350.0,long,0,-124.0,1,,False,TREND,2025-10-17
2025-10-17,11:14:00,TREND_SHORT,46108.0,46108.0,short,2,0.0,0,,False,TREND,2025-10-17
2025-10-17,11:15:00,SESSION_EXIT,46117.0,46117.0,short,0,-18.0,1,,False,TREND,2025-10-17
2025-10-20,09:45:00,TREND_LONG,46656.0,46656.0,long,2,0.0,0,,False,TREND,2025-10-20
2025-10-20,09:55:00,EXIT_FLAT,46574.0,46574.0,long,0,-164.0,10,,False,TREND,2025-10-20
2025-10-20,10:16:00,TREND_LONG,46688.0,46688.0,long,2,0.0,0,,False,TREND,2025-10-20
2025-10-20,10:30:00,SESSION_EXIT,46700.0,46700.0,long,0,24.0,14,,False,TREND,2025-10-20
2025-10-21,09:44:00,TREND_LONG,46970.0,46970.0,long,2,0.0,0,,False,TREND,2025-10-21
2025-10-21,10:10:00,PARTIAL_TP,47021.0,47021.0,long,1,51.0,26,,False,TREND,2025-10-21
2025-10-21,10:49:00,SESSION_EXIT,47166.0,47166.0,long,0,196.0,65,,False,CHOP,2025-10-21
2025-10-22,09:56:00,TREND_SHORT,46999.0,46999.0,short,2,0.0,0,,False,TREND,2025-10-22
2025-10-22,10:16:00,EXIT_FLAT,47059.0,47059.0,short,0,-120.0,20,,False,TREND,2025-10-22
2025-10-22,10:22:00,CHOP_BUY,47023.0,47023.0,long,2,0.0,0,,False,CHOP,2025-10-22
2025-10-22,10:30:00,SESSION_EXIT,46985.0,46985.0,long,0,-76.0,8,,False,TREND,2025-10-22
2025-10-23,09:44:00,TREND_LONG,46854.0,46854.0,long,2,0.0,0,,False,TREND,2025-10-23
2025-10-23,09:51:00,PARTIAL_TP,46908.0,46908.0,long,1,54.0,7,,False,TREND,2025-10-23
2025-10-23,10:06:00,EXIT_FLAT,46786.0,46786.0,long,0,-68.0,22,,False,TREND,2025-10-23
2025-10-23,10:16:00,TREND_SHORT,46700.0,46700.0,short,2,0.0,0,,False,TREND,2025-10-23
2025-10-23,10:23:00,EXIT_FLAT,46763.0,46763.0,short,0,-126.0,7,,False,TREND,2025-10-23
2025-10-23,11:02:00,CHOP_BUY,46785.0,46785.0,long,2,0.0,0,,False,CHOP,2025-10-23
2025-10-23,11:03:00,SESSION_EXIT,46794.0,46794.0,long,0,18.0,1,,False,CHOP,2025-10-23
2025-10-24,09:45:00,TREND_LONG,47289.0,47289.0,long,2,0.0,0,,False,TREND,2025-10-24
2025-10-24,10:09:00,PARTIAL_TP,47342.0,47342.0,long,1,53.0,24,,False,TREND,2025-10-24
2025-10-24,10:15:00,CHOP_TP,47308.0,47308.0,long,0,19.0,30,,False,CHOP,2025-10-24
2025-10-24,10:25:00,CHOP_BUY,47323.0,47323.0,long,2,0.0,0,,False,CHOP,2025-10-24
2025-10-24,10:30:00,SESSION_EXIT,47255.0,47255.0,long,0,-136.0,5,,False,TREND,2025-10-24
2025-10-27,10:07:00,TREND_LONG,47701.0,47701.0,long,2,0.0,0,,False,TREND,2025-10-27
2025-10-27,10:17:00,EXIT_FLAT,47632.0,47632.0,long,0,-138.0,10,,False,TREND,2025-10-27
2025-10-27,11:01:00,CHOP_BUY,47578.0,47578.0,long,2,0.0,0,,False,CHOP,2025-10-27
2025-10-27,11:02:00,SESSION_EXIT,47582.0,47582.0,long,0,8.0,1,,False,TREND,2025-10-27
2025-10-28,09:48:00,TREND_SHORT,47859.0,47859.0,short,2,0.0,0,,False,TREND,2025-10-28
2025-10-28,09:53:00,EXIT_FLAT,47934.0,47934.0,short,0,-150.0,5,,False,TREND,2025-10-28
2025-10-28,10:18:00,CHOP_SELL,47915.0,47915.0,short,2,0.0,0,,False,CHOP,2025-10-28
2025-10-28,10:30:00,SESSION_EXIT,47993.0,47993.0,short,0,-156.0,12,,False,TREND,2025-10-28
2025-10-29,09:44:00,TREND_LONG,48163.0,48163.0,long,2,0.0,0,,False,TREND,2025-10-29
2025-10-29,10:11:00,EXIT_FLAT,48101.0,48101.0,long,0,-124.0,27,,False,TREND,2025-10-29
2025-10-29,14:05:00,CHOP_BUY,47986.0,47986.0,long,2,0.0,0,,False,CHOP,2025-10-29
2025-10-29,14:06:00,SESSION_EXIT,48007.0,48007.0,long,0,42.0,1,,False,TREND,2025-10-29
2025-10-30,09:42:00,TREND_LONG,47795.0,47795.0,long,2,0.0,0,,False,TREND,2025-10-30
2025-10-30,09:46:00,PARTIAL_TP,47860.0,47860.0,long,1,65.0,4,,False,TREND,2025-10-30
2025-10-30,10:06:00,CHOP_TP,48019.0,48019.0,long,0,224.0,24,,False,CHOP,2025-10-30
2025-10-30,10:18:00,CHOP_BUY,48025.0,48025.0,long,2,0.0,0,,False,CHOP,2025-10-30
2025-10-30,10:30:00,SESSION_EXIT,48060.0,48060.0,long,0,70.0,12,,False,TREND,2025-10-30
2025-10-31,09:51:00,TREND_LONG,47765.0,47765.0,long,2,0.0,0,,False,TREND,2025-10-31
2025-10-31,10:03:00,EXIT_FLAT,47702.0,47702.0,long,0,-126.0,12,,False,TREND,2025-10-31
2025-10-31,10:27:00,CHOP_SELL,47700.0,47700.0,short,2,0.0,0,,False,CHOP,2025-10-31
2025-10-31,10:30:00,SESSION_EXIT,47690.0,47690.0,short,0,20.0,3,,False,TREND,2025-10-31
2025-11-03,09:46:00,TREND_SHORT,47594.0,47594.0,short,2,0.0,0,,False,TREND,2025-11-03
2025-11-03,09:52:00,PARTIAL_TP,47541.0,47541.0,short,1,53.0,6,,False,TREND,2025-11-03
2025-11-03,11:32:00,SESSION_EXIT,47549.0,47549.0,short,0,45.0,106,,False,TREND,2025-11-03
2025-11-04,09:46:00,TREND_LONG,47211.0,47211.0,long,2,0.0,0,,False,TREND,2025-11-04
2025-11-04,09:59:00,PARTIAL_TP,47273.0,47273.0,long,1,62.0,13,,False,TREND,2025-11-04
2025-11-04,10:43:00,SESSION_EXIT,47364.0,47364.0,long,0,153.0,57,,False,CHOP,2025-11-04
2025-11-05,09:45:00,TREND_LONG,47205.0,47205.0,long,2,0.0,0,,False,TREND,2025-11-05
2025-11-05,09:47:00,PARTIAL_TP,47279.0,47279.0,long,1,74.0,2,,False,TREND,2025-11-05
2025-11-05,10:47:00,SESSION_EXIT,47253.0,47253.0,long,0,48.0,62,,False,TREND,2025-11-05
2025-11-06,09:49:00,TREND_SHORT,47296.0,47296.0,short,2,0.0,0,,False,TREND,2025-11-06
2025-11-06,09:54:00,PARTIAL_TP,47219.0,47219.0,short,1,77.0,5,,False,TREND,2025-11-06
2025-11-06,10:17:00,CHOP_TP,47162.0,47162.0,short,0,134.0,28,,False,CHOP,2025-11-06
2025-11-06,10:44:00,TREND_SHORT,47020.0,47020.0,short,2,0.0,0,,False,TREND,2025-11-06
2025-11-06,10:45:00,SESSION_EXIT,47049.0,47049.0,short,0,-58.0,1,,False,TREND,2025-11-06
2025-11-07,09:56:00,TREND_LONG,46917.0,46917.0,long,2,0.0,0,,False,TREND,2025-11-07
2025-11-07,10:03:00,EXIT_FLAT,46849.0,46849.0,long,0,-136.0,7,,False,TREND,2025-11-07
2025-11-07,10:12:00,TREND_LONG,46912.0,46912.0,long,2,0.0,0,,False,TREND,2025-11-07
2025-11-07,10:30:00,SESSION_EXIT,46925.0,46925.0,long,0,26.0,18,,False,CHOP,2025-11-07
2025-11-10,09:53:00,TREND_SHORT,47248.0,47248.0,short,2,0.0,0,,False,TREND,2025-11-10
2025-11-10,10:09:00,CHOP_TP,47227.0,47227.0,short,0,42.0,16,,False,CHOP,2025-11-10
2025-11-10,10:19:00,TREND_SHORT,47200.0,47200.0,short,2,0.0,0,,False,TREND,2025-11-10
2025-11-10,10:30:00,SESSION_EXIT,47230.0,47230.0,short,0,-60.0,11,,False,TREND,2025-11-10
2025-11-11,09:59:00,TREND_LONG,47585.0,47585.0,long,2,0.0,0,,False,TREND,2025-11-11
2025-11-11,10:06:00,EXIT_FLAT,47508.0,47508.0,long,0,-154.0,7,,False,TREND,2025-11-11
2025-11-11,10:14:00,CHOP_SELL,47531.0,47531.0,short,2,0.0,0,,False,CHOP,2025-11-11
2025-11-11,10:25:00,EXIT_FLAT,47615.0,47615.0,short,0,-168.0,11,,False,TREND,2025-11-11
2025-11-11,10:41:00,TREND_LONG,47654.0,47654.0,long,2,0.0,0,,False,TREND,2025-11-11
2025-11-11,10:42:00,SESSION_EXIT,47619.0,47619.0,long,0,-70.0,1,,False,TREND,2025-11-11
2025-11-12,09:46:00,CHOP_SELL,48375.0,48375.0,short,2,0.0,0,,False,CHOP,2025-11-12
2025-11-12,09:50:00,EXIT_FLAT,48447.0,48447.0,short,0,-144.0,4,,False,TREND,2025-11-12
2025-11-12,09:55:00,TREND_LONG,48466.0,48466.0,long,2,0.0,0,,False,TREND,2025-11-12
2025-11-12,09:59:00,PARTIAL_TP,48518.0,48518.0,long,1,52.0,4,,False,TREND,2025-11-12
2025-11-12,10:30:00,SESSION_EXIT,48428.0,48428.0,long,0,-38.0,35,,False,TREND,2025-11-12
2025-11-13,09:56:00,TREND_SHORT,48203.0,48203.0,short,2,0.0,0,,False,TREND,2025-11-13
2025-11-13,10:06:00,EXIT_FLAT,48265.0,48265.0,short,0,-124.0,10,,False,TREND,2025-11-13
2025-11-13,10:34:00,TREND_SHORT,48165.0,48165.0,short,2,0.0,0,,False,TREND,2025-11-13
2025-11-13,10:35:00,SESSION_EXIT,48157.0,48157.0,short,0,16.0,1,,False,TREND,2025-11-13
2025-11-14,09:42:00,CHOP_SELL,47014.0,47014.0,short,2,0.0,0,,False,CHOP,2025-11-14
2025-11-14,09:47:00,EXIT_FLAT,47093.0,47093.0,short,0,-158.0,5,,False,TREND,2025-11-14
2025-11-14,10:05:00,TREND_SHORT,46978.0,46978.0,short,2,0.0,0,,False,TREND,2025-11-14
2025-11-14,10:16:00,EXIT_FLAT,47066.0,47066.0,short,0,-176.0,11,,False,TREND,2025-11-14
2025-11-14,10:40:00,TREND_LONG,47181.0,47181.0,long,2,0.0,0,,False,TREND,2025-11-14
2025-11-14,10:41:00,SESSION_EXIT,47165.0,47165.0,long,0,-32.0,1,,False,TREND,2025-11-14
2025-11-17,10:07:00,CHOP_BUY,47190.0,47190.0,long,2,0.0,0,,False,CHOP,2025-11-17
2025-11-17,10:16:00,PARTIAL_TP,47252.0,47252.0,long,1,62.0,9,,False,TREND,2025-11-17
2025-11-17,10:30:00,SESSION_EXIT,47219.0,47219.0,long,0,29.0,23,,False,TREND,2025-11-17
2025-11-18,09:45:00,TREND_LONG,46369.0,46369.0,long,2,0.0,0,,False,TREND,2025-11-18
2025-11-18,09:47:00,EXIT_FLAT,46290.0,46290.0,long,0,-158.0,2,,False,TREND,2025-11-18
2025-11-18,10:02:00,TREND_SHORT,46130.0,46130.0,short,2,0.0,0,,False,TREND,2025-11-18
2025-11-18,10:04:00,PARTIAL_TP,46069.0,46069.0,short,1,61.0,2,,False,TREND,2025-11-18
2025-11-18,10:23:00,EXIT_FLAT,46195.0,46195.0,short,0,-65.0,21,,False,TREND,2025-11-18
2025-11-18,11:01:00,TREND_SHORT,46000.0,46000.0,short,2,0.0,0,,False,TREND,2025-11-18
2025-11-18,11:02:00,SESSION_EXIT,46008.0,46008.0,short,0,-16.0,1,,False,TREND,2025-11-18
2025-11-19,09:42:00,CHOP_SELL,46186.0,46186.0,short,2,0.0,0,,False,CHOP,2025-11-19
2025-11-19,09:56:00,EXIT_FLAT,46221.0,46221.0,short,0,-70.0,14,,False,TREND,2025-11-19
2025-11-19,10:10:00,TREND_LONG,46292.0,46292.0,long,2,0.0,0,,False,TREND,2025-11-19
2025-11-19,10:15:00,PARTIAL_TP,46358.0,46358.0,long,1,66.0,5,,False,TREND,2025-11-19
2025-11-19,10:30:00,SESSION_EXIT,46265.0,46265.0,long,0,-27.0,20,,False,TREND,2025-11-19
2025-11-20,09:48:00,TREND_LONG,46875.0,46875.0,long,2,0.0,0,,False,TREND,2025-11-20
2025-11-20,09:54:00,EXIT_FLAT,46798.0,46798.0,long,0,-154.0,6,,False,TREND,2025-11-20
2025-11-20,10:23:00,TREND_LONG,46894.0,46894.0,long,2,0.0,0,,False,TREND,2025-11-20
2025-11-20,10:30:00,SESSION_EXIT,46898.0,46898.0,long,0,8.0,7,,False,TREND,2025-11-20
2025-11-21,09:43:00,TREND_SHORT,45917.0,45917.0,short,2,0.0,0,,False,TREND,2025-11-21
2025-11-21,09:47:00,PARTIAL_TP,45859.0,45859.0,short,1,58.0,4,,False,TREND,2025-11-21
2025-11-21,09:55:00,EXIT_FLAT,45993.0,45993.0,short,0,-76.0,12,,False,TREND,2025-11-21
2025-11-21,10:24:00,TREND_LONG,46108.0,46108.0,long,2,0.0,0,,False,TREND,2025-11-21
2025-11-21,10:28:00,EXIT_FLAT,46033.0,46033.0,long,0,-150.0,4,,False,TREND,2025-11-21
2025-11-21,11:29:00,TREND_LONG,46163.0,46163.0,long,2,0.0,0,,False,TREND,2025-11-21
2025-11-21,11:30:00,SESSION_EXIT,46182.0,46182.0,long,0,38.0,1,,False,TREND,2025-11-21
2025-11-24,09:43:00,TREND_SHORT,46317.0,46317.0,short,2,0.0,0,,False,TREND,2025-11-24
2025-11-24,09:44:00,PARTIAL_TP,46258.0,46258.0,short,1,59.0,1,,False,TREND,2025-11-24
2025-11-24,10:00:00,EXIT_FLAT,46387.0,46387.0,short,0,-70.0,17,,False,TREND,2025-11-24
2025-11-24,10:15:00,TREND_LONG,46480.0,46480.0,long,2,0.0,0,,False,TREND,2025-11-24
2025-11-24,10:30:00,SESSION_EXIT,46451.0,46451.0,long,0,-58.0,15,,False,TREND,2025-11-24
2025-11-25,09:46:00,TREND_SHORT,46605.0,46605.0,short,2,0.0,0,,False,TREND,2025-11-25
2025-11-25,09:47:00,PARTIAL_TP,46514.0,46514.0,short,1,91.0,1,,False,TREND,2025-11-25
2025-11-25,10:07:00,EXIT_FLAT,46696.0,46696.0,short,0,-91.0,21,,False,TREND,2025-11-25
2025-11-25,10:44:00,TREND_LONG,46869.0,46869.0,long,2,0.0,0,,False,TREND,2025-11-25
2025-11-25,10:45:00,SESSION_EXIT,46904.0,46904.0,long,0,70.0,1,,False,TREND,2025-11-25
2025-11-26,10:58:00,TREND_LONG,47468.0,47468.0,long,2,0.0,0,,False,TREND,2025-11-26
2025-11-26,10:59:00,SESSION_EXIT,47481.0,47481.0,long,0,26.0,1,,False,TREND,2025-11-26
2025-11-27,09:44:00,CHOP_BUY,47505.0,47505.0,long,2,0.0,0,,False,CHOP,2025-11-27
2025-11-27,10:30:00,SESSION_EXIT,47512.0,47512.0,long,0,14.0,46,,False,CHOP,2025-11-27
2025-11-28,09:44:00,TREND_LONG,47610.0,47610.0,long,2,0.0,0,,False,TREND,2025-11-28
2025-11-28,10:15:00,PARTIAL_TP,47676.0,47676.0,long,1,66.0,31,,False,TREND,2025-11-28
2025-11-28,11:53:00,SESSION_EXIT,47780.0,47780.0,long,0,170.0,129,,False,CHOP,2025-11-28
2025-12-01,09:42:00,TREND_LONG,47578.0,47578.0,long,2,0.0,0,,False,TREND,2025-12-01
2025-12-01,09:51:00,PARTIAL_TP,47638.0,47638.0,long,1,60.0,9,,False,TREND,2025-12-01
2025-12-01,10:20:00,EXIT_FLAT,47504.0,47504.0,long,0,-74.0,38,,False,TREND,2025-12-01
2025-12-01,10:27:00,TREND_SHORT,47443.0,47443.0,short,2,0.0,0,,False,TREND,2025-12-01
2025-12-01,10:30:00,SESSION_EXIT,47409.0,47409.0,short,0,68.0,3,,False,TREND,2025-12-01
2025-12-02,10:05:00,TREND_LONG,47529.0,47529.0,long,2,0.0,0,,False,TREND,2025-12-02
2025-12-02,10:27:00,EXIT_FLAT,47465.0,47465.0,long,0,-128.0,22,,False,TREND,2025-12-02
2025-12-02,10:37:00,CHOP_SELL,47453.0,47453.0,short,2,0.0,0,,False,CHOP,2025-12-02
2025-12-02,10:38:00,SESSION_EXIT,47451.0,47451.0,short,0,4.0,1,,False,TREND,2025-12-02
2025-12-03,09:43:00,TREND_LONG,47645.0,47645.0,long,2,0.0,0,,False,TREND,2025-12-03
2025-12-03,09:46:00,EXIT_FLAT,47572.0,47572.0,long,0,-146.0,3,,False,TREND,2025-12-03
2025-12-03,10:03:00,TREND_LONG,47662.0,47662.0,long,2,0.0,0,,False,TREND,2025-12-03
2025-12-03,10:30:00,SESSION_EXIT,47710.0,47710.0,long,0,96.0,27,,False,TREND,2025-12-03
2025-12-04,09:42:00,TREND_SHORT,47967.0,47967.0,short,2,0.0,0,,False,TREND,2025-12-04
2025-12-04,09:49:00,PARTIAL_TP,47916.0,47916.0,short,1,51.0,7,,False,TREND,2025-12-04
2025-12-04,10:02:00,CHOP_TP,47891.0,47891.0,short,0,76.0,20,,False,CHOP,2025-12-04
2025-12-04,11:24:00,CHOP_BUY,47950.0,47950.0,long,2,0.0,0,,False,CHOP,2025-12-04
2025-12-04,11:25:00,SESSION_EXIT,47930.0,47930.0,long,0,-40.0,1,,False,TREND,2025-12-04
2025-12-05,09:53:00,TREND_LONG,48091.0,48091.0,long,2,0.0,0,,False,TREND,2025-12-05
2025-12-05,10:02:00,PARTIAL_TP,48143.0,48143.0,long,1,52.0,9,,False,TREND,2025-12-05
2025-12-05,10:30:00,SESSION_EXIT,48105.0,48105.0,long,0,14.0,37,,False,TREND,2025-12-05
2025-12-08,10:59:00,TREND_SHORT,47826.0,47826.0,short,2,0.0,0,,False,TREND,2025-12-08
2025-12-08,11:00:00,SESSION_EXIT,47793.0,47793.0,short,0,66.0,1,,False,TREND,2025-12-08
2025-12-09,09:51:00,TREND_LONG,47957.0,47957.0,long,2,0.0,0,,False,TREND,2025-12-09
2025-12-09,10:06:00,EXIT_FLAT,47896.0,47896.0,long,0,-122.0,15,,False,TREND,2025-12-09
2025-12-09,11:40:00,CHOP_BUY,47914.0,47914.0,long,2,0.0,0,,False,CHOP,2025-12-09
2025-12-09,11:41:00,SESSION_EXIT,47921.0,47921.0,long,0,14.0,1,,False,TREND,2025-12-09
2025-12-10,09:43:00,TREND_LONG,47628.0,47628.0,long,2,0.0,0,,False,TREND,2025-12-10
2025-12-10,09:56:00,PARTIAL_TP,47710.0,47710.0,long,1,82.0,13,,False,TREND,2025-12-10
2025-12-10,10:37:00,SESSION_EXIT,47664.0,47664.0,long,0,36.0,54,,False,TREND,2025-12-10
2025-12-11,09:44:00,TREND_LONG,48452.0,48452.0,long,2,0.0,0,,False,TREND,2025-12-11
2025-12-11,09:48:00,EXIT_FLAT,48376.0,48376.0,long,0,-152.0,4,,False,TREND,2025-12-11
2025-12-11,10:24:00,TREND_LONG,48480.0,48480.0,long,2,0.0,0,,False,TREND,2025-12-11
2025-12-11,10:27:00,PARTIAL_TP,48531.0,48531.0,long,1,51.0,3,,False,TREND,2025-12-11
2025-12-11,10:48:00,SESSION_EXIT,48523.0,48523.0,long,0,43.0,24,,False,TREND,2025-12-11
2025-12-12,09:46:00,TREND_LONG,48888.0,48888.0,long,2,0.0,0,,False,TREND,2025-12-12
2025-12-12,10:00:00,EXIT_FLAT,48825.0,48825.0,long,0,-126.0,14,,False,TREND,2025-12-12
2025-12-12,10:13:00,TREND_SHORT,48778.0,48778.0,short,2,0.0,0,,False,TREND,2025-12-12
2025-12-12,10:28:00,PARTIAL_TP,48700.0,48700.0,short,1,78.0,15,,False,TREND,2025-12-12
2025-12-12,10:33:00,SESSION_EXIT,48738.0,48738.0,short,0,40.0,20,,False,TREND,2025-12-12
2025-12-15,09:48:00,TREND_SHORT,48568.0,48568.0,short,2,0.0,0,,False,TREND,2025-12-15
2025-12-15,09:53:00,PARTIAL_TP,48507.0,48507.0,short,1,61.0,5,,False,TREND,2025-12-15
2025-12-15,11:32:00,SESSION_EXIT,48460.0,48460.0,short,0,108.0,104,,False,CHOP,2025-12-15
2025-12-16,09:45:00,TREND_SHORT,48297.0,48297.0,short,2,0.0,0,,False,TREND,2025-12-16
2025-12-16,09:47:00,EXIT_FLAT,48415.0,48415.0,short,0,-236.0,2,,False,TREND,2025-12-16
2025-12-16,10:03:00,TREND_SHORT,48291.0,48291.0,short,2,0.0,0,,False,TREND,2025-12-16
2025-12-16,10:06:00,EXIT_FLAT,48357.0,48357.0,short,0,-132.0,3,,False,TREND,2025-12-16
2025-12-16,10:15:00,TREND_SHORT,48279.0,48279.0,short,2,0.0,0,,False,TREND,2025-12-16
2025-12-16,10:21:00,PARTIAL_TP,48213.0,48213.0,short,1,66.0,6,,False,TREND,2025-12-16
2025-12-16,10:31:00,SESSION_EXIT,48254.0,48254.0,short,0,25.0,16,,False,TREND,2025-12-16
2025-12-17,09:50:00,TREND_LONG,48350.0,48350.0,long,2,0.0,0,,False,TREND,2025-12-17
2025-12-17,10:18:00,EXIT_FLAT,48287.0,48287.0,long,0,-126.0,28,,False,TREND,2025-12-17
2025-12-17,10:41:00,TREND_SHORT,48182.0,48182.0,short,2,0.0,0,,False,TREND,2025-12-17
2025-12-17,10:42:00,SESSION_EXIT,48175.0,48175.0,short,0,14.0,1,,False,TREND,2025-12-17
2025-12-18,09:42:00,TREND_SHORT,48120.0,48120.0,short,2,0.0,0,,False,TREND,2025-12-18
2025-12-18,09:48:00,PARTIAL_TP,48070.0,48070.0,short,1,50.0,6,,False,TREND,2025-12-18
2025-12-18,09:54:00,EXIT_FLAT,48183.0,48183.0,short,0,-63.0,12,,False,TREND,2025-12-18
2025-12-18,10:37:00,TREND_LONG,48329.0,48329.0,long,2,0.0,0,,False,TREND,2025-12-18
2025-12-18,10:38:00,SESSION_EXIT,48330.0,48330.0,long,0,2.0,1,,False,TREND,2025-12-18
2025-12-22,11:10:00,TREND_LONG,48713.0,48713.0,long,2,0.0,0,,False,TREND,2025-12-22
2025-12-22,11:11:00,SESSION_EXIT,48701.0,48701.0,long,0,-24.0,1,,False,TREND,2025-12-22
2025-12-23,09:50:00,TREND_LONG,48700.0,48700.0,long,2,0.0,0,,False,TREND,2025-12-23
2025-12-23,10:30:00,SESSION_EXIT,48726.0,48726.0,long,0,52.0,40,,False,TREND,2025-12-23
2025-12-24,09:42:00,TREND_LONG,48826.0,48826.0,long,2,0.0,0,,False,TREND,2025-12-24
2025-12-24,09:50:00,PARTIAL_TP,48884.0,48884.0,long,1,58.0,8,,False,TREND,2025-12-24
2025-12-24,10:35:00,SESSION_EXIT,48923.0,48923.0,long,0,97.0,53,,False,CHOP,2025-12-24
2025-12-26,09:46:00,TREND_LONG,49053.0,49053.0,long,2,0.0,0,,False,TREND,2025-12-26
2025-12-26,09:51:00,EXIT_FLAT,48979.0,48979.0,long,0,-148.0,5,,False,TREND,2025-12-26
2025-12-26,09:58:00,CHOP_BUY,49009.0,49009.0,long,2,0.0,0,,False,CHOP,2025-12-26
2025-12-26,10:15:00,EXIT_FLAT,48951.0,48951.0,long,0,-116.0,17,,False,TREND,2025-12-26
2025-12-26,11:14:00,TREND_SHORT,48939.0,48939.0,short,2,0.0,0,,False,TREND,2025-12-26
2025-12-26,11:15:00,SESSION_EXIT,48928.0,48928.0,short,0,22.0,1,,False,TREND,2025-12-26
2025-12-29,09:43:00,TREND_SHORT,48859.0,48859.0,short,2,0.0,0,,False,TREND,2025-12-29
2025-12-29,10:04:00,PARTIAL_TP,48803.0,48803.0,short,1,56.0,21,,False,TREND,2025-12-29
2025-12-29,10:16:00,CHOP_TP,48808.0,48808.0,short,0,51.0,33,,False,CHOP,2025-12-29
2025-12-29,10:30:00,TREND_SHORT,48777.0,48777.0,short,2,0.0,0,,False,TREND,2025-12-29
2025-12-29,10:31:00,SESSION_EXIT,48766.0,48766.0,short,0,22.0,1,,False,TREND,2025-12-29
2025-12-31,09:43:00,TREND_SHORT,48517.0,48517.0,short,2,0.0,0,,False,TREND,2025-12-31
2025-12-31,09:54:00,EXIT_FLAT,48577.0,48577.0,short,0,-120.0,11,,False,TREND,2025-12-31
2025-12-31,10:12:00,TREND_SHORT,48491.0,48491.0,short,2,0.0,0,,False,TREND,2025-12-31
2025-12-31,10:30:00,SESSION_EXIT,48492.0,48492.0,short,0,-2.0,18,,False,TREND,2025-12-31
2026-01-02,09:49:00,CHOP_BUY,48182.0,48182.0,long,2,0.0,0,,False,CHOP,2026-01-02
2026-01-02,09:50:00,PARTIAL_TP,48240.0,48240.0,long,1,58.0,1,,False,TREND,2026-01-02
2026-01-02,10:30:00,SESSION_EXIT,48240.0,48240.0,long,0,58.0,41,,False,CHOP,2026-01-02
2026-01-05,09:44:00,TREND_LONG,49130.0,49130.0,long,2,0.0,0,,False,TREND,2026-01-05
2026-01-05,09:48:00,PARTIAL_TP,49186.0,49186.0,long,1,56.0,4,,False,TREND,2026-01-05
2026-01-05,11:21:00,SESSION_EXIT,49329.0,49329.0,long,0,199.0,97,,False,CHOP,2026-01-05
2026-01-06,10:02:00,TREND_LONG,49357.0,49357.0,long,2,0.0,0,,False,TREND,2026-01-06
2026-01-06,10:12:00,PARTIAL_TP,49409.0,49409.0,long,1,52.0,10,,False,TREND,2026-01-06
2026-01-06,10:32:00,SESSION_EXIT,49399.0,49399.0,long,0,42.0,30,,False,TREND,2026-01-06
2026-01-07,09:44:00,TREND_SHORT,49699.0,49699.0,short,2,0.0,0,,False,TREND,2026-01-07
2026-01-07,09:51:00,PARTIAL_TP,49643.0,49643.0,short,1,56.0,7,,False,TREND,2026-01-07
2026-01-07,10:55:00,SESSION_EXIT,49518.0,49518.0,short,0,181.0,71,,False,CHOP,2026-01-07
2026-01-08,09:47:00,TREND_LONG,49270.0,49270.0,long,2,0.0,0,,False,TREND,2026-01-08
2026-01-08,09:58:00,PARTIAL_TP,49322.0,49322.0,long,1,52.0,11,,False,TREND,2026-01-08
2026-01-08,13:20:00,SESSION_EXIT,49522.0,49522.0,long,0,252.0,213,,False,CHOP,2026-01-08
2026-01-09,09:45:00,TREND_SHORT,49493.0,49493.0,short,2,0.0,0,,False,TREND,2026-01-09
2026-01-09,09:53:00,EXIT_FLAT,49574.0,49574.0,short,0,-162.0,8,,False,TREND,2026-01-09
2026-01-09,10:05:00,TREND_SHORT,49428.0,49428.0,short,2,0.0,0,,False,TREND,2026-01-09
2026-01-09,10:12:00,EXIT_FLAT,49495.0,49495.0,short,0,-134.0,7,,False,TREND,2026-01-09
2026-01-09,10:26:00,TREND_LONG,49668.0,49668.0,long,2,0.0,0,,False,TREND,2026-01-09
2026-01-09,10:30:00,SESSION_EXIT,49646.0,49646.0,long,0,-44.0,4,,False,TREND,2026-01-09
2026-01-12,09:53:00,TREND_LONG,49535.0,49535.0,long,2,0.0,0,,False,TREND,2026-01-12
2026-01-12,10:09:00,EXIT_FLAT,49465.0,49465.0,long,0,-140.0,16,,False,TREND,2026-01-12
2026-01-12,10:25:00,CHOP_SELL,49446.0,49446.0,short,2,0.0,0,,False,CHOP,2026-01-12
2026-01-12,10:30:00,SESSION_EXIT,49470.0,49470.0,short,0,-48.0,5,,False,TREND,2026-01-12
2026-01-13,09:45:00,TREND_SHORT,49579.0,49579.0,short,2,0.0,0,,False,TREND,2026-01-13
2026-01-13,09:47:00,PARTIAL_TP,49525.0,49525.0,short,1,54.0,2,,False,TREND,2026-01-13
2026-01-13,10:35:00,SESSION_EXIT,49560.0,49560.0,short,0,19.0,50,,False,TREND,2026-01-13
2026-01-14,09:44:00,TREND_SHORT,49255.0,49255.0,short,2,0.0,0,,False,TREND,2026-01-14
2026-01-14,09:48:00,EXIT_FLAT,49331.0,49331.0,short,0,-152.0,4,,False,TREND,2026-01-14
2026-01-14,10:00:00,TREND_SHORT,49178.0,49178.0,short,2,0.0,0,,False,TREND,2026-01-14
2026-01-14,10:06:00,EXIT_FLAT,49242.0,49242.0,short,0,-128.0,6,,False,TREND,2026-01-14
2026-01-14,10:30:00,TREND_SHORT,49145.0,49145.0,short,2,0.0,0,,False,TREND,2026-01-14
2026-01-14,10:31:00,SESSION_EXIT,49154.0,49154.0,short,0,-18.0,1,,False,TREND,2026-01-14
2026-01-15,10:09:00,TREND_LONG,49613.0,49613.0,long,2,0.0,0,,False,TREND,2026-01-15
2026-01-15,10:19:00,PARTIAL_TP,49664.0,49664.0,long,1,51.0,10,,False,TREND,2026-01-15
2026-01-15,10:35:00,SESSION_EXIT,49644.0,49644.0,long,0,31.0,26,,False,TREND,2026-01-15
2026-01-16,09:52:00,TREND_SHORT,49565.0,49565.0,short,2,0.0,0,,False,TREND,2026-01-16
2026-01-16,10:00:00,PARTIAL_TP,49510.0,49510.0,short,1,55.0,8,,False,TREND,2026-01-16
2026-01-16,10:30:00,SESSION_EXIT,49562.0,49562.0,short,0,3.0,38,,False,TREND,2026-01-16
2026-01-19,09:50:00,TREND_LONG,49150.0,49150.0,long,2,0.0,0,,False,TREND,2026-01-19
2026-01-19,10:30:00,SESSION_EXIT,49124.0,49124.0,long,0,-52.0,40,,False,TREND,2026-01-19
2026-01-20,09:44:00,TREND_LONG,48966.0,48966.0,long,2,0.0,0,,False,TREND,2026-01-20
2026-01-20,09:46:00,EXIT_FLAT,48885.0,48885.0,long,0,-162.0,2,,False,TREND,2026-01-20
2026-01-20,10:10:00,TREND_SHORT,48776.0,48776.0,short,2,0.0,0,,False,TREND,2026-01-20
2026-01-20,10:14:00,EXIT_FLAT,48850.0,48850.0,short,0,-148.0,4,,False,TREND,2026-01-20
2026-01-20,10:22:00,TREND_LONG,48969.0,48969.0,long,2,0.0,0,,False,TREND,2026-01-20
2026-01-20,10:25:00,PARTIAL_TP,49045.0,49045.0,long,1,76.0,3,,False,TREND,2026-01-20
2026-01-20,10:40:00,SESSION_EXIT,49065.0,49065.0,long,0,96.0,18,,False,CHOP,2026-01-20
2026-01-21,09:45:00,TREND_LONG,48926.0,48926.0,long,2,0.0,0,,False,TREND,2026-01-21
2026-01-21,09:59:00,PARTIAL_TP,48986.0,48986.0,long,1,60.0,14,,False,TREND,2026-01-21
2026-01-21,10:54:00,SESSION_EXIT,49180.0,49180.0,long,0,254.0,69,,False,CHOP,2026-01-21
2026-01-22,09:48:00,TREND_SHORT,49516.0,49516.0,short,2,0.0,0,,False,TREND,2026-01-22
2026-01-22,10:02:00,PARTIAL_TP,49454.0,49454.0,short,1,62.0,14,,False,TREND,2026-01-22
2026-01-22,10:30:00,SESSION_EXIT,49596.0,49596.0,short,0,-80.0,42,,False,TREND,2026-01-22
2026-01-23,09:48:00,CHOP_SELL,49234.0,49234.0,short,2,0.0,0,,False,CHOP,2026-01-23
2026-01-23,09:57:00,EXIT_FLAT,49308.0,49308.0,short,0,-148.0,9,,False,TREND,2026-01-23
2026-01-23,10:39:00,CHOP_BUY,49284.0,49284.0,long,2,0.0,0,,False,CHOP,2026-01-23
2026-01-23,10:40:00,SESSION_EXIT,49294.0,49294.0,long,0,20.0,1,,False,TREND,2026-01-23
2026-01-26,10:13:00,TREND_LONG,49491.0,49491.0,long,2,0.0,0,,False,TREND,2026-01-26
2026-01-26,10:30:00,SESSION_EXIT,49433.0,49433.0,long,0,-116.0,17,,False,TREND,2026-01-26
2026-01-27,10:05:00,TREND_SHORT,49073.0,49073.0,short,2,0.0,0,,False,TREND,2026-01-27
2026-01-27,10:30:00,SESSION_EXIT,49059.0,49059.0,short,0,28.0,25,,False,TREND,2026-01-27
2026-01-28,09:51:00,TREND_SHORT,49127.0,49127.0,short,2,0.0,0,,False,TREND,2026-01-28
2026-01-28,10:10:00,PARTIAL_TP,49062.0,49062.0,short,1,65.0,19,,False,TREND,2026-01-28
2026-01-28,10:30:00,SESSION_EXIT,49175.0,49175.0,short,0,-48.0,39,,False,TREND,2026-01-28
2026-01-29,09:46:00,TREND_SHORT,49116.0,49116.0,short,2,0.0,0,,False,TREND,2026-01-29
2026-01-29,09:49:00,EXIT_FLAT,49176.0,49176.0,short,0,-120.0,3,,False,TREND,2026-01-29
2026-01-29,10:00:00,TREND_SHORT,49032.0,49032.0,short,2,0.0,0,,False,TREND,2026-01-29
2026-01-29,10:05:00,EXIT_FLAT,49113.0,49113.0,short,0,-162.0,5,,False,TREND,2026-01-29
2026-01-29,10:27:00,TREND_SHORT,49001.0,49001.0,short,2,0.0,0,,False,TREND,2026-01-29
2026-01-29,10:30:00,SESSION_EXIT,48956.0,48956.0,short,0,90.0,3,,False,TREND,2026-01-29
2026-01-30,09:46:00,TREND_SHORT,49004.0,49004.0,short,2,0.0,0,,False,TREND,2026-01-30
2026-01-30,10:07:00,EXIT_FLAT,49088.0,49088.0,short,0,-168.0,21,,False,TREND,2026-01-30
2026-01-30,10:30:00,TREND_SHORT,48951.0,48951.0,short,2,0.0,0,,False,TREND,2026-01-30
2026-01-30,10:31:00,SESSION_EXIT,48959.0,48959.0,short,0,-16.0,1,,False,TREND,2026-01-30
2026-02-02,09:51:00,TREND_LONG,49308.0,49308.0,long,2,0.0,0,,False,TREND,2026-02-02
2026-02-02,09:56:00,EXIT_FLAT,49208.0,49208.0,long,0,-200.0,5,,False,TREND,2026-02-02
2026-02-02,10:14:00,TREND_LONG,49310.0,49310.0,long,2,0.0,0,,False,TREND,2026-02-02
2026-02-02,10:30:00,SESSION_EXIT,49326.0,49326.0,long,0,32.0,16,,False,TREND,2026-02-02
2026-02-03,11:41:00,TREND_SHORT,49399.0,49399.0,short,2,0.0,0,,False,TREND,2026-02-03
2026-02-03,11:42:00,SESSION_EXIT,49409.0,49409.0,short,0,-20.0,1,,False,TREND,2026-02-03
2026-02-04,09:48:00,TREND_LONG,49725.0,49725.0,long,2,0.0,0,,False,TREND,2026-02-04
2026-02-04,09:50:00,EXIT_FLAT,49602.0,49602.0,long,0,-246.0,2,,False,TREND,2026-02-04
2026-02-04,09:57:00,TREND_SHORT,49481.0,49481.0,short,2,0.0,0,,False,TREND,2026-02-04
2026-02-04,10:00:00,PARTIAL_TP,49415.0,49415.0,short,1,66.0,3,,False,TREND,2026-02-04
2026-02-04,10:09:00,EXIT_FLAT,49564.0,49564.0,short,0,-83.0,12,,False,TREND,2026-02-04
2026-02-04,10:23:00,TREND_LONG,49712.0,49712.0,long,2,0.0,0,,False,TREND,2026-02-04
2026-02-04,10:30:00,SESSION_EXIT,49703.0,49703.0,long,0,-18.0,7,,False,TREND,2026-02-04
2026-02-05,09:45:00,TREND_LONG,49430.0,49430.0,long,2,0.0,0,,False,TREND,2026-02-05
2026-02-05,09:48:00,EXIT_FLAT,49365.0,49365.0,long,0,-130.0,3,,False,TREND,2026-02-05
2026-02-05,10:00:00,TREND_SHORT,49234.0,49234.0,short,2,0.0,0,,False,TREND,2026-02-05
2026-02-05,10:06:00,PARTIAL_TP,49172.0,49172.0,short,1,62.0,6,,False,TREND,2026-02-05
2026-02-05,11:52:00,SESSION_EXIT,49186.0,49186.0,short,0,48.0,112,,False,TREND,2026-02-05
2026-02-06,09:44:00,TREND_LONG,49695.0,49695.0,long,2,0.0,0,,False,TREND,2026-02-06
2026-02-06,10:00:00,PARTIAL_TP,49763.0,49763.0,long,1,68.0,16,,False,TREND,2026-02-06
2026-02-06,10:31:00,SESSION_EXIT,49801.0,49801.0,long,0,106.0,47,,False,CHOP,2026-02-06
2026-02-09,09:46:00,TREND_SHORT,49995.0,49995.0,short,2,0.0,0,,False,TREND,2026-02-09
2026-02-09,09:50:00,PARTIAL_TP,49929.0,49929.0,short,1,66.0,4,,False,TREND,2026-02-09
2026-02-09,10:04:00,EXIT_FLAT,50074.0,50074.0,short,0,-79.0,18,,False,TREND,2026-02-09
2026-02-09,10:21:00,TREND_LONG,50162.0,50162.0,long,2,0.0,0,,False,TREND,2026-02-09
2026-02-09,10:30:00,PARTIAL_TP,50222.0,50222.0,long,1,60.0,9,,False,TREND,2026-02-09
2026-02-09,10:32:00,SESSION_EXIT,50209.0,50209.0,long,0,47.0,11,,False,TREND,2026-02-09
2026-02-10,09:48:00,TREND_LONG,50502.0,50502.0,long,2,0.0,0,,False,TREND,2026-02-10
2026-02-10,09:52:00,PARTIAL_TP,50555.0,50555.0,long,1,53.0,4,,False,TREND,2026-02-10
2026-02-10,10:30:00,SESSION_EXIT,50534.0,50534.0,long,0,32.0,42,,False,TREND,2026-02-10
2026-02-11,09:44:00,TREND_SHORT,50456.0,50456.0,short,2,0.0,0,,False,TREND,2026-02-11
2026-02-11,09:50:00,PARTIAL_TP,50406.0,50406.0,short,1,50.0,6,,False,TREND,2026-02-11
2026-02-11,13:47:00,SESSION_EXIT,50141.0,50141.0,short,0,315.0,243,,False,CHOP,2026-02-11
2026-02-12,10:21:00,TREND_SHORT,50338.0,50338.0,short,2,0.0,0,,False,TREND,2026-02-12
2026-02-12,10:22:00,EXIT_FLAT,50402.0,50402.0,short,0,-128.0,1,,False,TREND,2026-02-12
2026-02-12,10:33:00,TREND_SHORT,50325.0,50325.0,short,2,0.0,0,,False,TREND,2026-02-12
2026-02-12,10:34:00,SESSION_EXIT,50292.0,50292.0,short,0,66.0,1,,False,TREND,2026-02-12
2026-02-13,10:09:00,TREND_LONG,49568.0,49568.0,long,2,0.0,0,,False,TREND,2026-02-13
2026-02-13,10:14:00,EXIT_FLAT,49479.0,49479.0,long,0,-178.0,5,,False,TREND,2026-02-13
2026-02-13,10:30:00,TREND_LONG,49625.0,49625.0,long,2,0.0,0,,False,TREND,2026-02-13
2026-02-13,10:31:00,SESSION_EXIT,49601.0,49601.0,long,0,-48.0,1,,False,TREND,2026-02-13
2026-02-16,09:42:00,TREND_SHORT,49647.0,49647.0,short,2,0.0,0,,False,TREND,2026-02-16
2026-02-16,09:55:00,EXIT_FLAT,49716.0,49716.0,short,0,-138.0,13,,False,TREND,2026-02-16
2026-02-16,09:56:00,TREND_LONG,49724.0,49724.0,long,2,0.0,0,,False,TREND,2026-02-16
2026-02-16,10:22:00,EXIT_FLAT,49662.0,49662.0,long,0,-124.0,26,,False,TREND,2026-02-16
2026-02-16,10:31:00,TREND_SHORT,49619.0,49619.0,short,2,0.0,0,,False,TREND,2026-02-16
2026-02-16,10:32:00,SESSION_EXIT,49623.0,49623.0,short,0,-8.0,1,,False,TREND,2026-02-16
2026-02-17,09:50:00,TREND_SHORT,49500.0,49500.0,short,2,0.0,0,,False,TREND,2026-02-17
2026-02-17,09:57:00,PARTIAL_TP,49441.0,49441.0,short,1,59.0,7,,False,TREND,2026-02-17
2026-02-17,11:02:00,SESSION_EXIT,49453.0,49453.0,short,0,47.0,72,,False,TREND,2026-02-17
2026-02-18,10:01:00,TREND_LONG,49884.0,49884.0,long,2,0.0,0,,False,TREND,2026-02-18
2026-02-18,10:16:00,PARTIAL_TP,49954.0,49954.0,long,1,70.0,15,,False,TREND,2026-02-18
2026-02-18,10:23:00,CHOP_TP,49922.0,49922.0,long,0,38.0,22,,False,CHOP,2026-02-18
2026-02-18,10:57:00,CHOP_BUY,49915.0,49915.0,long,2,0.0,0,,False,CHOP,2026-02-18
2026-02-18,10:58:00,SESSION_EXIT,49901.0,49901.0,long,0,-28.0,1,,False,TREND,2026-02-18
2026-02-19,10:24:00,TREND_LONG,49622.0,49622.0,long,2,0.0,0,,False,TREND,2026-02-19
2026-02-19,10:27:00,EXIT_FLAT,49558.0,49558.0,long,0,-128.0,3,,False,TREND,2026-02-19
2026-02-19,10:33:00,TREND_LONG,49632.0,49632.0,long,2,0.0,0,,False,TREND,2026-02-19
2026-02-19,10:34:00,SESSION_EXIT,49649.0,49649.0,long,0,34.0,1,,False,TREND,2026-02-19
2026-02-20,09:58:00,TREND_LONG,49360.0,49360.0,long,2,0.0,0,,False,TREND,2026-02-20
2026-02-20,10:00:00,PARTIAL_TP,49437.0,49437.0,long,1,77.0,2,,False,TREND,2026-02-20
2026-02-20,10:01:00,SPIKE_EXIT,49719.0,49719.0,long,0,359.0,3,,False,TREND,2026-02-20
2026-02-20,10:14:00,CHOP_BUY,49443.0,49443.0,long,2,0.0,0,,False,CHOP,2026-02-20
2026-02-20,10:17:00,PARTIAL_TP,49548.0,49548.0,long,1,105.0,3,,False,TREND,2026-02-20
2026-02-20,10:23:00,SPIKE_EXIT,49649.0,49649.0,long,0,206.0,9,,False,TREND,2026-02-20
2026-02-20,16:32:00,CHOP_BUY,49684.0,49684.0,long,2,0.0,0,,False,CHOP,2026-02-20
2026-02-20,16:33:00,SESSION_EXIT,49684.0,49684.0,long,0,0.0,1,,False,CHOP,2026-02-20
2026-02-23,09:46:00,TREND_SHORT,49498.0,49498.0,short,2,0.0,0,,False,TREND,2026-02-23
2026-02-23,09:48:00,PARTIAL_TP,49412.0,49412.0,short,1,86.0,2,,False,TREND,2026-02-23
2026-02-23,12:03:00,SESSION_EXIT,48932.0,48932.0,short,0,566.0,137,,False,CHOP,2026-02-23
2026-02-24,13:03:00,TREND_LONG,49315.0,49315.0,long,2,0.0,0,,False,TREND,2026-02-24
2026-02-24,13:04:00,SESSION_EXIT,49310.0,49310.0,long,0,-10.0,1,,False,TREND,2026-02-24
2026-02-25,09:58:00,TREND_SHORT,49331.0,49331.0,short,2,0.0,0,,False,TREND,2026-02-25
2026-02-25,10:06:00,PARTIAL_TP,49279.0,49279.0,short,1,52.0,8,,False,TREND,2026-02-25
2026-02-25,10:25:00,CHOP_TP,49300.0,49300.0,short,0,31.0,27,,False,CHOP,2026-02-25
2026-02-25,10:31:00,CHOP_SELL,49322.0,49322.0,short,2,0.0,0,,False,CHOP,2026-02-25
2026-02-25,10:32:00,SESSION_EXIT,49315.0,49315.0,short,0,14.0,1,,False,TREND,2026-02-25
2026-02-26,09:57:00,TREND_SHORT,49649.0,49649.0,short,2,0.0,0,,False,TREND,2026-02-26
2026-02-26,10:09:00,PARTIAL_TP,49591.0,49591.0,short,1,58.0,12,,False,TREND,2026-02-26
2026-02-26,10:57:00,SESSION_EXIT,49602.0,49602.0,short,0,47.0,60,,False,TREND,2026-02-26
2026-03-02,09:45:00,TREND_LONG,48704.0,48704.0,long,2,0.0,0,,False,TREND,2026-03-02
2026-03-02,10:02:00,PARTIAL_TP,48806.0,48806.0,long,1,102.0,17,,False,TREND,2026-03-02
2026-03-02,10:35:00,SESSION_EXIT,48743.0,48743.0,long,0,39.0,50,,False,TREND,2026-03-02
2026-03-03,09:48:00,TREND_SHORT,47860.0,47860.0,short,2,0.0,0,,False,TREND,2026-03-03
2026-03-03,09:58:00,CHOP_TP,47844.0,47844.0,short,0,32.0,10,,False,CHOP,2026-03-03
2026-03-03,10:08:00,TREND_SHORT,47786.0,47786.0,short,2,0.0,0,,False,TREND,2026-03-03
2026-03-03,10:12:00,EXIT_FLAT,47858.0,47858.0,short,0,-144.0,4,,False,TREND,2026-03-03
2026-03-03,10:20:00,TREND_SHORT,47734.0,47734.0,short,2,0.0,0,,False,TREND,2026-03-03
2026-03-03,10:30:00,SESSION_EXIT,47713.0,47713.0,short,0,42.0,10,,False,TREND,2026-03-03
2026-03-04,10:20:00,TREND_LONG,48816.0,48816.0,long,2,0.0,0,,False,TREND,2026-03-04
2026-03-04,10:26:00,PARTIAL_TP,48872.0,48872.0,long,1,56.0,6,,False,TREND,2026-03-04
2026-03-04,10:30:00,SESSION_EXIT,48842.0,48842.0,long,0,26.0,10,,False,TREND,2026-03-04
2026-03-05,09:45:00,TREND_SHORT,48350.0,48350.0,short,2,0.0,0,,False,TREND,2026-03-05
2026-03-05,09:54:00,EXIT_FLAT,48419.0,48419.0,short,0,-138.0,9,,False,TREND,2026-03-05
2026-03-05,10:08:00,TREND_SHORT,48268.0,48268.0,short,2,0.0,0,,False,TREND,2026-03-05
2026-03-05,10:13:00,EXIT_FLAT,48329.0,48329.0,short,0,-122.0,5,,False,TREND,2026-03-05
2026-03-05,10:19:00,TREND_SHORT,48259.0,48259.0,short,2,0.0,0,,False,TREND,2026-03-05
2026-03-05,10:24:00,PARTIAL_TP,48172.0,48172.0,short,1,87.0,5,,False,TREND,2026-03-05
2026-03-05,10:51:00,SESSION_EXIT,48211.0,48211.0,short,0,48.0,32,,False,TREND,2026-03-05
2026-03-06,09:46:00,TREND_SHORT,47044.0,47044.0,short,2,0.0,0,,False,TREND,2026-03-06
2026-03-06,09:51:00,EXIT_FLAT,47137.0,47137.0,short,0,-186.0,5,,False,TREND,2026-03-06
2026-03-06,09:55:00,CHOP_BUY,47040.0,47040.0,long,2,0.0,0,,False,CHOP,2026-03-06
2026-03-06,10:00:00,PARTIAL_TP,47214.0,47214.0,long,1,174.0,5,,False,TREND,2026-03-06
2026-03-06,10:04:00,SPIKE_EXIT,47261.0,47261.0,long,0,221.0,9,,False,TREND,2026-03-06
2026-03-06,10:22:00,TREND_LONG,47367.0,47367.0,long,2,0.0,0,,False,TREND,2026-03-06
2026-03-06,10:30:00,SESSION_EXIT,47390.0,47390.0,long,0,46.0,8,,False,TREND,2026-03-06
2026-03-09,09:50:00,TREND_SHORT,46810.0,46810.0,short,2,0.0,0,,False,TREND,2026-03-09
2026-03-09,09:53:00,PARTIAL_TP,46745.0,46745.0,short,1,65.0,3,,False,TREND,2026-03-09
2026-03-09,09:57:00,EXIT_FLAT,46879.0,46879.0,short,0,-69.0,7,,False,TREND,2026-03-09
2026-03-09,10:05:00,TREND_SHORT,46702.0,46702.0,short,2,0.0,0,,False,TREND,2026-03-09
2026-03-09,10:16:00,EXIT_FLAT,46764.0,46764.0,short,0,-124.0,11,,False,TREND,2026-03-09
2026-03-09,11:15:00,TREND_LONG,47141.0,47141.0,long,2,0.0,0,,False,TREND,2026-03-09
2026-03-09,11:16:00,SESSION_EXIT,47125.0,47125.0,long,0,-32.0,1,,False,TREND,2026-03-09
2026-03-10,09:42:00,TREND_SHORT,47628.0,47628.0,short,2,0.0,0,,False,TREND,2026-03-10
2026-03-10,09:52:00,PARTIAL_TP,47556.0,47556.0,short,1,72.0,10,,False,TREND,2026-03-10
2026-03-10,10:20:00,EXIT_FLAT,47689.0,47689.0,short,0,-61.0,38,,False,TREND,2026-03-10
2026-03-10,10:34:00,TREND_LONG,47840.0,47840.0,long,2,0.0,0,,False,TREND,2026-03-10
2026-03-10,10:35:00,SESSION_EXIT,47842.0,47842.0,long,0,4.0,1,,False,TREND,2026-03-10
2026-03-11,10:24:00,TREND_SHORT,47399.0,47399.0,short,2,0.0,0,,False,TREND,2026-03-11
2026-03-11,10:27:00,PARTIAL_TP,47337.0,47337.0,short,1,62.0,3,,False,TREND,2026-03-11
2026-03-11,10:30:00,SESSION_EXIT,47431.0,47431.0,short,0,-32.0,6,,False,TREND,2026-03-11
2026-03-12,10:03:00,TREND_LONG,47020.0,47020.0,long,2,0.0,0,,False,TREND,2026-03-12
2026-03-12,10:06:00,EXIT_FLAT,46950.0,46950.0,long,0,-140.0,3,,False,TREND,2026-03-12
2026-03-12,10:12:00,TREND_LONG,47040.0,47040.0,long,2,0.0,0,,False,TREND,2026-03-12
2026-03-12,10:17:00,EXIT_FLAT,46965.0,46965.0,long,0,-150.0,5,,False,TREND,2026-03-12
2026-03-12,10:27:00,TREND_SHORT,46823.0,46823.0,short,2,0.0,0,,False,TREND,2026-03-12
2026-03-12,10:29:00,PARTIAL_TP,46769.0,46769.0,short,1,54.0,2,,False,TREND,2026-03-12
2026-03-12,10:32:00,SESSION_EXIT,46789.0,46789.0,short,0,34.0,5,,False,TREND,2026-03-12
2026-03-13,09:44:00,TREND_LONG,47161.0,47161.0,long,2,0.0,0,,False,TREND,2026-03-13
2026-03-13,09:48:00,EXIT_FLAT,47064.0,47064.0,long,0,-194.0,4,,False,TREND,2026-03-13
2026-03-13,10:08:00,TREND_SHORT,46914.0,46914.0,short,2,0.0,0,,False,TREND,2026-03-13
2026-03-13,10:17:00,PARTIAL_TP,46834.0,46834.0,short,1,80.0,9,,False,TREND,2026-03-13
2026-03-13,10:30:00,SESSION_EXIT,46952.0,46952.0,short,0,-38.0,22,,False,TREND,2026-03-13
2026-03-16,09:53:00,CHOP_BUY,47091.0,47091.0,long,2,0.0,0,,False,CHOP,2026-03-16
2026-03-16,09:57:00,PARTIAL_TP,47150.0,47150.0,long,1,59.0,4,,False,TREND,2026-03-16
2026-03-16,10:09:00,CHOP_TP,47160.0,47160.0,long,0,69.0,16,,False,CHOP,2026-03-16
2026-03-16,10:10:00,TREND_LONG,47215.0,47215.0,long,2,0.0,0,,False,TREND,2026-03-16
2026-03-16,10:12:00,EXIT_FLAT,47128.0,47128.0,long,0,-174.0,2,,False,TREND,2026-03-16
2026-03-16,10:47:00,TREND_SHORT,46864.0,46864.0,short,2,0.0,0,,False,TREND,2026-03-16
2026-03-16,10:48:00,SESSION_EXIT,46898.0,46898.0,short,0,-68.0,1,,False,TREND,2026-03-16
2026-03-17,10:11:00,TREND_SHORT,47250.0,47250.0,short,2,0.0,0,,False,TREND,2026-03-17
2026-03-17,10:16:00,PARTIAL_TP,47200.0,47200.0,short,1,50.0,5,,False,TREND,2026-03-17
2026-03-17,10:33:00,SESSION_EXIT,47201.0,47201.0,short,0,49.0,22,,False,TREND,2026-03-17
2026-03-18,10:11:00,TREND_SHORT,46703.0,46703.0,short,2,0.0,0,,False,TREND,2026-03-18
2026-03-18,10:13:00,PARTIAL_TP,46649.0,46649.0,short,1,54.0,2,,False,TREND,2026-03-18
2026-03-18,10:48:00,SESSION_EXIT,46563.0,46563.0,short,0,140.0,37,,False,CHOP,2026-03-18
2026-03-19,09:43:00,TREND_LONG,45999.0,45999.0,long,2,0.0,0,,False,TREND,2026-03-19
2026-03-19,09:50:00,PARTIAL_TP,46059.0,46059.0,long,1,60.0,7,,False,TREND,2026-03-19
2026-03-19,10:12:00,CHOP_TP,46058.0,46058.0,long,0,59.0,29,,False,CHOP,2026-03-19
2026-03-19,10:26:00,TREND_SHORT,45813.0,45813.0,short,2,0.0,0,,False,TREND,2026-03-19
2026-03-19,10:30:00,SESSION_EXIT,45801.0,45801.0,short,0,24.0,4,,False,TREND,2026-03-19
2026-03-23,09:42:00,TREND_LONG,46767.0,46767.0,long,2,0.0,0,,False,TREND,2026-03-23
2026-03-23,09:44:00,EXIT_FLAT,46681.0,46681.0,long,0,-172.0,2,,False,TREND,2026-03-23
2026-03-23,09:58:00,TREND_LONG,46817.0,46817.0,long,2,0.0,0,,False,TREND,2026-03-23
2026-03-23,10:02:00,PARTIAL_TP,46884.0,46884.0,long,1,67.0,4,,False,TREND,2026-03-23
2026-03-23,10:04:00,EXIT_FLAT,46735.0,46735.0,long,0,-82.0,6,,False,TREND,2026-03-23
2026-03-23,10:21:00,TREND_LONG,46889.0,46889.0,long,2,0.0,0,,False,TREND,2026-03-23
2026-03-23,10:27:00,EXIT_FLAT,46819.0,46819.0,long,0,-140.0,6,,False,TREND,2026-03-23
2026-03-23,11:01:00,TREND_LONG,46946.0,46946.0,long,2,0.0,0,,False,TREND,2026-03-23
2026-03-23,11:02:00,PARTIAL_TP,47012.0,47012.0,long,1,66.0,1,,False,TREND,2026-03-23
2026-03-23,11:04:00,SESSION_EXIT,46993.0,46993.0,long,0,47.0,3,,False,TREND,2026-03-23
2026-03-24,10:00:00,TREND_LONG,46230.0,46230.0,long,2,0.0,0,,False,TREND,2026-03-24
2026-03-24,10:04:00,PARTIAL_TP,46287.0,46287.0,long,1,57.0,4,,False,TREND,2026-03-24
2026-03-24,10:37:00,SESSION_EXIT,46373.0,46373.0,long,0,143.0,37,,False,CHOP,2026-03-24
2026-03-25,09:43:00,TREND_SHORT,46879.0,46879.0,short,2,0.0,0,,False,TREND,2026-03-25
2026-03-25,09:48:00,PARTIAL_TP,46825.0,46825.0,short,1,54.0,5,,False,TREND,2026-03-25
2026-03-25,10:06:00,CHOP_TP,46690.0,46690.0,short,0,189.0,23,,False,CHOP,2026-03-25
2026-03-25,10:07:00,TREND_SHORT,46634.0,46634.0,short,2,0.0,0,,False,TREND,2026-03-25
2026-03-25,10:12:00,EXIT_FLAT,46718.0,46718.0,short,0,-168.0,5,,False,TREND,2026-03-25
2026-03-25,11:16:00,TREND_SHORT,46530.0,46530.0,short,2,0.0,0,,False,TREND,2026-03-25
2026-03-25,11:17:00,SESSION_EXIT,46484.0,46484.0,short,0,92.0,1,,False,TREND,2026-03-25
2026-03-26,09:42:00,TREND_LONG,46574.0,46574.0,long,2,0.0,0,,False,TREND,2026-03-26
2026-03-26,09:44:00,PARTIAL_TP,46662.0,46662.0,long,1,88.0,2,,False,TREND,2026-03-26
2026-03-26,10:52:00,SESSION_EXIT,46615.0,46615.0,long,0,41.0,70,,False,TREND,2026-03-26
2026-03-27,09:56:00,TREND_SHORT,45723.0,45723.0,short,2,0.0,0,,False,TREND,2026-03-27
2026-03-27,10:00:00,EXIT_FLAT,45788.0,45788.0,short,0,-130.0,4,,False,TREND,2026-03-27
2026-03-27,10:45:00,CHOP_BUY,45780.0,45780.0,long,2,0.0,0,,False,CHOP,2026-03-27
2026-03-27,10:46:00,SESSION_EXIT,45773.0,45773.0,long,0,-14.0,1,,False,TREND,2026-03-27
2026-03-30,09:46:00,TREND_SHORT,45636.0,45636.0,short,2,0.0,0,,False,TREND,2026-03-30
2026-03-30,09:50:00,PARTIAL_TP,45575.0,45575.0,short,1,61.0,4,,False,TREND,2026-03-30
2026-03-30,10:16:00,CHOP_TP,45607.0,45607.0,short,0,29.0,30,,False,CHOP,2026-03-30
2026-03-30,11:51:00,TREND_LONG,45877.0,45877.0,long,2,0.0,0,,False,TREND,2026-03-30
2026-03-30,11:52:00,SESSION_EXIT,45867.0,45867.0,long,0,-20.0,1,,False,TREND,2026-03-30
2026-03-31,09:49:00,TREND_LONG,46055.0,46055.0,long,2,0.0,0,,False,TREND,2026-03-31
2026-03-31,09:59:00,PARTIAL_TP,46110.0,46110.0,long,1,55.0,10,,False,TREND,2026-03-31
2026-03-31,10:16:00,EXIT_FLAT,45984.0,45984.0,long,0,-71.0,27,,False,TREND,2026-03-31
2026-03-31,10:51:00,TREND_SHORT,45764.0,45764.0,short,2,0.0,0,,False,TREND,2026-03-31
2026-03-31,10:52:00,SESSION_EXIT,45761.0,45761.0,short,0,6.0,1,,False,TREND,2026-03-31
2026-04-01,09:46:00,TREND_SHORT,46757.0,46757.0,short,2,0.0,0,,False,TREND,2026-04-01
2026-04-01,09:52:00,EXIT_FLAT,46836.0,46836.0,short,0,-158.0,6,,False,CHOP,2026-04-01
2026-04-01,10:06:00,CHOP_BUY,46821.0,46821.0,long,2,0.0,0,,False,CHOP,2026-04-01
2026-04-01,10:08:00,PARTIAL_TP,46876.0,46876.0,long,1,55.0,2,,False,TREND,2026-04-01
2026-04-01,10:30:00,SESSION_EXIT,46866.0,46866.0,long,0,45.0,24,,False,TREND,2026-04-01
2026-04-02,09:53:00,TREND_LONG,46282.0,46282.0,long,2,0.0,0,,False,TREND,2026-04-02
2026-04-02,09:58:00,PARTIAL_TP,46340.0,46340.0,long,1,58.0,5,,False,TREND,2026-04-02
2026-04-02,13:56:00,SESSION_EXIT,46572.0,46572.0,long,0,290.0,243,,False,CHOP,2026-04-02
2026-04-06,09:59:00,TREND_LONG,46819.0,46819.0,long,2,0.0,0,,False,TREND,2026-04-06
2026-04-06,10:03:00,EXIT_FLAT,46740.0,46740.0,long,0,-158.0,4,,False,TREND,2026-04-06
2026-04-06,10:21:00,TREND_LONG,46922.0,46922.0,long,2,0.0,0,,False,TREND,2026-04-06
2026-04-06,10:30:00,SESSION_EXIT,46910.0,46910.0,long,0,-24.0,9,,False,TREND,2026-04-06
2026-04-07,10:06:00,TREND_SHORT,46471.0,46471.0,short,2,0.0,0,,False,TREND,2026-04-07
2026-04-07,10:19:00,EXIT_FLAT,46553.0,46553.0,short,0,-164.0,13,,False,TREND,2026-04-07
2026-04-07,11:05:00,TREND_SHORT,46441.0,46441.0,short,2,0.0,0,,False,TREND,2026-04-07
2026-04-07,11:06:00,SESSION_EXIT,46448.0,46448.0,short,0,-14.0,1,,False,TREND,2026-04-07
2026-04-08,09:46:00,TREND_LONG,48255.0,48255.0,long,2,0.0,0,,False,TREND,2026-04-08
2026-04-08,09:51:00,EXIT_FLAT,48114.0,48114.0,long,0,-282.0,5,,False,TREND,2026-04-08
2026-04-08,09:53:00,TREND_SHORT,48078.0,48078.0,short,2,0.0,0,,False,TREND,2026-04-08
2026-04-08,10:00:00,EXIT_FLAT,48143.0,48143.0,short,0,-130.0,7,,False,TREND,2026-04-08
2026-04-08,10:08:00,CHOP_BUY,48106.0,48106.0,long,2,0.0,0,,False,CHOP,2026-04-08
2026-04-08,10:25:00,EXIT_FLAT,48031.0,48031.0,long,0,-150.0,17,,False,TREND,2026-04-08
2026-04-08,10:29:00,TREND_SHORT,48005.0,48005.0,short,2,0.0,0,,False,TREND,2026-04-08
2026-04-08,10:30:00,SESSION_EXIT,47998.0,47998.0,short,0,14.0,1,,False,TREND,2026-04-08
2026-04-09,09:53:00,TREND_LONG,48074.0,48074.0,long,2,0.0,0,,False,TREND,2026-04-09
2026-04-09,10:15:00,EXIT_FLAT,48005.0,48005.0,long,0,-138.0,22,,False,TREND,2026-04-09
2026-04-09,10:31:00,CHOP_SELL,48003.0,48003.0,short,2,0.0,0,,False,CHOP,2026-04-09
2026-04-09,10:32:00,SESSION_EXIT,47995.0,47995.0,short,0,16.0,1,,False,TREND,2026-04-09
2026-04-10,09:47:00,TREND_SHORT,48200.0,48200.0,short,2,0.0,0,,False,TREND,2026-04-10
2026-04-10,10:04:00,EXIT_FLAT,48274.0,48274.0,short,0,-148.0,17,,False,TREND,2026-04-10
2026-04-10,10:13:00,CHOP_BUY,48301.0,48301.0,long,2,0.0,0,,False,CHOP,2026-04-10
2026-04-10,10:30:00,SESSION_EXIT,48346.0,48346.0,long,0,90.0,17,,False,TREND,2026-04-10
2026-04-13,09:49:00,TREND_LONG,47908.0,47908.0,long,2,0.0,0,,False,TREND,2026-04-13
2026-04-13,09:51:00,EXIT_FLAT,47836.0,47836.0,long,0,-144.0,2,,False,TREND,2026-04-13
2026-04-13,10:00:00,TREND_LONG,47973.0,47973.0,long,2,0.0,0,,False,TREND,2026-04-13
2026-04-13,10:01:00,EXIT_FLAT,47898.0,47898.0,long,0,-150.0,1,,False,TREND,2026-04-13
2026-04-13,10:39:00,CHOP_BUY,47936.0,47936.0,long,2,0.0,0,,False,CHOP,2026-04-13
2026-04-13,10:40:00,SESSION_EXIT,47941.0,47941.0,long,0,10.0,1,,False,TREND,2026-04-13
2026-04-14,10:09:00,TREND_LONG,48673.0,48673.0,long,2,0.0,0,,False,TREND,2026-04-14
2026-04-14,10:25:00,EXIT_FLAT,48604.0,48604.0,long,0,-138.0,16,,False,TREND,2026-04-14
2026-04-14,11:26:00,TREND_LONG,48738.0,48738.0,long,2,0.0,0,,False,TREND,2026-04-14
2026-04-14,11:27:00,SESSION_EXIT,48740.0,48740.0,long,0,4.0,1,,False,TREND,2026-04-14
2026-04-15,09:43:00,TREND_SHORT,48754.0,48754.0,short,2,0.0,0,,False,TREND,2026-04-15
2026-04-15,09:44:00,PARTIAL_TP,48671.0,48671.0,short,1,83.0,1,,False,TREND,2026-04-15
2026-04-15,12:08:00,SESSION_EXIT,48508.0,48508.0,short,0,246.0,145,,False,CHOP,2026-04-15
2026-04-16,09:47:00,TREND_SHORT,48683.0,48683.0,short,2,0.0,0,,False,TREND,2026-04-16
2026-04-16,09:56:00,PARTIAL_TP,48631.0,48631.0,short,1,52.0,9,,False,TREND,2026-04-16
2026-04-16,10:33:00,SESSION_EXIT,48553.0,48553.0,short,0,130.0,46,,False,CHOP,2026-04-16
2026-04-17,09:57:00,TREND_LONG,49515.0,49515.0,long,2,0.0,0,,False,TREND,2026-04-17
2026-04-17,10:04:00,PARTIAL_TP,49575.0,49575.0,long,1,60.0,7,,False,TREND,2026-04-17
2026-04-17,10:31:00,SESSION_EXIT,49724.0,49724.0,long,0,209.0,34,,False,CHOP,2026-04-17
2026-04-20,10:26:00,CHOP_SELL,49634.0,49634.0,short,2,0.0,0,,False,CHOP,2026-04-20
2026-04-20,10:30:00,SESSION_EXIT,49615.0,49615.0,short,0,38.0,4,,False,TREND,2026-04-20
2026-04-21,09:42:00,TREND_LONG,49914.0,49914.0,long,2,0.0,0,,False,TREND,2026-04-21
2026-04-21,09:46:00,PARTIAL_TP,50013.0,50013.0,long,1,99.0,4,,False,TREND,2026-04-21
2026-04-21,10:07:00,CHOP_TP,49973.0,49973.0,long,0,59.0,25,,False,CHOP,2026-04-21
2026-04-21,10:37:00,TREND_SHORT,49834.0,49834.0,short,2,0.0,0,,False,TREND,2026-04-21
2026-04-21,10:38:00,SESSION_EXIT,49835.0,49835.0,short,0,-2.0,1,,False,TREND,2026-04-21
2026-04-22,09:44:00,TREND_SHORT,49621.0,49621.0,short,2,0.0,0,,False,TREND,2026-04-22
2026-04-22,09:46:00,EXIT_FLAT,49696.0,49696.0,short,0,-150.0,2,,False,TREND,2026-04-22
2026-04-22,09:57:00,TREND_LONG,49765.0,49765.0,long,2,0.0,0,,False,TREND,2026-04-22
2026-04-22,10:30:00,SESSION_EXIT,49723.0,49723.0,long,0,-84.0,33,,False,TREND,2026-04-22
2026-04-23,10:08:00,TREND_LONG,49531.0,49531.0,long,2,0.0,0,,False,TREND,2026-04-23
2026-04-23,10:12:00,PARTIAL_TP,49597.0,49597.0,long,1,66.0,4,,False,TREND,2026-04-23
2026-04-23,10:29:00,CHOP_TP,49618.0,49618.0,long,0,87.0,21,,False,CHOP,2026-04-23
2026-04-23,10:50:00,TREND_LONG,49671.0,49671.0,long,2,0.0,0,,False,TREND,2026-04-23
2026-04-23,10:51:00,SESSION_EXIT,49656.0,49656.0,long,0,-30.0,1,,False,TREND,2026-04-23
2026-04-24,09:59:00,CHOP_BUY,49311.0,49311.0,long,2,0.0,0,,False,CHOP,2026-04-24
2026-04-24,10:30:00,SESSION_EXIT,49297.0,49297.0,long,0,-28.0,31,,False,TREND,2026-04-24
2026-04-27,09:48:00,TREND_SHORT,49299.0,49299.0,short,2,0.0,0,,False,TREND,2026-04-27
2026-04-27,09:50:00,EXIT_FLAT,49391.0,49391.0,short,0,-184.0,2,,False,TREND,2026-04-27
2026-04-27,10:11:00,CHOP_SELL,49398.0,49398.0,short,2,0.0,0,,False,CHOP,2026-04-27
2026-04-27,10:14:00,PARTIAL_TP,49348.0,49348.0,short,1,50.0,3,,False,TREND,2026-04-27
2026-04-27,10:30:00,SESSION_EXIT,49351.0,49351.0,short,0,47.0,19,,False,TREND,2026-04-27
2026-04-28,09:49:00,TREND_SHORT,49404.0,49404.0,short,2,0.0,0,,False,TREND,2026-04-28
2026-04-28,10:00:00,PARTIAL_TP,49342.0,49342.0,short,1,62.0,11,,False,TREND,2026-04-28
2026-04-28,10:22:00,CHOP_TP,49292.0,49292.0,short,0,112.0,33,,False,CHOP,2026-04-28
2026-04-28,11:11:00,CHOP_BUY,49360.0,49360.0,long,2,0.0,0,,False,CHOP,2026-04-28
2026-04-28,11:12:00,SESSION_EXIT,49366.0,49366.0,long,0,12.0,1,,False,TREND,2026-04-28
2026-04-29,09:43:00,TREND_SHORT,49088.0,49088.0,short,2,0.0,0,,False,TREND,2026-04-29
2026-04-29,09:44:00,PARTIAL_TP,49037.0,49037.0,short,1,51.0,1,,False,TREND,2026-04-29
2026-04-29,10:09:00,EXIT_FLAT,49152.0,49152.0,short,0,-64.0,26,,False,TREND,2026-04-29
2026-04-29,10:17:00,CHOP_BUY,49142.0,49142.0,long,2,0.0,0,,False,CHOP,2026-04-29
2026-04-29,10:30:00,SESSION_EXIT,49101.0,49101.0,long,0,-82.0,13,,False,TREND,2026-04-29
2026-04-30,09:44:00,TREND_LONG,49379.0,49379.0,long,2,0.0,0,,False,TREND,2026-04-30
2026-04-30,10:00:00,PARTIAL_TP,49435.0,49435.0,long,1,56.0,16,,False,TREND,2026-04-30
2026-04-30,10:10:00,CHOP_TP,49435.0,49435.0,long,0,56.0,26,,False,CHOP,2026-04-30
2026-04-30,10:15:00,TREND_LONG,49471.0,49471.0,long,2,0.0,0,,False,TREND,2026-04-30
2026-04-30,10:20:00,PARTIAL_TP,49545.0,49545.0,long,1,74.0,5,,False,TREND,2026-04-30
2026-04-30,10:41:00,SESSION_EXIT,49593.0,49593.0,long,0,122.0,26,,False,CHOP,2026-04-30
2026-05-01,09:51:00,CHOP_BUY,49909.0,49909.0,long,2,0.0,0,,False,CHOP,2026-05-01
2026-05-01,09:55:00,PARTIAL_TP,49992.0,49992.0,long,1,83.0,4,,False,TREND,2026-05-01
2026-05-01,10:40:00,SESSION_EXIT,49949.0,49949.0,long,0,40.0,49,,False,TREND,2026-05-01
2026-05-05,09:42:00,TREND_SHORT,49158.0,49158.0,short,2,0.0,0,,False,TREND,2026-05-05
2026-05-05,09:50:00,EXIT_FLAT,49222.0,49222.0,short,0,-128.0,8,,False,TREND,2026-05-05
2026-05-05,10:10:00,TREND_LONG,49359.0,49359.0,long,2,0.0,0,,False,TREND,2026-05-05
2026-05-05,10:14:00,EXIT_FLAT,49288.0,49288.0,long,0,-142.0,4,,False,TREND,2026-05-05
2026-05-05,10:59:00,TREND_LONG,49382.0,49382.0,long,2,0.0,0,,False,TREND,2026-05-05
2026-05-05,11:00:00,SESSION_EXIT,49375.0,49375.0,long,0,-14.0,1,,False,TREND,2026-05-05
2026-05-06,10:19:00,TREND_LONG,50001.0,50001.0,long,2,0.0,0,,False,TREND,2026-05-06
2026-05-06,10:30:00,SESSION_EXIT,49990.0,49990.0,long,0,-22.0,11,,False,TREND,2026-05-06
2026-05-07,10:09:00,TREND_SHORT,49945.0,49945.0,short,2,0.0,0,,False,TREND,2026-05-07
2026-05-07,10:15:00,PARTIAL_TP,49882.0,49882.0,short,1,63.0,6,,False,TREND,2026-05-07
2026-05-07,10:34:00,SESSION_EXIT,49900.0,49900.0,short,0,45.0,25,,False,TREND,2026-05-07
2026-05-08,10:10:00,TREND_SHORT,49746.0,49746.0,short,2,0.0,0,,False,TREND,2026-05-08
2026-05-08,10:24:00,EXIT_FLAT,49810.0,49810.0,short,0,-128.0,14,,False,TREND,2026-05-08
2026-05-08,11:08:00,TREND_SHORT,49717.0,49717.0,short,2,0.0,0,,False,TREND,2026-05-08
2026-05-08,11:09:00,SESSION_EXIT,49710.0,49710.0,short,0,14.0,1,,False,TREND,2026-05-08
2026-05-11,09:50:00,TREND_LONG,49764.0,49764.0,long,2,0.0,0,,False,TREND,2026-05-11
2026-05-11,10:03:00,EXIT_FLAT,49699.0,49699.0,long,0,-130.0,13,,False,TREND,2026-05-11
2026-05-11,10:12:00,CHOP_SELL,49678.0,49678.0,short,2,0.0,0,,False,CHOP,2026-05-11
2026-05-11,10:19:00,EXIT_FLAT,49742.0,49742.0,short,0,-128.0,7,,False,TREND,2026-05-11
2026-05-11,10:28:00,TREND_LONG,49807.0,49807.0,long,2,0.0,0,,False,TREND,2026-05-11
2026-05-11,10:30:00,SESSION_EXIT,49792.0,49792.0,long,0,-30.0,2,,False,TREND,2026-05-11
2026-05-12,09:44:00,TREND_SHORT,49437.0,49437.0,short,2,0.0,0,,False,TREND,2026-05-12
2026-05-12,09:59:00,EXIT_FLAT,49504.0,49504.0,short,0,-134.0,15,,False,TREND,2026-05-12
2026-05-12,11:59:00,CHOP_BUY,49619.0,49619.0,long,2,0.0,0,,False,CHOP,2026-05-12
2026-05-12,12:00:00,SESSION_EXIT,49601.0,49601.0,long,0,-36.0,1,,False,TREND,2026-05-12
2026-05-15,09:43:00,TREND_SHORT,49650.0,49650.0,short,2,0.0,0,,False,TREND,2026-05-15
2026-05-15,09:55:00,EXIT_FLAT,49729.0,49729.0,short,0,-158.0,12,,False,TREND,2026-05-15
2026-05-15,10:08:00,CHOP_BUY,49695.0,49695.0,long,2,0.0,0,,False,CHOP,2026-05-15
2026-05-15,10:14:00,CHOP_TP,49744.0,49744.0,long,0,98.0,6,,False,CHOP,2026-05-15
2026-05-15,11:44:00,TREND_SHORT,49617.0,49617.0,short,2,0.0,0,,False,TREND,2026-05-15
2026-05-15,11:45:00,SESSION_EXIT,49635.0,49635.0,short,0,-36.0,1,,False,TREND,2026-05-15
