date,time,time_bucket,trade_type,direction,realized_pl,contracts,bars_held,day_type,mode
2023-12-19,09:46:00,09:30-10:00,TREND_LONG,long,0.0,2,0,TREND,
2023-12-19,10:00:00,10:00-10:30,CHOP_TP,long,24.0,0,14,CHOP,
2023-12-19,10:10:00,10:00-10:30,CHOP_BUY,long,0.0,2,0,CHOP,
2023-12-19,10:30:00,10:30-11:00,SESSION_EXIT,long,0.0,0,20,CHOP,
2024-01-10,09:58:00,09:30-10:00,CHOP_BUY,long,0.0,2,0,CHOP,
2024-01-10,10:02:00,10:00-10:30,EXIT_FLAT,long,-180.0,0,4,TREND,
2024-01-10,10:03:00,10:00-10:30,TREND_SHORT,short,0.0,2,0,TREND,
2024-01-10,10:30:00,10:30-11:00,SESSION_EXIT,short,0.0,0,27,CHOP,
2024-02-13,09:47:00,09:30-10:00,CHOP_SELL,short,0.0,2,0,CHOP,
2024-02-13,09:53:00,09:30-10:00,PARTIAL_TP,short,117.0,1,6,TREND,
2024-02-13,10:41:00,10:30-11:00,SESSION_EXIT,short,136.0,0,54,CHOP,
2024-02-22,09:48:00,09:30-10:00,TREND_LONG,long,0.0,2,0,TREND,
2024-02-22,09:51:00,09:30-10:00,PARTIAL_TP,long,50.0,1,3,TREND,
2024-02-22,10:30:00,10:30-11:00,SESSION_EXIT,long,-20.0,0,42,TREND,
2024-02-26,09:43:00,09:30-10:00,TREND_LONG,long,0.0,2,0,TREND,
2024-02-26,10:30:00,10:30-11:00,SESSION_EXIT,long,-108.0,0,47,TREND,
2024-02-27,09:51:00,09:30-10:00,TREND_SHORT,short,0.0,2,0,TREND,
2024-02-27,10:30:00,10:30-11:00,SESSION_EXIT,short,-40.0,0,39,CHOP,
2024-02-28,09:46:00,09:30-10:00,TREND_LONG,long,0.0,2,0,TREND,
2024-02-28,10:30:00,10:30-11:00,SESSION_EXIT,long,48.0,0,44,TREND,
2024-02-29,09:54:00,09:30-10:00,TREND_SHORT,short,0.0,2,0,TREND,
2024-02-29,10:06:00,10:00-10:30,CHOP_TP,short,26.0,0,12,CHOP,
2024-02-29,10:07:00,10:00-10:30,TREND_SHORT,short,0.0,2,0,TREND,
2024-02-29,10:11:00,10:00-10:30,PARTIAL_TP,short,55.0,1,4,TREND,
2024-02-29,10:30:00,10:30-11:00,SESSION_EXIT,short,22.0,0,23,TREND,
2024-03-01,09:42:00,09:30-10:00,TREND_SHORT,short,0.0,2,0,TREND,
2024-03-01,09:53:00,09:30-10:00,PARTIAL_TP,short,53.0,1,11,TREND,
2024-03-01,10:14:00,10:00-10:30,CHOP_TP,short,42.0,0,32,CHOP,
2024-03-01,10:28:00,10:00-10:30,TREND_LONG,long,0.0,2,0,TREND,
2024-03-01,10:30:00,10:30-11:00,SESSION_EXIT,long,4.0,0,2,TREND,
2024-03-04,09:50:00,09:30-10:00,TREND_LONG,long,0.0,2,0,TREND,
2024-03-04,10:30:00,10:30-11:00,SESSION_EXIT,long,28.0,0,40,TREND,
2024-03-05,09:52:00,09:30-10:00,TREND_SHORT,short,0.0,2,0,TREND,
2024-03-05,10:00:00,10:00-10:30,EXIT_FLAT,short,-148.0,0,8,TREND,
2024-03-05,10:04:00,10:00-10:30,TREND_LONG,long,0.0,2,0,TREND,
2024-03-05,10:08:00,10:00-10:30,EXIT_FLAT,long,-130.0,0,4,TREND,
2024-03-05,10:24:00,10:00-10:30,CHOP_BUY,long,0.0,2,0,CHOP,
2024-03-05,10:30:00,10:30-11:00,SESSION_EXIT,long,20.0,0,6,TREND,
2024-03-06,09:48:00,09:30-10:00,TREND_SHORT,short,0.0,2,0,TREND,
2024-03-06,10:11:00,10:00-10:30,EXIT_FLAT,short,-120.0,0,23,TREND,
2024-03-06,10:50:00,10:30-11:00,CHOP_SELL,short,0.0,2,0,CHOP,
2024-03-06,10:51:00,10:30-11:00,SESSION_EXIT,short,-32.0,0,1,CHOP,
2024-03-07,09:45:00,09:30-10:00,TREND_SHORT,short,0.0,2,0,TREND,
2024-03-07,10:30:00,10:30-11:00,SESSION_EXIT,short,-16.0,0,45,TREND,
2024-03-08,09:44:00,09:30-10:00,TREND_LONG,long,0.0,2,0,TREND,
2024-03-08,09:47:00,09:30-10:00,PARTIAL_TP,long,58.0,1,3,TREND,
2024-03-08,10:30:00,10:30-11:00,SESSION_EXIT,long,-34.0,0,46,TREND,
2024-03-11,10:00:00,10:00-10:30,TREND_SHORT,short,0.0,2,0,TREND,
2024-03-11,10:07:00,10:00-10:30,PARTIAL_TP,short,64.0,1,7,TREND,
2024-03-11,10:19:00,10:00-10:30,CHOP_TP,short,55.0,0,19,CHOP,
2024-03-11,10:27:00,10:00-10:30,TREND_SHORT,short,0.0,2,0,TREND,
2024-03-11,10:30:00,10:30-11:00,SESSION_EXIT,short,-80.0,0,3,TREND,
2024-03-12,10:05:00,10:00-10:30,CHOP_SELL,short,0.0,2,0,CHOP,
2024-03-12,10:22:00,10:00-10:30,EXIT_FLAT,short,-138.0,0,17,TREND,
2024-03-12,10:23:00,10:00-10:30,TREND_LONG,long,0.0,2,0,TREND,
2024-03-12,10:29:00,10:00-10:30,PARTIAL_TP,long,56.0,1,6,TREND,
2024-03-12,11:10:00,11:00-11:30,SESSION_EXIT,long,104.0,0,47,CHOP,
2024-03-13,10:06:00,10:00-10:30,TREND_LONG,long,0.0,2,0,TREND,
2024-03-13,10:23:00,10:00-10:30,PARTIAL_TP,long,52.0,1,17,TREND,
2024-03-13,10:30:00,10:30-11:00,SESSION_EXIT,long,46.0,0,24,TREND,
2024-03-14,09:46:00,09:30-10:00,TREND_SHORT,short,0.0,2,0,TREND,
2024-03-14,09:48:00,09:30-10:00,PARTIAL_TP,short,62.0,1,2,TREND,
2024-03-14,10:50:00,10:30-11:00,SESSION_EXIT,short,95.0,0,64,CHOP,
2024-03-15,09:53:00,09:30-10:00,TREND_SHORT,short,0.0,2,0,TREND,
2024-03-15,10:14:00,10:00-10:30,EXIT_FLAT,short,-122.0,0,21,TREND,
2024-03-15,12:04:00,12:00-12:30,CHOP_BUY,long,0.0,2,0,CHOP,
2024-03-15,12:05:00,12:00-12:30,SESSION_EXIT,long,-16.0,0,1,TREND,
2024-03-18,09:47:00,09:30-10:00,TREND_SHORT,short,0.0,2,0,TREND,
2024-03-18,10:08:00,10:00-10:30,EXIT_FLAT,short,-124.0,0,21,TREND,
2024-03-18,10:17:00,10:00-10:30,CHOP_BUY,long,0.0,2,0,CHOP,
2024-03-18,10:30:00,10:30-11:00,SESSION_EXIT,long,60.0,0,13,TREND,
2024-03-19,10:03:00,10:00-10:30,TREND_LONG,long,0.0,2,0,TREND,
2024-03-19,10:30:00,10:30-11:00,SESSION_EXIT,long,4.0,0,27,TREND,
2024-03-20,09:48:00,09:30-10:00,TREND_LONG,long,0.0,2,0,TREND,
2024-03-20,10:29:00,10:00-10:30,PARTIAL_TP,long,52.0,1,41,TREND,
2024-03-20,10:31:00,10:30-11:00,SESSION_EXIT,long,38.0,0,43,TREND,
2024-03-21,09:58:00,09:30-10:00,TREND_LONG,long,0.0,2,0,TREND,
2024-03-21,10:17:00,10:00-10:30,PARTIAL_TP,long,53.0,1,19,TREND,
2024-03-21,11:03:00,11:00-11:30,SESSION_EXIT,long,38.0,0,65,TREND,
2024-03-22,09:43:00,09:30-10:00,TREND_SHORT,short,0.0,2,0,TREND,
2024-03-22,10:11:00,10:00-10:30,PARTIAL_TP,short,55.0,1,28,TREND,
2024-03-22,11:48:00,11:30-12:00,SESSION_EXIT,short,134.0,0,125,CHOP,
2024-03-25,09:43:00,09:30-10:00,CHOP_SELL,short,0.0,2,0,CHOP,
2024-03-25,10:30:00,10:30-11:00,SESSION_EXIT,short,52.0,0,47,TREND,
2024-03-26,09:51:00,09:30-10:00,CHOP_SELL,short,0.0,2,0,CHOP,
2024-03-26,10:30:00,10:30-11:00,SESSION_EXIT,short,-84.0,0,39,TREND,
2024-03-27,09:48:00,09:30-10:00,TREND_LONG,long,0.0,2,0,TREND,
2024-03-27,10:06:00,10:00-10:30,EXIT_FLAT,long,-126.0,0,18,TREND,
2024-03-27,10:44:00,10:30-11:00,CHOP_BUY,long,0.0,2,0,CHOP,
2024-03-27,10:45:00,10:30-11:00,SESSION_EXIT,long,0.0,0,1,TREND,
2024-03-28,09:51:00,09:30-10:00,TREND_SHORT,short,0.0,2,0,TREND,
2024-03-28,10:30:00,10:30-11:00,SESSION_EXIT,short,54.0,0,39,TREND,
2024-04-01,09:45:00,09:30-10:00,TREND_SHORT,short,0.0,2,0,TREND,
2024-04-01,09:49:00,09:30-10:00,PARTIAL_TP,short,55.0,1,4,TREND,
2024-04-01,10:02:00,10:00-10:30,CHOP_TP,short,70.0,0,17,CHOP,
2024-04-01,10:04:00,10:00-10:30,TREND_SHORT,short,0.0,2,0,TREND,
2024-04-01,10:30:00,10:30-11:00,SESSION_EXIT,short,74.0,0,26,TREND,
2024-04-02,09:45:00,09:30-10:00,TREND_SHORT,short,0.0,2,0,TREND,
2024-04-02,09:58:00,09:30-10:00,CHOP_TP,short,56.0,0,13,CHOP,
2024-04-02,12:01:00,12:00-12:30,CHOP_BUY,long,0.0,2,0,CHOP,
2024-04-02,12:02:00,12:00-12:30,SESSION_EXIT,long,0.0,0,1,TREND,
2024-04-03,09:43:00,09:30-10:00,TREND_LONG,long,0.0,2,0,TREND,
2024-04-03,10:00:00,10:00-10:30,PARTIAL_TP,long,52.0,1,17,TREND,
2024-04-03,10:16:00,10:00-10:30,CHOP_TP,long,58.0,0,33,CHOP,
2024-04-03,10:21:00,10:00-10:30,CHOP_BUY,long,0.0,2,0,CHOP,
2024-04-03,10:30:00,10:30-11:00,SESSION_EXIT,long,-4.0,0,9,TREND,
2024-04-04,09:44:00,09:30-10:00,TREND_SHORT,short,0.0,2,0,TREND,
2024-04-04,09:51:00,09:30-10:00,PARTIAL_TP,short,64.0,1,7,TREND,
2024-04-04,10:12:00,10:00-10:30,CHOP_TP,short,44.0,0,28,CHOP,
2024-04-04,10:18:00,10:00-10:30,CHOP_BUY,long,0.0,2,0,CHOP,
2024-04-04,10:30:00,10:30-11:00,SESSION_EXIT,long,16.0,0,12,TREND,
2024-04-05,09:44:00,09:30-10:00,CHOP_BUY,long,0.0,2,0,CHOP,
2024-04-05,10:12:00,10:00-10:30,PARTIAL_TP,long,66.0,1,28,TREND,
2024-04-05,10:30:00,10:30-11:00,SESSION_EXIT,long,11.0,0,46,TREND,
2024-04-08,09:45:00,09:30-10:00,TREND_LONG,long,0.0,2,0,TREND,
2024-04-08,09:59:00,09:30-10:00,EXIT_FLAT,long,-148.0,0,14,TREND,
2024-04-08,10:02:00,10:00-10:30,TREND_SHORT,short,0.0,2,0,TREND,
2024-04-08,10:30:00,10:30-11:00,SESSION_EXIT,short,-120.0,0,28,TREND,
2024-04-09,09:46:00,09:30-10:00,TREND_SHORT,short,0.0,2,0,TREND,
2024-04-09,09:52:00,09:30-10:00,PARTIAL_TP,short,66.0,1,6,TREND,
2024-04-09,11:25:00,11:00-11:30,SESSION_EXIT,short,213.0,0,99,CHOP,
2024-04-10,10:33:00,10:30-11:00,TREND_LONG,long,0.0,2,0,TREND,
2024-04-10,10:34:00,10:30-11:00,SESSION_EXIT,long,-2.0,0,1,TREND,
2024-04-11,09:46:00,09:30-10:00,TREND_SHORT,short,0.0,2,0,TREND,
2024-04-11,10:04:00,10:00-10:30,PARTIAL_TP,short,59.0,1,18,TREND,
2024-04-11,11:03:00,11:00-11:30,SESSION_EXIT,short,118.0,0,77,CHOP,
2024-04-12,09:46:00,09:30-10:00,TREND_LONG,long,0.0,2,0,TREND,
2024-04-12,09:52:00,09:30-10:00,EXIT_FLAT,long,-152.0,0,6,TREND,
2024-04-12,10:00:00,10:00-10:30,CHOP_BUY,long,0.0,2,0,CHOP,
2024-04-12,10:08:00,10:00-10:30,EXIT_FLAT,long,-180.0,0,8,TREND,
2024-04-12,10:35:00,10:30-11:00,TREND_SHORT,short,0.0,2,0,TREND,
2024-04-12,10:36:00,10:30-11:00,SESSION_EXIT,short,68.0,0,1,TREND,
2024-04-15,09:45:00,09:30-10:00,TREND_SHORT,short,0.0,2,0,TREND,
2024-04-15,10:05:00,10:00-10:30,PARTIAL_TP,short,51.0,1,20,TREND,
2024-04-15,10:46:00,10:30-11:00,SESSION_EXIT,short,260.0,0,61,CHOP,
2024-04-16,09:42:00,09:30-10:00,TREND_SHORT,short,0.0,2,0,TREND,
2024-04-16,09:56:00,09:30-10:00,EXIT_FLAT,short,-130.0,0,14,TREND,
2024-04-16,10:02:00,10:00-10:30,CHOP_BUY,long,0.0,2,0,CHOP,
2024-04-16,10:14:00,10:00-10:30,PARTIAL_TP,long,65.0,1,12,TREND,
2024-04-16,10:30:00,10:30-11:00,SESSION_EXIT,long,-33.0,0,28,TREND,
2024-04-17,09:42:00,09:30-10:00,TREND_LONG,long,0.0,2,0,TREND,
2024-04-17,10:00:00,10:00-10:30,EXIT_FLAT,long,-122.0,0,18,TREND,
2024-04-17,10:12:00,10:00-10:30,TREND_SHORT,short,0.0,2,0,TREND,
2024-04-17,10:30:00,10:30-11:00,SESSION_EXIT,short,6.0,0,18,TREND,
2024-04-18,09:56:00,09:30-10:00,TREND_LONG,long,0.0,2,0,TREND,
2024-04-18,10:17:00,10:00-10:30,PARTIAL_TP,long,62.0,1,21,TREND,
2024-04-18,10:32:00,10:30-11:00,SESSION_EXIT,long,49.0,0,36,TREND,
2024-04-19,09:44:00,09:30-10:00,TREND_LONG,long,0.0,2,0,TREND,
2024-04-19,10:07:00,10:00-10:30,PARTIAL_TP,long,51.0,1,23,TREND,
2024-04-19,10:30:00,10:30-11:00,SESSION_EXIT,long,26.0,0,46,TREND,
2024-04-22,11:13:00,11:00-11:30,TREND_SHORT,short,0.0,2,0,TREND,
2024-04-22,11:14:00,11:00-11:30,SESSION_EXIT,short,20.0,0,1,TREND,
2024-04-23,09:45:00,09:30-10:00,TREND_LONG,long,0.0,2,0,TREND,
2024-04-23,10:30:00,10:30-11:00,SESSION_EXIT,long,-10.0,0,45,TREND,
2024-04-24,10:08:00,10:00-10:30,TREND_LONG,long,0.0,2,0,TREND,
2024-04-24,10:17:00,10:00-10:30,EXIT_FLAT,long,-144.0,0,9,TREND,
2024-04-24,10:23:00,10:00-10:30,CHOP_SELL,short,0.0,2,0,CHOP,
2024-04-24,10:30:00,10:30-11:00,SESSION_EXIT,short,-10.0,0,7,TREND,
2024-04-25,09:48:00,09:30-10:00,TREND_SHORT,short,0.0,2,0,TREND,
2024-04-25,09:52:00,09:30-10:00,PARTIAL_TP,short,55.0,1,4,TREND,
2024-04-25,10:30:00,10:30-11:00,SESSION_EXIT,short,35.0,0,42,TREND,
2024-04-26,09:44:00,09:30-10:00,TREND_LONG,long,0.0,2,0,TREND,
2024-04-26,09:51:00,09:30-10:00,PARTIAL_TP,long,52.0,1,7,TREND,
2024-04-26,10:30:00,10:30-11:00,SESSION_EXIT,long,50.0,0,46,TREND,
2024-04-29,10:48:00,10:30-11:00,TREND_SHORT,short,0.0,2,0,TREND,
2024-04-29,10:49:00,10:30-11:00,SESSION_EXIT,short,14.0,0,1,TREND,
2024-04-30,09:53:00,09:30-10:00,TREND_SHORT,short,0.0,2,0,TREND,
2024-04-30,10:17:00,10:00-10:30,EXIT_FLAT,short,-142.0,0,24,TREND,
2024-04-30,10:18:00,10:00-10:30,TREND_LONG,long,0.0,2,0,TREND,
2024-04-30,10:29:00,10:00-10:30,EXIT_FLAT,long,-138.0,0,11,TREND,
2024-04-30,10:46:00,10:30-11:00,TREND_LONG,long,0.0,2,0,TREND,
2024-04-30,10:47:00,10:30-11:00,SESSION_EXIT,long,-26.0,0,1,TREND,
2024-05-01,09:53:00,09:30-10:00,CHOP_SELL,short,0.0,2,0,CHOP,
2024-05-01,10:30:00,10:30-11:00,SESSION_EXIT,short,-70.0,0,37,TREND,
2024-05-02,09:43:00,09:30-10:00,TREND_SHORT,short,0.0,2,0,TREND,
2024-05-02,10:02:00,10:00-10:30,PARTIAL_TP,short,57.0,1,19,TREND,
2024-05-02,10:30:00,10:30-11:00,SESSION_EXIT,short,-56.0,0,47,TREND,
2024-05-03,10:04:00,10:00-10:30,TREND_SHORT,short,0.0,2,0,TREND,
2024-05-03,10:12:00,10:00-10:30,PARTIAL_TP,short,53.0,1,8,TREND,
2024-05-03,11:00:00,11:00-11:30,SESSION_EXIT,short,100.0,0,56,CHOP,
2024-05-06,09:43:00,09:30-10:00,CHOP_SELL,short,0.0,2,0,CHOP,
2024-05-06,09:58:00,09:30-10:00,PARTIAL_TP,short,51.0,1,15,TREND,
2024-05-06,10:30:00,10:30-11:00,SESSION_EXIT,short,40.0,0,47,TREND,
2024-05-07,09:52:00,09:30-10:00,TREND_LONG,long,0.0,2,0,TREND,
2024-05-07,10:24:00,10:00-10:30,CHOP_TP,long,56.0,0,32,CHOP,
2024-05-07,10:26:00,10:00-10:30,CHOP_BUY,long,0.0,2,0,CHOP,
2024-05-07,10:30:00,10:30-11:00,SESSION_EXIT,long,-24.0,0,4,TREND,
2024-05-08,10:25:00,10:00-10:30,TREND_LONG,long,0.0,2,0,TREND,
2024-05-08,10:30:00,10:30-11:00,SESSION_EXIT,long,-20.0,0,5,TREND,
2024-05-09,09:43:00,09:30-10:00,TREND_LONG,long,0.0,2,0,TREND,
2024-05-09,09:51:00,09:30-10:00,PARTIAL_TP,long,54.0,1,8,TREND,
2024-05-09,10:21:00,10:00-10:30,CHOP_TP,long,128.0,0,38,CHOP,
2024-05-09,10:22:00,10:00-10:30,TREND_LONG,long,0.0,2,0,TREND,
2024-05-09,10:30:00,10:30-11:00,SESSION_EXIT,long,50.0,0,8,TREND,
2024-05-10,09:52:00,09:30-10:00,CHOP_SELL,short,0.0,2,0,CHOP,
2024-05-10,10:16:00,10:00-10:30,CHOP_TP,short,32.0,0,24,CHOP,
2024-05-10,10:18:00,10:00-10:30,CHOP_BUY,long,0.0,2,0,CHOP,
2024-05-10,10:30:00,10:30-11:00,SESSION_EXIT,long,-68.0,0,12,TREND,
2024-05-13,10:09:00,10:00-10:30,CHOP_SELL,short,0.0,2,0,CHOP,
2024-05-13,10:27:00,10:00-10:30,CHOP_TP,short,58.0,0,18,CHOP,
2024-05-13,10:31:00,10:30-11:00,TREND_SHORT,short,0.0,2,0,TREND,
2024-05-13,10:32:00,10:30-11:00,SESSION_EXIT,short,-14.0,0,1,TREND,
2024-05-14,09:59:00,09:30-10:00,CHOP_BUY,long,0.0,2,0,CHOP,
2024-05-14,10:11:00,10:00-10:30,PARTIAL_TP,long,57.0,1,12,TREND,
2024-05-14,10:30:00,10:30-11:00,SESSION_EXIT,long,13.0,0,31,TREND,
2024-05-15,09:42:00,09:30-10:00,CHOP_BUY,long,0.0,2,0,CHOP,
2024-05-15,09:53:00,09:30-10:00,EXIT_FLAT,long,-132.0,0,11,TREND,
2024-05-15,09:54:00,09:30-10:00,TREND_SHORT,short,0.0,2,0,TREND,
2024-05-15,10:30:00,10:30-11:00,SESSION_EXIT,short,-44.0,0,36,TREND,
2024-05-16,09:43:00,09:30-10:00,TREND_SHORT,short,0.0,2,0,TREND,
2024-05-16,10:10:00,10:00-10:30,EXIT_FLAT,short,-138.0,0,27,TREND,
2024-05-16,10:12:00,10:00-10:30,TREND_LONG,long,0.0,2,0,TREND,
2024-05-16,10:30:00,10:30-11:00,SESSION_EXIT,long,62.0,0,18,CHOP,
2024-05-17,09:44:00,09:30-10:00,CHOP_SELL,short,0.0,2,0,CHOP,
2024-05-17,10:30:00,10:30-11:00,SESSION_EXIT,short,-50.0,0,46,TREND,
2024-05-20,09:47:00,09:30-10:00,CHOP_BUY,long,0.0,2,0,CHOP,
2024-05-20,09:56:00,09:30-10:00,PARTIAL_TP,long,54.0,1,9,TREND,
2024-05-20,10:41:00,10:30-11:00,SESSION_EXIT,long,119.0,0,54,CHOP,
2024-05-21,10:06:00,10:00-10:30,TREND_LONG,long,0.0,2,0,TREND,
2024-05-21,10:30:00,10:30-11:00,SESSION_EXIT,long,-4.0,0,24,TREND,
2024-05-22,09:42:00,09:30-10:00,TREND_LONG,long,0.0,2,0,TREND,
2024-05-22,10:30:00,10:30-11:00,SESSION_EXIT,long,-20.0,0,48,TREND,
2024-05-23,09:47:00,09:30-10:00,TREND_SHORT,short,0.0,2,0,TREND,
2024-05-23,09:51:00,09:30-10:00,PARTIAL_TP,short,54.0,1,4,TREND,
2024-05-23,10:05:00,10:00-10:30,CHOP_TP,short,47.0,0,18,CHOP,
2024-05-23,10:21:00,10:00-10:30,TREND_SHORT,short,0.0,2,0,TREND,
2024-05-23,10:30:00,10:30-11:00,SESSION_EXIT,short,82.0,0,9,TREND,
2024-05-24,09:50:00,09:30-10:00,TREND_SHORT,short,0.0,2,0,TREND,
2024-05-24,10:30:00,10:30-11:00,SESSION_EXIT,short,-42.0,0,40,TREND,
2024-05-27,09:53:00,09:30-10:00,TREND_SHORT,short,0.0,2,0,TREND,
2024-05-27,10:30:00,10:30-11:00,SESSION_EXIT,short,2.0,0,37,TREND,
2024-05-28,09:44:00,09:30-10:00,TREND_LONG,long,0.0,2,0,TREND,
2024-05-28,09:56:00,09:30-10:00,EXIT_FLAT,long,-124.0,0,12,TREND,
2024-05-28,10:05:00,10:00-10:30,CHOP_BUY,long,0.0,2,0,CHOP,
2024-05-28,10:30:00,10:30-11:00,SESSION_EXIT,long,18.0,0,25,TREND,
2024-05-29,10:07:00,10:00-10:30,TREND_LONG,long,0.0,2,0,TREND,
2024-05-29,10:30:00,10:30-11:00,SESSION_EXIT,long,-38.0,0,23,TREND,
2024-05-30,09:49:00,09:30-10:00,TREND_SHORT,short,0.0,2,0,TREND,
2024-05-30,10:11:00,10:00-10:30,CHOP_TP,short,40.0,0,22,CHOP,
2024-05-30,10:14:00,10:00-10:30,TREND_SHORT,short,0.0,2,0,TREND,
2024-05-30,10:30:00,10:30-11:00,SESSION_EXIT,short,-108.0,0,16,TREND,
2024-05-31,09:54:00,09:30-10:00,TREND_SHORT,short,0.0,2,0,TREND,
2024-05-31,10:30:00,10:30-11:00,SESSION_EXIT,short,8.0,0,36,TREND,
2024-06-03,09:48:00,09:30-10:00,TREND_SHORT,short,0.0,2,0,TREND,
2024-06-03,09:55:00,09:30-10:00,PARTIAL_TP,short,50.0,1,7,TREND,
2024-06-03,10:30:00,10:30-11:00,SESSION_EXIT,short,36.0,0,42,TREND,
2024-06-04,09:44:00,09:30-10:00,TREND_LONG,long,0.0,2,0,TREND,
2024-06-04,10:00:00,10:00-10:30,PARTIAL_TP,long,61.0,1,16,TREND,
2024-06-04,10:37:00,10:30-11:00,SESSION_EXIT,long,42.0,0,53,TREND,
2024-06-05,09:45:00,09:30-10:00,CHOP_BUY,long,0.0,2,0,CHOP,
2024-06-05,09:53:00,09:30-10:00,EXIT_FLAT,long,-140.0,0,8,TREND,
2024-06-05,09:59:00,09:30-10:00,TREND_LONG,long,0.0,2,0,TREND,
2024-06-05,10:05:00,10:00-10:30,EXIT_FLAT,long,-120.0,0,6,TREND,
2024-06-05,10:09:00,10:00-10:30,TREND_SHORT,short,0.0,2,0,TREND,
2024-06-05,10:23:00,10:00-10:30,EXIT_FLAT,short,-124.0,0,14,TREND,
2024-06-05,11:34:00,11:30-12:00,CHOP_BUY,long,0.0,2,0,CHOP,
2024-06-05,11:35:00,11:30-12:00,SESSION_EXIT,long,18.0,0,1,TREND,
2024-06-06,09:42:00,09:30-10:00,TREND_LONG,long,0.0,2,0,TREND,
2024-06-06,09:46:00,09:30-10:00,PARTIAL_TP,long,54.0,1,4,TREND,
2024-06-06,10:15:00,10:00-10:30,CHOP_TP,long,102.0,0,33,CHOP,
2024-06-06,11:43:00,11:30-12:00,CHOP_SELL,short,0.0,2,0,CHOP,
2024-06-06,11:44:00,11:30-12:00,SESSION_EXIT,short,16.0,0,1,TREND,
2024-06-07,09:43:00,09:30-10:00,TREND_LONG,long,0.0,2,0,TREND,
2024-06-07,09:47:00,09:30-10:00,EXIT_FLAT,long,-122.0,0,4,TREND,
2024-06-07,10:00:00,10:00-10:30,TREND_LONG,long,0.0,2,0,TREND,
2024-06-07,10:14:00,10:00-10:30,PARTIAL_TP,long,52.0,1,14,TREND,
2024-06-07,11:06:00,11:00-11:30,SESSION_EXIT,long,48.0,0,66,TREND,
2024-06-10,09:51:00,09:30-10:00,TREND_LONG,long,0.0,2,0,TREND,
2024-06-10,10:30:00,10:30-11:00,SESSION_EXIT,long,-78.0,0,39,TREND,
2024-06-11,09:42:00,09:30-10:00,TREND_SHORT,short,0.0,2,0,TREND,
2024-06-11,09:46:00,09:30-10:00,PARTIAL_TP,short,53.0,1,4,TREND,
2024-06-11,10:24:00,10:00-10:30,EXIT_FLAT,short,-60.0,0,42,TREND,
2024-06-11,11:51:00,11:30-12:00,CHOP_BUY,long,0.0,2,0,CHOP,
2024-06-11,11:52:00,11:30-12:00,SESSION_EXIT,long,-8.0,0,1,TREND,
2024-06-12,10:05:00,10:00-10:30,TREND_SHORT,short,0.0,2,0,TREND,
2024-06-12,10:11:00,10:00-10:30,PARTIAL_TP,short,59.0,1,6,TREND,
2024-06-12,10:30:00,10:30-11:00,SESSION_EXIT,short,44.0,0,25,TREND,
2024-06-13,09:42:00,09:30-10:00,CHOP_SELL,short,0.0,2,0,CHOP,
2024-06-13,09:45:00,09:30-10:00,PARTIAL_TP,short,62.0,1,3,TREND,
2024-06-13,10:48:00,10:30-11:00,SESSION_EXIT,short,106.0,0,66,CHOP,
2024-06-14,09:51:00,09:30-10:00,TREND_SHORT,short,0.0,2,0,TREND,
2024-06-14,10:05:00,10:00-10:30,PARTIAL_TP,short,50.0,1,14,TREND,
2024-06-14,10:35:00,10:30-11:00,SESSION_EXIT,short,40.0,0,44,TREND,
2024-06-17,09:50:00,09:30-10:00,TREND_LONG,long,0.0,2,0,TREND,
2024-06-17,09:59:00,09:30-10:00,EXIT_FLAT,long,-154.0,0,9,TREND,
2024-06-17,10:57:00,10:30-11:00,TREND_LONG,long,0.0,2,0,TREND,
2024-06-17,10:58:00,10:30-11:00,SESSION_EXIT,long,6.0,0,1,TREND,
2024-06-18,10:24:00,10:00-10:30,TREND_SHORT,short,0.0,2,0,TREND,
2024-06-18,10:30:00,10:30-11:00,SESSION_EXIT,short,-30.0,0,6,TREND,
2024-06-19,09:48:00,09:30-10:00,CHOP_SELL,short,0.0,2,0,CHOP,
2024-06-19,10:12:00,10:00-10:30,CHOP_TP,short,22.0,0,24,CHOP,
2024-06-19,10:14:00,10:00-10:30,CHOP_BUY,long,0.0,2,0,CHOP,
2024-06-19,10:30:00,10:30-11:00,SESSION_EXIT,long,-38.0,0,16,TREND,
2024-06-20,09:43:00,09:30-10:00,TREND_LONG,long,0.0,2,0,TREND,
2024-06-20,09:48:00,09:30-10:00,PARTIAL_TP,long,68.0,1,5,TREND,
2024-06-20,09:57:00,09:30-10:00,CHOP_TP,long,50.0,0,14,CHOP,
2024-06-20,10:10:00,10:00-10:30,CHOP_BUY,long,0.0,2,0,CHOP,
2024-06-20,10:16:00,10:00-10:30,CHOP_TP,long,76.0,0,6,CHOP,
2024-06-20,10:17:00,10:00-10:30,TREND_LONG,long,0.0,2,0,TREND,
2024-06-20,10:30:00,10:30-11:00,SESSION_EXIT,long,-72.0,0,13,TREND,
2024-06-24,09:48:00,09:30-10:00,TREND_LONG,long,0.0,2,0,TREND,
2024-06-24,09:52:00,09:30-10:00,PARTIAL_TP,long,57.0,1,4,TREND,
2024-06-24,10:19:00,10:00-10:30,CHOP_TP,long,147.0,0,31,CHOP,
2024-06-24,10:21:00,10:00-10:30,TREND_LONG,long,0.0,2,0,TREND,
2024-06-24,10:30:00,10:30-11:00,SESSION_EXIT,long,-12.0,0,9,TREND,
2024-06-25,09:56:00,09:30-10:00,TREND_SHORT,short,0.0,2,0,TREND,
2024-06-25,10:09:00,10:00-10:30,PARTIAL_TP,short,66.0,1,13,TREND,
2024-06-25,10:30:00,10:30-11:00,SESSION_EXIT,short,2.0,0,34,TREND,
2024-06-26,10:08:00,10:00-10:30,CHOP_SELL,short,0.0,2,0,CHOP,
2024-06-26,10:30:00,10:30-11:00,SESSION_EXIT,short,-58.0,0,22,TREND,
2024-06-27,10:19:00,10:00-10:30,TREND_LONG,long,0.0,2,0,TREND,
2024-06-27,10:30:00,10:30-11:00,SESSION_EXIT,long,14.0,0,11,TREND,
2024-06-28,10:12:00,10:00-10:30,TREND_LONG,long,0.0,2,0,TREND,
2024-06-28,10:16:00,10:00-10:30,EXIT_FLAT,long,-128.0,0,4,TREND,
2024-06-28,12:51:00,12:30-13:00,CHOP_SELL,short,0.0,2,0,CHOP,
2024-06-28,12:52:00,12:30-13:00,SESSION_EXIT,short,4.0,0,1,TREND,
2024-07-01,09:46:00,09:30-10:00,TREND_LONG,long,0.0,2,0,TREND,
2024-07-01,10:01:00,10:00-10:30,EXIT_FLAT,long,-124.0,0,15,TREND,
2024-07-01,10:14:00,10:00-10:30,TREND_SHORT,short,0.0,2,0,TREND,
2024-07-01,10:30:00,10:30-11:00,SESSION_EXIT,short,52.0,0,16,TREND,
2024-07-02,10:29:00,10:00-10:30,CHOP_SELL,short,0.0,2,0,CHOP,
2024-07-02,10:30:00,10:30-11:00,SESSION_EXIT,short,2.0,0,1,TREND,
2024-07-03,09:51:00,09:30-10:00,TREND_SHORT,short,0.0,2,0,TREND,
2024-07-03,10:30:00,10:30-11:00,SESSION_EXIT,short,-14.0,0,39,TREND,
2024-07-04,09:49:00,09:30-10:00,TREND_SHORT,short,0.0,2,0,TREND,
2024-07-04,10:30:00,10:30-11:00,SESSION_EXIT,short,92.0,0,41,TREND,
2024-07-05,09:43:00,09:30-10:00,TREND_LONG,long,0.0,2,0,TREND,
2024-07-05,09:47:00,09:30-10:00,EXIT_FLAT,long,-136.0,0,4,TREND,
2024-07-05,10:08:00,10:00-10:30,TREND_SHORT,short,0.0,2,0,TREND,
2024-07-05,10:30:00,10:30-11:00,SESSION_EXIT,short,-36.0,0,22,TREND,
2024-07-08,09:47:00,09:30-10:00,TREND_LONG,long,0.0,2,0,TREND,
2024-07-08,09:56:00,09:30-10:00,EXIT_FLAT,long,-146.0,0,9,TREND,
2024-07-08,10:38:00,10:30-11:00,CHOP_SELL,short,0.0,2,0,CHOP,
2024-07-08,10:39:00,10:30-11:00,SESSION_EXIT,short,-6.0,0,1,TREND,
2024-07-09,09:42:00,09:30-10:00,TREND_SHORT,short,0.0,2,0,TREND,
2024-07-09,09:58:00,09:30-10:00,PARTIAL_TP,short,50.0,1,16,TREND,
2024-07-09,10:30:00,10:30-11:00,SESSION_EXIT,short,40.0,0,48,TREND,
2024-07-10,11:08:00,11:00-11:30,TREND_LONG,long,0.0,2,0,TREND,
2024-07-10,11:09:00,11:00-11:30,SESSION_EXIT,long,-8.0,0,1,TREND,
2024-07-11,09:51:00,09:30-10:00,TREND_LONG,long,0.0,2,0,TREND,
2024-07-11,10:05:00,10:00-10:30,PARTIAL_TP,long,54.0,1,14,TREND,
2024-07-11,10:30:00,10:30-11:00,SESSION_EXIT,long,-2.0,0,39,TREND,
2024-07-12,10:17:00,10:00-10:30,TREND_LONG,long,0.0,2,0,TREND,
2024-07-12,10:30:00,10:30-11:00,SESSION_EXIT,long,72.0,0,13,TREND,
2024-07-15,09:43:00,09:30-10:00,TREND_SHORT,short,0.0,2,0,TREND,
2024-07-15,09:57:00,09:30-10:00,PARTIAL_TP,short,55.0,1,14,TREND,
2024-07-15,10:30:00,10:30-11:00,SESSION_EXIT,short,11.0,0,47,TREND,
2024-07-16,09:44:00,09:30-10:00,TREND_LONG,long,0.0,2,0,TREND,
2024-07-16,09:47:00,09:30-10:00,PARTIAL_TP,long,67.0,1,3,TREND,
2024-07-16,11:00:00,11:00-11:30,SESSION_EXIT,long,331.0,0,76,CHOP,
2024-07-17,09:51:00,09:30-10:00,TREND_LONG,long,0.0,2,0,TREND,
2024-07-17,10:14:00,10:00-10:30,PARTIAL_TP,long,54.0,1,23,TREND,
2024-07-17,10:30:00,10:30-11:00,SESSION_EXIT,long,43.0,0,39,TREND,
2024-07-18,09:44:00,09:30-10:00,TREND_LONG,long,0.0,2,0,TREND,
2024-07-18,09:59:00,09:30-10:00,PARTIAL_TP,long,57.0,1,15,TREND,
2024-07-18,10:32:00,10:30-11:00,SESSION_EXIT,long,64.0,0,48,CHOP,
2024-07-19,10:27:00,10:00-10:30,TREND_SHORT,short,0.0,2,0,TREND,
2024-07-19,10:30:00,10:30-11:00,SESSION_EXIT,short,34.0,0,3,TREND,
2024-07-22,09:44:00,09:30-10:00,TREND_SHORT,short,0.0,2,0,TREND,
2024-07-22,09:57:00,09:30-10:00,PARTIAL_TP,short,69.0,1,13,TREND,
2024-07-22,10:30:00,10:30-11:00,SESSION_EXIT,short,-8.0,0,46,TREND,
2024-07-23,10:03:00,10:00-10:30,TREND_LONG,long,0.0,2,0,TREND,
2024-07-23,10:30:00,10:30-11:00,SESSION_EXIT,long,26.0,0,27,TREND,
2024-07-24,09:51:00,09:30-10:00,TREND_SHORT,short,0.0,2,0,TREND,
2024-07-24,09:53:00,09:30-10:00,PARTIAL_TP,short,52.0,1,2,TREND,
2024-07-24,11:14:00,11:00-11:30,SESSION_EXIT,short,170.0,0,83,CHOP,
2024-07-25,09:44:00,09:30-10:00,TREND_LONG,long,0.0,2,0,TREND,
2024-07-25,09:54:00,09:30-10:00,PARTIAL_TP,long,69.0,1,10,TREND,
2024-07-25,10:37:00,10:30-11:00,SESSION_EXIT,long,96.0,0,53,CHOP,
2024-07-26,09:43:00,09:30-10:00,TREND_LONG,long,0.0,2,0,TREND,
2024-07-26,09:48:00,09:30-10:00,PARTIAL_TP,long,67.0,1,5,TREND,
2024-07-26,10:00:00,10:00-10:30,CHOP_TP,long,89.0,0,17,CHOP,
2024-07-26,10:01:00,10:00-10:30,TREND_LONG,long,0.0,2,0,TREND,
2024-07-26,10:09:00,10:00-10:30,EXIT_FLAT,long,-136.0,0,8,TREND,
2024-07-26,10:26:00,10:00-10:30,TREND_LONG,long,0.0,2,0,TREND,
2024-07-26,10:30:00,10:30-11:00,SESSION_EXIT,long,-108.0,0,4,TREND,
2024-07-29,10:31:00,10:30-11:00,TREND_SHORT,short,0.0,2,0,TREND,
2024-07-29,10:32:00,10:30-11:00,SESSION_EXIT,short,44.0,0,1,TREND,
2024-07-30,09:45:00,09:30-10:00,TREND_LONG,long,0.0,2,0,TREND,
2024-07-30,09:57:00,09:30-10:00,CHOP_TP,long,50.0,0,12,CHOP,
2024-07-30,10:01:00,10:00-10:30,TREND_SHORT,short,0.0,2,0,TREND,
2024-07-30,10:09:00,10:00-10:30,PARTIAL_TP,short,54.0,1,8,TREND,
2024-07-30,10:32:00,10:30-11:00,SESSION_EXIT,short,42.0,0,31,TREND,
2024-07-31,09:54:00,09:30-10:00,TREND_SHORT,short,0.0,2,0,TREND,
2024-07-31,09:56:00,09:30-10:00,PARTIAL_TP,short,59.0,1,2,TREND,
2024-07-31,10:11:00,10:00-10:30,EXIT_FLAT,short,-79.0,0,17,TREND,
2024-07-31,10:15:00,10:00-10:30,TREND_LONG,long,0.0,2,0,TREND,
2024-07-31,10:30:00,10:30-11:00,PARTIAL_TP,long,58.0,1,15,TREND,
2024-07-31,10:40:00,10:30-11:00,SESSION_EXIT,long,78.0,0,25,CHOP,
2024-08-01,09:45:00,09:30-10:00,TREND_SHORT,short,0.0,2,0,TREND,
2024-08-01,09:50:00,09:30-10:00,PARTIAL_TP,short,69.0,1,5,TREND,
2024-08-01,13:54:00,13:30-14:00,SESSION_EXIT,short,742.0,0,249,CHOP,
2024-08-02,10:06:00,10:00-10:30,TREND_SHORT,short,0.0,2,0,TREND,
2024-08-02,10:10:00,10:00-10:30,PARTIAL_TP,short,58.0,1,4,TREND,
2024-08-02,11:12:00,11:00-11:30,SESSION_EXIT,short,381.0,0,66,CHOP,
2024-08-05,09:47:00,09:30-10:00,TREND_LONG,long,0.0,2,0,TREND,
2024-08-05,09:50:00,09:30-10:00,PARTIAL_TP,long,92.0,1,3,TREND,
2024-08-05,09:59:00,09:30-10:00,EXIT_FLAT,long,-69.0,0,12,TREND,
2024-08-05,10:00:00,10:00-10:30,TREND_LONG,long,0.0,2,0,TREND,
2024-08-05,10:03:00,10:00-10:30,EXIT_FLAT,long,-160.0,0,3,TREND,
2024-08-05,12:23:00,12:00-12:30,TREND_LONG,long,0.0,2,0,TREND,
2024-08-05,12:24:00,12:00-12:30,SESSION_EXIT,long,-14.0,0,1,TREND,
2024-08-06,09:47:00,09:30-10:00,TREND_LONG,long,0.0,2,0,TREND,
2024-08-06,09:51:00,09:30-10:00,PARTIAL_TP,long,73.0,1,4,TREND,
2024-08-06,10:21:00,10:00-10:30,CHOP_TP,long,220.0,0,34,CHOP,
2024-08-06,10:25:00,10:00-10:30,TREND_LONG,long,0.0,2,0,TREND,
2024-08-06,10:29:00,10:00-10:30,EXIT_FLAT,long,-196.0,0,4,TREND,
2024-08-06,10:46:00,10:30-11:00,TREND_LONG,long,0.0,2,0,TREND,
2024-08-06,10:47:00,10:30-11:00,SESSION_EXIT,long,76.0,0,1,TREND,
2024-08-07,09:43:00,09:30-10:00,TREND_LONG,long,0.0,2,0,TREND,
2024-08-07,09:56:00,09:30-10:00,PARTIAL_TP,long,86.0,1,13,TREND,
2024-08-07,10:30:00,10:30-11:00,SESSION_EXIT,long,-17.0,0,47,TREND,
2024-08-08,09:46:00,09:30-10:00,TREND_LONG,long,0.0,2,0,TREND,
2024-08-08,09:48:00,09:30-10:00,EXIT_FLAT,long,-184.0,0,2,TREND,
2024-08-08,09:52:00,09:30-10:00,TREND_LONG,long,0.0,2,0,TREND,
2024-08-08,09:54:00,09:30-10:00,PARTIAL_TP,long,58.0,1,2,TREND,
2024-08-08,10:21:00,10:00-10:30,CHOP_TP,long,72.0,0,29,CHOP,
2024-08-08,10:25:00,10:00-10:30,TREND_LONG,long,0.0,2,0,TREND,
2024-08-08,10:30:00,10:30-11:00,SESSION_EXIT,long,2.0,0,5,TREND,
2024-08-09,09:49:00,09:30-10:00,TREND_SHORT,short,0.0,2,0,TREND,
2024-08-09,09:54:00,09:30-10:00,EXIT_FLAT,short,-140.0,0,5,TREND,
2024-08-09,10:03:00,10:00-10:30,TREND_LONG,long,0.0,2,0,TREND,
2024-08-09,10:30:00,10:30-11:00,SESSION_EXIT,long,-86.0,0,27,TREND,
2024-08-12,09:44:00,09:30-10:00,TREND_SHORT,short,0.0,2,0,TREND,
2024-08-12,09:49:00,09:30-10:00,PARTIAL_TP,short,61.0,1,5,TREND,
2024-08-12,10:30:00,10:30-11:00,SESSION_EXIT,short,-37.0,0,46,TREND,
2024-08-13,09:45:00,09:30-10:00,TREND_LONG,long,0.0,2,0,TREND,
2024-08-13,09:55:00,09:30-10:00,EXIT_FLAT,long,-212.0,0,10,TREND,
2024-08-13,10:05:00,10:00-10:30,TREND_SHORT,short,0.0,2,0,TREND,
2024-08-13,10:27:00,10:00-10:30,EXIT_FLAT,short,-130.0,0,22,TREND,
2024-08-13,11:03:00,11:00-11:30,CHOP_BUY,long,0.0,2,0,CHOP,
2024-08-13,11:04:00,11:00-11:30,SESSION_EXIT,long,20.0,0,1,TREND,
2024-08-14,09:43:00,09:30-10:00,TREND_LONG,long,0.0,2,0,TREND,
2024-08-14,10:05:00,10:00-10:30,EXIT_FLAT,long,-134.0,0,22,TREND,
2024-08-14,10:34:00,10:30-11:00,TREND_SHORT,short,0.0,2,0,TREND,
2024-08-14,10:35:00,10:30-11:00,SESSION_EXIT,short,-38.0,0,1,TREND,
2024-08-15,09:59:00,09:30-10:00,TREND_SHORT,short,0.0,2,0,TREND,
2024-08-15,10:04:00,10:00-10:30,PARTIAL_TP,short,50.0,1,5,TREND,
2024-08-15,10:30:00,10:30-11:00,SESSION_EXIT,short,11.0,0,31,TREND,
2024-08-16,09:43:00,09:30-10:00,TREND_SHORT,short,0.0,2,0,TREND,
2024-08-16,10:00:00,10:00-10:30,EXIT_FLAT,short,-176.0,0,17,TREND,
2024-08-16,10:29:00,10:00-10:30,TREND_SHORT,short,0.0,2,0,TREND,
2024-08-16,10:30:00,10:30-11:00,SESSION_EXIT,short,40.0,0,1,TREND,
2024-08-19,09:58:00,09:30-10:00,CHOP_SELL,short,0.0,2,0,CHOP,
2024-08-19,10:07:00,10:00-10:30,EXIT_FLAT,short,-134.0,0,9,TREND,
2024-08-19,10:41:00,10:30-11:00,TREND_LONG,long,0.0,2,0,TREND,
2024-08-19,10:42:00,10:30-11:00,SESSION_EXIT,long,8.0,0,1,TREND,
2024-08-20,10:41:00,10:30-11:00,CHOP_SELL,short,0.0,2,0,CHOP,
2024-08-20,10:42:00,10:30-11:00,SESSION_EXIT,short,-6.0,0,1,TREND,
2024-08-21,10:06:00,10:00-10:30,TREND_SHORT,short,0.0,2,0,TREND,
2024-08-21,10:14:00,10:00-10:30,PARTIAL_TP,short,52.0,1,8,TREND,
2024-08-21,10:30:00,10:30-11:00,SESSION_EXIT,short,-38.0,0,24,TREND,
2024-08-22,09:50:00,09:30-10:00,TREND_SHORT,short,0.0,2,0,TREND,
2024-08-22,10:09:00,10:00-10:30,PARTIAL_TP,short,50.0,1,19,TREND,
2024-08-22,10:22:00,10:00-10:30,CHOP_TP,short,84.0,0,32,CHOP,
2024-08-22,11:19:00,11:00-11:30,TREND_SHORT,short,0.0,2,0,TREND,
2024-08-22,11:20:00,11:00-11:30,SESSION_EXIT,short,30.0,0,1,TREND,
2024-08-23,09:50:00,09:30-10:00,TREND_SHORT,short,0.0,2,0,TREND,
2024-08-23,10:00:00,10:00-10:30,EXIT_FLAT,short,-220.0,0,10,TREND,
2024-08-23,10:09:00,10:00-10:30,TREND_LONG,long,0.0,2,0,TREND,
2024-08-23,10:12:00,10:00-10:30,PARTIAL_TP,long,58.0,1,3,TREND,
2024-08-23,10:32:00,10:30-11:00,SESSION_EXIT,long,43.0,0,23,TREND,
2024-08-26,09:45:00,09:30-10:00,TREND_LONG,long,0.0,2,0,TREND,
2024-08-26,10:15:00,10:00-10:30,CHOP_TP,long,38.0,0,30,CHOP,
2024-08-26,10:17:00,10:00-10:30,CHOP_BUY,long,0.0,2,0,CHOP,
2024-08-26,10:30:00,10:30-11:00,SESSION_EXIT,long,72.0,0,13,TREND,
2024-08-27,09:43:00,09:30-10:00,TREND_LONG,long,0.0,2,0,TREND,
2024-08-27,09:57:00,09:30-10:00,EXIT_FLAT,long,-130.0,0,14,TREND,
2024-08-27,10:57:00,10:30-11:00,CHOP_BUY,long,0.0,2,0,CHOP,
2024-08-27,10:58:00,10:30-11:00,SESSION_EXIT,long,8.0,0,1,TREND,
2024-08-28,09:50:00,09:30-10:00,TREND_LONG,long,0.0,2,0,TREND,
2024-08-28,09:53:00,09:30-10:00,PARTIAL_TP,long,53.0,1,3,TREND,
2024-08-28,10:30:00,10:30-11:00,SESSION_EXIT,long,-50.0,0,40,TREND,
2024-08-29,09:46:00,09:30-10:00,TREND_SHORT,short,0.0,2,0,TREND,
2024-08-29,09:56:00,09:30-10:00,EXIT_FLAT,short,-146.0,0,10,TREND,
2024-08-29,10:52:00,10:30-11:00,CHOP_SELL,short,0.0,2,0,CHOP,
2024-08-29,10:53:00,10:30-11:00,SESSION_EXIT,short,-2.0,0,1,TREND,
2024-08-30,09:47:00,09:30-10:00,TREND_SHORT,short,0.0,2,0,TREND,
2024-08-30,10:10:00,10:00-10:30,EXIT_FLAT,short,-148.0,0,23,TREND,
2024-08-30,11:20:00,11:00-11:30,TREND_SHORT,short,0.0,2,0,TREND,
2024-08-30,11:21:00,11:00-11:30,SESSION_EXIT,short,-18.0,0,1,TREND,
2024-09-02,10:00:00,10:00-10:30,TREND_SHORT,short,0.0,2,0,TREND,
2024-09-02,10:30:00,10:30-11:00,SESSION_EXIT,short,10.0,0,30,TREND,
2024-09-03,09:47:00,09:30-10:00,TREND_SHORT,short,0.0,2,0,TREND,
2024-09-03,09:50:00,09:30-10:00,PARTIAL_TP,short,56.0,1,3,TREND,
2024-09-03,10:14:00,10:00-10:30,CHOP_TP,short,202.0,0,27,CHOP,
2024-09-03,10:58:00,10:30-11:00,CHOP_SELL,short,0.0,2,0,CHOP,
2024-09-03,10:59:00,10:30-11:00,SESSION_EXIT,short,-30.0,0,1,TREND,
2024-09-04,10:08:00,10:00-10:30,TREND_LONG,long,0.0,2,0,TREND,
2024-09-04,10:17:00,10:00-10:30,EXIT_FLAT,long,-128.0,0,9,TREND,
2024-09-04,10:28:00,10:00-10:30,CHOP_BUY,long,0.0,2,0,CHOP,
2024-09-04,10:30:00,10:30-11:00,SESSION_EXIT,long,80.0,0,2,TREND,
2024-09-05,10:47:00,10:30-11:00,TREND_SHORT,short,0.0,2,0,TREND,
2024-09-05,10:48:00,10:30-11:00,SESSION_EXIT,short,30.0,0,1,TREND,
2024-09-06,10:13:00,10:00-10:30,TREND_SHORT,short,0.0,2,0,TREND,
2024-09-06,10:23:00,10:00-10:30,PARTIAL_TP,short,63.0,1,10,TREND,
2024-09-06,11:01:00,11:00-11:30,SESSION_EXIT,short,38.0,0,48,TREND,
2024-09-09,09:44:00,09:30-10:00,CHOP_BUY,long,0.0,2,0,CHOP,
2024-09-09,09:49:00,09:30-10:00,PARTIAL_TP,long,51.0,1,5,TREND,
2024-09-09,13:28:00,13:00-13:30,SESSION_EXIT,long,333.0,0,224,CHOP,
2024-09-10,09:57:00,09:30-10:00,TREND_SHORT,short,0.0,2,0,TREND,
2024-09-10,10:06:00,10:00-10:30,PARTIAL_TP,short,65.0,1,9,TREND,
2024-09-10,10:54:00,10:30-11:00,SESSION_EXIT,short,99.0,0,57,CHOP,
2024-09-11,09:43:00,09:30-10:00,TREND_SHORT,short,0.0,2,0,TREND,
2024-09-11,09:57:00,09:30-10:00,PARTIAL_TP,short,57.0,1,14,TREND,
2024-09-11,10:43:00,10:30-11:00,SESSION_EXIT,short,268.0,0,60,CHOP,
2024-09-12,09:42:00,09:30-10:00,TREND_SHORT,short,0.0,2,0,TREND,
2024-09-12,09:48:00,09:30-10:00,PARTIAL_TP,short,81.0,1,6,TREND,
2024-09-12,09:57:00,09:30-10:00,CHOP_TP,short,79.0,0,15,CHOP,
2024-09-12,09:59:00,09:30-10:00,TREND_SHORT,short,0.0,2,0,TREND,
2024-09-12,10:12:00,10:00-10:30,EXIT_FLAT,short,-176.0,0,13,TREND,
2024-09-12,12:18:00,12:00-12:30,CHOP_BUY,long,0.0,2,0,CHOP,
2024-09-12,12:19:00,12:00-12:30,SESSION_EXIT,long,16.0,0,1,TREND,
2024-09-13,09:47:00,09:30-10:00,TREND_LONG,long,0.0,2,0,TREND,
2024-09-13,09:58:00,09:30-10:00,PARTIAL_TP,long,56.0,1,11,TREND,
2024-09-13,10:30:00,10:30-11:00,SESSION_EXIT,long,46.0,0,43,TREND,
2024-09-16,09:52:00,09:30-10:00,TREND_LONG,long,0.0,2,0,TREND,
2024-09-16,10:03:00,10:00-10:30,EXIT_FLAT,long,-126.0,0,11,TREND,
2024-09-16,10:11:00,10:00-10:30,CHOP_BUY,long,0.0,2,0,CHOP,
2024-09-16,10:26:00,10:00-10:30,EXIT_FLAT,long,-142.0,0,15,TREND,
2024-09-16,10:30:00,10:30-11:00,TREND_SHORT,short,0.0,2,0,TREND,
2024-09-16,10:31:00,10:30-11:00,SESSION_EXIT,short,16.0,0,1,TREND,
2024-09-17,09:55:00,09:30-10:00,TREND_SHORT,short,0.0,2,0,TREND,
2024-09-17,10:06:00,10:00-10:30,EXIT_FLAT,short,-120.0,0,11,TREND,
2024-09-17,10:12:00,10:00-10:30,TREND_LONG,long,0.0,2,0,TREND,
2024-09-17,10:28:00,10:00-10:30,CHOP_TP,long,36.0,0,16,CHOP,
2024-09-17,11:39:00,11:30-12:00,CHOP_SELL,short,0.0,2,0,CHOP,
2024-09-17,11:40:00,11:30-12:00,SESSION_EXIT,short,8.0,0,1,TREND,
2024-09-18,09:55:00,09:30-10:00,TREND_SHORT,short,0.0,2,0,TREND,
2024-09-18,10:06:00,10:00-10:30,EXIT_FLAT,short,-122.0,0,11,TREND,
2024-09-18,10:27:00,10:00-10:30,CHOP_BUY,long,0.0,2,0,CHOP,
2024-09-18,10:30:00,10:30-11:00,SESSION_EXIT,long,-16.0,0,3,TREND,
2024-09-19,09:45:00,09:30-10:00,TREND_SHORT,short,0.0,2,0,TREND,
2024-09-19,09:51:00,09:30-10:00,PARTIAL_TP,short,53.0,1,6,TREND,
2024-09-19,09:58:00,09:30-10:00,EXIT_FLAT,short,-70.0,0,13,TREND,
2024-09-19,11:08:00,11:00-11:30,TREND_SHORT,short,0.0,2,0,TREND,
2024-09-19,11:09:00,11:00-11:30,SESSION_EXIT,short,-42.0,0,1,TREND,
2024-09-23,09:58:00,09:30-10:00,TREND_SHORT,short,0.0,2,0,TREND,
2024-09-23,10:08:00,10:00-10:30,EXIT_FLAT,short,-124.0,0,10,TREND,
2024-09-23,11:37:00,11:30-12:00,CHOP_SELL,short,0.0,2,0,CHOP,
2024-09-23,11:38:00,11:30-12:00,SESSION_EXIT,short,-12.0,0,1,TREND,
2024-09-24,10:00:00,10:00-10:30,TREND_SHORT,short,0.0,2,0,TREND,
2024-09-24,10:10:00,10:00-10:30,EXIT_FLAT,short,-124.0,0,10,TREND,
2024-09-24,10:57:00,10:30-11:00,TREND_LONG,long,0.0,2,0,TREND,
2024-09-24,10:58:00,10:30-11:00,SESSION_EXIT,long,-16.0,0,1,TREND,
2024-09-25,09:50:00,09:30-10:00,TREND_SHORT,short,0.0,2,0,TREND,
2024-09-25,10:20:00,10:00-10:30,PARTIAL_TP,short,65.0,1,30,TREND,
2024-09-25,10:42:00,10:30-11:00,SESSION_EXIT,short,50.0,0,52,TREND,
2024-09-26,10:08:00,10:00-10:30,TREND_SHORT,short,0.0,2,0,TREND,
2024-09-26,10:30:00,10:30-11:00,SESSION_EXIT,short,40.0,0,22,TREND,
2024-09-27,10:00:00,10:00-10:30,TREND_LONG,long,0.0,2,0,TREND,
2024-09-27,10:15:00,10:00-10:30,PARTIAL_TP,long,60.0,1,15,TREND,
2024-09-27,10:50:00,10:30-11:00,SESSION_EXIT,long,114.0,0,50,CHOP,
2024-09-30,09:58:00,09:30-10:00,CHOP_SELL,short,0.0,2,0,CHOP,
2024-09-30,10:05:00,10:00-10:30,EXIT_FLAT,short,-162.0,0,7,TREND,
2024-09-30,10:42:00,10:30-11:00,TREND_LONG,long,0.0,2,0,TREND,
2024-09-30,10:43:00,10:30-11:00,SESSION_EXIT,long,-10.0,0,1,TREND,
2024-10-01,10:09:00,10:00-10:30,TREND_SHORT,short,0.0,2,0,TREND,
2024-10-01,10:30:00,10:30-11:00,SESSION_EXIT,short,58.0,0,21,TREND,
2024-10-02,10:44:00,10:30-11:00,TREND_LONG,long,0.0,2,0,TREND,
2024-10-02,10:45:00,10:30-11:00,SESSION_EXIT,long,-6.0,0,1,TREND,
2024-10-03,09:44:00,09:30-10:00,TREND_SHORT,short,0.0,2,0,TREND,
2024-10-03,09:48:00,09:30-10:00,PARTIAL_TP,short,53.0,1,4,TREND,
2024-10-03,10:02:00,10:00-10:30,EXIT_FLAT,short,-106.0,0,18,TREND,
2024-10-03,10:10:00,10:00-10:30,TREND_LONG,long,0.0,2,0,TREND,
2024-10-03,10:13:00,10:00-10:30,EXIT_FLAT,long,-170.0,0,3,TREND,
2024-10-03,10:34:00,10:30-11:00,CHOP_SELL,short,0.0,2,0,CHOP,
2024-10-03,10:35:00,10:30-11:00,SESSION_EXIT,short,-16.0,0,1,TREND,
2024-10-04,09:53:00,09:30-10:00,CHOP_SELL,short,0.0,2,0,CHOP,
2024-10-04,09:56:00,09:30-10:00,PARTIAL_TP,short,69.0,1,3,TREND,
2024-10-04,12:46:00,12:30-13:00,SESSION_EXIT,short,46.0,0,173,TREND,
2024-10-07,09:42:00,09:30-10:00,TREND_LONG,long,0.0,2,0,TREND,
2024-10-07,10:16:00,10:00-10:30,PARTIAL_TP,long,50.0,1,34,TREND,
2024-10-07,10:30:00,10:30-11:00,SESSION_EXIT,long,-23.0,0,48,TREND,
2024-10-08,11:50:00,11:30-12:00,CHOP_SELL,short,0.0,2,0,CHOP,
2024-10-08,11:51:00,11:30-12:00,SESSION_EXIT,short,-12.0,0,1,CHOP,
2024-10-09,09:45:00,09:30-10:00,TREND_LONG,long,0.0,2,0,TREND,
2024-10-09,10:10:00,10:00-10:30,PARTIAL_TP,long,60.0,1,25,TREND,
2024-10-09,10:25:00,10:00-10:30,EXIT_FLAT,long,-65.0,0,40,TREND,
2024-10-09,11:12:00,11:00-11:30,TREND_LONG,long,0.0,2,0,TREND,
2024-10-09,11:13:00,11:00-11:30,SESSION_EXIT,long,-18.0,0,1,TREND,
2024-10-10,10:49:00,10:30-11:00,TREND_SHORT,short,0.0,2,0,TREND,
2024-10-10,10:50:00,10:30-11:00,SESSION_EXIT,short,-42.0,0,1,TREND,
2024-10-11,10:06:00,10:00-10:30,TREND_LONG,long,0.0,2,0,TREND,
2024-10-11,10:15:00,10:00-10:30,PARTIAL_TP,long,54.0,1,9,TREND,
2024-10-11,10:49:00,10:30-11:00,SESSION_EXIT,long,94.0,0,43,CHOP,
2024-10-14,09:49:00,09:30-10:00,TREND_LONG,long,0.0,2,0,TREND,
2024-10-14,10:30:00,10:30-11:00,SESSION_EXIT,long,70.0,0,41,TREND,
2024-10-15,09:44:00,09:30-10:00,TREND_SHORT,short,0.0,2,0,TREND,
2024-10-15,09:47:00,09:30-10:00,EXIT_FLAT,short,-124.0,0,3,TREND,
2024-10-15,09:57:00,09:30-10:00,TREND_SHORT,short,0.0,2,0,TREND,
2024-10-15,10:12:00,10:00-10:30,EXIT_FLAT,short,-120.0,0,15,TREND,
2024-10-15,13:32:00,13:30-14:00,CHOP_BUY,long,0.0,2,0,CHOP,
2024-10-15,13:33:00,13:30-14:00,SESSION_EXIT,long,12.0,0,1,TREND,
2024-10-16,09:44:00,09:30-10:00,TREND_LONG,long,0.0,2,0,TREND,
2024-10-16,09:47:00,09:30-10:00,PARTIAL_TP,long,51.0,1,3,TREND,
2024-10-16,10:58:00,10:30-11:00,SESSION_EXIT,long,90.0,0,74,CHOP,
2024-10-17,10:08:00,10:00-10:30,TREND_SHORT,short,0.0,2,0,TREND,
2024-10-17,10:30:00,10:30-11:00,SESSION_EXIT,short,-16.0,0,22,TREND,
2024-10-18,09:54:00,09:30-10:00,TREND_SHORT,short,0.0,2,0,TREND,
2024-10-18,10:10:00,10:00-10:30,EXIT_FLAT,short,-132.0,0,16,TREND,
2024-10-18,11:59:00,11:30-12:00,CHOP_BUY,long,0.0,2,0,CHOP,
2024-10-18,12:00:00,12:00-12:30,SESSION_EXIT,long,20.0,0,1,CHOP,
2024-10-21,09:42:00,09:30-10:00,TREND_SHORT,short,0.0,2,0,TREND,
2024-10-21,10:07:00,10:00-10:30,PARTIAL_TP,short,50.0,1,25,TREND,
2024-10-21,10:12:00,10:00-10:30,CHOP_TP,short,34.0,0,30,CHOP,
2024-10-21,10:25:00,10:00-10:30,TREND_SHORT,short,0.0,2,0,TREND,
2024-10-21,10:30:00,10:30-11:00,SESSION_EXIT,short,66.0,0,5,TREND,
2024-10-22,09:43:00,09:30-10:00,TREND_SHORT,short,0.0,2,0,TREND,
2024-10-22,10:30:00,10:30-11:00,SESSION_EXIT,short,26.0,0,47,TREND,
2024-10-23,09:57:00,09:30-10:00,TREND_LONG,long,0.0,2,0,TREND,
2024-10-23,10:03:00,10:00-10:30,PARTIAL_TP,long,56.0,1,6,TREND,
2024-10-23,10:10:00,10:00-10:30,CHOP_TP,long,22.0,0,13,CHOP,
2024-10-23,10:40:00,10:30-11:00,CHOP_SELL,short,0.0,2,0,CHOP,
2024-10-23,10:41:00,10:30-11:00,SESSION_EXIT,short,-12.0,0,1,TREND,
2024-10-24,09:45:00,09:30-10:00,TREND_SHORT,short,0.0,2,0,TREND,
2024-10-24,09:54:00,09:30-10:00,EXIT_FLAT,short,-148.0,0,9,TREND,
2024-10-24,10:04:00,10:00-10:30,CHOP_BUY,long,0.0,2,0,CHOP,
2024-10-24,10:30:00,10:30-11:00,SESSION_EXIT,long,-18.0,0,26,TREND,
2024-10-25,09:45:00,09:30-10:00,CHOP_SELL,short,0.0,2,0,CHOP,
2024-10-25,10:07:00,10:00-10:30,EXIT_FLAT,short,-128.0,0,22,TREND,
2024-10-25,10:08:00,10:00-10:30,TREND_LONG,long,0.0,2,0,TREND,
2024-10-25,10:30:00,10:30-11:00,SESSION_EXIT,long,-92.0,0,22,TREND,
2024-10-28,09:43:00,09:30-10:00,TREND_LONG,long,0.0,2,0,TREND,
2024-10-28,09:59:00,09:30-10:00,EXIT_FLAT,long,-130.0,0,16,TREND,
2024-10-28,10:18:00,10:00-10:30,CHOP_SELL,short,0.0,2,0,CHOP,
2024-10-28,10:26:00,10:00-10:30,EXIT_FLAT,short,-138.0,0,8,TREND,
2024-10-28,10:45:00,10:30-11:00,CHOP_SELL,short,0.0,2,0,CHOP,
2024-10-28,10:46:00,10:30-11:00,SESSION_EXIT,short,4.0,0,1,TREND,
2024-10-29,09:50:00,09:30-10:00,TREND_LONG,long,0.0,2,0,TREND,
2024-10-29,10:02:00,10:00-10:30,PARTIAL_TP,long,52.0,1,12,TREND,
2024-10-29,10:57:00,10:30-11:00,SESSION_EXIT,long,134.0,0,67,CHOP,
2024-10-30,09:44:00,09:30-10:00,CHOP_SELL,short,0.0,2,0,CHOP,
2024-10-30,09:52:00,09:30-10:00,EXIT_FLAT,short,-148.0,0,8,TREND,
2024-10-30,10:01:00,10:00-10:30,TREND_LONG,long,0.0,2,0,TREND,
2024-10-30,10:14:00,10:00-10:30,PARTIAL_TP,long,51.0,1,13,TREND,
2024-10-30,10:30:00,10:30-11:00,SESSION_EXIT,long,-5.0,0,29,TREND,
2024-10-31,09:46:00,09:30-10:00,CHOP_SELL,short,0.0,2,0,CHOP,
2024-10-31,09:48:00,09:30-10:00,PARTIAL_TP,short,54.0,1,2,TREND,
2024-10-31,10:16:00,10:00-10:30,CHOP_TP,short,13.0,0,30,CHOP,
2024-10-31,10:28:00,10:00-10:30,TREND_SHORT,short,0.0,2,0,TREND,
2024-10-31,10:30:00,10:30-11:00,SESSION_EXIT,short,-2.0,0,2,TREND,
2024-11-01,09:55:00,09:30-10:00,CHOP_SELL,short,0.0,2,0,CHOP,
2024-11-01,10:06:00,10:00-10:30,EXIT_FLAT,short,-78.0,0,11,TREND,
2024-11-01,10:12:00,10:00-10:30,TREND_LONG,long,0.0,2,0,TREND,
2024-11-01,10:22:00,10:00-10:30,PARTIAL_TP,long,59.0,1,10,TREND,
2024-11-01,10:37:00,10:30-11:00,SESSION_EXIT,long,49.0,0,25,TREND,
2024-11-04,09:45:00,09:30-10:00,CHOP_BUY,long,0.0,2,0,CHOP,
2024-11-04,10:06:00,10:00-10:30,PARTIAL_TP,long,61.0,1,21,TREND,
2024-11-04,10:10:00,10:00-10:30,CHOP_TP,long,29.0,0,25,CHOP,
2024-11-04,10:19:00,10:00-10:30,CHOP_BUY,long,0.0,2,0,CHOP,
2024-11-04,10:30:00,10:30-11:00,SESSION_EXIT,long,-16.0,0,11,TREND,
2024-11-05,09:48:00,09:30-10:00,TREND_LONG,long,0.0,2,0,TREND,
2024-11-05,09:55:00,09:30-10:00,PARTIAL_TP,long,70.0,1,7,TREND,
2024-11-05,10:13:00,10:00-10:30,CHOP_TP,long,143.0,0,25,CHOP,
2024-11-05,10:15:00,10:00-10:30,CHOP_BUY,long,0.0,2,0,CHOP,
2024-11-05,10:19:00,10:00-10:30,CHOP_TP,long,48.0,0,4,CHOP,
2024-11-05,10:22:00,10:00-10:30,TREND_LONG,long,0.0,2,0,TREND,
2024-11-05,10:24:00,10:00-10:30,PARTIAL_TP,long,51.0,1,2,TREND,
2024-11-05,10:30:00,10:30-11:00,SESSION_EXIT,long,19.0,0,8,TREND,
2024-11-06,09:55:00,09:30-10:00,TREND_SHORT,short,0.0,2,0,TREND,
2024-11-06,10:01:00,10:00-10:30,EXIT_FLAT,short,-128.0,0,6,TREND,
2024-11-06,10:23:00,10:00-10:30,TREND_LONG,long,0.0,2,0,TREND,
2024-11-06,10:30:00,10:30-11:00,SESSION_EXIT,long,40.0,0,7,TREND,
2024-11-07,09:52:00,09:30-10:00,TREND_LONG,long,0.0,2,0,TREND,
2024-11-07,10:04:00,10:00-10:30,EXIT_FLAT,long,-124.0,0,12,TREND,
2024-11-07,10:11:00,10:00-10:30,CHOP_SELL,short,0.0,2,0,CHOP,
2024-11-07,10:30:00,10:30-11:00,SESSION_EXIT,short,-2.0,0,19,TREND,
2024-11-08,10:01:00,10:00-10:30,TREND_LONG,long,0.0,2,0,TREND,
2024-11-08,10:23:00,10:00-10:30,PARTIAL_TP,long,55.0,1,22,TREND,
2024-11-08,10:43:00,10:30-11:00,SESSION_EXIT,long,91.0,0,42,CHOP,
2024-11-11,09:42:00,09:30-10:00,TREND_LONG,long,0.0,2,0,TREND,
2024-11-11,09:46:00,09:30-10:00,EXIT_FLAT,long,-120.0,0,4,TREND,
2024-11-11,09:58:00,09:30-10:00,TREND_LONG,long,0.0,2,0,TREND,
2024-11-11,10:09:00,10:00-10:30,EXIT_FLAT,long,-138.0,0,11,TREND,
2024-11-11,10:26:00,10:00-10:30,CHOP_BUY,long,0.0,2,0,CHOP,
2024-11-11,10:30:00,10:30-11:00,SESSION_EXIT,long,-38.0,0,4,TREND,
2024-11-12,09:51:00,09:30-10:00,TREND_SHORT,short,0.0,2,0,TREND,
2024-11-12,10:02:00,10:00-10:30,PARTIAL_TP,short,52.0,1,11,TREND,
2024-11-12,10:20:00,10:00-10:30,CHOP_TP,short,77.0,0,29,CHOP,
2024-11-12,10:26:00,10:00-10:30,TREND_SHORT,short,0.0,2,0,TREND,
2024-11-12,10:30:00,10:30-11:00,SESSION_EXIT,short,26.0,0,4,TREND,
2024-11-13,09:53:00,09:30-10:00,TREND_SHORT,short,0.0,2,0,TREND,
2024-11-13,10:04:00,10:00-10:30,PARTIAL_TP,short,58.0,1,11,TREND,
2024-11-13,10:30:00,10:30-11:00,SESSION_EXIT,short,5.0,0,37,TREND,
2024-11-14,09:43:00,09:30-10:00,TREND_SHORT,short,0.0,2,0,TREND,
2024-11-14,09:49:00,09:30-10:00,EXIT_FLAT,short,-198.0,0,6,TREND,
2024-11-14,10:12:00,10:00-10:30,TREND_SHORT,short,0.0,2,0,TREND,
2024-11-14,10:30:00,10:30-11:00,SESSION_EXIT,short,-94.0,0,18,TREND,
2024-11-15,09:55:00,09:30-10:00,TREND_SHORT,short,0.0,2,0,TREND,
2024-11-15,10:00:00,10:00-10:30,PARTIAL_TP,short,53.0,1,5,TREND,
2024-11-15,10:50:00,10:30-11:00,SESSION_EXIT,short,41.0,0,55,TREND,
2024-11-18,10:21:00,10:00-10:30,TREND_SHORT,short,0.0,2,0,TREND,
2024-11-18,10:30:00,10:30-11:00,SESSION_EXIT,short,-108.0,0,9,TREND,
2024-11-19,09:50:00,09:30-10:00,TREND_SHORT,short,0.0,2,0,TREND,
2024-11-19,09:55:00,09:30-10:00,EXIT_FLAT,short,-124.0,0,5,TREND,
2024-11-19,10:29:00,10:00-10:30,TREND_LONG,long,0.0,2,0,TREND,
2024-11-19,10:30:00,10:30-11:00,SESSION_EXIT,long,-24.0,0,1,TREND,
2024-11-20,10:05:00,10:00-10:30,TREND_SHORT,short,0.0,2,0,TREND,
2024-11-20,10:10:00,10:00-10:30,PARTIAL_TP,short,78.0,1,5,TREND,
2024-11-20,10:30:00,10:30-11:00,SESSION_EXIT,short,28.0,0,25,TREND,
2024-11-21,10:13:00,10:00-10:30,TREND_LONG,long,0.0,2,0,TREND,
2024-11-21,10:23:00,10:00-10:30,EXIT_FLAT,long,-138.0,0,10,TREND,
2024-11-21,10:47:00,10:30-11:00,TREND_LONG,long,0.0,2,0,TREND,
2024-11-21,10:48:00,10:30-11:00,SESSION_EXIT,long,-14.0,0,1,TREND,
2024-11-22,09:48:00,09:30-10:00,TREND_LONG,long,0.0,2,0,TREND,
2024-11-22,09:52:00,09:30-10:00,EXIT_FLAT,long,-140.0,0,4,TREND,
2024-11-22,10:18:00,10:00-10:30,CHOP_SELL,short,0.0,2,0,CHOP,
2024-11-22,10:22:00,10:00-10:30,PARTIAL_TP,short,68.0,1,4,TREND,
2024-11-22,10:30:00,10:30-11:00,SESSION_EXIT,short,36.0,0,12,TREND,
2024-11-25,09:49:00,09:30-10:00,CHOP_SELL,short,0.0,2,0,CHOP,
2024-11-25,10:02:00,10:00-10:30,CHOP_TP,short,86.0,0,13,CHOP,
2024-11-25,11:37:00,11:30-12:00,TREND_SHORT,short,0.0,2,0,TREND,
2024-11-25,11:38:00,11:30-12:00,SESSION_EXIT,short,42.0,0,1,TREND,
2024-11-26,10:03:00,10:00-10:30,TREND_SHORT,short,0.0,2,0,TREND,
2024-11-26,10:24:00,10:00-10:30,CHOP_TP,short,86.0,0,21,CHOP,
2024-11-26,10:25:00,10:00-10:30,TREND_SHORT,short,0.0,2,0,TREND,
2024-11-26,10:30:00,10:30-11:00,SESSION_EXIT,short,-68.0,0,5,TREND,
2024-11-27,11:01:00,11:00-11:30,TREND_SHORT,short,0.0,2,0,TREND,
2024-11-27,11:02:00,11:00-11:30,SESSION_EXIT,short,2.0,0,1,TREND,
2024-11-28,09:42:00,09:30-10:00,TREND_SHORT,short,0.0,2,0,TREND,
2024-11-28,09:53:00,09:30-10:00,EXIT_FLAT,short,-72.0,0,11,TREND,
2024-11-28,09:59:00,09:30-10:00,CHOP_BUY,long,0.0,2,0,CHOP,
2024-11-28,10:16:00,10:00-10:30,CHOP_TP,long,28.0,0,17,CHOP,
2024-11-28,10:17:00,10:00-10:30,TREND_LONG,long,0.0,2,0,TREND,
2024-11-28,10:30:00,10:30-11:00,SESSION_EXIT,long,-30.0,0,13,TREND,
2024-11-29,10:44:00,10:30-11:00,CHOP_SELL,short,0.0,2,0,CHOP,
2024-11-29,10:45:00,10:30-11:00,SESSION_EXIT,short,-4.0,0,1,TREND,
2024-12-02,09:49:00,09:30-10:00,CHOP_SELL,short,0.0,2,0,CHOP,
2024-12-02,09:54:00,09:30-10:00,PARTIAL_TP,short,55.0,1,5,TREND,
2024-12-02,10:27:00,10:00-10:30,CHOP_TP,short,81.0,0,38,CHOP,
2024-12-02,12:06:00,12:00-12:30,CHOP_BUY,long,0.0,2,0,CHOP,
2024-12-02,12:07:00,12:00-12:30,SESSION_EXIT,long,-4.0,0,1,TREND,
2024-12-03,09:42:00,09:30-10:00,TREND_SHORT,short,0.0,2,0,TREND,
2024-12-03,10:30:00,10:30-11:00,SESSION_EXIT,short,66.0,0,48,TREND,
2024-12-04,09:43:00,09:30-10:00,CHOP_BUY,long,0.0,2,0,CHOP,
2024-12-04,10:02:00,10:00-10:30,EXIT_FLAT,long,-126.0,0,19,TREND,
2024-12-04,10:05:00,10:00-10:30,TREND_SHORT,short,0.0,2,0,TREND,
2024-12-04,10:13:00,10:00-10:30,PARTIAL_TP,short,50.0,1,8,TREND,
2024-12-04,10:21:00,10:00-10:30,CHOP_TP,short,29.0,0,16,CHOP,
2024-12-04,12:12:00,12:00-12:30,CHOP_BUY,long,0.0,2,0,CHOP,
2024-12-04,12:13:00,12:00-12:30,SESSION_EXIT,long,-2.0,0,1,TREND,
2024-12-05,10:36:00,10:30-11:00,TREND_SHORT,short,0.0,2,0,TREND,
2024-12-05,10:37:00,10:30-11:00,SESSION_EXIT,short,36.0,0,1,TREND,
2024-12-06,09:45:00,09:30-10:00,TREND_SHORT,short,0.0,2,0,TREND,
2024-12-06,10:30:00,10:30-11:00,SESSION_EXIT,short,-2.0,0,45,TREND,
2024-12-09,09:54:00,09:30-10:00,TREND_SHORT,short,0.0,2,0,TREND,
2024-12-09,10:13:00,10:00-10:30,EXIT_FLAT,short,-134.0,0,19,TREND,
2024-12-09,10:40:00,10:30-11:00,CHOP_BUY,long,0.0,2,0,CHOP,
2024-12-09,10:41:00,10:30-11:00,SESSION_EXIT,long,12.0,0,1,TREND,
2024-12-10,10:27:00,10:00-10:30,TREND_LONG,long,0.0,2,0,TREND,
2024-12-10,10:30:00,10:30-11:00,SESSION_EXIT,long,12.0,0,3,TREND,
2024-12-11,09:48:00,09:30-10:00,TREND_SHORT,short,0.0,2,0,TREND,
2024-12-11,09:56:00,09:30-10:00,PARTIAL_TP,short,51.0,1,8,TREND,
2024-12-11,10:30:00,10:30-11:00,SESSION_EXIT,short,29.0,0,42,TREND,
2024-12-12,09:42:00,09:30-10:00,TREND_LONG,long,0.0,2,0,TREND,
2024-12-12,09:56:00,09:30-10:00,EXIT_FLAT,long,-120.0,0,14,TREND,
2024-12-12,10:04:00,10:00-10:30,TREND_SHORT,short,0.0,2,0,TREND,
2024-12-12,10:30:00,10:30-11:00,SESSION_EXIT,short,-46.0,0,26,TREND,
2024-12-13,09:52:00,09:30-10:00,CHOP_SELL,short,0.0,2,0,CHOP,
2024-12-13,09:57:00,09:30-10:00,PARTIAL_TP,short,58.0,1,5,TREND,
2024-12-13,10:30:00,10:30-11:00,SESSION_EXIT,short,28.0,0,38,TREND,
2024-12-16,09:50:00,09:30-10:00,TREND_LONG,long,0.0,2,0,TREND,
2024-12-16,10:07:00,10:00-10:30,PARTIAL_TP,long,69.0,1,17,TREND,
2024-12-16,10:22:00,10:00-10:30,EXIT_FLAT,long,-61.0,0,32,TREND,
2024-12-16,12:03:00,12:00-12:30,TREND_SHORT,short,0.0,2,0,TREND,
2024-12-16,12:04:00,12:00-12:30,SESSION_EXIT,short,-10.0,0,1,TREND,
2024-12-17,10:10:00,10:00-10:30,TREND_SHORT,short,0.0,2,0,TREND,
2024-12-17,10:16:00,10:00-10:30,EXIT_FLAT,short,-132.0,0,6,TREND,
2024-12-17,10:38:00,10:30-11:00,CHOP_BUY,long,0.0,2,0,CHOP,
2024-12-17,10:39:00,10:30-11:00,SESSION_EXIT,long,0.0,0,1,TREND,
2024-12-18,09:51:00,09:30-10:00,TREND_LONG,long,0.0,2,0,TREND,
2024-12-18,10:21:00,10:00-10:30,PARTIAL_TP,long,50.0,1,30,TREND,
2024-12-18,10:30:00,10:30-11:00,SESSION_EXIT,long,47.0,0,39,TREND,
2024-12-19,09:49:00,09:30-10:00,TREND_SHORT,short,0.0,2,0,TREND,
2024-12-19,09:54:00,09:30-10:00,PARTIAL_TP,short,57.0,1,5,TREND,
2024-12-19,10:21:00,10:00-10:30,CHOP_TP,short,103.0,0,32,CHOP,
2024-12-19,10:22:00,10:00-10:30,TREND_SHORT,short,0.0,2,0,TREND,
2024-12-19,10:30:00,10:30-11:00,SESSION_EXIT,short,-26.0,0,8,TREND,
2024-12-23,09:46:00,09:30-10:00,TREND_SHORT,short,0.0,2,0,TREND,
2024-12-23,09:49:00,09:30-10:00,PARTIAL_TP,short,66.0,1,3,TREND,
2024-12-23,10:31:00,10:30-11:00,SESSION_EXIT,short,45.0,0,45,TREND,
2024-12-24,10:02:00,10:00-10:30,TREND_LONG,long,0.0,2,0,TREND,
2024-12-24,10:12:00,10:00-10:30,PARTIAL_TP,long,69.0,1,10,TREND,
2024-12-24,12:04:00,12:00-12:30,SESSION_EXIT,long,179.0,0,122,CHOP,
2024-12-26,09:53:00,09:30-10:00,TREND_SHORT,short,0.0,2,0,TREND,
2024-12-26,09:57:00,09:30-10:00,EXIT_FLAT,short,-136.0,0,4,TREND,
2024-12-26,10:02:00,10:00-10:30,TREND_LONG,long,0.0,2,0,TREND,
2024-12-26,10:30:00,10:30-11:00,SESSION_EXIT,long,-34.0,0,28,TREND,
2024-12-27,09:47:00,09:30-10:00,TREND_LONG,long,0.0,2,0,TREND,
2024-12-27,10:01:00,10:00-10:30,EXIT_FLAT,long,-212.0,0,14,TREND,
2024-12-27,10:12:00,10:00-10:30,TREND_SHORT,short,0.0,2,0,TREND,
2024-12-27,10:17:00,10:00-10:30,PARTIAL_TP,short,63.0,1,5,TREND,
2024-12-27,10:40:00,10:30-11:00,SESSION_EXIT,short,141.0,0,28,CHOP,
2024-12-30,09:49:00,09:30-10:00,TREND_SHORT,short,0.0,2,0,TREND,
2024-12-30,10:00:00,10:00-10:30,PARTIAL_TP,short,55.0,1,11,TREND,
2024-12-30,10:14:00,10:00-10:30,CHOP_TP,short,49.0,0,25,CHOP,
2024-12-30,10:16:00,10:00-10:30,TREND_SHORT,short,0.0,2,0,TREND,
2024-12-30,10:30:00,10:30-11:00,SESSION_EXIT,short,-34.0,0,14,TREND,
2024-12-31,09:59:00,09:30-10:00,TREND_LONG,long,0.0,2,0,TREND,
2024-12-31,10:07:00,10:00-10:30,EXIT_FLAT,long,-160.0,0,8,TREND,
2024-12-31,10:34:00,10:30-11:00,TREND_SHORT,short,0.0,2,0,TREND,
2024-12-31,10:35:00,10:30-11:00,SESSION_EXIT,short,-58.0,0,1,TREND,
2025-01-02,09:55:00,09:30-10:00,TREND_LONG,long,0.0,2,0,TREND,
2025-01-02,10:03:00,10:00-10:30,EXIT_FLAT,long,-120.0,0,8,TREND,
2025-01-02,10:22:00,10:00-10:30,TREND_SHORT,short,0.0,2,0,TREND,
2025-01-02,10:30:00,10:30-11:00,PARTIAL_TP,short,61.0,1,8,TREND,
2025-01-02,10:36:00,10:30-11:00,SESSION_EXIT,short,28.0,0,14,TREND,
2025-01-03,09:47:00,09:30-10:00,TREND_SHORT,short,0.0,2,0,TREND,
2025-01-03,09:51:00,09:30-10:00,PARTIAL_TP,short,50.0,1,4,TREND,
2025-01-03,10:30:00,10:30-11:00,SESSION_EXIT,short,-22.0,0,43,TREND,
2025-01-06,09:46:00,09:30-10:00,TREND_LONG,long,0.0,2,0,TREND,
2025-01-06,09:55:00,09:30-10:00,PARTIAL_TP,long,67.0,1,9,TREND,
2025-01-06,10:38:00,10:30-11:00,SESSION_EXIT,long,39.0,0,52,TREND,
2025-01-07,09:44:00,09:30-10:00,TREND_SHORT,short,0.0,2,0,TREND,
2025-01-07,10:01:00,10:00-10:30,PARTIAL_TP,short,124.0,1,17,TREND,
2025-01-07,12:02:00,12:00-12:30,SESSION_EXIT,short,192.0,0,138,CHOP,
2025-01-08,09:43:00,09:30-10:00,TREND_SHORT,short,0.0,2,0,TREND,
2025-01-08,09:53:00,09:30-10:00,PARTIAL_TP,short,51.0,1,10,TREND,
2025-01-08,10:30:00,10:30-11:00,SESSION_EXIT,short,50.0,0,47,TREND,
2025-01-10,09:47:00,09:30-10:00,TREND_SHORT,short,0.0,2,0,TREND,
2025-01-10,10:00:00,10:00-10:30,PARTIAL_TP,short,117.0,1,13,TREND,
2025-01-10,10:12:00,10:00-10:30,CHOP_TP,short,225.0,0,25,CHOP,
2025-01-10,10:13:00,10:00-10:30,TREND_SHORT,short,0.0,2,0,TREND,
2025-01-10,10:20:00,10:00-10:30,EXIT_FLAT,short,-144.0,0,7,TREND,
2025-01-10,11:02:00,11:00-11:30,TREND_SHORT,short,0.0,2,0,TREND,
2025-01-10,11:03:00,11:00-11:30,SESSION_EXIT,short,18.0,0,1,TREND,
2025-01-13,09:47:00,09:30-10:00,TREND_LONG,long,0.0,2,0,TREND,
2025-01-13,09:56:00,09:30-10:00,PARTIAL_TP,long,74.0,1,9,TREND,
2025-01-13,10:30:00,10:30-11:00,SESSION_EXIT,long,12.0,0,43,TREND,
2025-01-14,09:51:00,09:30-10:00,TREND_SHORT,short,0.0,2,0,TREND,
2025-01-14,09:57:00,09:30-10:00,PARTIAL_TP,short,58.0,1,6,TREND,
2025-01-14,10:08:00,10:00-10:30,EXIT_FLAT,short,-65.0,0,17,TREND,
2025-01-14,10:16:00,10:00-10:30,CHOP_BUY,long,0.0,2,0,CHOP,
2025-01-14,10:30:00,10:30-11:00,SESSION_EXIT,long,-76.0,0,14,TREND,
2025-01-15,09:48:00,09:30-10:00,TREND_LONG,long,0.0,2,0,TREND,
2025-01-15,10:30:00,10:30-11:00,SESSION_EXIT,long,-16.0,0,42,TREND,
2025-01-16,09:46:00,09:30-10:00,TREND_SHORT,short,0.0,2,0,TREND,
2025-01-16,10:01:00,10:00-10:30,PARTIAL_TP,short,57.0,1,15,TREND,
2025-01-16,10:14:00,10:00-10:30,CHOP_TP,short,28.0,0,28,CHOP,
2025-01-16,10:46:00,10:30-11:00,CHOP_SELL,short,0.0,2,0,CHOP,
2025-01-16,10:47:00,10:30-11:00,SESSION_EXIT,short,-14.0,0,1,CHOP,
2025-01-17,09:48:00,09:30-10:00,TREND_LONG,long,0.0,2,0,TREND,
2025-01-17,10:30:00,10:30-11:00,SESSION_EXIT,long,0.0,0,42,TREND,
2025-01-20,09:51:00,09:30-10:00,CHOP_SELL,short,0.0,2,0,CHOP,
2025-01-20,10:00:00,10:00-10:30,PARTIAL_TP,short,55.0,1,9,TREND,
2025-01-20,12:13:00,12:00-12:30,SESSION_EXIT,short,129.0,0,142,CHOP,
2025-01-21,09:43:00,09:30-10:00,TREND_LONG,long,0.0,2,0,TREND,
2025-01-21,09:46:00,09:30-10:00,PARTIAL_TP,long,60.0,1,3,TREND,
2025-01-21,10:12:00,10:00-10:30,EXIT_FLAT,long,-60.0,0,29,TREND,
2025-01-21,10:59:00,10:30-11:00,TREND_LONG,long,0.0,2,0,TREND,
2025-01-21,11:00:00,11:00-11:30,SESSION_EXIT,long,-18.0,0,1,TREND,
2025-01-22,10:03:00,10:00-10:30,CHOP_BUY,long,0.0,2,0,CHOP,
2025-01-22,10:30:00,10:30-11:00,SESSION_EXIT,long,-22.0,0,27,TREND,
2025-01-23,09:46:00,09:30-10:00,TREND_LONG,long,0.0,2,0,TREND,
2025-01-23,10:30:00,10:30-11:00,SESSION_EXIT,long,-114.0,0,44,TREND,
2025-01-24,09:45:00,09:30-10:00,CHOP_BUY,long,0.0,2,0,CHOP,
2025-01-24,09:49:00,09:30-10:00,EXIT_FLAT,long,-120.0,0,4,TREND,
2025-01-24,09:52:00,09:30-10:00,TREND_SHORT,short,0.0,2,0,TREND,
2025-01-24,10:17:00,10:00-10:30,EXIT_FLAT,short,-124.0,0,25,TREND,
2025-01-24,10:41:00,10:30-11:00,CHOP_BUY,long,0.0,2,0,CHOP,
2025-01-24,10:42:00,10:30-11:00,SESSION_EXIT,long,-20.0,0,1,TREND,
2025-01-27,10:24:00,10:00-10:30,TREND_LONG,long,0.0,2,0,TREND,
2025-01-27,10:30:00,10:30-11:00,SESSION_EXIT,long,-4.0,0,6,TREND,
2025-01-28,09:46:00,09:30-10:00,TREND_SHORT,short,0.0,2,0,TREND,
2025-01-28,10:03:00,10:00-10:30,EXIT_FLAT,short,-188.0,0,17,TREND,
2025-01-28,10:12:00,10:00-10:30,TREND_LONG,long,0.0,2,0,TREND,
2025-01-28,10:24:00,10:00-10:30,PARTIAL_TP,long,50.0,1,12,TREND,
2025-01-28,10:30:00,10:30-11:00,SESSION_EXIT,long,47.0,0,18,TREND,
2025-01-29,10:07:00,10:00-10:30,TREND_LONG,long,0.0,2,0,TREND,
2025-01-29,10:12:00,10:00-10:30,EXIT_FLAT,long,-126.0,0,5,TREND,
2025-01-29,10:41:00,10:30-11:00,TREND_LONG,long,0.0,2,0,TREND,
2025-01-29,10:42:00,10:30-11:00,SESSION_EXIT,long,6.0,0,1,TREND,
2025-01-30,09:48:00,09:30-10:00,TREND_LONG,long,0.0,2,0,TREND,
2025-01-30,09:56:00,09:30-10:00,PARTIAL_TP,long,67.0,1,8,TREND,
2025-01-30,10:29:00,10:00-10:30,EXIT_FLAT,long,-60.0,0,41,TREND,
2025-01-30,10:50:00,10:30-11:00,CHOP_SELL,short,0.0,2,0,CHOP,
2025-01-30,10:51:00,10:30-11:00,SESSION_EXIT,short,14.0,0,1,TREND,
2025-01-31,09:46:00,09:30-10:00,TREND_SHORT,short,0.0,2,0,TREND,
2025-01-31,10:03:00,10:00-10:30,CHOP_TP,short,48.0,0,17,CHOP,
2025-01-31,10:26:00,10:00-10:30,TREND_LONG,long,0.0,2,0,TREND,
2025-01-31,10:30:00,10:30-11:00,SESSION_EXIT,long,8.0,0,4,TREND,
2025-02-03,09:53:00,09:30-10:00,TREND_SHORT,short,0.0,2,0,TREND,
2025-02-03,10:21:00,10:00-10:30,EXIT_FLAT,short,-222.0,0,28,TREND,
2025-02-03,10:24:00,10:00-10:30,TREND_LONG,long,0.0,2,0,TREND,
2025-02-03,10:29:00,10:00-10:30,PARTIAL_TP,long,118.0,1,5,TREND,
2025-02-03,11:45:00,11:30-12:00,SESSION_EXIT,long,284.0,0,81,CHOP,
2025-02-04,10:09:00,10:00-10:30,TREND_LONG,long,0.0,2,0,TREND,
2025-02-04,10:30:00,10:30-11:00,SESSION_EXIT,long,-60.0,0,21,TREND,
2025-02-05,09:55:00,09:30-10:00,TREND_SHORT,short,0.0,2,0,TREND,
2025-02-05,09:57:00,09:30-10:00,PARTIAL_TP,short,51.0,1,2,TREND,
2025-02-05,10:30:00,10:30-11:00,SESSION_EXIT,short,-36.0,0,35,TREND,
2025-02-06,09:51:00,09:30-10:00,TREND_SHORT,short,0.0,2,0,TREND,
2025-02-06,10:19:00,10:00-10:30,PARTIAL_TP,short,50.0,1,28,TREND,
2025-02-06,11:24:00,11:00-11:30,SESSION_EXIT,short,86.0,0,93,CHOP,
2025-02-07,09:42:00,09:30-10:00,CHOP_BUY,long,0.0,2,0,CHOP,
2025-02-07,09:55:00,09:30-10:00,PARTIAL_TP,long,55.0,1,13,TREND,
2025-02-07,10:04:00,10:00-10:30,EXIT_FLAT,long,-97.0,0,22,TREND,
2025-02-07,10:13:00,10:00-10:30,TREND_SHORT,short,0.0,2,0,TREND,
2025-02-07,10:30:00,10:30-11:00,SESSION_EXIT,short,-22.0,0,17,TREND,
2025-02-10,11:16:00,11:00-11:30,TREND_SHORT,short,0.0,2,0,TREND,
2025-02-10,11:17:00,11:00-11:30,SESSION_EXIT,short,26.0,0,1,TREND,
2025-02-11,09:49:00,09:30-10:00,CHOP_BUY,long,0.0,2,0,CHOP,
2025-02-11,10:08:00,10:00-10:30,EXIT_FLAT,long,-82.0,0,19,TREND,
2025-02-11,10:36:00,10:30-11:00,TREND_LONG,long,0.0,2,0,TREND,
2025-02-11,10:37:00,10:30-11:00,SESSION_EXIT,long,22.0,0,1,TREND,
2025-02-12,09:42:00,09:30-10:00,TREND_SHORT,short,0.0,2,0,TREND,
2025-02-12,09:46:00,09:30-10:00,EXIT_FLAT,short,-160.0,0,4,TREND,
2025-02-12,10:14:00,10:00-10:30,CHOP_BUY,long,0.0,2,0,CHOP,
2025-02-12,10:17:00,10:00-10:30,PARTIAL_TP,long,50.0,1,3,TREND,
2025-02-12,10:50:00,10:30-11:00,SESSION_EXIT,long,166.0,0,36,CHOP,
2025-02-13,11:11:00,11:00-11:30,TREND_LONG,long,0.0,2,0,TREND,
2025-02-13,11:12:00,11:00-11:30,SESSION_EXIT,long,10.0,0,1,TREND,
2025-02-14,10:05:00,10:00-10:30,TREND_LONG,long,0.0,2,0,TREND,
2025-02-14,10:19:00,10:00-10:30,EXIT_FLAT,long,-142.0,0,14,TREND,
2025-02-14,10:26:00,10:00-10:30,TREND_SHORT,short,0.0,2,0,TREND,
2025-02-14,10:30:00,10:30-11:00,SESSION_EXIT,short,0.0,0,4,TREND,
2025-02-17,10:13:00,10:00-10:30,TREND_SHORT,short,0.0,2,0,TREND,
2025-02-17,10:30:00,10:30-11:00,SESSION_EXIT,short,6.0,0,17,TREND,
2025-02-18,09:59:00,09:30-10:00,TREND_SHORT,short,0.0,2,0,TREND,
2025-02-18,10:28:00,10:00-10:30,EXIT_FLAT,short,-122.0,0,29,TREND,
2025-02-18,10:51:00,10:30-11:00,TREND_LONG,long,0.0,2,0,TREND,
2025-02-18,10:52:00,10:30-11:00,SESSION_EXIT,long,30.0,0,1,TREND,
2025-02-19,10:07:00,10:00-10:30,TREND_LONG,long,0.0,2,0,TREND,
2025-02-19,10:30:00,10:30-11:00,SESSION_EXIT,long,-40.0,0,23,TREND,
2025-02-20,09:58:00,09:30-10:00,TREND_SHORT,short,0.0,2,0,TREND,
2025-02-20,10:00:00,10:00-10:30,PARTIAL_TP,short,96.0,1,2,TREND,
2025-02-20,10:22:00,10:00-10:30,CHOP_TP,short,88.0,0,24,CHOP,
2025-02-20,10:36:00,10:30-11:00,TREND_SHORT,short,0.0,2,0,TREND,
2025-02-20,10:37:00,10:30-11:00,SESSION_EXIT,short,36.0,0,1,TREND,
2025-02-21,09:46:00,09:30-10:00,CHOP_SELL,short,0.0,2,0,CHOP,
2025-02-21,09:49:00,09:30-10:00,PARTIAL_TP,short,72.0,1,3,TREND,
2025-02-21,10:35:00,10:30-11:00,SESSION_EXIT,short,86.0,0,49,CHOP,
2025-02-24,09:43:00,09:30-10:00,TREND_SHORT,short,0.0,2,0,TREND,
2025-02-24,09:57:00,09:30-10:00,PARTIAL_TP,short,54.0,1,14,TREND,
2025-02-24,10:30:00,10:30-11:00,SESSION_EXIT,short,22.0,0,47,TREND,
2025-02-25,09:53:00,09:30-10:00,TREND_SHORT,short,0.0,2,0,TREND,
2025-02-25,10:00:00,10:00-10:30,PARTIAL_TP,short,67.0,1,7,TREND,
2025-02-25,10:43:00,10:30-11:00,SESSION_EXIT,short,50.0,0,50,TREND,
2025-02-26,09:49:00,09:30-10:00,TREND_LONG,long,0.0,2,0,TREND,
2025-02-26,10:09:00,10:00-10:30,PARTIAL_TP,long,64.0,1,20,TREND,
2025-02-26,11:23:00,11:00-11:30,SESSION_EXIT,long,84.0,0,94,CHOP,
2025-02-27,09:46:00,09:30-10:00,TREND_LONG,long,0.0,2,0,TREND,
2025-02-27,09:50:00,09:30-10:00,EXIT_FLAT,long,-122.0,0,4,TREND,
2025-02-27,10:14:00,10:00-10:30,TREND_LONG,long,0.0,2,0,TREND,
2025-02-27,10:19:00,10:00-10:30,PARTIAL_TP,long,65.0,1,5,TREND,
2025-02-27,10:23:00,10:00-10:30,SPIKE_EXIT,long,203.0,0,9,TREND,
2025-02-27,14:32:00,14:30-15:00,TREND_SHORT,short,0.0,2,0,TREND,
2025-02-27,14:33:00,14:30-15:00,SESSION_EXIT,short,38.0,0,1,TREND,
2025-02-28,09:52:00,09:30-10:00,TREND_LONG,long,0.0,2,0,TREND,
2025-02-28,10:00:00,10:00-10:30,PARTIAL_TP,long,84.0,1,8,TREND,
2025-02-28,10:43:00,10:30-11:00,SESSION_EXIT,long,45.0,0,51,TREND,
2025-03-03,09:57:00,09:30-10:00,TREND_SHORT,short,0.0,2,0,TREND,
2025-03-03,10:00:00,10:00-10:30,PARTIAL_TP,short,86.0,1,3,TREND,
2025-03-03,10:30:00,10:30-11:00,SESSION_EXIT,short,24.0,0,33,TREND,
2025-03-04,09:43:00,09:30-10:00,TREND_SHORT,short,0.0,2,0,TREND,
2025-03-04,09:52:00,09:30-10:00,PARTIAL_TP,short,66.0,1,9,TREND,
2025-03-04,12:03:00,12:00-12:30,SESSION_EXIT,short,201.0,0,140,CHOP,
2025-03-05,11:11:00,11:00-11:30,TREND_SHORT,short,0.0,2,0,TREND,
2025-03-05,11:12:00,11:00-11:30,SESSION_EXIT,short,-6.0,0,1,TREND,
2025-03-06,09:43:00,09:30-10:00,TREND_SHORT,short,0.0,2,0,TREND,
2025-03-06,09:49:00,09:30-10:00,EXIT_FLAT,short,-134.0,0,6,TREND,
2025-03-06,10:05:00,10:00-10:30,TREND_LONG,long,0.0,2,0,TREND,
2025-03-06,10:08:00,10:00-10:30,PARTIAL_TP,long,56.0,1,3,TREND,
2025-03-06,10:29:00,10:00-10:30,CHOP_TP,long,149.0,0,24,CHOP,
2025-03-06,10:33:00,10:30-11:00,TREND_LONG,long,0.0,2,0,TREND,
2025-03-06,10:34:00,10:30-11:00,SESSION_EXIT,long,0.0,0,1,TREND,
2025-03-07,09:43:00,09:30-10:00,TREND_LONG,long,0.0,2,0,TREND,
2025-03-07,09:47:00,09:30-10:00,PARTIAL_TP,long,84.0,1,4,TREND,
2025-03-07,10:17:00,10:00-10:30,EXIT_FLAT,long,-60.0,0,34,TREND,
2025-03-07,10:37:00,10:30-11:00,TREND_SHORT,short,0.0,2,0,TREND,
2025-03-07,10:38:00,10:30-11:00,SESSION_EXIT,short,2.0,0,1,TREND,
2025-03-10,09:51:00,09:30-10:00,CHOP_BUY,long,0.0,2,0,CHOP,
2025-03-10,09:55:00,09:30-10:00,PARTIAL_TP,long,52.0,1,4,TREND,
2025-03-10,10:30:00,10:30-11:00,SESSION_EXIT,long,-9.0,0,39,TREND,
2025-03-11,10:00:00,10:00-10:30,TREND_LONG,long,0.0,2,0,TREND,
2025-03-11,10:02:00,10:00-10:30,EXIT_FLAT,long,-346.0,0,2,TREND,
2025-03-11,10:03:00,10:00-10:30,TREND_SHORT,short,0.0,2,0,TREND,
2025-03-11,10:06:00,10:00-10:30,EXIT_FLAT,short,-122.0,0,3,TREND,
2025-03-11,10:17:00,10:00-10:30,TREND_SHORT,short,0.0,2,0,TREND,
2025-03-11,10:20:00,10:00-10:30,EXIT_FLAT,short,-138.0,0,3,TREND,
2025-03-11,10:27:00,10:00-10:30,TREND_SHORT,short,0.0,2,0,TREND,
2025-03-11,10:30:00,10:30-11:00,SESSION_EXIT,short,-44.0,0,3,TREND,
2025-03-12,09:42:00,09:30-10:00,TREND_SHORT,short,0.0,2,0,TREND,
2025-03-12,09:43:00,09:30-10:00,PARTIAL_TP,short,50.0,1,1,TREND,
2025-03-12,11:58:00,11:30-12:00,SESSION_EXIT,short,147.0,0,136,CHOP,
2025-03-13,09:50:00,09:30-10:00,TREND_SHORT,short,0.0,2,0,TREND,
2025-03-13,10:05:00,10:00-10:30,EXIT_FLAT,short,-134.0,0,15,TREND,
2025-03-13,10:14:00,10:00-10:30,TREND_LONG,long,0.0,2,0,TREND,
2025-03-13,10:28:00,10:00-10:30,EXIT_FLAT,long,-142.0,0,14,TREND,
2025-03-13,11:08:00,11:00-11:30,TREND_SHORT,short,0.0,2,0,TREND,
2025-03-13,11:09:00,11:00-11:30,SESSION_EXIT,short,14.0,0,1,TREND,
2025-03-14,09:49:00,09:30-10:00,TREND_LONG,long,0.0,2,0,TREND,
2025-03-14,10:00:00,10:00-10:30,EXIT_FLAT,long,-268.0,0,11,TREND,
2025-03-14,10:52:00,10:30-11:00,TREND_LONG,long,0.0,2,0,TREND,
2025-03-14,10:53:00,10:30-11:00,SESSION_EXIT,long,-40.0,0,1,TREND,
2025-03-17,13:12:00,13:00-13:30,TREND_LONG,long,0.0,2,0,TREND,
2025-03-17,13:13:00,13:00-13:30,SESSION_EXIT,long,0.0,0,1,TREND,
2025-03-18,10:00:00,10:00-10:30,TREND_SHORT,short,0.0,2,0,TREND,
2025-03-18,10:26:00,10:00-10:30,EXIT_FLAT,short,-124.0,0,26,TREND,
2025-03-18,10:37:00,10:30-11:00,CHOP_BUY,long,0.0,2,0,CHOP,
2025-03-18,10:38:00,10:30-11:00,SESSION_EXIT,long,-6.0,0,1,TREND,
2025-03-19,09:47:00,09:30-10:00,TREND_LONG,long,0.0,2,0,TREND,
2025-03-19,10:30:00,10:30-11:00,SESSION_EXIT,long,50.0,0,43,TREND,
2025-03-20,09:42:00,09:30-10:00,TREND_LONG,long,0.0,2,0,TREND,
2025-03-20,09:51:00,09:30-10:00,PARTIAL_TP,long,51.0,1,9,TREND,
2025-03-20,12:04:00,12:00-12:30,SESSION_EXIT,long,347.0,0,142,CHOP,
2025-03-24,09:57:00,09:30-10:00,TREND_LONG,long,0.0,2,0,TREND,
2025-03-24,10:30:00,10:30-11:00,SESSION_EXIT,long,12.0,0,33,TREND,
2025-03-25,09:49:00,09:30-10:00,TREND_SHORT,short,0.0,2,0,TREND,
2025-03-25,10:30:00,10:30-11:00,SESSION_EXIT,short,-132.0,0,41,TREND,
2025-03-26,11:25:00,11:00-11:30,TREND_SHORT,short,0.0,2,0,TREND,
2025-03-26,11:26:00,11:00-11:30,SESSION_EXIT,short,-6.0,0,1,TREND,
2025-03-27,09:56:00,09:30-10:00,TREND_LONG,long,0.0,2,0,TREND,
2025-03-27,10:14:00,10:00-10:30,PARTIAL_TP,long,60.0,1,18,TREND,
2025-03-27,11:28:00,11:00-11:30,SESSION_EXIT,long,50.0,0,92,TREND,
2025-03-28,09:43:00,09:30-10:00,TREND_SHORT,short,0.0,2,0,TREND,
2025-03-28,09:52:00,09:30-10:00,PARTIAL_TP,short,55.0,1,9,TREND,
2025-03-28,11:08:00,11:00-11:30,SESSION_EXIT,short,386.0,0,85,CHOP,
2025-03-31,09:55:00,09:30-10:00,TREND_LONG,long,0.0,2,0,TREND,
2025-03-31,10:01:00,10:00-10:30,PARTIAL_TP,long,64.0,1,6,TREND,
2025-03-31,10:30:00,10:30-11:00,SESSION_EXIT,long,43.0,0,35,TREND,
2025-04-01,09:42:00,09:30-10:00,TREND_SHORT,short,0.0,2,0,TREND,
2025-04-01,09:47:00,09:30-10:00,EXIT_FLAT,short,-140.0,0,5,TREND,
2025-04-01,10:04:00,10:00-10:30,TREND_SHORT,short,0.0,2,0,TREND,
2025-04-01,10:08:00,10:00-10:30,PARTIAL_TP,short,53.0,1,4,TREND,
2025-04-01,10:30:00,10:30-11:00,SESSION_EXIT,short,34.0,0,26,TREND,
2025-04-02,10:01:00,10:00-10:30,TREND_LONG,long,0.0,2,0,TREND,
2025-04-02,10:17:00,10:00-10:30,PARTIAL_TP,long,53.0,1,16,TREND,
2025-04-02,11:37:00,11:30-12:00,SESSION_EXIT,long,264.0,0,96,CHOP,
2025-04-03,09:46:00,09:30-10:00,TREND_SHORT,short,0.0,2,0,TREND,
2025-04-03,09:53:00,09:30-10:00,PARTIAL_TP,short,63.0,1,7,TREND,
2025-04-03,11:36:00,11:30-12:00,SESSION_EXIT,short,177.0,0,110,CHOP,
2025-04-04,09:59:00,09:30-10:00,TREND_LONG,long,0.0,2,0,TREND,
2025-04-04,10:01:00,10:00-10:30,EXIT_FLAT,long,-166.0,0,2,TREND,
2025-04-04,10:15:00,10:00-10:30,TREND_SHORT,short,0.0,2,0,TREND,
2025-04-04,10:28:00,10:00-10:30,PARTIAL_TP,short,56.0,1,13,TREND,
2025-04-04,10:30:00,10:30-11:00,SESSION_EXIT,short,40.0,0,15,TREND,
2025-04-07,09:42:00,09:30-10:00,TREND_SHORT,short,0.0,2,0,TREND,
2025-04-07,09:44:00,09:30-10:00,EXIT_FLAT,short,-186.0,0,2,TREND,
2025-04-07,09:56:00,09:30-10:00,TREND_LONG,long,0.0,2,0,TREND,
2025-04-07,09:58:00,09:30-10:00,PARTIAL_TP,long,121.0,1,2,TREND,
2025-04-07,10:38:00,10:30-11:00,SESSION_EXIT,long,50.0,0,42,TREND,
2025-04-08,10:00:00,10:00-10:30,TREND_LONG,long,0.0,2,0,TREND,
2025-04-08,10:03:00,10:00-10:30,PARTIAL_TP,long,56.0,1,3,TREND,
2025-04-08,10:30:00,10:30-11:00,SESSION_EXIT,long,1.0,0,30,TREND,
2025-04-09,09:56:00,09:30-10:00,TREND_LONG,long,0.0,2,0,TREND,
2025-04-09,09:59:00,09:30-10:00,EXIT_FLAT,long,-158.0,0,3,TREND,
2025-04-09,10:00:00,10:00-10:30,TREND_LONG,long,0.0,2,0,TREND,
2025-04-09,10:05:00,10:00-10:30,EXIT_FLAT,long,-192.0,0,5,TREND,
2025-04-09,12:57:00,12:30-13:00,TREND_LONG,long,0.0,2,0,TREND,
2025-04-09,12:58:00,12:30-13:00,SESSION_EXIT,long,-110.0,0,1,TREND,
2025-04-10,10:01:00,10:00-10:30,TREND_SHORT,short,0.0,2,0,TREND,
2025-04-10,10:02:00,10:00-10:30,EXIT_FLAT,short,-140.0,0,1,TREND,
2025-04-10,10:11:00,10:00-10:30,TREND_SHORT,short,0.0,2,0,TREND,
2025-04-10,10:15:00,10:00-10:30,EXIT_FLAT,short,-160.0,0,4,TREND,
2025-04-10,10:30:00,10:30-11:00,CHOP_BUY,long,0.0,2,0,CHOP,
2025-04-10,10:31:00,10:30-11:00,PARTIAL_TP,long,96.0,1,1,TREND,
2025-04-10,10:43:00,10:30-11:00,SESSION_EXIT,long,39.0,0,13,TREND,
2025-04-11,09:45:00,09:30-10:00,TREND_LONG,long,0.0,2,0,TREND,
2025-04-11,09:46:00,09:30-10:00,PARTIAL_TP,long,67.0,1,1,TREND,
2025-04-11,10:00:00,10:00-10:30,EXIT_FLAT,long,-68.0,0,15,TREND,
2025-04-11,10:30:00,10:30-11:00,TREND_LONG,long,0.0,2,0,TREND,
2025-04-11,10:31:00,10:30-11:00,SESSION_EXIT,long,66.0,0,1,TREND,
2025-04-14,09:43:00,09:30-10:00,TREND_SHORT,short,0.0,2,0,TREND,
2025-04-14,09:44:00,09:30-10:00,EXIT_FLAT,short,-166.0,0,1,TREND,
2025-04-14,10:52:00,10:30-11:00,TREND_LONG,long,0.0,2,0,TREND,
2025-04-14,10:53:00,10:30-11:00,SESSION_EXIT,long,-18.0,0,1,TREND,
2025-04-15,09:51:00,09:30-10:00,TREND_LONG,long,0.0,2,0,TREND,
2025-04-15,09:57:00,09:30-10:00,EXIT_FLAT,long,-120.0,0,6,TREND,
2025-04-15,10:11:00,10:00-10:30,TREND_LONG,long,0.0,2,0,TREND,
2025-04-15,10:14:00,10:00-10:30,EXIT_FLAT,long,-176.0,0,3,TREND,
2025-04-15,13:22:00,13:00-13:30,TREND_SHORT,short,0.0,2,0,TREND,
2025-04-15,13:23:00,13:00-13:30,SESSION_EXIT,short,34.0,0,1,TREND,
2025-04-16,09:46:00,09:30-10:00,TREND_SHORT,short,0.0,2,0,TREND,
2025-04-16,09:53:00,09:30-10:00,PARTIAL_TP,short,59.0,1,7,TREND,
2025-04-16,10:30:00,10:30-11:00,SESSION_EXIT,short,-15.0,0,44,TREND,
2025-04-17,09:55:00,09:30-10:00,TREND_LONG,long,0.0,2,0,TREND,
2025-04-17,10:09:00,10:00-10:30,EXIT_FLAT,long,-134.0,0,14,TREND,
2025-04-17,10:18:00,10:00-10:30,TREND_SHORT,short,0.0,2,0,TREND,
2025-04-17,10:29:00,10:00-10:30,PARTIAL_TP,short,56.0,1,11,TREND,
2025-04-17,10:32:00,10:30-11:00,SESSION_EXIT,short,50.0,0,14,TREND,
2025-04-21,09:46:00,09:30-10:00,TREND_SHORT,short,0.0,2,0,TREND,
2025-04-21,09:57:00,09:30-10:00,PARTIAL_TP,short,69.0,1,11,TREND,
2025-04-21,10:28:00,10:00-10:30,CHOP_TP,short,228.0,0,42,CHOP,
2025-04-21,10:32:00,10:30-11:00,TREND_SHORT,short,0.0,2,0,TREND,
2025-04-21,10:33:00,10:30-11:00,SESSION_EXIT,short,-8.0,0,1,TREND,
2025-04-22,10:06:00,10:00-10:30,TREND_LONG,long,0.0,2,0,TREND,
2025-04-22,10:21:00,10:00-10:30,PARTIAL_TP,long,52.0,1,15,TREND,
2025-04-22,10:30:00,10:30-11:00,SESSION_EXIT,long,19.0,0,24,TREND,
2025-04-23,11:28:00,11:00-11:30,TREND_SHORT,short,0.0,2,0,TREND,
2025-04-23,11:29:00,11:00-11:30,SESSION_EXIT,short,-94.0,0,1,TREND,
2025-04-24,09:51:00,09:30-10:00,TREND_LONG,long,0.0,2,0,TREND,
2025-04-24,09:58:00,09:30-10:00,PARTIAL_TP,long,54.0,1,7,TREND,
2025-04-24,12:06:00,12:00-12:30,SESSION_EXIT,long,293.0,0,135,CHOP,
2025-04-25,09:46:00,09:30-10:00,TREND_SHORT,short,0.0,2,0,TREND,
2025-04-25,09:52:00,09:30-10:00,PARTIAL_TP,short,56.0,1,6,TREND,
2025-04-25,11:06:00,11:00-11:30,SESSION_EXIT,short,49.0,0,80,TREND,
2025-04-28,10:00:00,10:00-10:30,TREND_SHORT,short,0.0,2,0,TREND,
2025-04-28,10:04:00,10:00-10:30,EXIT_FLAT,short,-148.0,0,4,TREND,
2025-04-28,10:52:00,10:30-11:00,CHOP_SELL,short,0.0,2,0,CHOP,
2025-04-28,10:53:00,10:30-11:00,SESSION_EXIT,short,62.0,0,1,TREND,
2025-04-29,09:50:00,09:30-10:00,TREND_LONG,long,0.0,2,0,TREND,
2025-04-29,09:59:00,09:30-10:00,EXIT_FLAT,long,-126.0,0,9,TREND,
2025-04-29,10:06:00,10:00-10:30,TREND_LONG,long,0.0,2,0,TREND,
2025-04-29,10:11:00,10:00-10:30,EXIT_FLAT,long,-152.0,0,5,TREND,
2025-04-29,10:27:00,10:00-10:30,TREND_SHORT,short,0.0,2,0,TREND,
2025-04-29,10:30:00,10:30-11:00,SESSION_EXIT,short,-44.0,0,3,TREND,
2025-04-30,09:53:00,09:30-10:00,TREND_SHORT,short,0.0,2,0,TREND,
2025-04-30,09:56:00,09:30-10:00,PARTIAL_TP,short,57.0,1,3,TREND,
2025-04-30,10:10:00,10:00-10:30,EXIT_FLAT,short,-60.0,0,17,TREND,
2025-04-30,11:12:00,11:00-11:30,TREND_LONG,long,0.0,2,0,TREND,
2025-04-30,11:13:00,11:00-11:30,SESSION_EXIT,long,24.0,0,1,TREND,
2025-05-01,09:51:00,09:30-10:00,TREND_LONG,long,0.0,2,0,TREND,
2025-05-01,09:58:00,09:30-10:00,EXIT_FLAT,long,-162.0,0,7,TREND,
2025-05-01,10:06:00,10:00-10:30,TREND_SHORT,short,0.0,2,0,TREND,
2025-05-01,10:10:00,10:00-10:30,PARTIAL_TP,short,58.0,1,4,TREND,
2025-05-01,10:23:00,10:00-10:30,EXIT_FLAT,short,-61.0,0,17,TREND,
2025-05-01,10:55:00,10:30-11:00,TREND_LONG,long,0.0,2,0,TREND,
2025-05-01,10:56:00,10:30-11:00,SESSION_EXIT,long,12.0,0,1,TREND,
2025-05-02,09:47:00,09:30-10:00,TREND_SHORT,short,0.0,2,0,TREND,
2025-05-02,09:51:00,09:30-10:00,PARTIAL_TP,short,74.0,1,4,TREND,
2025-05-02,10:16:00,10:00-10:30,EXIT_FLAT,short,-73.0,0,29,TREND,
2025-05-02,10:22:00,10:00-10:30,CHOP_BUY,long,0.0,2,0,CHOP,
2025-05-02,10:26:00,10:00-10:30,PARTIAL_TP,long,66.0,1,4,TREND,
2025-05-02,10:31:00,10:30-11:00,SESSION_EXIT,long,28.0,0,9,TREND,
2025-05-05,09:57:00,09:30-10:00,TREND_LONG,long,0.0,2,0,TREND,
2025-05-05,10:01:00,10:00-10:30,PARTIAL_TP,long,75.0,1,4,TREND,
2025-05-05,10:28:00,10:00-10:30,CHOP_TP,long,58.0,0,31,CHOP,
2025-05-05,10:37:00,10:30-11:00,CHOP_SELL,short,0.0,2,0,CHOP,
2025-05-05,10:38:00,10:30-11:00,SESSION_EXIT,short,-38.0,0,1,TREND,
2025-05-06,09:49:00,09:30-10:00,TREND_SHORT,short,0.0,2,0,TREND,
2025-05-06,10:04:00,10:00-10:30,EXIT_FLAT,short,-126.0,0,15,TREND,
2025-05-06,10:12:00,10:00-10:30,TREND_LONG,long,0.0,2,0,TREND,
2025-05-06,10:19:00,10:00-10:30,PARTIAL_TP,long,56.0,1,7,TREND,
2025-05-06,11:44:00,11:30-12:00,SESSION_EXIT,long,48.0,0,92,TREND,
2025-05-07,09:44:00,09:30-10:00,TREND_LONG,long,0.0,2,0,TREND,
2025-05-07,09:49:00,09:30-10:00,EXIT_FLAT,long,-170.0,0,5,TREND,
2025-05-07,09:56:00,09:30-10:00,CHOP_BUY,long,0.0,2,0,CHOP,
2025-05-07,10:08:00,10:00-10:30,CHOP_TP,long,36.0,0,12,CHOP,
2025-05-07,10:54:00,10:30-11:00,TREND_SHORT,short,0.0,2,0,TREND,
2025-05-07,10:55:00,10:30-11:00,SESSION_EXIT,short,12.0,0,1,TREND,
2025-05-08,09:45:00,09:30-10:00,CHOP_SELL,short,0.0,2,0,CHOP,
2025-05-08,09:49:00,09:30-10:00,PARTIAL_TP,short,55.0,1,4,TREND,
2025-05-08,10:30:00,10:30-11:00,SESSION_EXIT,short,-29.0,0,45,TREND,
2025-05-09,09:44:00,09:30-10:00,TREND_SHORT,short,0.0,2,0,TREND,
2025-05-09,10:08:00,10:00-10:30,EXIT_FLAT,short,-152.0,0,24,TREND,
2025-05-09,10:20:00,10:00-10:30,TREND_SHORT,short,0.0,2,0,TREND,
2025-05-09,10:26:00,10:00-10:30,PARTIAL_TP,short,57.0,1,6,TREND,
2025-05-09,11:21:00,11:00-11:30,SESSION_EXIT,short,128.0,0,61,CHOP,
2025-05-12,10:26:00,10:00-10:30,TREND_SHORT,short,0.0,2,0,TREND,
2025-05-12,10:30:00,10:30-11:00,PARTIAL_TP,short,56.0,1,4,TREND,
2025-05-12,10:32:00,10:30-11:00,SESSION_EXIT,short,37.0,0,6,TREND,
2025-05-13,10:13:00,10:00-10:30,TREND_LONG,long,0.0,2,0,TREND,
2025-05-13,10:17:00,10:00-10:30,PARTIAL_TP,long,66.0,1,4,TREND,
2025-05-13,10:30:00,10:30-11:00,SESSION_EXIT,long,-19.0,0,17,TREND,
2025-05-14,09:47:00,09:30-10:00,TREND_SHORT,short,0.0,2,0,TREND,
2025-05-14,10:08:00,10:00-10:30,EXIT_FLAT,short,-122.0,0,21,TREND,
2025-05-14,10:30:00,10:30-11:00,CHOP_SELL,short,0.0,2,0,CHOP,
2025-05-14,10:31:00,10:30-11:00,SESSION_EXIT,short,-18.0,0,1,TREND,
2025-05-15,10:01:00,10:00-10:30,TREND_LONG,long,0.0,2,0,TREND,
2025-05-15,10:13:00,10:00-10:30,EXIT_FLAT,long,-122.0,0,12,TREND,
2025-05-15,10:59:00,10:30-11:00,TREND_LONG,long,0.0,2,0,TREND,
2025-05-15,11:00:00,11:00-11:30,SESSION_EXIT,long,14.0,0,1,TREND,
2025-05-16,09:59:00,09:30-10:00,TREND_LONG,long,0.0,2,0,TREND,
2025-05-16,10:30:00,10:30-11:00,SESSION_EXIT,long,-48.0,0,31,TREND,
2025-05-19,09:47:00,09:30-10:00,TREND_LONG,long,0.0,2,0,TREND,
2025-05-19,09:56:00,09:30-10:00,PARTIAL_TP,long,51.0,1,9,TREND,
2025-05-19,10:33:00,10:30-11:00,SESSION_EXIT,long,77.0,0,46,CHOP,
2025-05-20,09:43:00,09:30-10:00,TREND_SHORT,short,0.0,2,0,TREND,
2025-05-20,10:05:00,10:00-10:30,EXIT_FLAT,short,-124.0,0,22,TREND,
2025-05-20,10:19:00,10:00-10:30,CHOP_BUY,long,0.0,2,0,CHOP,
2025-05-20,10:30:00,10:30-11:00,SESSION_EXIT,long,0.0,0,11,TREND,
2025-05-21,09:54:00,09:30-10:00,TREND_LONG,long,0.0,2,0,TREND,
2025-05-21,10:25:00,10:00-10:30,EXIT_FLAT,long,-122.0,0,31,TREND,
2025-05-21,10:33:00,10:30-11:00,TREND_SHORT,short,0.0,2,0,TREND,
2025-05-21,10:34:00,10:30-11:00,SESSION_EXIT,short,2.0,0,1,TREND,
2025-05-22,09:53:00,09:30-10:00,TREND_LONG,long,0.0,2,0,TREND,
2025-05-22,10:24:00,10:00-10:30,EXIT_FLAT,long,-180.0,0,31,TREND,
2025-05-22,10:37:00,10:30-11:00,TREND_SHORT,short,0.0,2,0,TREND,
2025-05-22,10:38:00,10:30-11:00,SESSION_EXIT,short,18.0,0,1,TREND,
2025-05-23,09:42:00,09:30-10:00,CHOP_SELL,short,0.0,2,0,CHOP,
2025-05-23,10:02:00,10:00-10:30,EXIT_FLAT,short,-128.0,0,20,TREND,
2025-05-23,10:04:00,10:00-10:30,TREND_LONG,long,0.0,2,0,TREND,
2025-05-23,10:19:00,10:00-10:30,EXIT_FLAT,long,-126.0,0,15,TREND,
2025-05-23,10:32:00,10:30-11:00,CHOP_SELL,short,0.0,2,0,CHOP,
2025-05-23,10:33:00,10:30-11:00,SESSION_EXIT,short,-38.0,0,1,TREND,
2025-05-26,09:42:00,09:30-10:00,TREND_LONG,long,0.0,2,0,TREND,
2025-05-26,10:03:00,10:00-10:30,EXIT_FLAT,long,-132.0,0,21,TREND,
2025-05-26,10:05:00,10:00-10:30,TREND_SHORT,short,0.0,2,0,TREND,
2025-05-26,10:30:00,10:30-11:00,SESSION_EXIT,short,28.0,0,25,TREND,
2025-05-27,10:19:00,10:00-10:30,TREND_LONG,long,0.0,2,0,TREND,
2025-05-27,10:30:00,10:30-11:00,SESSION_EXIT,long,84.0,0,11,TREND,
2025-05-28,09:53:00,09:30-10:00,TREND_SHORT,short,0.0,2,0,TREND,
2025-05-28,10:30:00,10:30-11:00,SESSION_EXIT,short,70.0,0,37,TREND,
2025-05-29,09:54:00,09:30-10:00,TREND_LONG,long,0.0,2,0,TREND,
2025-05-29,09:56:00,09:30-10:00,EXIT_FLAT,long,-158.0,0,2,TREND,
2025-05-29,10:07:00,10:00-10:30,TREND_SHORT,short,0.0,2,0,TREND,
2025-05-29,10:15:00,10:00-10:30,EXIT_FLAT,short,-154.0,0,8,TREND,
2025-05-29,11:33:00,11:30-12:00,TREND_SHORT,short,0.0,2,0,TREND,
2025-05-29,11:34:00,11:30-12:00,SESSION_EXIT,short,-6.0,0,1,TREND,
2025-05-30,09:45:00,09:30-10:00,TREND_LONG,long,0.0,2,0,TREND,
2025-05-30,09:49:00,09:30-10:00,EXIT_FLAT,long,-130.0,0,4,TREND,
2025-05-30,10:01:00,10:00-10:30,TREND_LONG,long,0.0,2,0,TREND,
2025-05-30,10:12:00,10:00-10:30,PARTIAL_TP,long,63.0,1,11,TREND,
2025-05-30,10:26:00,10:00-10:30,CHOP_TP,long,39.0,0,25,CHOP,
2025-05-30,10:36:00,10:30-11:00,CHOP_BUY,long,0.0,2,0,CHOP,
2025-05-30,10:37:00,10:30-11:00,SESSION_EXIT,long,32.0,0,1,TREND,
2025-06-02,09:50:00,09:30-10:00,TREND_SHORT,short,0.0,2,0,TREND,
2025-06-02,09:52:00,09:30-10:00,PARTIAL_TP,short,67.0,1,2,TREND,
2025-06-02,10:30:00,10:30-11:00,SESSION_EXIT,short,-17.0,0,40,TREND,
2025-06-03,09:58:00,09:30-10:00,TREND_SHORT,short,0.0,2,0,TREND,
2025-06-03,10:26:00,10:00-10:30,EXIT_FLAT,short,-132.0,0,28,TREND,
2025-06-03,10:57:00,10:30-11:00,CHOP_BUY,long,0.0,2,0,CHOP,
2025-06-03,10:58:00,10:30-11:00,SESSION_EXIT,long,4.0,0,1,CHOP,
2025-06-04,15:40:00,15:30-16:00,TREND_SHORT,short,0.0,2,0,TREND,
2025-06-04,15:41:00,15:30-16:00,SESSION_EXIT,short,-22.0,0,1,TREND,
2025-06-05,09:45:00,09:30-10:00,TREND_SHORT,short,0.0,2,0,TREND,
2025-06-05,09:56:00,09:30-10:00,PARTIAL_TP,short,59.0,1,11,TREND,
2025-06-05,10:29:00,10:00-10:30,EXIT_FLAT,short,-61.0,0,44,TREND,
2025-06-05,11:11:00,11:00-11:30,CHOP_BUY,long,0.0,2,0,CHOP,
2025-06-05,11:12:00,11:00-11:30,SESSION_EXIT,long,-6.0,0,1,TREND,
2025-06-06,09:44:00,09:30-10:00,TREND_LONG,long,0.0,2,0,TREND,
2025-06-06,09:51:00,09:30-10:00,EXIT_FLAT,long,-148.0,0,7,TREND,
2025-06-06,10:06:00,10:00-10:30,CHOP_BUY,long,0.0,2,0,CHOP,
2025-06-06,10:30:00,10:30-11:00,SESSION_EXIT,long,-108.0,0,24,TREND,
2025-06-09,10:03:00,10:00-10:30,TREND_SHORT,short,0.0,2,0,TREND,
2025-06-09,10:30:00,10:30-11:00,SESSION_EXIT,short,-78.0,0,27,TREND,
2025-06-10,09:46:00,09:30-10:00,TREND_SHORT,short,0.0,2,0,TREND,
2025-06-10,10:30:00,10:30-11:00,SESSION_EXIT,short,-80.0,0,44,TREND,
2025-06-11,09:52:00,09:30-10:00,TREND_LONG,long,0.0,2,0,TREND,
2025-06-11,10:16:00,10:00-10:30,PARTIAL_TP,long,52.0,1,24,TREND,
2025-06-11,10:43:00,10:30-11:00,SESSION_EXIT,long,83.0,0,51,CHOP,
2025-06-12,10:03:00,10:00-10:30,TREND_LONG,long,0.0,2,0,TREND,
2025-06-12,10:17:00,10:00-10:30,PARTIAL_TP,long,82.0,1,14,TREND,
2025-06-12,10:47:00,10:30-11:00,SESSION_EXIT,long,152.0,0,44,CHOP,
2025-06-13,09:47:00,09:30-10:00,TREND_SHORT,short,0.0,2,0,TREND,
2025-06-13,09:54:00,09:30-10:00,PARTIAL_TP,short,59.0,1,7,TREND,
2025-06-13,10:17:00,10:00-10:30,CHOP_TP,short,86.0,0,30,CHOP,
2025-06-13,10:28:00,10:00-10:30,TREND_SHORT,short,0.0,2,0,TREND,
2025-06-13,10:30:00,10:30-11:00,SESSION_EXIT,short,22.0,0,2,TREND,
2025-06-16,09:45:00,09:30-10:00,TREND_LONG,long,0.0,2,0,TREND,
2025-06-16,09:53:00,09:30-10:00,PARTIAL_TP,long,57.0,1,8,TREND,
2025-06-16,10:38:00,10:30-11:00,SESSION_EXIT,long,129.0,0,53,CHOP,
2025-06-17,10:00:00,10:00-10:30,TREND_LONG,long,0.0,2,0,TREND,
2025-06-17,10:12:00,10:00-10:30,PARTIAL_TP,long,52.0,1,12,TREND,
2025-06-17,10:35:00,10:30-11:00,SESSION_EXIT,long,39.0,0,35,CHOP,
2025-06-18,09:48:00,09:30-10:00,TREND_LONG,long,0.0,2,0,TREND,
2025-06-18,09:58:00,09:30-10:00,PARTIAL_TP,long,50.0,1,10,TREND,
2025-06-18,11:01:00,11:00-11:30,SESSION_EXIT,long,191.0,0,73,CHOP,
2025-06-19,09:43:00,09:30-10:00,TREND_SHORT,short,0.0,2,0,TREND,
2025-06-19,09:48:00,09:30-10:00,PARTIAL_TP,short,92.0,1,5,TREND,
2025-06-19,10:18:00,10:00-10:30,CHOP_TP,short,12.0,0,35,CHOP,
2025-06-19,10:20:00,10:00-10:30,CHOP_BUY,long,0.0,2,0,CHOP,
2025-06-19,10:30:00,10:30-11:00,SESSION_EXIT,long,16.0,0,10,TREND,
2025-06-23,09:47:00,09:30-10:00,TREND_LONG,long,0.0,2,0,TREND,
2025-06-23,09:55:00,09:30-10:00,PARTIAL_TP,long,52.0,1,8,TREND,
2025-06-23,10:37:00,10:30-11:00,SESSION_EXIT,long,40.0,0,50,TREND,
2025-06-24,09:56:00,09:30-10:00,TREND_SHORT,short,0.0,2,0,TREND,
2025-06-24,10:07:00,10:00-10:30,CHOP_TP,short,44.0,0,11,CHOP,
2025-06-24,10:08:00,10:00-10:30,TREND_SHORT,short,0.0,2,0,TREND,
2025-06-24,10:20:00,10:00-10:30,EXIT_FLAT,short,-138.0,0,12,TREND,
2025-06-24,10:41:00,10:30-11:00,CHOP_BUY,long,0.0,2,0,CHOP,
2025-06-24,10:42:00,10:30-11:00,SESSION_EXIT,long,34.0,0,1,TREND,
2025-06-25,09:49:00,09:30-10:00,TREND_SHORT,short,0.0,2,0,TREND,
2025-06-25,10:30:00,10:30-11:00,SESSION_EXIT,short,32.0,0,41,TREND,
2025-06-26,10:31:00,10:30-11:00,TREND_LONG,long,0.0,2,0,TREND,
2025-06-26,10:32:00,10:30-11:00,SESSION_EXIT,long,-2.0,0,1,TREND,
2025-06-27,09:53:00,09:30-10:00,TREND_LONG,long,0.0,2,0,TREND,
2025-06-27,10:00:00,10:00-10:30,PARTIAL_TP,long,55.0,1,7,TREND,
2025-06-27,12:42:00,12:30-13:00,SESSION_EXIT,long,324.0,0,169,CHOP,
2025-06-30,10:05:00,10:00-10:30,TREND_SHORT,short,0.0,2,0,TREND,
2025-06-30,10:30:00,10:30-11:00,SESSION_EXIT,short,-26.0,0,25,TREND,
2025-07-01,10:13:00,10:00-10:30,TREND_LONG,long,0.0,2,0,TREND,
2025-07-01,10:26:00,10:00-10:30,PARTIAL_TP,long,60.0,1,13,TREND,
2025-07-01,10:39:00,10:30-11:00,SESSION_EXIT,long,90.0,0,26,CHOP,
2025-07-02,09:53:00,09:30-10:00,CHOP_SELL,short,0.0,2,0,CHOP,
2025-07-02,10:21:00,10:00-10:30,CHOP_TP,short,32.0,0,28,CHOP,
2025-07-02,11:25:00,11:00-11:30,TREND_LONG,long,0.0,2,0,TREND,
2025-07-02,11:26:00,11:00-11:30,SESSION_EXIT,long,20.0,0,1,TREND,
2025-07-03,09:42:00,09:30-10:00,TREND_LONG,long,0.0,2,0,TREND,
2025-07-03,09:54:00,09:30-10:00,PARTIAL_TP,long,53.0,1,12,TREND,
2025-07-03,10:10:00,10:00-10:30,CHOP_TP,long,67.0,0,28,CHOP,
2025-07-03,10:17:00,10:00-10:30,TREND_LONG,long,0.0,2,0,TREND,
2025-07-03,10:30:00,10:30-11:00,SESSION_EXIT,long,-4.0,0,13,TREND,
2025-07-04,09:43:00,09:30-10:00,TREND_LONG,long,0.0,2,0,TREND,
2025-07-04,10:30:00,10:30-11:00,SESSION_EXIT,long,50.0,0,47,TREND,
2025-07-07,09:45:00,09:30-10:00,CHOP_SELL,short,0.0,2,0,CHOP,
2025-07-07,10:02:00,10:00-10:30,PARTIAL_TP,short,52.0,1,17,TREND,
2025-07-07,10:49:00,10:30-11:00,SESSION_EXIT,short,136.0,0,64,CHOP,
2025-07-08,09:45:00,09:30-10:00,TREND_LONG,long,0.0,2,0,TREND,
2025-07-08,09:59:00,09:30-10:00,EXIT_FLAT,long,-128.0,0,14,TREND,
2025-07-08,10:05:00,10:00-10:30,TREND_SHORT,short,0.0,2,0,TREND,
2025-07-08,10:30:00,10:30-11:00,SESSION_EXIT,short,-32.0,0,25,TREND,
2025-07-09,09:49:00,09:30-10:00,TREND_LONG,long,0.0,2,0,TREND,
2025-07-09,09:55:00,09:30-10:00,EXIT_FLAT,long,-138.0,0,6,TREND,
2025-07-09,10:27:00,10:00-10:30,TREND_SHORT,short,0.0,2,0,TREND,
2025-07-09,10:30:00,10:30-11:00,PARTIAL_TP,short,61.0,1,3,TREND,
2025-07-09,12:35:00,12:30-13:00,SESSION_EXIT,short,118.0,0,128,CHOP,
2025-07-10,09:47:00,09:30-10:00,TREND_LONG,long,0.0,2,0,TREND,
2025-07-10,09:56:00,09:30-10:00,PARTIAL_TP,long,51.0,1,9,TREND,
2025-07-10,10:32:00,10:30-11:00,SESSION_EXIT,long,128.0,0,45,CHOP,
2025-07-11,09:45:00,09:30-10:00,TREND_SHORT,short,0.0,2,0,TREND,
2025-07-11,09:55:00,09:30-10:00,EXIT_FLAT,short,-158.0,0,10,TREND,
2025-07-11,10:22:00,10:00-10:30,TREND_LONG,long,0.0,2,0,TREND,
2025-07-11,10:30:00,10:30-11:00,SESSION_EXIT,long,-28.0,0,8,TREND,
2025-07-14,09:45:00,09:30-10:00,TREND_LONG,long,0.0,2,0,TREND,
2025-07-14,10:00:00,10:00-10:30,EXIT_FLAT,long,-140.0,0,15,TREND,
2025-07-14,13:14:00,13:00-13:30,CHOP_SELL,short,0.0,2,0,CHOP,
2025-07-14,13:15:00,13:00-13:30,SESSION_EXIT,short,8.0,0,1,TREND,
2025-07-15,10:04:00,10:00-10:30,TREND_SHORT,short,0.0,2,0,TREND,
2025-07-15,10:30:00,10:30-11:00,SESSION_EXIT,short,92.0,0,26,TREND,
2025-07-16,09:47:00,09:30-10:00,TREND_SHORT,short,0.0,2,0,TREND,
2025-07-16,10:30:00,10:30-11:00,SESSION_EXIT,short,-6.0,0,43,TREND,
2025-07-17,09:49:00,09:30-10:00,TREND_LONG,long,0.0,2,0,TREND,
2025-07-17,09:55:00,09:30-10:00,EXIT_FLAT,long,-150.0,0,6,TREND,
2025-07-17,10:37:00,10:30-11:00,CHOP_BUY,long,0.0,2,0,CHOP,
2025-07-17,10:38:00,10:30-11:00,SESSION_EXIT,long,-18.0,0,1,TREND,
2025-07-18,09:44:00,09:30-10:00,TREND_SHORT,short,0.0,2,0,TREND,
2025-07-18,10:05:00,10:00-10:30,PARTIAL_TP,short,66.0,1,21,TREND,
2025-07-18,11:17:00,11:00-11:30,SESSION_EXIT,short,68.0,0,93,CHOP,
2025-07-21,09:43:00,09:30-10:00,TREND_SHORT,short,0.0,2,0,TREND,
2025-07-21,09:54:00,09:30-10:00,EXIT_FLAT,short,-138.0,0,11,TREND,
2025-07-21,09:56:00,09:30-10:00,TREND_LONG,long,0.0,2,0,TREND,
2025-07-21,10:30:00,10:30-11:00,SESSION_EXIT,long,52.0,0,34,TREND,
2025-07-22,11:38:00,11:30-12:00,CHOP_SELL,short,0.0,2,0,CHOP,
2025-07-22,11:39:00,11:30-12:00,SESSION_EXIT,short,38.0,0,1,TREND,
2025-07-23,09:42:00,09:30-10:00,TREND_SHORT,short,0.0,2,0,TREND,
2025-07-23,09:51:00,09:30-10:00,PARTIAL_TP,short,51.0,1,9,TREND,
2025-07-23,10:30:00,10:30-11:00,SESSION_EXIT,short,-27.0,0,48,TREND,
2025-07-24,09:47:00,09:30-10:00,TREND_LONG,long,0.0,2,0,TREND,
2025-07-24,10:00:00,10:00-10:30,PARTIAL_TP,long,57.0,1,13,TREND,
2025-07-24,11:07:00,11:00-11:30,SESSION_EXIT,long,137.0,0,80,CHOP,
2025-07-25,10:01:00,10:00-10:30,TREND_SHORT,short,0.0,2,0,TREND,
2025-07-25,10:04:00,10:00-10:30,PARTIAL_TP,short,51.0,1,3,TREND,
2025-07-25,10:18:00,10:00-10:30,EXIT_FLAT,short,-63.0,0,17,TREND,
2025-07-25,10:43:00,10:30-11:00,TREND_LONG,long,0.0,2,0,TREND,
2025-07-25,10:44:00,10:30-11:00,SESSION_EXIT,long,-6.0,0,1,TREND,
2025-07-28,09:52:00,09:30-10:00,TREND_SHORT,short,0.0,2,0,TREND,
2025-07-28,10:05:00,10:00-10:30,EXIT_FLAT,short,-164.0,0,13,TREND,
2025-07-28,10:14:00,10:00-10:30,TREND_LONG,long,0.0,2,0,TREND,
2025-07-28,10:30:00,10:30-11:00,SESSION_EXIT,long,-10.0,0,16,TREND,
2025-07-29,09:49:00,09:30-10:00,TREND_SHORT,short,0.0,2,0,TREND,
2025-07-29,10:30:00,10:30-11:00,SESSION_EXIT,short,-40.0,0,41,TREND,
2025-07-30,09:49:00,09:30-10:00,TREND_SHORT,short,0.0,2,0,TREND,
2025-07-30,09:59:00,09:30-10:00,EXIT_FLAT,short,-134.0,0,10,TREND,
2025-07-30,10:19:00,10:00-10:30,TREND_LONG,long,0.0,2,0,TREND,
2025-07-30,10:30:00,10:30-11:00,SESSION_EXIT,long,26.0,0,11,TREND,
2025-07-31,09:53:00,09:30-10:00,TREND_LONG,long,0.0,2,0,TREND,
2025-07-31,10:11:00,10:00-10:30,EXIT_FLAT,long,-124.0,0,18,TREND,
2025-07-31,10:59:00,10:30-11:00,TREND_SHORT,short,0.0,2,0,TREND,
2025-07-31,11:00:00,11:00-11:30,SESSION_EXIT,short,-44.0,0,1,TREND,
2025-08-01,09:42:00,09:30-10:00,TREND_SHORT,short,0.0,2,0,TREND,
2025-08-01,09:48:00,09:30-10:00,PARTIAL_TP,short,53.0,1,6,TREND,
2025-08-01,09:57:00,09:30-10:00,CHOP_TP,short,61.0,0,15,CHOP,
2025-08-01,10:00:00,10:00-10:30,TREND_SHORT,short,0.0,2,0,TREND,
2025-08-01,10:10:00,10:00-10:30,EXIT_FLAT,short,-178.0,0,10,TREND,
2025-08-01,12:25:00,12:00-12:30,CHOP_BUY,long,0.0,2,0,CHOP,
2025-08-01,12:26:00,12:00-12:30,SESSION_EXIT,long,20.0,0,1,TREND,
2025-08-04,09:45:00,09:30-10:00,CHOP_BUY,long,0.0,2,0,CHOP,
2025-08-04,09:57:00,09:30-10:00,PARTIAL_TP,long,68.0,1,12,TREND,
2025-08-04,10:24:00,10:00-10:30,CHOP_TP,long,80.0,0,39,CHOP,
2025-08-04,10:26:00,10:00-10:30,TREND_LONG,long,0.0,2,0,TREND,
2025-08-04,10:30:00,10:30-11:00,SESSION_EXIT,long,-36.0,0,4,TREND,
2025-08-05,09:56:00,09:30-10:00,TREND_SHORT,short,0.0,2,0,TREND,
2025-08-05,10:04:00,10:00-10:30,PARTIAL_TP,short,57.0,1,8,TREND,
2025-08-05,11:51:00,11:30-12:00,SESSION_EXIT,short,123.0,0,115,CHOP,
2025-08-06,10:23:00,10:00-10:30,TREND_SHORT,short,0.0,2,0,TREND,
2025-08-06,10:30:00,10:30-11:00,SESSION_EXIT,short,-28.0,0,7,TREND,
2025-08-07,09:45:00,09:30-10:00,TREND_SHORT,short,0.0,2,0,TREND,
2025-08-07,10:03:00,10:00-10:30,PARTIAL_TP,short,72.0,1,18,TREND,
2025-08-07,14:26:00,14:00-14:30,SESSION_EXIT,short,519.0,0,281,CHOP,
2025-08-08,09:43:00,09:30-10:00,TREND_SHORT,short,0.0,2,0,TREND,
2025-08-08,09:51:00,09:30-10:00,EXIT_FLAT,short,-124.0,0,8,TREND,
2025-08-08,09:56:00,09:30-10:00,TREND_LONG,long,0.0,2,0,TREND,
2025-08-08,10:04:00,10:00-10:30,PARTIAL_TP,long,55.0,1,8,TREND,
2025-08-08,10:15:00,10:00-10:30,CHOP_TP,long,55.0,0,19,CHOP,
2025-08-08,11:39:00,11:30-12:00,TREND_SHORT,short,0.0,2,0,TREND,
2025-08-08,11:40:00,11:30-12:00,SESSION_EXIT,short,24.0,0,1,TREND,
2025-08-11,09:45:00,09:30-10:00,TREND_SHORT,short,0.0,2,0,TREND,
2025-08-11,09:51:00,09:30-10:00,PARTIAL_TP,short,59.0,1,6,TREND,
2025-08-11,12:07:00,12:00-12:30,SESSION_EXIT,short,40.0,0,142,TREND,
2025-08-12,09:44:00,09:30-10:00,TREND_SHORT,short,0.0,2,0,TREND,
2025-08-12,09:53:00,09:30-10:00,EXIT_FLAT,short,-170.0,0,9,TREND,
2025-08-12,10:02:00,10:00-10:30,TREND_LONG,long,0.0,2,0,TREND,
2025-08-12,10:05:00,10:00-10:30,PARTIAL_TP,long,52.0,1,3,TREND,
2025-08-12,10:37:00,10:30-11:00,SESSION_EXIT,long,45.0,0,35,TREND,
2025-08-13,09:44:00,09:30-10:00,TREND_LONG,long,0.0,2,0,TREND,
2025-08-13,09:47:00,09:30-10:00,PARTIAL_TP,long,52.0,1,3,TREND,
2025-08-13,10:30:00,10:30-11:00,SESSION_EXIT,long,8.0,0,46,TREND,
2025-08-14,10:03:00,10:00-10:30,TREND_LONG,long,0.0,2,0,TREND,
2025-08-14,10:23:00,10:00-10:30,EXIT_FLAT,long,-126.0,0,20,TREND,
2025-08-14,10:46:00,10:30-11:00,TREND_LONG,long,0.0,2,0,TREND,
2025-08-14,10:47:00,10:30-11:00,SESSION_EXIT,long,14.0,0,1,TREND,
2025-08-15,09:56:00,09:30-10:00,TREND_SHORT,short,0.0,2,0,TREND,
2025-08-15,10:12:00,10:00-10:30,PARTIAL_TP,short,50.0,1,16,TREND,
2025-08-15,11:01:00,11:00-11:30,SESSION_EXIT,short,95.0,0,65,CHOP,
2025-08-18,09:46:00,09:30-10:00,TREND_LONG,long,0.0,2,0,TREND,
2025-08-18,09:54:00,09:30-10:00,EXIT_FLAT,long,-122.0,0,8,TREND,
2025-08-18,09:58:00,09:30-10:00,TREND_SHORT,short,0.0,2,0,TREND,
2025-08-18,10:13:00,10:00-10:30,EXIT_FLAT,short,-122.0,0,15,TREND,
2025-08-18,14:18:00,14:00-14:30,TREND_SHORT,short,0.0,2,0,TREND,
2025-08-18,14:19:00,14:00-14:30,SESSION_EXIT,short,-18.0,0,1,TREND,
2025-08-19,09:57:00,09:30-10:00,CHOP_SELL,short,0.0,2,0,CHOP,
2025-08-19,10:03:00,10:00-10:30,EXIT_FLAT,short,-154.0,0,6,TREND,
2025-08-19,10:26:00,10:00-10:30,TREND_LONG,long,0.0,2,0,TREND,
2025-08-19,10:30:00,10:30-11:00,SESSION_EXIT,long,28.0,0,4,TREND,
2025-08-20,09:51:00,09:30-10:00,TREND_SHORT,short,0.0,2,0,TREND,
2025-08-20,09:54:00,09:30-10:00,PARTIAL_TP,short,51.0,1,3,TREND,
2025-08-20,10:20:00,10:00-10:30,CHOP_TP,short,64.0,0,29,CHOP,
2025-08-20,10:28:00,10:00-10:30,TREND_SHORT,short,0.0,2,0,TREND,
2025-08-20,10:30:00,10:30-11:00,SESSION_EXIT,short,72.0,0,2,TREND,
2025-08-21,10:01:00,10:00-10:30,TREND_LONG,long,0.0,2,0,TREND,
2025-08-21,10:06:00,10:00-10:30,PARTIAL_TP,long,69.0,1,5,TREND,
2025-08-21,10:24:00,10:00-10:30,CHOP_TP,long,89.0,0,23,CHOP,
2025-08-21,10:52:00,10:30-11:00,CHOP_BUY,long,0.0,2,0,CHOP,
2025-08-21,10:53:00,10:30-11:00,SESSION_EXIT,long,-16.0,0,1,TREND,
2025-08-22,09:43:00,09:30-10:00,TREND_LONG,long,0.0,2,0,TREND,
2025-08-22,09:53:00,09:30-10:00,CHOP_TP,long,38.0,0,10,CHOP,
2025-08-22,10:00:00,10:00-10:30,TREND_LONG,long,0.0,2,0,TREND,
2025-08-22,10:01:00,10:00-10:30,PARTIAL_TP,long,53.0,1,1,TREND,
2025-08-22,11:56:00,11:30-12:00,SESSION_EXIT,long,314.0,0,116,CHOP,
2025-08-25,10:01:00,10:00-10:30,TREND_SHORT,short,0.0,2,0,TREND,
2025-08-25,10:12:00,10:00-10:30,PARTIAL_TP,short,53.0,1,11,TREND,
2025-08-25,10:30:00,10:30-11:00,SESSION_EXIT,short,45.0,0,29,TREND,
2025-08-26,09:53:00,09:30-10:00,TREND_LONG,long,0.0,2,0,TREND,
2025-08-26,10:30:00,10:30-11:00,SESSION_EXIT,long,-78.0,0,37,TREND,
2025-08-27,09:43:00,09:30-10:00,TREND_LONG,long,0.0,2,0,TREND,
2025-08-27,10:30:00,10:30-11:00,SESSION_EXIT,long,-38.0,0,47,TREND,
2025-08-28,09:46:00,09:30-10:00,TREND_SHORT,short,0.0,2,0,TREND,
2025-08-28,10:30:00,10:30-11:00,SESSION_EXIT,short,-14.0,0,44,TREND,
2025-08-29,09:43:00,09:30-10:00,TREND_LONG,long,0.0,2,0,TREND,
2025-08-29,09:50:00,09:30-10:00,EXIT_FLAT,long,-144.0,0,7,TREND,
2025-08-29,10:02:00,10:00-10:30,TREND_SHORT,short,0.0,2,0,TREND,
2025-08-29,10:04:00,10:00-10:30,PARTIAL_TP,short,56.0,1,2,TREND,
2025-08-29,10:30:00,10:30-11:00,SESSION_EXIT,short,50.0,0,28,TREND,
2025-09-01,09:45:00,09:30-10:00,TREND_LONG,long,0.0,2,0,TREND,
2025-09-01,10:04:00,10:00-10:30,CHOP_TP,long,46.0,0,19,CHOP,
2025-09-01,10:14:00,10:00-10:30,CHOP_BUY,long,0.0,2,0,CHOP,
2025-09-01,10:30:00,10:30-11:00,SESSION_EXIT,long,40.0,0,16,TREND,
2025-09-02,09:51:00,09:30-10:00,TREND_LONG,long,0.0,2,0,TREND,
2025-09-02,09:56:00,09:30-10:00,PARTIAL_TP,long,50.0,1,5,TREND,
2025-09-02,10:15:00,10:00-10:30,CHOP_TP,long,65.0,0,24,CHOP,
2025-09-02,12:01:00,12:00-12:30,CHOP_SELL,short,0.0,2,0,CHOP,
2025-09-02,12:02:00,12:00-12:30,SESSION_EXIT,short,32.0,0,1,TREND,
2025-09-03,09:48:00,09:30-10:00,TREND_SHORT,short,0.0,2,0,TREND,
2025-09-03,09:57:00,09:30-10:00,PARTIAL_TP,short,57.0,1,9,TREND,
2025-09-03,10:30:00,10:30-11:00,SESSION_EXIT,short,14.0,0,42,TREND,
2025-09-04,09:57:00,09:30-10:00,TREND_LONG,long,0.0,2,0,TREND,
2025-09-04,10:05:00,10:00-10:30,EXIT_FLAT,long,-120.0,0,8,TREND,
2025-09-04,10:31:00,10:30-11:00,TREND_LONG,long,0.0,2,0,TREND,
2025-09-04,10:32:00,10:30-11:00,SESSION_EXIT,long,-12.0,0,1,TREND,
2025-09-05,10:09:00,10:00-10:30,TREND_SHORT,short,0.0,2,0,TREND,
2025-09-05,10:14:00,10:00-10:30,PARTIAL_TP,short,67.0,1,5,TREND,
2025-09-05,13:53:00,13:30-14:00,SESSION_EXIT,short,310.0,0,224,CHOP,
2025-09-08,09:43:00,09:30-10:00,TREND_SHORT,short,0.0,2,0,TREND,
2025-09-08,10:27:00,10:00-10:30,EXIT_FLAT,short,-132.0,0,44,TREND,
2025-09-08,10:55:00,10:30-11:00,TREND_LONG,long,0.0,2,0,TREND,
2025-09-08,10:56:00,10:30-11:00,SESSION_EXIT,long,12.0,0,1,TREND,
2025-09-09,09:45:00,09:30-10:00,TREND_SHORT,short,0.0,2,0,TREND,
2025-09-09,10:02:00,10:00-10:30,EXIT_FLAT,short,-130.0,0,17,TREND,
2025-09-09,10:11:00,10:00-10:30,TREND_LONG,long,0.0,2,0,TREND,
2025-09-09,10:20:00,10:00-10:30,EXIT_FLAT,long,-124.0,0,9,TREND,
2025-09-09,10:32:00,10:30-11:00,TREND_SHORT,short,0.0,2,0,TREND,
2025-09-09,10:33:00,10:30-11:00,SESSION_EXIT,short,8.0,0,1,TREND,
2025-09-10,09:48:00,09:30-10:00,TREND_LONG,long,0.0,2,0,TREND,
2025-09-10,09:51:00,09:30-10:00,EXIT_FLAT,long,-192.0,0,3,TREND,
2025-09-10,10:33:00,10:30-11:00,TREND_SHORT,short,0.0,2,0,TREND,
2025-09-10,10:34:00,10:30-11:00,SESSION_EXIT,short,20.0,0,1,TREND,
2025-09-11,09:46:00,09:30-10:00,TREND_LONG,long,0.0,2,0,TREND,
2025-09-11,09:52:00,09:30-10:00,PARTIAL_TP,long,71.0,1,6,TREND,
2025-09-11,12:52:00,12:30-13:00,SESSION_EXIT,long,304.0,0,186,CHOP,
2025-09-12,09:51:00,09:30-10:00,CHOP_BUY,long,0.0,2,0,CHOP,
2025-09-12,10:25:00,10:00-10:30,EXIT_FLAT,long,-138.0,0,34,TREND,
2025-09-12,10:35:00,10:30-11:00,TREND_SHORT,short,0.0,2,0,TREND,
2025-09-12,10:36:00,10:30-11:00,SESSION_EXIT,short,8.0,0,1,TREND,
2025-09-15,09:55:00,09:30-10:00,TREND_LONG,long,0.0,2,0,TREND,
2025-09-15,10:03:00,10:00-10:30,EXIT_FLAT,long,-132.0,0,8,TREND,
2025-09-15,10:32:00,10:30-11:00,TREND_LONG,long,0.0,2,0,TREND,
2025-09-15,10:33:00,10:30-11:00,SESSION_EXIT,long,4.0,0,1,TREND,
2025-09-16,09:50:00,09:30-10:00,CHOP_BUY,long,0.0,2,0,CHOP,
2025-09-16,10:00:00,10:00-10:30,EXIT_FLAT,long,-120.0,0,10,TREND,
2025-09-16,11:07:00,11:00-11:30,CHOP_SELL,short,0.0,2,0,CHOP,
2025-09-16,11:08:00,11:00-11:30,SESSION_EXIT,short,10.0,0,1,TREND,
2025-09-17,10:55:00,10:30-11:00,TREND_LONG,long,0.0,2,0,TREND,
2025-09-17,10:56:00,10:30-11:00,SESSION_EXIT,long,-38.0,0,1,TREND,
2025-09-18,09:45:00,09:30-10:00,TREND_SHORT,short,0.0,2,0,TREND,
2025-09-18,09:50:00,09:30-10:00,EXIT_FLAT,short,-230.0,0,5,TREND,
2025-09-18,10:00:00,10:00-10:30,TREND_LONG,long,0.0,2,0,TREND,
2025-09-18,10:06:00,10:00-10:30,PARTIAL_TP,long,50.0,1,6,TREND,
2025-09-18,10:51:00,10:30-11:00,SESSION_EXIT,long,45.0,0,51,TREND,
2025-09-22,09:53:00,09:30-10:00,TREND_LONG,long,0.0,2,0,TREND,
2025-09-22,10:07:00,10:00-10:30,PARTIAL_TP,long,62.0,1,14,TREND,
2025-09-22,11:56:00,11:30-12:00,SESSION_EXIT,long,161.0,0,123,CHOP,
2025-09-23,09:45:00,09:30-10:00,TREND_LONG,long,0.0,2,0,TREND,
2025-09-23,09:49:00,09:30-10:00,PARTIAL_TP,long,50.0,1,4,TREND,
2025-09-23,10:03:00,10:00-10:30,CHOP_TP,long,15.0,0,18,CHOP,
2025-09-23,10:10:00,10:00-10:30,TREND_LONG,long,0.0,2,0,TREND,
2025-09-23,10:18:00,10:00-10:30,EXIT_FLAT,long,-152.0,0,8,TREND,
2025-09-23,10:43:00,10:30-11:00,CHOP_SELL,short,0.0,2,0,CHOP,
2025-09-23,10:44:00,10:30-11:00,SESSION_EXIT,short,-6.0,0,1,TREND,
2025-09-24,09:51:00,09:30-10:00,TREND_SHORT,short,0.0,2,0,TREND,
2025-09-24,10:30:00,10:30-11:00,SESSION_EXIT,short,-38.0,0,39,TREND,
2025-09-25,10:10:00,10:00-10:30,TREND_LONG,long,0.0,2,0,TREND,
2025-09-25,10:30:00,10:30-11:00,SESSION_EXIT,long,-58.0,0,20,TREND,
2025-09-26,09:46:00,09:30-10:00,TREND_LONG,long,0.0,2,0,TREND,
2025-09-26,10:03:00,10:00-10:30,EXIT_FLAT,long,-136.0,0,17,TREND,
2025-09-26,10:24:00,10:00-10:30,TREND_SHORT,short,0.0,2,0,TREND,
2025-09-26,10:30:00,10:30-11:00,SESSION_EXIT,short,56.0,0,6,TREND,
2025-09-29,09:49:00,09:30-10:00,TREND_SHORT,short,0.0,2,0,TREND,
2025-09-29,10:30:00,10:30-11:00,SESSION_EXIT,short,-20.0,0,41,TREND,
2025-09-30,09:59:00,09:30-10:00,TREND_LONG,long,0.0,2,0,TREND,
2025-09-30,10:05:00,10:00-10:30,EXIT_FLAT,long,-120.0,0,6,TREND,
2025-09-30,10:09:00,10:00-10:30,TREND_SHORT,short,0.0,2,0,TREND,
2025-09-30,10:16:00,10:00-10:30,EXIT_FLAT,short,-140.0,0,7,TREND,
2025-09-30,10:33:00,10:30-11:00,TREND_SHORT,short,0.0,2,0,TREND,
2025-09-30,10:34:00,10:30-11:00,SESSION_EXIT,short,14.0,0,1,TREND,
2025-10-01,10:02:00,10:00-10:30,CHOP_SELL,short,0.0,2,0,CHOP,
2025-10-01,10:06:00,10:00-10:30,EXIT_FLAT,short,-138.0,0,4,TREND,
2025-10-01,11:23:00,11:00-11:30,TREND_LONG,long,0.0,2,0,TREND,
2025-10-01,11:24:00,11:00-11:30,SESSION_EXIT,long,8.0,0,1,TREND,
2025-10-02,09:53:00,09:30-10:00,TREND_LONG,long,0.0,2,0,TREND,
2025-10-02,10:02:00,10:00-10:30,EXIT_FLAT,long,-120.0,0,9,TREND,
2025-10-02,10:11:00,10:00-10:30,TREND_SHORT,short,0.0,2,0,TREND,
2025-10-02,10:17:00,10:00-10:30,PARTIAL_TP,short,55.0,1,6,TREND,
2025-10-02,10:30:00,10:30-11:00,SESSION_EXIT,short,15.0,0,19,TREND,
2025-10-03,09:46:00,09:30-10:00,TREND_LONG,long,0.0,2,0,TREND,
2025-10-03,09:54:00,09:30-10:00,PARTIAL_TP,long,68.0,1,8,TREND,
2025-10-03,12:33:00,12:30-13:00,SESSION_EXIT,long,295.0,0,167,CHOP,
2025-10-06,09:43:00,09:30-10:00,TREND_SHORT,short,0.0,2,0,TREND,
2025-10-06,09:51:00,09:30-10:00,PARTIAL_TP,short,50.0,1,8,TREND,
2025-10-06,10:49:00,10:30-11:00,SESSION_EXIT,short,49.0,0,66,TREND,
2025-10-07,09:49:00,09:30-10:00,TREND_SHORT,short,0.0,2,0,TREND,
2025-10-07,10:24:00,10:00-10:30,PARTIAL_TP,short,54.0,1,35,TREND,
2025-10-07,10:48:00,10:30-11:00,SESSION_EXIT,short,89.0,0,59,CHOP,
2025-10-08,11:13:00,11:00-11:30,TREND_LONG,long,0.0,2,0,TREND,
2025-10-08,11:14:00,11:00-11:30,SESSION_EXIT,long,-10.0,0,1,TREND,
2025-10-09,09:51:00,09:30-10:00,TREND_SHORT,short,0.0,2,0,TREND,
2025-10-09,09:54:00,09:30-10:00,PARTIAL_TP,short,66.0,1,3,TREND,
2025-10-09,11:18:00,11:00-11:30,SESSION_EXIT,short,50.0,0,87,TREND,
2025-10-10,09:44:00,09:30-10:00,TREND_LONG,long,0.0,2,0,TREND,
2025-10-10,09:50:00,09:30-10:00,EXIT_FLAT,long,-176.0,0,6,TREND,
2025-10-10,10:01:00,10:00-10:30,TREND_SHORT,short,0.0,2,0,TREND,
2025-10-10,10:08:00,10:00-10:30,EXIT_FLAT,short,-132.0,0,7,TREND,
2025-10-10,10:37:00,10:30-11:00,CHOP_BUY,long,0.0,2,0,CHOP,
2025-10-10,10:38:00,10:30-11:00,SESSION_EXIT,long,-24.0,0,1,TREND,
2025-10-13,09:59:00,09:30-10:00,TREND_LONG,long,0.0,2,0,TREND,
2025-10-13,10:02:00,10:00-10:30,EXIT_FLAT,long,-158.0,0,3,TREND,
2025-10-13,10:33:00,10:30-11:00,CHOP_SELL,short,0.0,2,0,CHOP,
2025-10-13,10:34:00,10:30-11:00,SESSION_EXIT,short,-38.0,0,1,TREND,
2025-10-14,09:43:00,09:30-10:00,TREND_SHORT,short,0.0,2,0,TREND,
2025-10-14,09:52:00,09:30-10:00,EXIT_FLAT,short,-152.0,0,9,TREND,
2025-10-14,10:04:00,10:00-10:30,TREND_LONG,long,0.0,2,0,TREND,
2025-10-14,10:13:00,10:00-10:30,PARTIAL_TP,long,50.0,1,9,TREND,
2025-10-14,15:07:00,15:00-15:30,SESSION_EXIT,long,708.0,0,303,CHOP,
2025-10-15,09:55:00,09:30-10:00,TREND_LONG,long,0.0,2,0,TREND,
2025-10-15,10:04:00,10:00-10:30,PARTIAL_TP,long,53.0,1,9,TREND,
2025-10-15,10:30:00,10:30-11:00,SESSION_EXIT,long,23.0,0,35,TREND,
2025-10-16,09:45:00,09:30-10:00,TREND_LONG,long,0.0,2,0,TREND,
2025-10-16,09:47:00,09:30-10:00,EXIT_FLAT,long,-182.0,0,2,TREND,
2025-10-16,10:04:00,10:00-10:30,TREND_SHORT,short,0.0,2,0,TREND,
2025-10-16,10:11:00,10:00-10:30,PARTIAL_TP,short,59.0,1,7,TREND,
2025-10-16,10:26:00,10:00-10:30,CHOP_TP,short,27.0,0,22,CHOP,
2025-10-16,10:43:00,10:30-11:00,TREND_LONG,long,0.0,2,0,TREND,
2025-10-16,10:44:00,10:30-11:00,SESSION_EXIT,long,-26.0,0,1,TREND,
2025-10-17,09:53:00,09:30-10:00,TREND_LONG,long,0.0,2,0,TREND,
2025-10-17,09:59:00,09:30-10:00,EXIT_FLAT,long,-198.0,0,6,TREND,
2025-10-17,10:15:00,10:00-10:30,TREND_LONG,long,0.0,2,0,TREND,
2025-10-17,10:16:00,10:00-10:30,EXIT_FLAT,long,-124.0,0,1,TREND,
2025-10-17,11:14:00,11:00-11:30,TREND_SHORT,short,0.0,2,0,TREND,
2025-10-17,11:15:00,11:00-11:30,SESSION_EXIT,short,-18.0,0,1,TREND,
2025-10-20,09:45:00,09:30-10:00,TREND_LONG,long,0.0,2,0,TREND,
2025-10-20,09:55:00,09:30-10:00,EXIT_FLAT,long,-164.0,0,10,TREND,
2025-10-20,10:16:00,10:00-10:30,TREND_LONG,long,0.0,2,0,TREND,
2025-10-20,10:30:00,10:30-11:00,SESSION_EXIT,long,24.0,0,14,TREND,
2025-10-21,09:44:00,09:30-10:00,TREND_LONG,long,0.0,2,0,TREND,
2025-10-21,10:10:00,10:00-10:30,PARTIAL_TP,long,51.0,1,26,TREND,
2025-10-21,10:49:00,10:30-11:00,SESSION_EXIT,long,196.0,0,65,CHOP,
2025-10-22,09:56:00,09:30-10:00,TREND_SHORT,short,0.0,2,0,TREND,
2025-10-22,10:16:00,10:00-10:30,EXIT_FLAT,short,-120.0,0,20,TREND,
2025-10-22,10:22:00,10:00-10:30,CHOP_BUY,long,0.0,2,0,CHOP,
2025-10-22,10:30:00,10:30-11:00,SESSION_EXIT,long,-76.0,0,8,TREND,
2025-10-23,09:44:00,09:30-10:00,TREND_LONG,long,0.0,2,0,TREND,
2025-10-23,09:51:00,09:30-10:00,PARTIAL_TP,long,54.0,1,7,TREND,
2025-10-23,10:06:00,10:00-10:30,EXIT_FLAT,long,-68.0,0,22,TREND,
2025-10-23,10:16:00,10:00-10:30,TREND_SHORT,short,0.0,2,0,TREND,
2025-10-23,10:23:00,10:00-10:30,EXIT_FLAT,short,-126.0,0,7,TREND,
2025-10-23,11:02:00,11:00-11:30,CHOP_BUY,long,0.0,2,0,CHOP,
2025-10-23,11:03:00,11:00-11:30,SESSION_EXIT,long,18.0,0,1,CHOP,
2025-10-24,09:45:00,09:30-10:00,TREND_LONG,long,0.0,2,0,TREND,
2025-10-24,10:09:00,10:00-10:30,PARTIAL_TP,long,53.0,1,24,TREND,
2025-10-24,10:15:00,10:00-10:30,CHOP_TP,long,19.0,0,30,CHOP,
2025-10-24,10:25:00,10:00-10:30,CHOP_BUY,long,0.0,2,0,CHOP,
2025-10-24,10:30:00,10:30-11:00,SESSION_EXIT,long,-136.0,0,5,TREND,
2025-10-27,10:07:00,10:00-10:30,TREND_LONG,long,0.0,2,0,TREND,
2025-10-27,10:17:00,10:00-10:30,EXIT_FLAT,long,-138.0,0,10,TREND,
2025-10-27,11:01:00,11:00-11:30,CHOP_BUY,long,0.0,2,0,CHOP,
2025-10-27,11:02:00,11:00-11:30,SESSION_EXIT,long,8.0,0,1,TREND,
2025-10-28,09:48:00,09:30-10:00,TREND_SHORT,short,0.0,2,0,TREND,
2025-10-28,09:53:00,09:30-10:00,EXIT_FLAT,short,-150.0,0,5,TREND,
2025-10-28,10:18:00,10:00-10:30,CHOP_SELL,short,0.0,2,0,CHOP,
2025-10-28,10:30:00,10:30-11:00,SESSION_EXIT,short,-156.0,0,12,TREND,
2025-10-29,09:44:00,09:30-10:00,TREND_LONG,long,0.0,2,0,TREND,
2025-10-29,10:11:00,10:00-10:30,EXIT_FLAT,long,-124.0,0,27,TREND,
2025-10-29,14:05:00,14:00-14:30,CHOP_BUY,long,0.0,2,0,CHOP,
2025-10-29,14:06:00,14:00-14:30,SESSION_EXIT,long,42.0,0,1,TREND,
2025-10-30,09:42:00,09:30-10:00,TREND_LONG,long,0.0,2,0,TREND,
2025-10-30,09:46:00,09:30-10:00,PARTIAL_TP,long,65.0,1,4,TREND,
2025-10-30,10:06:00,10:00-10:30,CHOP_TP,long,224.0,0,24,CHOP,
2025-10-30,10:18:00,10:00-10:30,CHOP_BUY,long,0.0,2,0,CHOP,
2025-10-30,10:30:00,10:30-11:00,SESSION_EXIT,long,70.0,0,12,TREND,
2025-10-31,09:51:00,09:30-10:00,TREND_LONG,long,0.0,2,0,TREND,
2025-10-31,10:03:00,10:00-10:30,EXIT_FLAT,long,-126.0,0,12,TREND,
2025-10-31,10:27:00,10:00-10:30,CHOP_SELL,short,0.0,2,0,CHOP,
2025-10-31,10:30:00,10:30-11:00,SESSION_EXIT,short,20.0,0,3,TREND,
2025-11-03,09:46:00,09:30-10:00,TREND_SHORT,short,0.0,2,0,TREND,
2025-11-03,09:52:00,09:30-10:00,PARTIAL_TP,short,53.0,1,6,TREND,
2025-11-03,11:32:00,11:30-12:00,SESSION_EXIT,short,45.0,0,106,TREND,
2025-11-04,09:46:00,09:30-10:00,TREND_LONG,long,0.0,2,0,TREND,
2025-11-04,09:59:00,09:30-10:00,PARTIAL_TP,long,62.0,1,13,TREND,
2025-11-04,10:43:00,10:30-11:00,SESSION_EXIT,long,153.0,0,57,CHOP,
2025-11-05,09:45:00,09:30-10:00,TREND_LONG,long,0.0,2,0,TREND,
2025-11-05,09:47:00,09:30-10:00,PARTIAL_TP,long,74.0,1,2,TREND,
2025-11-05,10:47:00,10:30-11:00,SESSION_EXIT,long,48.0,0,62,TREND,
2025-11-06,09:49:00,09:30-10:00,TREND_SHORT,short,0.0,2,0,TREND,
2025-11-06,09:54:00,09:30-10:00,PARTIAL_TP,short,77.0,1,5,TREND,
2025-11-06,10:17:00,10:00-10:30,CHOP_TP,short,134.0,0,28,CHOP,
2025-11-06,10:44:00,10:30-11:00,TREND_SHORT,short,0.0,2,0,TREND,
2025-11-06,10:45:00,10:30-11:00,SESSION_EXIT,short,-58.0,0,1,TREND,
2025-11-07,09:56:00,09:30-10:00,TREND_LONG,long,0.0,2,0,TREND,
2025-11-07,10:03:00,10:00-10:30,EXIT_FLAT,long,-136.0,0,7,TREND,
2025-11-07,10:12:00,10:00-10:30,TREND_LONG,long,0.0,2,0,TREND,
2025-11-07,10:30:00,10:30-11:00,SESSION_EXIT,long,26.0,0,18,CHOP,
2025-11-10,09:53:00,09:30-10:00,TREND_SHORT,short,0.0,2,0,TREND,
2025-11-10,10:09:00,10:00-10:30,CHOP_TP,short,42.0,0,16,CHOP,
2025-11-10,10:19:00,10:00-10:30,TREND_SHORT,short,0.0,2,0,TREND,
2025-11-10,10:30:00,10:30-11:00,SESSION_EXIT,short,-60.0,0,11,TREND,
2025-11-11,09:59:00,09:30-10:00,TREND_LONG,long,0.0,2,0,TREND,
2025-11-11,10:06:00,10:00-10:30,EXIT_FLAT,long,-154.0,0,7,TREND,
2025-11-11,10:14:00,10:00-10:30,CHOP_SELL,short,0.0,2,0,CHOP,
2025-11-11,10:25:00,10:00-10:30,EXIT_FLAT,short,-168.0,0,11,TREND,
2025-11-11,10:41:00,10:30-11:00,TREND_LONG,long,0.0,2,0,TREND,
2025-11-11,10:42:00,10:30-11:00,SESSION_EXIT,long,-70.0,0,1,TREND,
2025-11-12,09:46:00,09:30-10:00,CHOP_SELL,short,0.0,2,0,CHOP,
2025-11-12,09:50:00,09:30-10:00,EXIT_FLAT,short,-144.0,0,4,TREND,
2025-11-12,09:55:00,09:30-10:00,TREND_LONG,long,0.0,2,0,TREND,
2025-11-12,09:59:00,09:30-10:00,PARTIAL_TP,long,52.0,1,4,TREND,
2025-11-12,10:30:00,10:30-11:00,SESSION_EXIT,long,-38.0,0,35,TREND,
2025-11-13,09:56:00,09:30-10:00,TREND_SHORT,short,0.0,2,0,TREND,
2025-11-13,10:06:00,10:00-10:30,EXIT_FLAT,short,-124.0,0,10,TREND,
2025-11-13,10:34:00,10:30-11:00,TREND_SHORT,short,0.0,2,0,TREND,
2025-11-13,10:35:00,10:30-11:00,SESSION_EXIT,short,16.0,0,1,TREND,
2025-11-14,09:42:00,09:30-10:00,CHOP_SELL,short,0.0,2,0,CHOP,
2025-11-14,09:47:00,09:30-10:00,EXIT_FLAT,short,-158.0,0,5,TREND,
2025-11-14,10:05:00,10:00-10:30,TREND_SHORT,short,0.0,2,0,TREND,
2025-11-14,10:16:00,10:00-10:30,EXIT_FLAT,short,-176.0,0,11,TREND,
2025-11-14,10:40:00,10:30-11:00,TREND_LONG,long,0.0,2,0,TREND,
2025-11-14,10:41:00,10:30-11:00,SESSION_EXIT,long,-32.0,0,1,TREND,
2025-11-17,10:07:00,10:00-10:30,CHOP_BUY,long,0.0,2,0,CHOP,
2025-11-17,10:16:00,10:00-10:30,PARTIAL_TP,long,62.0,1,9,TREND,
2025-11-17,10:30:00,10:30-11:00,SESSION_EXIT,long,29.0,0,23,TREND,
2025-11-18,09:45:00,09:30-10:00,TREND_LONG,long,0.0,2,0,TREND,
2025-11-18,09:47:00,09:30-10:00,EXIT_FLAT,long,-158.0,0,2,TREND,
2025-11-18,10:02:00,10:00-10:30,TREND_SHORT,short,0.0,2,0,TREND,
2025-11-18,10:04:00,10:00-10:30,PARTIAL_TP,short,61.0,1,2,TREND,
2025-11-18,10:23:00,10:00-10:30,EXIT_FLAT,short,-65.0,0,21,TREND,
2025-11-18,11:01:00,11:00-11:30,TREND_SHORT,short,0.0,2,0,TREND,
2025-11-18,11:02:00,11:00-11:30,SESSION_EXIT,short,-16.0,0,1,TREND,
2025-11-19,09:42:00,09:30-10:00,CHOP_SELL,short,0.0,2,0,CHOP,
2025-11-19,09:56:00,09:30-10:00,EXIT_FLAT,short,-70.0,0,14,TREND,
2025-11-19,10:10:00,10:00-10:30,TREND_LONG,long,0.0,2,0,TREND,
2025-11-19,10:15:00,10:00-10:30,PARTIAL_TP,long,66.0,1,5,TREND,
2025-11-19,10:30:00,10:30-11:00,SESSION_EXIT,long,-27.0,0,20,TREND,
2025-11-20,09:48:00,09:30-10:00,TREND_LONG,long,0.0,2,0,TREND,
2025-11-20,09:54:00,09:30-10:00,EXIT_FLAT,long,-154.0,0,6,TREND,
2025-11-20,10:23:00,10:00-10:30,TREND_LONG,long,0.0,2,0,TREND,
2025-11-20,10:30:00,10:30-11:00,SESSION_EXIT,long,8.0,0,7,TREND,
2025-11-21,09:43:00,09:30-10:00,TREND_SHORT,short,0.0,2,0,TREND,
2025-11-21,09:47:00,09:30-10:00,PARTIAL_TP,short,58.0,1,4,TREND,
2025-11-21,09:55:00,09:30-10:00,EXIT_FLAT,short,-76.0,0,12,TREND,
2025-11-21,10:24:00,10:00-10:30,TREND_LONG,long,0.0,2,0,TREND,
2025-11-21,10:28:00,10:00-10:30,EXIT_FLAT,long,-150.0,0,4,TREND,
2025-11-21,11:29:00,11:00-11:30,TREND_LONG,long,0.0,2,0,TREND,
2025-11-21,11:30:00,11:30-12:00,SESSION_EXIT,long,38.0,0,1,TREND,
2025-11-24,09:43:00,09:30-10:00,TREND_SHORT,short,0.0,2,0,TREND,
2025-11-24,09:44:00,09:30-10:00,PARTIAL_TP,short,59.0,1,1,TREND,
2025-11-24,10:00:00,10:00-10:30,EXIT_FLAT,short,-70.0,0,17,TREND,
2025-11-24,10:15:00,10:00-10:30,TREND_LONG,long,0.0,2,0,TREND,
2025-11-24,10:30:00,10:30-11:00,SESSION_EXIT,long,-58.0,0,15,TREND,
2025-11-25,09:46:00,09:30-10:00,TREND_SHORT,short,0.0,2,0,TREND,
2025-11-25,09:47:00,09:30-10:00,PARTIAL_TP,short,91.0,1,1,TREND,
2025-11-25,10:07:00,10:00-10:30,EXIT_FLAT,short,-91.0,0,21,TREND,
2025-11-25,10:44:00,10:30-11:00,TREND_LONG,long,0.0,2,0,TREND,
2025-11-25,10:45:00,10:30-11:00,SESSION_EXIT,long,70.0,0,1,TREND,
2025-11-26,10:58:00,10:30-11:00,TREND_LONG,long,0.0,2,0,TREND,
2025-11-26,10:59:00,10:30-11:00,SESSION_EXIT,long,26.0,0,1,TREND,
2025-11-27,09:44:00,09:30-10:00,CHOP_BUY,long,0.0,2,0,CHOP,
2025-11-27,10:30:00,10:30-11:00,SESSION_EXIT,long,14.0,0,46,CHOP,
2025-11-28,09:44:00,09:30-10:00,TREND_LONG,long,0.0,2,0,TREND,
2025-11-28,10:15:00,10:00-10:30,PARTIAL_TP,long,66.0,1,31,TREND,
2025-11-28,11:53:00,11:30-12:00,SESSION_EXIT,long,170.0,0,129,CHOP,
2025-12-01,09:42:00,09:30-10:00,TREND_LONG,long,0.0,2,0,TREND,
2025-12-01,09:51:00,09:30-10:00,PARTIAL_TP,long,60.0,1,9,TREND,
2025-12-01,10:20:00,10:00-10:30,EXIT_FLAT,long,-74.0,0,38,TREND,
2025-12-01,10:27:00,10:00-10:30,TREND_SHORT,short,0.0,2,0,TREND,
2025-12-01,10:30:00,10:30-11:00,SESSION_EXIT,short,68.0,0,3,TREND,
2025-12-02,10:05:00,10:00-10:30,TREND_LONG,long,0.0,2,0,TREND,
2025-12-02,10:27:00,10:00-10:30,EXIT_FLAT,long,-128.0,0,22,TREND,
2025-12-02,10:37:00,10:30-11:00,CHOP_SELL,short,0.0,2,0,CHOP,
2025-12-02,10:38:00,10:30-11:00,SESSION_EXIT,short,4.0,0,1,TREND,
2025-12-03,09:43:00,09:30-10:00,TREND_LONG,long,0.0,2,0,TREND,
2025-12-03,09:46:00,09:30-10:00,EXIT_FLAT,long,-146.0,0,3,TREND,
2025-12-03,10:03:00,10:00-10:30,TREND_LONG,long,0.0,2,0,TREND,
2025-12-03,10:30:00,10:30-11:00,SESSION_EXIT,long,96.0,0,27,TREND,
2025-12-04,09:42:00,09:30-10:00,TREND_SHORT,short,0.0,2,0,TREND,
2025-12-04,09:49:00,09:30-10:00,PARTIAL_TP,short,51.0,1,7,TREND,
2025-12-04,10:02:00,10:00-10:30,CHOP_TP,short,76.0,0,20,CHOP,
2025-12-04,11:24:00,11:00-11:30,CHOP_BUY,long,0.0,2,0,CHOP,
2025-12-04,11:25:00,11:00-11:30,SESSION_EXIT,long,-40.0,0,1,TREND,
2025-12-05,09:53:00,09:30-10:00,TREND_LONG,long,0.0,2,0,TREND,
2025-12-05,10:02:00,10:00-10:30,PARTIAL_TP,long,52.0,1,9,TREND,
2025-12-05,10:30:00,10:30-11:00,SESSION_EXIT,long,14.0,0,37,TREND,
2025-12-08,10:59:00,10:30-11:00,TREND_SHORT,short,0.0,2,0,TREND,
2025-12-08,11:00:00,11:00-11:30,SESSION_EXIT,short,66.0,0,1,TREND,
2025-12-09,09:51:00,09:30-10:00,TREND_LONG,long,0.0,2,0,TREND,
2025-12-09,10:06:00,10:00-10:30,EXIT_FLAT,long,-122.0,0,15,TREND,
2025-12-09,11:40:00,11:30-12:00,CHOP_BUY,long,0.0,2,0,CHOP,
2025-12-09,11:41:00,11:30-12:00,SESSION_EXIT,long,14.0,0,1,TREND,
2025-12-10,09:43:00,09:30-10:00,TREND_LONG,long,0.0,2,0,TREND,
2025-12-10,09:56:00,09:30-10:00,PARTIAL_TP,long,82.0,1,13,TREND,
2025-12-10,10:37:00,10:30-11:00,SESSION_EXIT,long,36.0,0,54,TREND,
2025-12-11,09:44:00,09:30-10:00,TREND_LONG,long,0.0,2,0,TREND,
2025-12-11,09:48:00,09:30-10:00,EXIT_FLAT,long,-152.0,0,4,TREND,
2025-12-11,10:24:00,10:00-10:30,TREND_LONG,long,0.0,2,0,TREND,
2025-12-11,10:27:00,10:00-10:30,PARTIAL_TP,long,51.0,1,3,TREND,
2025-12-11,10:48:00,10:30-11:00,SESSION_EXIT,long,43.0,0,24,TREND,
2025-12-12,09:46:00,09:30-10:00,TREND_LONG,long,0.0,2,0,TREND,
2025-12-12,10:00:00,10:00-10:30,EXIT_FLAT,long,-126.0,0,14,TREND,
2025-12-12,10:13:00,10:00-10:30,TREND_SHORT,short,0.0,2,0,TREND,
2025-12-12,10:28:00,10:00-10:30,PARTIAL_TP,short,78.0,1,15,TREND,
2025-12-12,10:33:00,10:30-11:00,SESSION_EXIT,short,40.0,0,20,TREND,
2025-12-15,09:48:00,09:30-10:00,TREND_SHORT,short,0.0,2,0,TREND,
2025-12-15,09:53:00,09:30-10:00,PARTIAL_TP,short,61.0,1,5,TREND,
2025-12-15,11:32:00,11:30-12:00,SESSION_EXIT,short,108.0,0,104,CHOP,
2025-12-16,09:45:00,09:30-10:00,TREND_SHORT,short,0.0,2,0,TREND,
2025-12-16,09:47:00,09:30-10:00,EXIT_FLAT,short,-236.0,0,2,TREND,
2025-12-16,10:03:00,10:00-10:30,TREND_SHORT,short,0.0,2,0,TREND,
2025-12-16,10:06:00,10:00-10:30,EXIT_FLAT,short,-132.0,0,3,TREND,
2025-12-16,10:15:00,10:00-10:30,TREND_SHORT,short,0.0,2,0,TREND,
2025-12-16,10:21:00,10:00-10:30,PARTIAL_TP,short,66.0,1,6,TREND,
2025-12-16,10:31:00,10:30-11:00,SESSION_EXIT,short,25.0,0,16,TREND,
2025-12-17,09:50:00,09:30-10:00,TREND_LONG,long,0.0,2,0,TREND,
2025-12-17,10:18:00,10:00-10:30,EXIT_FLAT,long,-126.0,0,28,TREND,
2025-12-17,10:41:00,10:30-11:00,TREND_SHORT,short,0.0,2,0,TREND,
2025-12-17,10:42:00,10:30-11:00,SESSION_EXIT,short,14.0,0,1,TREND,
2025-12-18,09:42:00,09:30-10:00,TREND_SHORT,short,0.0,2,0,TREND,
2025-12-18,09:48:00,09:30-10:00,PARTIAL_TP,short,50.0,1,6,TREND,
2025-12-18,09:54:00,09:30-10:00,EXIT_FLAT,short,-63.0,0,12,TREND,
2025-12-18,10:37:00,10:30-11:00,TREND_LONG,long,0.0,2,0,TREND,
2025-12-18,10:38:00,10:30-11:00,SESSION_EXIT,long,2.0,0,1,TREND,
2025-12-22,11:10:00,11:00-11:30,TREND_LONG,long,0.0,2,0,TREND,
2025-12-22,11:11:00,11:00-11:30,SESSION_EXIT,long,-24.0,0,1,TREND,
2025-12-23,09:50:00,09:30-10:00,TREND_LONG,long,0.0,2,0,TREND,
2025-12-23,10:30:00,10:30-11:00,SESSION_EXIT,long,52.0,0,40,TREND,
2025-12-24,09:42:00,09:30-10:00,TREND_LONG,long,0.0,2,0,TREND,
2025-12-24,09:50:00,09:30-10:00,PARTIAL_TP,long,58.0,1,8,TREND,
2025-12-24,10:35:00,10:30-11:00,SESSION_EXIT,long,97.0,0,53,CHOP,
2025-12-26,09:46:00,09:30-10:00,TREND_LONG,long,0.0,2,0,TREND,
2025-12-26,09:51:00,09:30-10:00,EXIT_FLAT,long,-148.0,0,5,TREND,
2025-12-26,09:58:00,09:30-10:00,CHOP_BUY,long,0.0,2,0,CHOP,
2025-12-26,10:15:00,10:00-10:30,EXIT_FLAT,long,-116.0,0,17,TREND,
2025-12-26,11:14:00,11:00-11:30,TREND_SHORT,short,0.0,2,0,TREND,
2025-12-26,11:15:00,11:00-11:30,SESSION_EXIT,short,22.0,0,1,TREND,
2025-12-29,09:43:00,09:30-10:00,TREND_SHORT,short,0.0,2,0,TREND,
2025-12-29,10:04:00,10:00-10:30,PARTIAL_TP,short,56.0,1,21,TREND,
2025-12-29,10:16:00,10:00-10:30,CHOP_TP,short,51.0,0,33,CHOP,
2025-12-29,10:30:00,10:30-11:00,TREND_SHORT,short,0.0,2,0,TREND,
2025-12-29,10:31:00,10:30-11:00,SESSION_EXIT,short,22.0,0,1,TREND,
2025-12-31,09:43:00,09:30-10:00,TREND_SHORT,short,0.0,2,0,TREND,
2025-12-31,09:54:00,09:30-10:00,EXIT_FLAT,short,-120.0,0,11,TREND,
2025-12-31,10:12:00,10:00-10:30,TREND_SHORT,short,0.0,2,0,TREND,
2025-12-31,10:30:00,10:30-11:00,SESSION_EXIT,short,-2.0,0,18,TREND,
2026-01-02,09:49:00,09:30-10:00,CHOP_BUY,long,0.0,2,0,CHOP,
2026-01-02,09:50:00,09:30-10:00,PARTIAL_TP,long,58.0,1,1,TREND,
2026-01-02,10:30:00,10:30-11:00,SESSION_EXIT,long,58.0,0,41,CHOP,
2026-01-05,09:44:00,09:30-10:00,TREND_LONG,long,0.0,2,0,TREND,
2026-01-05,09:48:00,09:30-10:00,PARTIAL_TP,long,56.0,1,4,TREND,
2026-01-05,11:21:00,11:00-11:30,SESSION_EXIT,long,199.0,0,97,CHOP,
2026-01-06,10:02:00,10:00-10:30,TREND_LONG,long,0.0,2,0,TREND,
2026-01-06,10:12:00,10:00-10:30,PARTIAL_TP,long,52.0,1,10,TREND,
2026-01-06,10:32:00,10:30-11:00,SESSION_EXIT,long,42.0,0,30,TREND,
2026-01-07,09:44:00,09:30-10:00,TREND_SHORT,short,0.0,2,0,TREND,
2026-01-07,09:51:00,09:30-10:00,PARTIAL_TP,short,56.0,1,7,TREND,
2026-01-07,10:55:00,10:30-11:00,SESSION_EXIT,short,181.0,0,71,CHOP,
2026-01-08,09:47:00,09:30-10:00,TREND_LONG,long,0.0,2,0,TREND,
2026-01-08,09:58:00,09:30-10:00,PARTIAL_TP,long,52.0,1,11,TREND,
2026-01-08,13:20:00,13:00-13:30,SESSION_EXIT,long,252.0,0,213,CHOP,
2026-01-09,09:45:00,09:30-10:00,TREND_SHORT,short,0.0,2,0,TREND,
2026-01-09,09:53:00,09:30-10:00,EXIT_FLAT,short,-162.0,0,8,TREND,
2026-01-09,10:05:00,10:00-10:30,TREND_SHORT,short,0.0,2,0,TREND,
2026-01-09,10:12:00,10:00-10:30,EXIT_FLAT,short,-134.0,0,7,TREND,
2026-01-09,10:26:00,10:00-10:30,TREND_LONG,long,0.0,2,0,TREND,
2026-01-09,10:30:00,10:30-11:00,SESSION_EXIT,long,-44.0,0,4,TREND,
2026-01-12,09:53:00,09:30-10:00,TREND_LONG,long,0.0,2,0,TREND,
2026-01-12,10:09:00,10:00-10:30,EXIT_FLAT,long,-140.0,0,16,TREND,
2026-01-12,10:25:00,10:00-10:30,CHOP_SELL,short,0.0,2,0,CHOP,
2026-01-12,10:30:00,10:30-11:00,SESSION_EXIT,short,-48.0,0,5,TREND,
2026-01-13,09:45:00,09:30-10:00,TREND_SHORT,short,0.0,2,0,TREND,
2026-01-13,09:47:00,09:30-10:00,PARTIAL_TP,short,54.0,1,2,TREND,
2026-01-13,10:35:00,10:30-11:00,SESSION_EXIT,short,19.0,0,50,TREND,
2026-01-14,09:44:00,09:30-10:00,TREND_SHORT,short,0.0,2,0,TREND,
2026-01-14,09:48:00,09:30-10:00,EXIT_FLAT,short,-152.0,0,4,TREND,
2026-01-14,10:00:00,10:00-10:30,TREND_SHORT,short,0.0,2,0,TREND,
2026-01-14,10:06:00,10:00-10:30,EXIT_FLAT,short,-128.0,0,6,TREND,
2026-01-14,10:30:00,10:30-11:00,TREND_SHORT,short,0.0,2,0,TREND,
2026-01-14,10:31:00,10:30-11:00,SESSION_EXIT,short,-18.0,0,1,TREND,
2026-01-15,10:09:00,10:00-10:30,TREND_LONG,long,0.0,2,0,TREND,
2026-01-15,10:19:00,10:00-10:30,PARTIAL_TP,long,51.0,1,10,TREND,
2026-01-15,10:35:00,10:30-11:00,SESSION_EXIT,long,31.0,0,26,TREND,
2026-01-16,09:52:00,09:30-10:00,TREND_SHORT,short,0.0,2,0,TREND,
2026-01-16,10:00:00,10:00-10:30,PARTIAL_TP,short,55.0,1,8,TREND,
2026-01-16,10:30:00,10:30-11:00,SESSION_EXIT,short,3.0,0,38,TREND,
2026-01-19,09:50:00,09:30-10:00,TREND_LONG,long,0.0,2,0,TREND,
2026-01-19,10:30:00,10:30-11:00,SESSION_EXIT,long,-52.0,0,40,TREND,
2026-01-20,09:44:00,09:30-10:00,TREND_LONG,long,0.0,2,0,TREND,
2026-01-20,09:46:00,09:30-10:00,EXIT_FLAT,long,-162.0,0,2,TREND,
2026-01-20,10:10:00,10:00-10:30,TREND_SHORT,short,0.0,2,0,TREND,
2026-01-20,10:14:00,10:00-10:30,EXIT_FLAT,short,-148.0,0,4,TREND,
2026-01-20,10:22:00,10:00-10:30,TREND_LONG,long,0.0,2,0,TREND,
2026-01-20,10:25:00,10:00-10:30,PARTIAL_TP,long,76.0,1,3,TREND,
2026-01-20,10:40:00,10:30-11:00,SESSION_EXIT,long,96.0,0,18,CHOP,
2026-01-21,09:45:00,09:30-10:00,TREND_LONG,long,0.0,2,0,TREND,
2026-01-21,09:59:00,09:30-10:00,PARTIAL_TP,long,60.0,1,14,TREND,
2026-01-21,10:54:00,10:30-11:00,SESSION_EXIT,long,254.0,0,69,CHOP,
2026-01-22,09:48:00,09:30-10:00,TREND_SHORT,short,0.0,2,0,TREND,
2026-01-22,10:02:00,10:00-10:30,PARTIAL_TP,short,62.0,1,14,TREND,
2026-01-22,10:30:00,10:30-11:00,SESSION_EXIT,short,-80.0,0,42,TREND,
2026-01-23,09:48:00,09:30-10:00,CHOP_SELL,short,0.0,2,0,CHOP,
2026-01-23,09:57:00,09:30-10:00,EXIT_FLAT,short,-148.0,0,9,TREND,
2026-01-23,10:39:00,10:30-11:00,CHOP_BUY,long,0.0,2,0,CHOP,
2026-01-23,10:40:00,10:30-11:00,SESSION_EXIT,long,20.0,0,1,TREND,
2026-01-26,10:13:00,10:00-10:30,TREND_LONG,long,0.0,2,0,TREND,
2026-01-26,10:30:00,10:30-11:00,SESSION_EXIT,long,-116.0,0,17,TREND,
2026-01-27,10:05:00,10:00-10:30,TREND_SHORT,short,0.0,2,0,TREND,
2026-01-27,10:30:00,10:30-11:00,SESSION_EXIT,short,28.0,0,25,TREND,
2026-01-28,09:51:00,09:30-10:00,TREND_SHORT,short,0.0,2,0,TREND,
2026-01-28,10:10:00,10:00-10:30,PARTIAL_TP,short,65.0,1,19,TREND,
2026-01-28,10:30:00,10:30-11:00,SESSION_EXIT,short,-48.0,0,39,TREND,
2026-01-29,09:46:00,09:30-10:00,TREND_SHORT,short,0.0,2,0,TREND,
2026-01-29,09:49:00,09:30-10:00,EXIT_FLAT,short,-120.0,0,3,TREND,
2026-01-29,10:00:00,10:00-10:30,TREND_SHORT,short,0.0,2,0,TREND,
2026-01-29,10:05:00,10:00-10:30,EXIT_FLAT,short,-162.0,0,5,TREND,
2026-01-29,10:27:00,10:00-10:30,TREND_SHORT,short,0.0,2,0,TREND,
2026-01-29,10:30:00,10:30-11:00,SESSION_EXIT,short,90.0,0,3,TREND,
2026-01-30,09:46:00,09:30-10:00,TREND_SHORT,short,0.0,2,0,TREND,
2026-01-30,10:07:00,10:00-10:30,EXIT_FLAT,short,-168.0,0,21,TREND,
2026-01-30,10:30:00,10:30-11:00,TREND_SHORT,short,0.0,2,0,TREND,
2026-01-30,10:31:00,10:30-11:00,SESSION_EXIT,short,-16.0,0,1,TREND,
2026-02-02,09:51:00,09:30-10:00,TREND_LONG,long,0.0,2,0,TREND,
2026-02-02,09:56:00,09:30-10:00,EXIT_FLAT,long,-200.0,0,5,TREND,
2026-02-02,10:14:00,10:00-10:30,TREND_LONG,long,0.0,2,0,TREND,
2026-02-02,10:30:00,10:30-11:00,SESSION_EXIT,long,32.0,0,16,TREND,
2026-02-03,11:41:00,11:30-12:00,TREND_SHORT,short,0.0,2,0,TREND,
2026-02-03,11:42:00,11:30-12:00,SESSION_EXIT,short,-20.0,0,1,TREND,
2026-02-04,09:48:00,09:30-10:00,TREND_LONG,long,0.0,2,0,TREND,
2026-02-04,09:50:00,09:30-10:00,EXIT_FLAT,long,-246.0,0,2,TREND,
2026-02-04,09:57:00,09:30-10:00,TREND_SHORT,short,0.0,2,0,TREND,
2026-02-04,10:00:00,10:00-10:30,PARTIAL_TP,short,66.0,1,3,TREND,
2026-02-04,10:09:00,10:00-10:30,EXIT_FLAT,short,-83.0,0,12,TREND,
2026-02-04,10:23:00,10:00-10:30,TREND_LONG,long,0.0,2,0,TREND,
2026-02-04,10:30:00,10:30-11:00,SESSION_EXIT,long,-18.0,0,7,TREND,
2026-02-05,09:45:00,09:30-10:00,TREND_LONG,long,0.0,2,0,TREND,
2026-02-05,09:48:00,09:30-10:00,EXIT_FLAT,long,-130.0,0,3,TREND,
2026-02-05,10:00:00,10:00-10:30,TREND_SHORT,short,0.0,2,0,TREND,
2026-02-05,10:06:00,10:00-10:30,PARTIAL_TP,short,62.0,1,6,TREND,
2026-02-05,11:52:00,11:30-12:00,SESSION_EXIT,short,48.0,0,112,TREND,
2026-02-06,09:44:00,09:30-10:00,TREND_LONG,long,0.0,2,0,TREND,
2026-02-06,10:00:00,10:00-10:30,PARTIAL_TP,long,68.0,1,16,TREND,
2026-02-06,10:31:00,10:30-11:00,SESSION_EXIT,long,106.0,0,47,CHOP,
2026-02-09,09:46:00,09:30-10:00,TREND_SHORT,short,0.0,2,0,TREND,
2026-02-09,09:50:00,09:30-10:00,PARTIAL_TP,short,66.0,1,4,TREND,
2026-02-09,10:04:00,10:00-10:30,EXIT_FLAT,short,-79.0,0,18,TREND,
2026-02-09,10:21:00,10:00-10:30,TREND_LONG,long,0.0,2,0,TREND,
2026-02-09,10:30:00,10:30-11:00,PARTIAL_TP,long,60.0,1,9,TREND,
2026-02-09,10:32:00,10:30-11:00,SESSION_EXIT,long,47.0,0,11,TREND,
2026-02-10,09:48:00,09:30-10:00,TREND_LONG,long,0.0,2,0,TREND,
2026-02-10,09:52:00,09:30-10:00,PARTIAL_TP,long,53.0,1,4,TREND,
2026-02-10,10:30:00,10:30-11:00,SESSION_EXIT,long,32.0,0,42,TREND,
2026-02-11,09:44:00,09:30-10:00,TREND_SHORT,short,0.0,2,0,TREND,
2026-02-11,09:50:00,09:30-10:00,PARTIAL_TP,short,50.0,1,6,TREND,
2026-02-11,13:47:00,13:30-14:00,SESSION_EXIT,short,315.0,0,243,CHOP,
2026-02-12,10:21:00,10:00-10:30,TREND_SHORT,short,0.0,2,0,TREND,
2026-02-12,10:22:00,10:00-10:30,EXIT_FLAT,short,-128.0,0,1,TREND,
2026-02-12,10:33:00,10:30-11:00,TREND_SHORT,short,0.0,2,0,TREND,
2026-02-12,10:34:00,10:30-11:00,SESSION_EXIT,short,66.0,0,1,TREND,
2026-02-13,10:09:00,10:00-10:30,TREND_LONG,long,0.0,2,0,TREND,
2026-02-13,10:14:00,10:00-10:30,EXIT_FLAT,long,-178.0,0,5,TREND,
2026-02-13,10:30:00,10:30-11:00,TREND_LONG,long,0.0,2,0,TREND,
2026-02-13,10:31:00,10:30-11:00,SESSION_EXIT,long,-48.0,0,1,TREND,
2026-02-16,09:42:00,09:30-10:00,TREND_SHORT,short,0.0,2,0,TREND,
2026-02-16,09:55:00,09:30-10:00,EXIT_FLAT,short,-138.0,0,13,TREND,
2026-02-16,09:56:00,09:30-10:00,TREND_LONG,long,0.0,2,0,TREND,
2026-02-16,10:22:00,10:00-10:30,EXIT_FLAT,long,-124.0,0,26,TREND,
2026-02-16,10:31:00,10:30-11:00,TREND_SHORT,short,0.0,2,0,TREND,
2026-02-16,10:32:00,10:30-11:00,SESSION_EXIT,short,-8.0,0,1,TREND,
2026-02-17,09:50:00,09:30-10:00,TREND_SHORT,short,0.0,2,0,TREND,
2026-02-17,09:57:00,09:30-10:00,PARTIAL_TP,short,59.0,1,7,TREND,
2026-02-17,11:02:00,11:00-11:30,SESSION_EXIT,short,47.0,0,72,TREND,
2026-02-18,10:01:00,10:00-10:30,TREND_LONG,long,0.0,2,0,TREND,
2026-02-18,10:16:00,10:00-10:30,PARTIAL_TP,long,70.0,1,15,TREND,
2026-02-18,10:23:00,10:00-10:30,CHOP_TP,long,38.0,0,22,CHOP,
2026-02-18,10:57:00,10:30-11:00,CHOP_BUY,long,0.0,2,0,CHOP,
2026-02-18,10:58:00,10:30-11:00,SESSION_EXIT,long,-28.0,0,1,TREND,
2026-02-19,10:24:00,10:00-10:30,TREND_LONG,long,0.0,2,0,TREND,
2026-02-19,10:27:00,10:00-10:30,EXIT_FLAT,long,-128.0,0,3,TREND,
2026-02-19,10:33:00,10:30-11:00,TREND_LONG,long,0.0,2,0,TREND,
2026-02-19,10:34:00,10:30-11:00,SESSION_EXIT,long,34.0,0,1,TREND,
2026-02-20,09:58:00,09:30-10:00,TREND_LONG,long,0.0,2,0,TREND,
2026-02-20,10:00:00,10:00-10:30,PARTIAL_TP,long,77.0,1,2,TREND,
2026-02-20,10:01:00,10:00-10:30,SPIKE_EXIT,long,359.0,0,3,TREND,
2026-02-20,10:14:00,10:00-10:30,CHOP_BUY,long,0.0,2,0,CHOP,
2026-02-20,10:17:00,10:00-10:30,PARTIAL_TP,long,105.0,1,3,TREND,
2026-02-20,10:23:00,10:00-10:30,SPIKE_EXIT,long,206.0,0,9,TREND,
2026-02-20,16:32:00,16:30-17:00,CHOP_BUY,long,0.0,2,0,CHOP,
2026-02-20,16:33:00,16:30-17:00,SESSION_EXIT,long,0.0,0,1,CHOP,
2026-02-23,09:46:00,09:30-10:00,TREND_SHORT,short,0.0,2,0,TREND,
2026-02-23,09:48:00,09:30-10:00,PARTIAL_TP,short,86.0,1,2,TREND,
2026-02-23,12:03:00,12:00-12:30,SESSION_EXIT,short,566.0,0,137,CHOP,
2026-02-24,13:03:00,13:00-13:30,TREND_LONG,long,0.0,2,0,TREND,
2026-02-24,13:04:00,13:00-13:30,SESSION_EXIT,long,-10.0,0,1,TREND,
2026-02-25,09:58:00,09:30-10:00,TREND_SHORT,short,0.0,2,0,TREND,
2026-02-25,10:06:00,10:00-10:30,PARTIAL_TP,short,52.0,1,8,TREND,
2026-02-25,10:25:00,10:00-10:30,CHOP_TP,short,31.0,0,27,CHOP,
2026-02-25,10:31:00,10:30-11:00,CHOP_SELL,short,0.0,2,0,CHOP,
2026-02-25,10:32:00,10:30-11:00,SESSION_EXIT,short,14.0,0,1,TREND,
2026-02-26,09:57:00,09:30-10:00,TREND_SHORT,short,0.0,2,0,TREND,
2026-02-26,10:09:00,10:00-10:30,PARTIAL_TP,short,58.0,1,12,TREND,
2026-02-26,10:57:00,10:30-11:00,SESSION_EXIT,short,47.0,0,60,TREND,
2026-03-02,09:45:00,09:30-10:00,TREND_LONG,long,0.0,2,0,TREND,
2026-03-02,10:02:00,10:00-10:30,PARTIAL_TP,long,102.0,1,17,TREND,
2026-03-02,10:35:00,10:30-11:00,SESSION_EXIT,long,39.0,0,50,TREND,
2026-03-03,09:48:00,09:30-10:00,TREND_SHORT,short,0.0,2,0,TREND,
2026-03-03,09:58:00,09:30-10:00,CHOP_TP,short,32.0,0,10,CHOP,
2026-03-03,10:08:00,10:00-10:30,TREND_SHORT,short,0.0,2,0,TREND,
2026-03-03,10:12:00,10:00-10:30,EXIT_FLAT,short,-144.0,0,4,TREND,
2026-03-03,10:20:00,10:00-10:30,TREND_SHORT,short,0.0,2,0,TREND,
2026-03-03,10:30:00,10:30-11:00,SESSION_EXIT,short,42.0,0,10,TREND,
2026-03-04,10:20:00,10:00-10:30,TREND_LONG,long,0.0,2,0,TREND,
2026-03-04,10:26:00,10:00-10:30,PARTIAL_TP,long,56.0,1,6,TREND,
2026-03-04,10:30:00,10:30-11:00,SESSION_EXIT,long,26.0,0,10,TREND,
2026-03-05,09:45:00,09:30-10:00,TREND_SHORT,short,0.0,2,0,TREND,
2026-03-05,09:54:00,09:30-10:00,EXIT_FLAT,short,-138.0,0,9,TREND,
2026-03-05,10:08:00,10:00-10:30,TREND_SHORT,short,0.0,2,0,TREND,
2026-03-05,10:13:00,10:00-10:30,EXIT_FLAT,short,-122.0,0,5,TREND,
2026-03-05,10:19:00,10:00-10:30,TREND_SHORT,short,0.0,2,0,TREND,
2026-03-05,10:24:00,10:00-10:30,PARTIAL_TP,short,87.0,1,5,TREND,
2026-03-05,10:51:00,10:30-11:00,SESSION_EXIT,short,48.0,0,32,TREND,
2026-03-06,09:46:00,09:30-10:00,TREND_SHORT,short,0.0,2,0,TREND,
2026-03-06,09:51:00,09:30-10:00,EXIT_FLAT,short,-186.0,0,5,TREND,
2026-03-06,09:55:00,09:30-10:00,CHOP_BUY,long,0.0,2,0,CHOP,
2026-03-06,10:00:00,10:00-10:30,PARTIAL_TP,long,174.0,1,5,TREND,
2026-03-06,10:04:00,10:00-10:30,SPIKE_EXIT,long,221.0,0,9,TREND,
2026-03-06,10:22:00,10:00-10:30,TREND_LONG,long,0.0,2,0,TREND,
2026-03-06,10:30:00,10:30-11:00,SESSION_EXIT,long,46.0,0,8,TREND,
2026-03-09,09:50:00,09:30-10:00,TREND_SHORT,short,0.0,2,0,TREND,
2026-03-09,09:53:00,09:30-10:00,PARTIAL_TP,short,65.0,1,3,TREND,
2026-03-09,09:57:00,09:30-10:00,EXIT_FLAT,short,-69.0,0,7,TREND,
2026-03-09,10:05:00,10:00-10:30,TREND_SHORT,short,0.0,2,0,TREND,
2026-03-09,10:16:00,10:00-10:30,EXIT_FLAT,short,-124.0,0,11,TREND,
2026-03-09,11:15:00,11:00-11:30,TREND_LONG,long,0.0,2,0,TREND,
2026-03-09,11:16:00,11:00-11:30,SESSION_EXIT,long,-32.0,0,1,TREND,
2026-03-10,09:42:00,09:30-10:00,TREND_SHORT,short,0.0,2,0,TREND,
2026-03-10,09:52:00,09:30-10:00,PARTIAL_TP,short,72.0,1,10,TREND,
2026-03-10,10:20:00,10:00-10:30,EXIT_FLAT,short,-61.0,0,38,TREND,
2026-03-10,10:34:00,10:30-11:00,TREND_LONG,long,0.0,2,0,TREND,
2026-03-10,10:35:00,10:30-11:00,SESSION_EXIT,long,4.0,0,1,TREND,
2026-03-11,10:24:00,10:00-10:30,TREND_SHORT,short,0.0,2,0,TREND,
2026-03-11,10:27:00,10:00-10:30,PARTIAL_TP,short,62.0,1,3,TREND,
2026-03-11,10:30:00,10:30-11:00,SESSION_EXIT,short,-32.0,0,6,TREND,
2026-03-12,10:03:00,10:00-10:30,TREND_LONG,long,0.0,2,0,TREND,
2026-03-12,10:06:00,10:00-10:30,EXIT_FLAT,long,-140.0,0,3,TREND,
2026-03-12,10:12:00,10:00-10:30,TREND_LONG,long,0.0,2,0,TREND,
2026-03-12,10:17:00,10:00-10:30,EXIT_FLAT,long,-150.0,0,5,TREND,
2026-03-12,10:27:00,10:00-10:30,TREND_SHORT,short,0.0,2,0,TREND,
2026-03-12,10:29:00,10:00-10:30,PARTIAL_TP,short,54.0,1,2,TREND,
2026-03-12,10:32:00,10:30-11:00,SESSION_EXIT,short,34.0,0,5,TREND,
2026-03-13,09:44:00,09:30-10:00,TREND_LONG,long,0.0,2,0,TREND,
2026-03-13,09:48:00,09:30-10:00,EXIT_FLAT,long,-194.0,0,4,TREND,
2026-03-13,10:08:00,10:00-10:30,TREND_SHORT,short,0.0,2,0,TREND,
2026-03-13,10:17:00,10:00-10:30,PARTIAL_TP,short,80.0,1,9,TREND,
2026-03-13,10:30:00,10:30-11:00,SESSION_EXIT,short,-38.0,0,22,TREND,
2026-03-16,09:53:00,09:30-10:00,CHOP_BUY,long,0.0,2,0,CHOP,
2026-03-16,09:57:00,09:30-10:00,PARTIAL_TP,long,59.0,1,4,TREND,
2026-03-16,10:09:00,10:00-10:30,CHOP_TP,long,69.0,0,16,CHOP,
2026-03-16,10:10:00,10:00-10:30,TREND_LONG,long,0.0,2,0,TREND,
2026-03-16,10:12:00,10:00-10:30,EXIT_FLAT,long,-174.0,0,2,TREND,
2026-03-16,10:47:00,10:30-11:00,TREND_SHORT,short,0.0,2,0,TREND,
2026-03-16,10:48:00,10:30-11:00,SESSION_EXIT,short,-68.0,0,1,TREND,
2026-03-17,10:11:00,10:00-10:30,TREND_SHORT,short,0.0,2,0,TREND,
2026-03-17,10:16:00,10:00-10:30,PARTIAL_TP,short,50.0,1,5,TREND,
2026-03-17,10:33:00,10:30-11:00,SESSION_EXIT,short,49.0,0,22,TREND,
2026-03-18,10:11:00,10:00-10:30,TREND_SHORT,short,0.0,2,0,TREND,
2026-03-18,10:13:00,10:00-10:30,PARTIAL_TP,short,54.0,1,2,TREND,
2026-03-18,10:48:00,10:30-11:00,SESSION_EXIT,short,140.0,0,37,CHOP,
2026-03-19,09:43:00,09:30-10:00,TREND_LONG,long,0.0,2,0,TREND,
2026-03-19,09:50:00,09:30-10:00,PARTIAL_TP,long,60.0,1,7,TREND,
2026-03-19,10:12:00,10:00-10:30,CHOP_TP,long,59.0,0,29,CHOP,
2026-03-19,10:26:00,10:00-10:30,TREND_SHORT,short,0.0,2,0,TREND,
2026-03-19,10:30:00,10:30-11:00,SESSION_EXIT,short,24.0,0,4,TREND,
2026-03-23,09:42:00,09:30-10:00,TREND_LONG,long,0.0,2,0,TREND,
2026-03-23,09:44:00,09:30-10:00,EXIT_FLAT,long,-172.0,0,2,TREND,
2026-03-23,09:58:00,09:30-10:00,TREND_LONG,long,0.0,2,0,TREND,
2026-03-23,10:02:00,10:00-10:30,PARTIAL_TP,long,67.0,1,4,TREND,
2026-03-23,10:04:00,10:00-10:30,EXIT_FLAT,long,-82.0,0,6,TREND,
2026-03-23,10:21:00,10:00-10:30,TREND_LONG,long,0.0,2,0,TREND,
2026-03-23,10:27:00,10:00-10:30,EXIT_FLAT,long,-140.0,0,6,TREND,
2026-03-23,11:01:00,11:00-11:30,TREND_LONG,long,0.0,2,0,TREND,
2026-03-23,11:02:00,11:00-11:30,PARTIAL_TP,long,66.0,1,1,TREND,
2026-03-23,11:04:00,11:00-11:30,SESSION_EXIT,long,47.0,0,3,TREND,
2026-03-24,10:00:00,10:00-10:30,TREND_LONG,long,0.0,2,0,TREND,
2026-03-24,10:04:00,10:00-10:30,PARTIAL_TP,long,57.0,1,4,TREND,
2026-03-24,10:37:00,10:30-11:00,SESSION_EXIT,long,143.0,0,37,CHOP,
2026-03-25,09:43:00,09:30-10:00,TREND_SHORT,short,0.0,2,0,TREND,
2026-03-25,09:48:00,09:30-10:00,PARTIAL_TP,short,54.0,1,5,TREND,
2026-03-25,10:06:00,10:00-10:30,CHOP_TP,short,189.0,0,23,CHOP,
2026-03-25,10:07:00,10:00-10:30,TREND_SHORT,short,0.0,2,0,TREND,
2026-03-25,10:12:00,10:00-10:30,EXIT_FLAT,short,-168.0,0,5,TREND,
2026-03-25,11:16:00,11:00-11:30,TREND_SHORT,short,0.0,2,0,TREND,
2026-03-25,11:17:00,11:00-11:30,SESSION_EXIT,short,92.0,0,1,TREND,
2026-03-26,09:42:00,09:30-10:00,TREND_LONG,long,0.0,2,0,TREND,
2026-03-26,09:44:00,09:30-10:00,PARTIAL_TP,long,88.0,1,2,TREND,
2026-03-26,10:52:00,10:30-11:00,SESSION_EXIT,long,41.0,0,70,TREND,
2026-03-27,09:56:00,09:30-10:00,TREND_SHORT,short,0.0,2,0,TREND,
2026-03-27,10:00:00,10:00-10:30,EXIT_FLAT,short,-130.0,0,4,TREND,
2026-03-27,10:45:00,10:30-11:00,CHOP_BUY,long,0.0,2,0,CHOP,
2026-03-27,10:46:00,10:30-11:00,SESSION_EXIT,long,-14.0,0,1,TREND,
2026-03-30,09:46:00,09:30-10:00,TREND_SHORT,short,0.0,2,0,TREND,
2026-03-30,09:50:00,09:30-10:00,PARTIAL_TP,short,61.0,1,4,TREND,
2026-03-30,10:16:00,10:00-10:30,CHOP_TP,short,29.0,0,30,CHOP,
2026-03-30,11:51:00,11:30-12:00,TREND_LONG,long,0.0,2,0,TREND,
2026-03-30,11:52:00,11:30-12:00,SESSION_EXIT,long,-20.0,0,1,TREND,
2026-03-31,09:49:00,09:30-10:00,TREND_LONG,long,0.0,2,0,TREND,
2026-03-31,09:59:00,09:30-10:00,PARTIAL_TP,long,55.0,1,10,TREND,
2026-03-31,10:16:00,10:00-10:30,EXIT_FLAT,long,-71.0,0,27,TREND,
2026-03-31,10:51:00,10:30-11:00,TREND_SHORT,short,0.0,2,0,TREND,
2026-03-31,10:52:00,10:30-11:00,SESSION_EXIT,short,6.0,0,1,TREND,
2026-04-01,09:46:00,09:30-10:00,TREND_SHORT,short,0.0,2,0,TREND,
2026-04-01,09:52:00,09:30-10:00,EXIT_FLAT,short,-158.0,0,6,CHOP,
2026-04-01,10:06:00,10:00-10:30,CHOP_BUY,long,0.0,2,0,CHOP,
2026-04-01,10:08:00,10:00-10:30,PARTIAL_TP,long,55.0,1,2,TREND,
2026-04-01,10:30:00,10:30-11:00,SESSION_EXIT,long,45.0,0,24,TREND,
2026-04-02,09:53:00,09:30-10:00,TREND_LONG,long,0.0,2,0,TREND,
2026-04-02,09:58:00,09:30-10:00,PARTIAL_TP,long,58.0,1,5,TREND,
2026-04-02,13:56:00,13:30-14:00,SESSION_EXIT,long,290.0,0,243,CHOP,
2026-04-06,09:59:00,09:30-10:00,TREND_LONG,long,0.0,2,0,TREND,
2026-04-06,10:03:00,10:00-10:30,EXIT_FLAT,long,-158.0,0,4,TREND,
2026-04-06,10:21:00,10:00-10:30,TREND_LONG,long,0.0,2,0,TREND,
2026-04-06,10:30:00,10:30-11:00,SESSION_EXIT,long,-24.0,0,9,TREND,
2026-04-07,10:06:00,10:00-10:30,TREND_SHORT,short,0.0,2,0,TREND,
2026-04-07,10:19:00,10:00-10:30,EXIT_FLAT,short,-164.0,0,13,TREND,
2026-04-07,11:05:00,11:00-11:30,TREND_SHORT,short,0.0,2,0,TREND,
2026-04-07,11:06:00,11:00-11:30,SESSION_EXIT,short,-14.0,0,1,TREND,
2026-04-08,09:46:00,09:30-10:00,TREND_LONG,long,0.0,2,0,TREND,
2026-04-08,09:51:00,09:30-10:00,EXIT_FLAT,long,-282.0,0,5,TREND,
2026-04-08,09:53:00,09:30-10:00,TREND_SHORT,short,0.0,2,0,TREND,
2026-04-08,10:00:00,10:00-10:30,EXIT_FLAT,short,-130.0,0,7,TREND,
2026-04-08,10:08:00,10:00-10:30,CHOP_BUY,long,0.0,2,0,CHOP,
2026-04-08,10:25:00,10:00-10:30,EXIT_FLAT,long,-150.0,0,17,TREND,
2026-04-08,10:29:00,10:00-10:30,TREND_SHORT,short,0.0,2,0,TREND,
2026-04-08,10:30:00,10:30-11:00,SESSION_EXIT,short,14.0,0,1,TREND,
2026-04-09,09:53:00,09:30-10:00,TREND_LONG,long,0.0,2,0,TREND,
2026-04-09,10:15:00,10:00-10:30,EXIT_FLAT,long,-138.0,0,22,TREND,
2026-04-09,10:31:00,10:30-11:00,CHOP_SELL,short,0.0,2,0,CHOP,
2026-04-09,10:32:00,10:30-11:00,SESSION_EXIT,short,16.0,0,1,TREND,
2026-04-10,09:47:00,09:30-10:00,TREND_SHORT,short,0.0,2,0,TREND,
2026-04-10,10:04:00,10:00-10:30,EXIT_FLAT,short,-148.0,0,17,TREND,
2026-04-10,10:13:00,10:00-10:30,CHOP_BUY,long,0.0,2,0,CHOP,
2026-04-10,10:30:00,10:30-11:00,SESSION_EXIT,long,90.0,0,17,TREND,
2026-04-13,09:49:00,09:30-10:00,TREND_LONG,long,0.0,2,0,TREND,
2026-04-13,09:51:00,09:30-10:00,EXIT_FLAT,long,-144.0,0,2,TREND,
2026-04-13,10:00:00,10:00-10:30,TREND_LONG,long,0.0,2,0,TREND,
2026-04-13,10:01:00,10:00-10:30,EXIT_FLAT,long,-150.0,0,1,TREND,
2026-04-13,10:39:00,10:30-11:00,CHOP_BUY,long,0.0,2,0,CHOP,
2026-04-13,10:40:00,10:30-11:00,SESSION_EXIT,long,10.0,0,1,TREND,
2026-04-14,10:09:00,10:00-10:30,TREND_LONG,long,0.0,2,0,TREND,
2026-04-14,10:25:00,10:00-10:30,EXIT_FLAT,long,-138.0,0,16,TREND,
2026-04-14,11:26:00,11:00-11:30,TREND_LONG,long,0.0,2,0,TREND,
2026-04-14,11:27:00,11:00-11:30,SESSION_EXIT,long,4.0,0,1,TREND,
2026-04-15,09:43:00,09:30-10:00,TREND_SHORT,short,0.0,2,0,TREND,
2026-04-15,09:44:00,09:30-10:00,PARTIAL_TP,short,83.0,1,1,TREND,
2026-04-15,12:08:00,12:00-12:30,SESSION_EXIT,short,246.0,0,145,CHOP,
2026-04-16,09:47:00,09:30-10:00,TREND_SHORT,short,0.0,2,0,TREND,
2026-04-16,09:56:00,09:30-10:00,PARTIAL_TP,short,52.0,1,9,TREND,
2026-04-16,10:33:00,10:30-11:00,SESSION_EXIT,short,130.0,0,46,CHOP,
2026-04-17,09:57:00,09:30-10:00,TREND_LONG,long,0.0,2,0,TREND,
2026-04-17,10:04:00,10:00-10:30,PARTIAL_TP,long,60.0,1,7,TREND,
2026-04-17,10:31:00,10:30-11:00,SESSION_EXIT,long,209.0,0,34,CHOP,
2026-04-20,10:26:00,10:00-10:30,CHOP_SELL,short,0.0,2,0,CHOP,
2026-04-20,10:30:00,10:30-11:00,SESSION_EXIT,short,38.0,0,4,TREND,
2026-04-21,09:42:00,09:30-10:00,TREND_LONG,long,0.0,2,0,TREND,
2026-04-21,09:46:00,09:30-10:00,PARTIAL_TP,long,99.0,1,4,TREND,
2026-04-21,10:07:00,10:00-10:30,CHOP_TP,long,59.0,0,25,CHOP,
2026-04-21,10:37:00,10:30-11:00,TREND_SHORT,short,0.0,2,0,TREND,
2026-04-21,10:38:00,10:30-11:00,SESSION_EXIT,short,-2.0,0,1,TREND,
2026-04-22,09:44:00,09:30-10:00,TREND_SHORT,short,0.0,2,0,TREND,
2026-04-22,09:46:00,09:30-10:00,EXIT_FLAT,short,-150.0,0,2,TREND,
2026-04-22,09:57:00,09:30-10:00,TREND_LONG,long,0.0,2,0,TREND,
2026-04-22,10:30:00,10:30-11:00,SESSION_EXIT,long,-84.0,0,33,TREND,
2026-04-23,10:08:00,10:00-10:30,TREND_LONG,long,0.0,2,0,TREND,
2026-04-23,10:12:00,10:00-10:30,PARTIAL_TP,long,66.0,1,4,TREND,
2026-04-23,10:29:00,10:00-10:30,CHOP_TP,long,87.0,0,21,CHOP,
2026-04-23,10:50:00,10:30-11:00,TREND_LONG,long,0.0,2,0,TREND,
2026-04-23,10:51:00,10:30-11:00,SESSION_EXIT,long,-30.0,0,1,TREND,
2026-04-24,09:59:00,09:30-10:00,CHOP_BUY,long,0.0,2,0,CHOP,
2026-04-24,10:30:00,10:30-11:00,SESSION_EXIT,long,-28.0,0,31,TREND,
2026-04-27,09:48:00,09:30-10:00,TREND_SHORT,short,0.0,2,0,TREND,
2026-04-27,09:50:00,09:30-10:00,EXIT_FLAT,short,-184.0,0,2,TREND,
2026-04-27,10:11:00,10:00-10:30,CHOP_SELL,short,0.0,2,0,CHOP,
2026-04-27,10:14:00,10:00-10:30,PARTIAL_TP,short,50.0,1,3,TREND,
2026-04-27,10:30:00,10:30-11:00,SESSION_EXIT,short,47.0,0,19,TREND,
2026-04-28,09:49:00,09:30-10:00,TREND_SHORT,short,0.0,2,0,TREND,
2026-04-28,10:00:00,10:00-10:30,PARTIAL_TP,short,62.0,1,11,TREND,
2026-04-28,10:22:00,10:00-10:30,CHOP_TP,short,112.0,0,33,CHOP,
2026-04-28,11:11:00,11:00-11:30,CHOP_BUY,long,0.0,2,0,CHOP,
2026-04-28,11:12:00,11:00-11:30,SESSION_EXIT,long,12.0,0,1,TREND,
2026-04-29,09:43:00,09:30-10:00,TREND_SHORT,short,0.0,2,0,TREND,
2026-04-29,09:44:00,09:30-10:00,PARTIAL_TP,short,51.0,1,1,TREND,
2026-04-29,10:09:00,10:00-10:30,EXIT_FLAT,short,-64.0,0,26,TREND,
2026-04-29,10:17:00,10:00-10:30,CHOP_BUY,long,0.0,2,0,CHOP,
2026-04-29,10:30:00,10:30-11:00,SESSION_EXIT,long,-82.0,0,13,TREND,
2026-04-30,09:44:00,09:30-10:00,TREND_LONG,long,0.0,2,0,TREND,
2026-04-30,10:00:00,10:00-10:30,PARTIAL_TP,long,56.0,1,16,TREND,
2026-04-30,10:10:00,10:00-10:30,CHOP_TP,long,56.0,0,26,CHOP,
2026-04-30,10:15:00,10:00-10:30,TREND_LONG,long,0.0,2,0,TREND,
2026-04-30,10:20:00,10:00-10:30,PARTIAL_TP,long,74.0,1,5,TREND,
2026-04-30,10:41:00,10:30-11:00,SESSION_EXIT,long,122.0,0,26,CHOP,
2026-05-01,09:51:00,09:30-10:00,CHOP_BUY,long,0.0,2,0,CHOP,
2026-05-01,09:55:00,09:30-10:00,PARTIAL_TP,long,83.0,1,4,TREND,
2026-05-01,10:40:00,10:30-11:00,SESSION_EXIT,long,40.0,0,49,TREND,
2026-05-05,09:42:00,09:30-10:00,TREND_SHORT,short,0.0,2,0,TREND,
2026-05-05,09:50:00,09:30-10:00,EXIT_FLAT,short,-128.0,0,8,TREND,
2026-05-05,10:10:00,10:00-10:30,TREND_LONG,long,0.0,2,0,TREND,
2026-05-05,10:14:00,10:00-10:30,EXIT_FLAT,long,-142.0,0,4,TREND,
2026-05-05,10:59:00,10:30-11:00,TREND_LONG,long,0.0,2,0,TREND,
2026-05-05,11:00:00,11:00-11:30,SESSION_EXIT,long,-14.0,0,1,TREND,
2026-05-06,10:19:00,10:00-10:30,TREND_LONG,long,0.0,2,0,TREND,
2026-05-06,10:30:00,10:30-11:00,SESSION_EXIT,long,-22.0,0,11,TREND,
2026-05-07,10:09:00,10:00-10:30,TREND_SHORT,short,0.0,2,0,TREND,
2026-05-07,10:15:00,10:00-10:30,PARTIAL_TP,short,63.0,1,6,TREND,
2026-05-07,10:34:00,10:30-11:00,SESSION_EXIT,short,45.0,0,25,TREND,
2026-05-08,10:10:00,10:00-10:30,TREND_SHORT,short,0.0,2,0,TREND,
2026-05-08,10:24:00,10:00-10:30,EXIT_FLAT,short,-128.0,0,14,TREND,
2026-05-08,11:08:00,11:00-11:30,TREND_SHORT,short,0.0,2,0,TREND,
2026-05-08,11:09:00,11:00-11:30,SESSION_EXIT,short,14.0,0,1,TREND,
2026-05-11,09:50:00,09:30-10:00,TREND_LONG,long,0.0,2,0,TREND,
2026-05-11,10:03:00,10:00-10:30,EXIT_FLAT,long,-130.0,0,13,TREND,
2026-05-11,10:12:00,10:00-10:30,CHOP_SELL,short,0.0,2,0,CHOP,
2026-05-11,10:19:00,10:00-10:30,EXIT_FLAT,short,-128.0,0,7,TREND,
2026-05-11,10:28:00,10:00-10:30,TREND_LONG,long,0.0,2,0,TREND,
2026-05-11,10:30:00,10:30-11:00,SESSION_EXIT,long,-30.0,0,2,TREND,
2026-05-12,09:44:00,09:30-10:00,TREND_SHORT,short,0.0,2,0,TREND,
2026-05-12,09:59:00,09:30-10:00,EXIT_FLAT,short,-134.0,0,15,TREND,
2026-05-12,11:59:00,11:30-12:00,CHOP_BUY,long,0.0,2,0,CHOP,
2026-05-12,12:00:00,12:00-12:30,SESSION_EXIT,long,-36.0,0,1,TREND,
2026-05-15,09:43:00,09:30-10:00,TREND_SHORT,short,0.0,2,0,TREND,
2026-05-15,09:55:00,09:30-10:00,EXIT_FLAT,short,-158.0,0,12,TREND,
2026-05-15,10:08:00,10:00-10:30,CHOP_BUY,long,0.0,2,0,CHOP,
2026-05-15,10:14:00,10:00-10:30,CHOP_TP,long,98.0,0,6,CHOP,
2026-05-15,11:44:00,11:30-12:00,TREND_SHORT,short,0.0,2,0,TREND,
2026-05-15,11:45:00,11:30-12:00,SESSION_EXIT,short,-36.0,0,1,TREND,
